title,authors,journal,date,abstract,link,source
De Novo Design of RNA Switches for Conditional Transcription Repression.,"Sun Cong, Hong Fan",Angewandte Chemie (International ed. in English),2026-09-09,"Controlling transcriptional synthesis of RNA provides a powerful means to design molecular circuitry and reprogram cellular behaviors. We report the computationally de novo design of a transcriptional RNA switch, termed RNA BRAKE, to precisely repress transcriptional RNA synthesis in response to a cellular RNA trigger in live cells. The design principle uses an introduced RNA trigger to regulate t",https://pubmed.ncbi.nlm.nih.gov/42711742/,PubMed
A targetable dependency on nonsense-mediated decay for cellular homeostasis and immune control in small cell lung cancer.,"Torres-Fernández Lucia A, Boehm Volker, Kaufmann Joel",Molecular cancer,2026-09-09,"Small cell lung cancer (SCLC) is one of the most aggressive malignancies, characterized by rapid metastatic dissemination and poor overall survival. Despite harboring excessive alterations, expectedly resulting in immunogenic neoantigens, patients with SCLC remain largely refractory to immunotherapy. We found abundant frameshift mutations in SCLC, regarded as highly immunogenic, counterbalanced by",https://pubmed.ncbi.nlm.nih.gov/42711693/,PubMed
RBM4 Promotes Nasopharyngeal Carcinoma Growth and Metastasis by Stabilizing HOXB13 mRNA.,"Chen Zhi, Liang Dan, Liu Zhai",Cell biochemistry and biophysics,2026-09-09,"Nasopharyngeal carcinoma (NPC) remains a major clinical challenge, particularly at advanced stages. RNA-binding proteins (RBPs) are important post-transcriptional regulators of tumorigenesis, but their roles in NPC remain poorly understood. This study investigated whether RNA-binding motif protein 4 (RBM4) stabilizes homeobox B13 (HOXB13) mRNA and thereby activates oncogenic signaling to promote N",https://pubmed.ncbi.nlm.nih.gov/42711653/,PubMed
"Brusatol Triggers Cell Cycle Arrest and Apoptosis, Disrupts Sterol Biosynthesis, and Enhances the Anti-Leukemic Activity of Venetoclax in AML Cells.","Chu Xuan, Ren Zhangyin, Deng Jiaojiao",Cell biochemistry and biophysics,2026-09-09,"Acute myeloid leukemia (AML) is an aggressive hematologic malignancy with poor prognosis. Although chemotherapy and targeted therapies have advanced significantly, relapse and chemoresistance continue to be the major clinical challenges, which emphasizes the need for novel treatments. Brusatol, a natural quassinoid compound, has been reported to exert anti-tumor effects in various solid tumors; ho",https://pubmed.ncbi.nlm.nih.gov/42711651/,PubMed
An Investigation of Water Vapor Sorption for Improving Reconstitution Pathways of Freeze-Dried Lipid Nanoparticles Stabilized by Trehalose/Mannitol Excipients.,"Nakagawa Kyuya, Senga Yuji",AAPS PharmSciTech,2026-09-09,"Lipid-based nanocarriers have been intensively developed to achieve controlled drug delivery and maintain pharmacological stability, especially, for mRNA-based vaccines. Freeze-drying is commonly recognized as a key technique that allows nanoparticles to be converted into a dry form, stored under ambient conditions, and reconstituted at time of use. This study investigated the influence of reconst",https://pubmed.ncbi.nlm.nih.gov/42711609/,PubMed
Publisher Correction: An inherent T cell-activating mRNA delivery carrier for in vivo CAR T generation.,"Cao Qiannan, Yao Yingli, Zheng Wenming",Nature materials,2026-09-09,,https://pubmed.ncbi.nlm.nih.gov/42711506/,PubMed
Circular RNAs orchestrate integrated post-transcriptional responses to combined heat and drought stress in rice.,"Hajieghrari Behzad, Giglou Mousa Torabi",Molecular genetics and genomics : MGG,2026-09-09,"Circular RNAs (circRNAs) are emerging post-transcriptional regulators, yet their landscape and functional roles in rice under combined abiotic stress remain largely unexplored. Here, we systematically reanalyzed strand-specific RNA-seq data to characterize circRNAs responsive to simultaneous heat and drought stress. Following quality control, read mapping, and dual-algorithm prediction using CIRI2",https://pubmed.ncbi.nlm.nih.gov/42711459/,PubMed
"Effects of graded dietary raw bee venom inclusion on growth, immunity, and disease resistance in Nile tilapia (Oreochromis niloticus).","Reda Rasha M, Ali Wafaa F A, El Moghazi Doaa F",Scientific reports,2026-09-09,"Nowadays, studies on the application of bee venom (BV) in aquaculture have been growing due to its bioactive constituents. However, previous studies have focused on nano-formulated bee venom or parenteral administration routes on Nile tilapia (Oreochromis niloticus). However, the effects of graded dietary supplementation of raw venom, especially at different inclusion levels, on Nile tilapia are s",https://pubmed.ncbi.nlm.nih.gov/42711438/,PubMed
Zinc-finger proteins C3H14 and C3H15 maintain meiocyte identity in flowering plants.,"Chen Zhiyu, Li Meiling, Yang Shiqian",Nature plants,2026-09-09,"In the anthers of flowering plants, the innermost meiocytes and surrounding somatic cells (tapetum) are differentiated from the same precursor archesporial cells, and these cells acquire distinct cell identities after specification. However, the underlying mechanism regulating meiocyte identity is elusive. Here we demonstrate a conserved surveillance mechanism governed by Arabidopsis zinc-finger p",https://pubmed.ncbi.nlm.nih.gov/42711403/,PubMed
Ectomesenchymal identity emerges via relief of Twist1 transcript destabilisation.,"Busby Lara C, Patrick Jessica R, Lyons Luke W",Nature communications,2026-09-09,"During vertebrate development, a subset of cranial neural crest cells (CNCCs) termed 'ectomesenchyme' differentiates into cell types canonically associated with the mesoderm (cartilage, bone and muscle). While the molecular decisions that guide CNCCs toward ectomesenchymal identity remain incompletely understood, the transcription factor Twist1 plays a central role. Here, we show that while Twist1",https://pubmed.ncbi.nlm.nih.gov/42711320/,PubMed
[Analysis a patient with Dubin-Johnson syndrome due to a rare c.4120C>T nonsense variant of ABCC2 gene].,"Xiao Li, Zhu Xiaowei, Dou Rongrong",Zhonghua yi xue yi chuan xue za zhi = Zhonghua yixue yichuanxue zazhi = Chinese journal of medical genetics,2026-09-09,"To report on a case of Dubin-Johnson syndrome (DJS) with a rare ABCC2 nonsense variant. Clinical, histopathological, MRP2 immunohistochemical, and whole-exome sequencing findings were retrospectively analyzed. This study was approved by the Medical Ethics Committee of Taizhou People's Hospital (Ethics No.: 20250522). A 58-year-old woman with mild conjugated hyperbilirubinemia with normal aminotran",https://pubmed.ncbi.nlm.nih.gov/42711131/,PubMed
Identification of the HLA-DQB1*03:626 Allele in Two Individuals in a Western Indian Family.,"Parsaniya Bansi, Patil Vaishali, Chanekar Milind",HLA,2026-09-09,HLA-DQB1*03:626 differs from DQB1*03:02:01:01 by one nucleotide change in gDNA at position 1795 in Exon 2.,https://pubmed.ncbi.nlm.nih.gov/42710938/,PubMed
transfactor: transcription factor activity estimation via probabilistic gene expression deconvolution.,"Van den Berge Koen, Bickel Peter, Dudoit Sandrine","Biostatistics (Oxford, England)",2026-09-09,"Gene expression is a primary modality being studied to differentiate between biological cells. Contemporary single-cell studies simultaneously measure genome-wide transcription levels for thousands of individual cells in a single experiment. While the characterization of cell population differences has often occurred through differential gene expression analysis, tiny effect sizes become statistic",https://pubmed.ncbi.nlm.nih.gov/42710863/,PubMed
A proactive immune training strategy to generate anticipatory immunity against viral evasion.,"Qin Shugang, Teng Yuqin, Xin Jinxiu",Journal of advanced research,2026-09-09,"RNA viruses rapidly evolve to evade host immunity, posing a significant challenge to conventional vaccines. Natural infection, however, provides a blueprint for broad immunity by training the immune system against a diverse antigenic landscape. This study addresses the problem of creating a vaccine that mimics this complex training process. We aimed to develop and validate a novel vaccination para",https://pubmed.ncbi.nlm.nih.gov/42710808/,PubMed
"A lipoprotein-responsive circular RNA, circCTCF, couples extracellular lipid availability to mTOR signaling via ACSL5 in triple-negative breast cancer.","Zhang Yuanyuan, Liu Zhengyi, Su Xuanyi",International journal of biological macromolecules,2026-09-09,"Triple-negative breast cancer (TNBC) is an aggressive subtype with limited therapeutic options. While metabolic reprogramming is a hallmark of cancer, most studies have focused on cell-intrinsic alterations in glucose and amino acid metabolism, with comparatively little attention paid to how cancer cells sense and respond to extracellular lipid availability. Here, through an unbiased transcriptomi",https://pubmed.ncbi.nlm.nih.gov/42710763/,PubMed
A homogalacturonan polysaccharide from Anemarrhena asphodeloides promotes longevity in Caenorhabditis elegans with involvement of DAF-16/FOXO.,"Wang Tanggan, Xu Xiaolong, Zhang Shaojie",International journal of biological macromolecules,2026-09-09,"Aging is a biologically complex process, and the search for safe and effective natural anti-aging compounds has attracted increasing attention. Anemarrhena asphodeloides Bunge is a traditional Chinese medicinal herb rich in bioactive polysaccharides, but the anti-aging activity and underlying mechanisms of its pectin polysaccharides remain unclear. In this study, a homogeneous polysaccharide, desi",https://pubmed.ncbi.nlm.nih.gov/42710754/,PubMed
Differences in Ethanol Drinking and Nucleus Accumbens Opioid Expression in Male and Female Obesity-Prone and Obesity-Resistant Rats.,"Jennings Malcolm C, Colquitt Joy S, Carpenter Brody A","Alcohol (Fayetteville, N.Y.)",2026-09-09,"Literature suggests that there may be overlap between proneness to overeating-induced obesity and excessive alcohol drinking, and that this may occur in part via the endogenous opioid system in the nucleus accumbens (NAc). To investigate this, we used rats selectively bred for their susceptibility or resistance to diet-induced obesity (obesity-prone, OP, and obesity-resistant, OR), and examined th",https://pubmed.ncbi.nlm.nih.gov/42710747/,PubMed
"Integrated Analysis of Hepatic Responses to Deoxynivalenol in Mice: Changes in Cytochrome P450 and Carboxylesterase Expression, Activity, and Transcriptomic Profiles.","Qin Lina, Liu Chen, Cheng Bolun",Food and chemical toxicology : an international journal published for the British Industrial Biological Research Association,2026-09-09,"Deoxynivalenol (DON) is among the most prevalent mycotoxins and exerts adverse effects on the liver. However, a systematic evaluation of its effects on hepatic cytochrome P450 enzymes (Cyp450) and carboxylesterases (Ces) in mice is lacking. Using combined in vivo and in vitro models, we investigated the impact of DON on these key enzymes. C57BL/6 mice and AML12 cells were exposed to DON. Histologi",https://pubmed.ncbi.nlm.nih.gov/42710706/,PubMed
LAMTOR5 Drives Glioblastoma Progression via Activation of the HOXC9/YTHDF2 Positive Feedback Loop.,"Shi Hui, Sun Zihan, Guo Jiaqi",The Journal of biological chemistry,2026-09-09,"Glioblastoma is the most aggressive primary malignant brain tumor in adults, characterized by high invasiveness and poor prognosis. The knowledge of driver genes and prognostic markers predictive of poor outcomes in glioblastoma is still limited. In the current manuscript, we show that LAMTOR5 is a driver gene for glioblastoma progression through transcriptionally activating the HOXC9/YTHDF2 posit",https://pubmed.ncbi.nlm.nih.gov/42710662/,PubMed
Bushen-Yizhi formula promotes neurogenesis and ameliorates cognitive impairment by activating ST8Sia Ⅱ/Ⅳ-PSA-NCAM pathway in ibotenic acid induced mice.,"Zheng Jingjing, Tan Qiwen, Liu Guoqing",Journal of ethnopharmacology,2026-09-09,"Bushen-Yizhi formula (BSYZ), a traditional Chinese herbal prescription, has been widely used to treat kidney deficiency syndrome and alleviate cognitive impairment associated with Alzheimer's disease (AD). Loss of polysialylation of the neural cell adhesion molecule (PSA-NCAM) is closely associated with cognitive dysfunction. However, whether BSYZ regulates PSA-NCAM polysialylation and the underly",https://pubmed.ncbi.nlm.nih.gov/42710609/,PubMed
Optimizing RNA yield using deep neural networks coupled to massively parallel screening,"Dinghai Zheng, Justin Hong, Jun Wang",arXiv,2026-09-09,"Messenger RNA (mRNA)-based therapeutics have emerged as a powerful platform for vaccines, protein replacement therapies, and cancer immunotherapy. A critical bottleneck in mRNA development is manufacturing large quantities of RNA economically, as measured by RNA yield emerging from an in vitro transcription (IVT) reaction. However, how promoter-adjacent DNA sequences influence RNA yield remains po",http://arxiv.org/abs/2608.23722v1,arXiv
Energy-efficient codon optimization on thermodynamic hardware,"Andraz Jelincic, Ross C. Walker",arXiv,2026-09-09,"The growing energy demand for computation is becoming increasingly unsustainable. Thermodynamic computing, which harnesses physical thermal fluctuations as a computational resource rather than suppressing them, offers orders-of-magnitude energy savings for probabilistic and combinatorial tasks. Pharmaceutical R&D, heavily reliant on computational optimization and sampling, is a natural application",http://arxiv.org/abs/2606.17327v1,arXiv
mRNAutilus: Multi-Objective-Guided Discrete Generation of mRNA with Optimized Therapeutic Properties,"Sawan Patel, Sophia Tang, Yesol Kim",arXiv,2026-09-09,"Therapeutic mRNA design requires coordinating multiple interacting sequence features across the full transcript, where codon usage, untranslated regions (UTRs), and their coupling jointly determine stability, translation efficiency, and protein expression. Here, we present mRNA generation via unrolled trajectories and informed latent updates (mRNAutilus), a framework for simultaneous codon optimiz",http://arxiv.org/abs/2605.31296v1,arXiv
Sampling-based Continuous Optimization for Messenger RNA Design,"Feipeng Yue, Ning Dai, Wei Yu Tang",arXiv,2026-09-09,"Designing messenger RNA (mRNA) sequences for a fixed target protein requires searching an exponentially large synonymous space while optimizing properties that affect stability and downstream performance. This is challenging because practical mRNA design involves multiple coupled objectives beyond classical folding criteria, and different applications prefer different trade-offs. We propose a gene",http://arxiv.org/abs/2603.06559v1,arXiv
Drug-like antibodies with low immunogenicity in human panels designed with Latent-X2," Latent Labs Team, Henry Kenlay, Daniella Pretorius",arXiv,2026-09-09,"Drug discovery has long sought computational systems capable of designing drug-like molecules directly: developable and non-immunogenic from the start. Here we introduce Latent-X2, a frontier generative model that achieves this goal through zero-shot design of antibodies with strong binding affinities, drug-like properties, and, for the first time for any de novo generated antibody, confirmed low ",http://arxiv.org/abs/2512.20263v1,arXiv
"RNAGenScape: Property-Guided, Optimized Generation of mRNA Sequences with Manifold Langevin Dynamics","Danqi Liao, Chen Liu, Xingzhi Sun",arXiv,2026-09-09,"Generating property-optimized mRNA sequences is central to applications such as vaccine design and protein replacement therapy, but remains challenging due to limited data, complex sequence-function relationships, and the narrow space of biologically viable sequences. Generative methods that drift away from the data manifold can yield sequences that fail to fold, translate poorly, or are otherwise",http://arxiv.org/abs/2510.24736v3,arXiv
The proportional scaling of mRNA and ribosome concentrations controls eukaryotic cell growth,"Xin Gao, Michael Lanz, Rosslyn Grosely",arXiv,2026-09-09,"Cell growth underlies nearly all eukaryotic physiology, yet its quantitative principles remain unclear. Using single-molecule ribosome tracking, spike-in RNA sequencing, and quantitative proteomics across 15 nutrient-limited conditions in budding yeast, we define how growth is controlled in the budding yeast Saccharomyces cerevisiae. Ribosome concentration scales linearly with growth rate, while p",http://arxiv.org/abs/2508.14997v2,arXiv
mRNA Folding Algorithms for Structure and Codon Optimization,"Max Ward, Mary Richardson, Mihir Metkar",arXiv,2026-09-09,"mRNA technology has revolutionized vaccine development, protein replacement therapies, and cancer immunotherapies, offering rapid production and precise control over sequence and efficacy. However, the inherent instability of mRNA poses significant challenges for drug storage and distribution, particularly in resource-limited regions. Co-optimizing RNA structure and codon choice has emerged as a p",http://arxiv.org/abs/2503.19273v1,arXiv
Generative Model for Synthesizing Ionizable Lipids: A Monte Carlo Tree Search Approach,"Jingyi Zhao, Yuxuan Ou, Austin Tripp",arXiv,2026-09-09,"Ionizable lipids are essential in developing lipid nanoparticles (LNPs) for effective messenger RNA (mRNA) delivery. While traditional methods for designing new ionizable lipids are typically time-consuming, deep generative models have emerged as a powerful solution, significantly accelerating the molecular discovery process. However, a practical challenge arises as the molecular structures genera",http://arxiv.org/abs/2412.00807v1,arXiv
Machine learning framework to predict the performance of lipid nanoparticles for nucleic acid delivery,"Gaurav Kumar, Arezoo M. Ardekani",arXiv,2026-09-09,"Lipid nanoparticles (LNPs) are highly effective carriers for gene therapies, including mRNA and siRNA delivery, due to their ability to transport nucleic acids across biological membranes, low cytotoxicity, improved pharmacokinetics, and scalability. A typical approach to formulate LNPs is to establish a quantitative structure-activity relationship (QSAR) between their compositions and in vitro/in",http://arxiv.org/abs/2411.14293v1,arXiv
Joint Design of 5' Untranslated Region and Coding Sequence of mRNA,"Yang Liu, Jie Gao, Xiaonan Zhang",arXiv,2026-09-09,"Messenger RNA (mRNA) vaccines and therapeutics are emerging as powerful tools against a variety of diseases, including infectious diseases and cancer. The design of mRNA molecules, particularly the untranslated region (UTR) and coding sequence (CDS) is crucial for optimizing translation efficiency and stability. Current design approaches generally focus solely on either the 5' UTR or the CDS, whic",http://arxiv.org/abs/2410.20781v1,arXiv
Bacterial stress granule protects mRNA through ribonucleases exclusion,"Linsen Pei, Yujia Xian, Xiaodan Yan",arXiv,2026-09-09,"Membraneless droplets formed through liquid-liquid phase separation (LLPS) play a crucial role in mRNA storage, enabling organisms to swiftly respond to environmental changes. However, the mechanisms underlying mRNA integration and protection within droplets remain unclear. Here, we unravel the role of bacterial aggresomes as stress granules (SGs) in safeguarding mRNA during stress. We discovered ",http://arxiv.org/abs/2404.17873v2,arXiv
"Hypolipidemic effect of brown seaweed (Sargassum crassifolium) extract in vivo (Study of histopathology, mRNA expression, and immunohistochemistry (IHC) with VCAM-1, ICAM-1, and MCP-1 parameters)","Sarah Zaidan, Syamsudin Abdillah, Nur Arfian",arXiv,2026-09-09,The purpose of this study was to obtain natural drugs from brown seaweed (Sargassum crassifolium) as antiatherosclerosis candidates through the study of hypolipidemic mechanisms of action. Modeling of dyslipidemia rats was carried out by feeding high-fat (HFF) and doses of crude fucoidan 100. 200. 400mg / KgBB. in both treatments measured blood lipid profile levels taken from the orbital sinuses. ,http://arxiv.org/abs/2402.07497v1,arXiv
Machine Learning Modeling Of SiRNA Structure-Potency Relationship With Applications Against Sars-Cov-2 Spike Gene,Damilola Oshunyinka,arXiv,2026-09-09,"The pharmaceutical Research and development (R&D) process is lengthy and costly, taking nearly a decade to bring a new drug to the market. However, advancements in biotechnology, computational methods, and machine learning algorithms have the potential to revolutionize drug discovery, speeding up the process and improving patient outcomes. The COVID-19 pandemic has further accelerated and deepened",http://arxiv.org/abs/2401.12232v1,arXiv
Messenger RNA Design via Expected Partition Function and Continuous Optimization,"Ning Dai, Wei Yu Tang, Tianshuo Zhou",arXiv,2026-09-09,"The tasks of designing RNAs are discrete optimization problems, and several versions of these problems are NP-hard. As an alternative to commonly used local search methods, we formulate these problems as continuous optimization and develop a general framework for this optimization based on a generalization of classical partition function which we call ""expected partition function"". The basic idea ",http://arxiv.org/abs/2401.00037v2,arXiv
Machine Learning-guided Lipid Nanoparticle Design for mRNA Delivery,"Daisy Yi Ding, Yuhui Zhang, Yuan Jia",arXiv,2026-09-09,"While RNA technologies hold immense therapeutic potential in a range of applications from vaccination to gene editing, the broad implementation of these technologies is hindered by the challenge of delivering these agents effectively. Lipid nanoparticles have emerged as one of the most widely used delivery agents, but their design optimization relies on laborious and costly experimental methods. W",http://arxiv.org/abs/2308.01402v2,arXiv
Corrected Hill Function in Stochastic Gene Regulatory Networks,"Manuel Eduardo Hernández-García, Jorge Velázquez-Castro",arXiv,2026-09-09,"Describing reaction rates in stochastic bio-circuits is commonly done by directly introducing the deterministically deduced Hill function into the master equation. However, when fluctuations in enzymatic reaction rates are not neglectable, the Hill function must be derived, considering all the involved stochastic reactions. In this work, we derived the stochastic version of the Hill function from ",http://arxiv.org/abs/2307.03057v4,arXiv
Stochastic dynamics and ribosome-RNAP interactions in Transcription-Translation Coupling,"Xiangting Li, Tom Chou",arXiv,2026-09-09,"Under certain cellular conditions, transcription and mRNA translation in prokaryotes appear to be ""coupled,"" in which the formation of mRNA transcript and production of its associated protein are temporally correlated. Such transcription-translation coupling (TTC) has been evoked as a mechanism that speeds up the overall process, provides protection during the transcription, and/or regulates the t",http://arxiv.org/abs/2207.04568v1,arXiv
Coronavirus RNA Sensor Using Single-Stranded DNA Bonded to Sub-Percolated Gold Films on Monolayer Graphene Field-Effect Transistors,"Nicholas E. Fuhr, Mohamed Azize, David J. Bishop",arXiv,2026-09-09,"Electrical detection of messenger ribonucleic acid (mRNA) is a promising approach to enhancing transcriptomics and disease diagnostics because of its sensitivity, rapidity, and modularity. Reported here is a fast SARS-CoV-2 mRNA biosensor (<1 minute) with a limit of detection of 1 aM, and dynamic range of 4 orders of magnitude and a linear sensitivity of 22 mV per molar decade. These figures of me",http://arxiv.org/abs/2205.05143v1,arXiv
Deep learning models for predicting RNA degradation via dual crowdsourcing,"Hannah K. Wayment-Steele, Wipapat Kladwang, Andrew M. Watkins",arXiv,2026-09-09,"Messenger RNA-based medicines hold immense potential, as evidenced by their rapid deployment as COVID-19 vaccines. However, worldwide distribution of mRNA molecules has been limited by their thermostability, which is fundamentally limited by the intrinsic instability of RNA molecules to a chemical degradation reaction called in-line hydrolysis. Predicting the degradation of an RNA molecule is a ke",http://arxiv.org/abs/2110.07531v2,arXiv
Sequential Precise Targeted Hepatitis B Virus Therapy: Hepatitis B Virus-Specific Small Interfering RNA Followed by Aggregation-Induced Emission-Photothermal Ablation Based on Macrophage Membrane-Coated Nanoplatform.,"Wei Zihui, Gao Lixia, Zheng Mengting",ACS applied bio materials,2026-09-09,"Chronic hepatitis B (CHB) afflicts approximately 254 million people worldwide and is responsible for more than one million deaths annually. Intrahepatic persistence of covalently closed circular DNA (cccDNA), the episomal transcriptional template of hepatitis B virus (HBV), sustains chronic replication, blunts the efficacy of antiviral therapy, and precipitates virological relapse once treatment i",https://pubmed.ncbi.nlm.nih.gov/42709589/,PubMed
scCGC,"Shu Zhenqiu, Dong Rong, Xu Tianyan",IEEE transactions on computational biology and bioinformatics,2026-09-09,"Single-cell RNA sequencing (scRNA-seq) enables high-resolution analysis of cellular heterogeneity. Accurate scRNA-seq data clustering is crucial for cell type identification and subpopulation discovery. However, existing clustering methods are frequently affected by erroneous pseudo-labels generated through the static threshold, thus progressively accumulating errors during training. To address th",https://pubmed.ncbi.nlm.nih.gov/42709526/,PubMed
Bacterially produced dsRNA targeting SePGRP-LB reduces population fitness of Spodoptera exigua (Lepidoptera: Noctuidae) and increases its susceptibility to SeMNPV.,"Li Jie, Cheng Yu, Deng Kaihua",Journal of economic entomology,2026-09-09,"The beet armyworm, Spodoptera exigua (Hübner) (Lepidoptera: Noctuidae), is an important agricultural pest, and S. exigua multiple nucleopolyhedrovirus (SeMNPV) is a host-specific biological control agent. However, baculovirus efficacy can be limited by host antiviral responses. S. exigua peptidoglycan recognition protein LB (SePGRP-LB) has been identified as an antiviral immune factor, suggesting ",https://pubmed.ncbi.nlm.nih.gov/42709499/,PubMed
Characterization and functional analysis of OfCYP314A1: a key gene regulating hormone balance and development in the Lepidopteran pest Ostrinia furnacalis (Lepidoptera: Crambidae).,"Zhang Xuexia, Ruan Hongyun, Zhang Changyu",Journal of economic entomology,2026-09-09,"Ostrinia furnacalis (Guenee) (Lepidoptera: Crambidae) is a major lepidopteran pest that inflicts severe damage to maize. The biosynthesis of 20-hydroxyecdysone (20E), a steroid hormone vital for insect growth, development, and reproduction, depends critically on the cytochrome P450 monooxygenase CYP314A1. In this study, OfCYP314A1 was identified and characterized its expression patterns across dif",https://pubmed.ncbi.nlm.nih.gov/42709498/,PubMed
BioCNT-TLS engineered systemic mobile resistome for sustainable crop protection.,"Li Wenbo, Farooq Tahir, Hussain Muhammad Dilshad",Frontiers in plant science,2026-09-09,"The global agricultural sector faces an existential threat from viral quasispecies that bypass traditional resistance through high-frequency mutation and rapid systemic colonization. Conventional strategies, including chemical pesticides and transgenic modifications, are increasingly constrained by environmental toxicity, regulatory hurdles, and the biological arms race of viral evasion. This revi",https://pubmed.ncbi.nlm.nih.gov/42707636/,PubMed
Transcriptomic analysis combined with RNAi reveals defense strategies and molecular mechanisms in Western and Eastern honeybees against attacks by the yellow-legged hornet.,"Xiong Ting, Yang Zhi-Yue, Xie Dao-Hao",Zoological research,2026-09-09,"Attack and defense are critical to animal survival, yet the defensive strategies of Western honeybees (  攻击与防御是动物生存的核心问题，捕食者与猎物之间的相互作用驱动了防御行为的进化。然而西方蜜蜂（ ",https://pubmed.ncbi.nlm.nih.gov/42706787/,PubMed
Protein-RNA control networks at the plant-pathogen interface.,"Zaman Wajid, Ayaz Asma",Planta,2026-09-09,"Plant immunity depends on coordinated control of signaling gain, molecular persistence, RNA fate, interorganismal exchange and timely attenuation, defining testable routes to durable disease control. Plant immunity is often reviewed as a sequence of receptor activation, transcriptional reprogramming, and antimicrobial output. That organization is useful, but it obscures a central mechanistic probl",https://pubmed.ncbi.nlm.nih.gov/42706462/,PubMed
Catalase protects Penaeus vannamei against WSSV by regulating redox homeostasis.,"Ni Jia, Yang Bingbing, Jin Yiqin",Fish & shellfish immunology,2026-09-09,"White spot syndrome virus (WSSV) remains one of the most destructive viral pathogens in shrimp aquaculture. Reactive oxygen species (ROS) are required for innate immune signaling, but uncontrolled ROS accumulation can damage host tissues and compromise antiviral defense. Catalase (CAT) decomposes hydrogen peroxide and is therefore positioned to connect redox homeostasis with immune resilience duri",https://pubmed.ncbi.nlm.nih.gov/42705425/,PubMed
miR-206 regulates copper-induced pyroptosis in porcine jejunal epithelial cells by targeting Caspase-1.,"Huang Hai, Yu Jingling, Chen Kaiyuan",Comparative biochemistry and physiology. Toxicology & pharmacology : CBP,2026-09-09,"Copper (Cu) is an essential trace element in animal organisms, participating in numerous vital processes. However, excessive intake can cause poisonous damage to organs such as the intestines. This study aims to elucidate the role of miR-206 in copper-induced pyroptosis in porcine jejunal epithelial cells and its molecular mechanism. In this study, we found that high-dose copper exposure induces p",https://pubmed.ncbi.nlm.nih.gov/42705371/,PubMed
"Vitamin D receptor silencing impairs the 1,25-dihydroxyvitamin D","Zhang Weiyun, Li Tingting, Cao Chunyu",Poultry science,2026-09-09,"Our previous study detected the potential regulatory role of vitamin D receptor (VDR) in 1,25-dihydroxyvitamin D",https://pubmed.ncbi.nlm.nih.gov/42705192/,PubMed
GmERF109 Positively Enhances Soybean Resistance to Phytophthora sojae by Transcriptionally Activating GmG4DT-Like to Promote Glyceollin I Accumulation.,"Fang Xin, Liang Rui, Cheng Yiling",Molecular plant pathology,2026-09-09,"Phytophthora root rot, a devastating disease caused by Phytophthora sojae, poses a significant threat to worldwide soybean (Glycine max) production. Therefore, enhancing crop resistance to this pathogen is a major breeding objective. However, the signalling mechanisms underlying the response of soybean plants to P. sojae infection, and the networks and targets of key transcription factors TFs, are",https://pubmed.ncbi.nlm.nih.gov/42703042/,PubMed
"A Dual-Membrane Biomimetic Nanoplatform Enables Triple-Modal Therapy Against SARS-CoV-2 Through Viral Decoy, Inflammation Neutralizing, and Intracellular RNAi.","Li Hui, Zhang Bohan, Shang Chao","Advanced science (Weinheim, Baden-Wurttemberg, Germany)",2026-09-09,"The persistent evolution of SARS-CoV-2 and the concomitant risk of life-threatening hyperinflammation, such as cytokine storm syndrome, underscore the urgent need for therapeutic strategies that simultaneously target viral replication and dysregulated host immunity. Herein, we describe a dual-membrane biomimetic nanoplatform, designated [A&T]MLN, comprising siRNA-loaded lipid nanoparticles with a ",https://pubmed.ncbi.nlm.nih.gov/42702867/,PubMed
RNAi in the Rhizarian Phytopathogen Plasmodiophora brassicae: The Causal Agent of Clubroot Disease in Cruciferous Crops.,"Zhang Xiong, Wu Yupo, Hou Jiachang","Advanced science (Weinheim, Baden-Wurttemberg, Germany)",2026-09-09,"Although RNA interference (RNAi) is widespread and functionally important across eukaryotes, RNAi pathways are diverse or even lost in some lineages. Rhizaria represents a major and distinct eukaryotic supergroup that includes Plasmodiophora brassicae (Pb), the causal agent of cruciferous clubroot disease, yet RNAi in this lineage remains poorly understood. Here, we characterized an unusual RNAi p",https://pubmed.ncbi.nlm.nih.gov/42702850/,PubMed
5-Aminolevulinic acid promotes cell division and young fruit development by suppressing the PpARF9-PpGH3.1 auxin-conjugation module in peach.,"Gan Xing, Zhang Jianting, Liu Longbo",Molecular horticulture,2026-09-09,"5-Aminolevulinic acid (ALA) is an emerging plant growth regulator, yet its mechanisms in fruit development remain unclear. Here, we show that ALA promotes early growth and ultimate size in peach (Prunus persica) fruits. ALA treatment significantly enhanced the mesocarp area and the cell number, accompanied by elevated levels of indole-3-acetic acid (IAA) and trans-zeatin riboside. Transcriptomic a",https://pubmed.ncbi.nlm.nih.gov/42702726/,PubMed
Validation of a standardized quantitative RT-qPCR workflow for detection and quantification of airborne respiratory viruses using gelatin membranes as sampling matrix.,"Rusticano Irene Tellini, Berti Fabiola, Calonico Carmela",Journal of microbiological methods,2026-09-09,"Airborne microbiological monitoring is increasingly relevant for identifying and quantifying viral pathogens; however, standardized analytical workflows for respiratory viruses recovered from environmental matrices remain limited. This study reports the full analytical validation of a quantitative RT-qPCR workflow for the simultaneous detection and quantification of SARS-CoV-2, influenza A, influe",https://pubmed.ncbi.nlm.nih.gov/42702290/,PubMed
"Research Progress on Tumor Microenvironment-Responsive siRNA Nanocarriers: Design Strategies, Delivery Efficiency, and Future Perspectives.","Zhu Xiaoxi, Zhang Gong, Li Lin",International journal of nanomedicine,2026-09-09,"Gene silencing by RNA interference (RNAi) has emerged as a promising strategy for cancer therapy. Small interfering RNA (siRNA), a class of small regulatory RNAs that recognize and degrade complementary target messenger RNAs (mRNAs) in a sequence-specific manner at the post-transcriptional level, plays a critical role in regulating gene expression. However, the in vivo delivery of siRNA remains a ",https://pubmed.ncbi.nlm.nih.gov/42701815/,PubMed
"Engineering extracellular vesicles for targeted siRNA delivery: Advances, therapeutic applications, and clinical translation.","Varshan G S Amrish, Namasivayam S Karthick Raja","Nanomedicine : nanotechnology, biology, and medicine",2026-09-09,"Small interfering RNA (siRNA) therapeutics have emerged as a transformative approach for sequence-specific gene silencing, offering the potential to treat a broad spectrum of diseases by selectively suppressing disease-associated genes. However, the clinical translation of siRNA remains limited by rapid enzymatic degradation, poor cellular uptake, inadequate endosomal escape, and off-target effect",https://pubmed.ncbi.nlm.nih.gov/42700828/,PubMed
An entomopathogen-based small-RNA delivery system promotes the biocontrol efficacy against termites.,"Zhao Chen-Chen, Lu Hang, Mao Xiao-Long",Pesticide biochemistry and physiology,2026-09-09,"Entomopathogenic fungus-derived microRNA-like RNAs (milRNAs) have been determined as novel virulence factors that exhibit cross-kingdom RNAi effects on insect hosts. However, which factors and how they function in social insects are still largely unknown. Using the pathogen Metarhizium anisopliae and its social host Reticulitermes aculabialis, we investigated how pathogen-derived small RNAs mediat",https://pubmed.ncbi.nlm.nih.gov/42697687/,PubMed
LsS6K acts as a negative regulator of thiamethoxam tolerance in Laodelphax striatellus.,"Fang Shu, Shi Yuyang, Zhou Mi",Pesticide biochemistry and physiology,2026-09-09,"The ribosomal protein S6 kinase (S6K) transduces the anabolic signals from nutrients and is involved in insect development and reproduction, however, its role in the regulation of the insecticide detoxification is still unclear. In this study, LsS6K was cloned and characterized from Laodelphax striatellus. RT-qPCR analysis revealed tissue-specific expression of LsS6K with the highest expression le",https://pubmed.ncbi.nlm.nih.gov/42697685/,PubMed
A dual-barrier disruption strategy employing lufenuron/dsRNA nanocomplexes overcomes both cuticular and intestinal barriers in late-instar lepidopteran pests.,"Wang Haiqi, Xu Siyun, Hu Jie",Pesticide biochemistry and physiology,2026-09-09,"Managing late-instar lepidopteran pests remains a critical challenge due to their robust physiological and physical barriers, which severely compromise the efficacy of insecticides. Lufenuron, an insect growth regulator, controls lepidopteran pests by inhibiting chitin biosynthesis, but its efficacy against late-instar larvae needs improvement. Here, we developed a dual-barrier disruption strategy",https://pubmed.ncbi.nlm.nih.gov/42697679/,PubMed
Advancing Alzheimer's Disease Treatment: Synergistic Ligand Combinations Targeting BACE1 via Multi-Ligand Simultaneous Docking,"Pronama Biswas, Surya Shanbhog, Merla Sudha",arXiv,2026-09-09,"Alzheimer's disease is a progressive neurodegenerative disorder characterized by memory loss, cognitive decline, and behavioral changes, primarily affecting the elderly. Current treatments focus on symptom management as no therapies effectively halt or reverse disease progression. Newer therapies targeting BACE1, a key enzyme in amyloid plaque formation, have shown promise in clinical trials, thou",http://arxiv.org/abs/2609.04301v1,arXiv
From static structures to dynamic landscapes: cryo-EM redefines RNA biology,"Shekhar Jadhav, Spandan Saha, Qingbin Shang",arXiv,2026-09-09,RNA molecules perform diverse biological functions by dynamically exploring multiple conformational states rather than adopting a single static structure. Capturing these ensembles is a challenge in molecular biology. Recent advances in cryoEM are now transforming this landscape by enabling the visualization of RNA molecules across a broad spectrum of functionally relevant conformations at near at,http://arxiv.org/abs/2609.01132v1,arXiv
Designability of RNA Targets with Up to Two Length-2 Helices,Ashutosh S. Jogalekar,arXiv,2026-09-09,"RNA inverse folding asks for an RNA sequence whose prescribed secondary structure is the unique maximum-base-pair compatible fold. In the four-letter Watson-Crick model (A-U and C-G pairs only, no pseudoknots, and zero minimum base-pair span), Hales et al. introduced a separated-coloring certificate and an even-odd device, while Boury et al. generalized this to modulo-$m$ separability, gave an $O(",http://arxiv.org/abs/2608.25194v1,arXiv
Leveraging generative hallucination and biophysics-informed modeling for unified biomolecular sequence-structure co-design,"Xuefeng Liu, Mingxuan Cao, Xiao Luo",arXiv,2026-09-09,"Biomolecular design underpins applications from molecular recognition to therapeutics and synthetic biology, yet de novo interaction design remains challenging-especially for DNA/RNA, underexplored non-protein modalities with scarce, heterogeneous complex data and sharper geometric and chemical constraints. We introduce MCTH (Monte Carlo Tree Hallucination), an inference-only framework that casts ",http://arxiv.org/abs/2608.17381v1,arXiv
"MultiStructRNA: a Python package for multi-algorithm RNA secondary structure prediction, ensemble analysis, and visualization","Yashrajsinh Jadeja, Haining Lin, Mihir Metkar",arXiv,2026-09-09,"We introduce MultiStructRNA, a unified Python toolkit for RNA secondary structure prediction, ensemble analysis, and visualization. Although RNA secondary structure is central to RNA biology and therapeutic design, practical adoption is often hindered by fragmented tooling, incompatible input and output formats, and limited visualization support. MultiStructRNA addresses these challenges through a",http://arxiv.org/abs/2608.14846v1,arXiv
Evolutionary Curriculum Learning Improves Biological Sequence Modeling,"Richard Zhu, Kento Nishi",arXiv,2026-09-09,"Variational autoencoders (VAEs) trained on multiple sequence alignments (MSAs) have emerged as powerful generative models for biological sequences, with applications ranging from disease variant prediction to functional RNA design. However, standard biological VAE training treats all sequences as exchangeable, ignoring the rich evolutionary structure that organizes homologous sequences from evolut",http://arxiv.org/abs/2608.00697v2,arXiv
Engineering T7 RNA Polymerase for High-Purity In Vitro Transcription,"Pauline Hermans, Youlia Serikova, José Castillo",arXiv,2026-09-09,"In vitro transcription using bacteriophage T7 RNA polymerase (T7 RNAP) is the gold-standard platform for RNA production in both research and therapeutic applications. Despite its high processivity and promoter specificity, T7 RNAP generates multiple RNA by-products, including double-stranded RNA, 3'-extended transcripts, abortive RNAs, and prematurely terminated products. These impurities reduce R",http://arxiv.org/abs/2607.18468v1,arXiv
Enhanced sampling and cryo-EM data resolve magnesium binding to RNA,"Olivier Languin-Cattoën, Elisa Posani, Giovanni Bussi",arXiv,2026-09-09,"Magnesium ions are essential for RNA structure but difficult to model due to slow binding kinetics and experimental limitations. We present an enhanced-sampling strategy that accelerates Mg$^{2+}$ inner-shell binding by orders of magnitude, enabling quantitative exploration of ion-binding motifs in a large ribozyme. The method combines a barrier-flattening bias with Hamiltonian replica exchange to",http://arxiv.org/abs/2607.07186v1,arXiv
Bayesian Sampling of Structural Ensembles: The Role of Ensemble-Counting Measures,"Ivan Gilardoni, Giovanni Bussi",arXiv,2026-09-09,"Structural ensemble refinement is widely used to integrate molecular simulations with experimental measurements. While most applications focus on the maximum-a-posteriori (MAP) ensemble, Bayesian sampling of the posterior distribution can provide uncertainty estimates and posterior averages for arbitrary observables. A notable step in this direction was introduced by the Bayesian Energy Landscape ",http://arxiv.org/abs/2606.18495v1,arXiv
MultiMolecule: a modular ecosystem for biomolecular sequence-model workflows,Zhiyuan Chen,arXiv,2026-09-09,"Biomolecular sequence models are increasingly reused outside the studies in which they were introduced, but public checkpoints rarely preserve the execution context needed to inspect source-defined behavior, adapt models to new assays, compare models under shared task definitions or deploy biological predictions. MultiMolecule is an open-source Python ecosystem that turns heterogeneous RNA, DNA an",http://arxiv.org/abs/2606.16540v1,arXiv
The Montparnasse Algorithm for RNA Design,Tristan Cazenave,arXiv,2026-09-09,"RNA design consists of discovering a nucleotide sequence that optimizes predefined criteria, such as secondary structure. It is useful for synthetic biology, medicine, and nanotechnology. We propose Montparnasse, a Monte Carlo search framework based on Generalized Nested Rollout Policy Adaptation, augmented with a problem-specific prior, slow and long adaptation at level 1, and a lexicographic mul",http://arxiv.org/abs/2606.07562v1,arXiv
Multimodal Alignment and Preference Optimization for Zero-Shot Conditional RNA Generation,"Roman Klypa, Alberto Bietti, Sergei Grudinin",arXiv,2026-09-09,"The design of RNA molecules that interact with specific proteins is a critical challenge in experimental and computational biology. Despite recent progress in natural language modeling and deep learning-based protein design, there remains significant room to improve the frequency of successful interactions and the authenticity of generated sequences for functional applications. In this work, we fr",http://arxiv.org/abs/2605.23961v1,arXiv
"GoForth: Language Models for RNA Design under Structure, Sequence, and Coding Constraints",Michael Lindsey,arXiv,2026-09-09,"RNA inverse sequence design has broad biological and engineering applications, but computational methods for practical design queries remain limited. Such queries may impose several constraints at once, including target folds or motifs, fixed bases, and coding restrictions, while leaving arbitrary sequence and structure in unspecified regions. Because these constraints may permit many acceptable s",http://arxiv.org/abs/2605.07608v1,arXiv
Bayesian Rate Inference for Sequence Motif Dynamics in Systems of Reactive Nucleic Acids,"Johannes Harth-Kitzerow, Ulrich Gerland, Torsten A. Enßlin",arXiv,2026-09-09,"The RNA world hypothesis suggests a pathway of how life emerged on early earth. It assumes that life started with RNA based systems, capable of storing, transmitting and replicating information, envisioning that monomers and short RNA oligomers interact to form longer strands, eventually becoming catalytically active ribozymes. Key reactions in RNA pools are hybridization, dehybridization, templat",http://arxiv.org/abs/2604.25701v2,arXiv
VARIANT: Web Server for Decoding and Analyzing Viral Mutations at Genome and Protein Levels,"Rui Wang, Xuhang Dai, Xin Cao",arXiv,2026-09-09,"A comprehensive analysis of viral mutations is essential for understanding viral evolution, disease epidemiology, diagnosis, drug resistance, etc. However, challenges remain in capturing complex mutation patterns and supporting diverse viral families with varying genome architectures. To address these needs, we present VARIANT, an web server for mutational analysis of RNA viral genomes and associa",http://arxiv.org/abs/2604.20942v1,arXiv
Interfacial Potential Transduction for Diagnostics,"Hyun-June Jang, Peuli Nath, Yuqin Wang",arXiv,2026-09-09,"A major barrier to decentralized, near-patient diagnostics is the lack of a signal transduction modality that is both analytically precise and accessible at the point of care. Optical readouts remain instrument-dependent and difficult to miniaturize, while compact electrochemical readouts are prone to matrix-derived signal distortion, limiting their biomarker coverage in real clinical settings. He",http://arxiv.org/abs/2603.23775v1,arXiv
ZeroFold: Protein-RNA Binding Affinity Predictions from Pre-Structural Embeddings,"Josef Hanke, Sebastian Pujalte Ojeda, Shengyu Zhang",arXiv,2026-09-09,"The accurate prediction of protein-RNA binding affinity remains an unsolved problem in structural biology, limiting opportunities in understanding gene regulation and designing RNA-targeting therapeutics. A central obstacle is the structural flexibility of RNA, as, unlike proteins, RNA molecules exist as dynamic conformational ensembles. Thus, committing to a single predicted structure discards in",http://arxiv.org/abs/2603.23583v1,arXiv
Computational modeling of RNA-protein binding interactions under an external force,"Danielle Wampler, Ralf Bundschuh",arXiv,2026-09-09,"RNA binding proteins play a crucial role in post-transcriptional gene regulation by controlling the transport, processing, and translation of their target RNAs. Post-transcriptional gene regulation leads to the differential expression of genetic material and loss of regulation or over-regulation relates to a large range of cancers and diseases - many of which have directly been associated with RNA",http://arxiv.org/abs/2603.22269v1,arXiv
Fair splits flip the leaderboard: CHANRG reveals limited generalization in RNA secondary-structure prediction,"Zhiyuan Chen, Zhenfeng Deng, Pan Deng",arXiv,2026-09-09,"Accurate prediction of RNA secondary structure underpins transcriptome annotation, mechanistic analysis of non-coding RNAs, and RNA therapeutic design. Recent gains from deep learning and RNA foundation models are difficult to interpret because current benchmarks may overestimate generalization across RNA families. We present the Comprehensive Hierarchical Annotation of Non-coding RNA Groups (CHAN",http://arxiv.org/abs/2603.22330v1,arXiv
Integrative transcriptomic identification of potential common biomarkers between non-obstructive azoospermia and papillary thyroid cancer via multi-algorithmic machine learning and network biology approaches.,"Safarzadeh Arash, Sadeghian Golfam, Ghafouri-Fard Soudeh",Cancer treatment and research communications,2026-09-09,"Emerging evidence suggests potential mechanistic links between non-obstructive azoospermia (NOA) and papillary thyroid carcinoma (PTC) through shared signaling pathways. However, no integrative transcriptomic study has systematically examined common molecular signatures between these disorders. We performed transcriptomic analyses using multiple independent public datasets from GEO and TCGA. Diffe",https://pubmed.ncbi.nlm.nih.gov/42710154/,PubMed
LINE-1 repeats are a defining feature of the ,"Jeon Yesu, Ji Fei, Das Priyojit",Proceedings of the National Academy of Sciences of the United States of America,2026-09-09,"During early development, female mammals inactivate one X chromosome to balance their X-linked gene dosage with males. While allelic choice is random in inbred mouse populations, choice can be significantly skewed in interstrain hybrids. The genetic basis of skewing has long been attributed to the mysterious ""X chromosome controlling element(s)"" (",https://pubmed.ncbi.nlm.nih.gov/42709804/,PubMed
DNA methylation-mediated silencing of MALAT1 promotes dexamethasone-induced growth plate chondrocyte ferroptosis via miR-124-3p/LPCAT3.,"Liang Xiaoju, Zhang Lijun, Cheng Deliang",Journal of bioenergetics and biomembranes,2026-09-09,"Dexamethasone (Dex) causes growth plate injury and growth retardation in children, yet the underlying epigenetic and post-transcriptional mechanisms remain poorly defined. This study addresses this gap by dissecting the MALAT1/miR-124-3p/LPCAT3 axis in Dex-induced chondrocyte ferroptosis. Primary rat growth plate chondrocytes and 2-week-old male Sprague-Dawley rats were treated with Dex. DNA methy",https://pubmed.ncbi.nlm.nih.gov/42709252/,PubMed
A Combination of Alleles in LMOD2 and a lncRNA is Strongly Associated With Myxomatous Mitral Valve Disease in Cavalier King Charles Spaniels.,"Olsen Lisbeth Høier, Gunnlaugsdóttir Arney Eva, Madsen Majbritt Busk",Animal genetics,2026-09-09,"A previous genome-wide association study identified regions on canine chromosome (cfa) 13 and 14 associated with early onset myxomatous mitral valve disease (MMVD) in Cavalier King Charles Spaniels (CKCS). In the present study, whole genome sequencing (WGS) of 9 CKCS cases (mitral regurgitation (MR) before 4.5 years or congestive heart failure (CHF) at any age due to MMVD) and 10 CKCS controls (no",https://pubmed.ncbi.nlm.nih.gov/42708524/,PubMed
LncRNA HIF1A-AS3 Promotes Glycolysis and Regulates Metabolic Reprogramming in Human Mesenchymal Stem Cells.,"Xu Jiajin, Dong Xiaotong, Zhao Yang",Current stem cell research & therapy,2026-09-09,"Mesenchymal stem cells (MSCs) play a significant role in shaping and regulating microenvironments. The factors influencing the glycolytic metabolic reprogramming of MSCs remain unknown. MSCs were isolated from human umbilical cords and identified using flow cytometry. Glycolysis-related gene expression, glucose consumption, and ATP and lactate production were measured in MSCs with HIF1A-AS3 overex",https://pubmed.ncbi.nlm.nih.gov/42708312/,PubMed
Regulation of PI3K Signaling by lncRNAs in Breast Cancer: A Mini-Review.,"Asadi Azita, Molavand Mehran, Yousefi Bahman",Mini reviews in medicinal chemistry,2026-09-09,"Despite remarkable advancements, the treatment of breast cancer remains a serious challenge. In recent decades, extensive studies have been conducted to identify new therapeutic targets for the treatment of breast cancer. Among these therapeutic targets that have gained attention in recent years are lncRNAs. These molecules appear to affect proliferation, metastasis, and drug resistance in cancer ",https://pubmed.ncbi.nlm.nih.gov/42708264/,PubMed
Artemisinin inhibits colorectal cancer progression via the FAM83A-AS1/HIF-1α axis.,"Xi Jinchuan, Li Zhihan, Liu Youqiang",Journal of gastrointestinal oncology,2026-09-09,"Emerging evidence indicates that the lncRNA  The action network of artemisinin was analyzed using network pharmacology. Stable  Artemisinin was predicted to target 96 proteins associated with CRC, including  Artemisinin promoted proteasome-mediated degradation of HIF-1α protein and inhibited CRC progression, potentially through the ",https://pubmed.ncbi.nlm.nih.gov/42707883/,PubMed
From immune dysregulation to renal injury: mechanistic insights and translational opportunities in immune-mediated nephropathies.,Wang Xiaoman,Frontiers in cell and developmental biology,2026-09-09,"Immune-mediated nephropathies are a mechanistically diverse group of kidney disorders in which dysregulated innate and adaptive immunity drive sustained inflammation, tissue injury, and progressive fibrosis. The kidney is not a passive target of these processes but an active immunological organ, where crosstalk between resident parenchymal cells and infiltrating leukocytes shapes both initiation a",https://pubmed.ncbi.nlm.nih.gov/42707564/,PubMed
Identifying Co-Expressed lncRNAs Correlated With Traits of Interest in an Animal Model for Metabolic Diseases in Humans.,"Nascimento Lucas Echevarria, da Silva Bruna Pereira Martins, de Oliveira Camila Sabino",Animal genetics,2026-09-09,"Nutrigenomics investigates how nutrients modulate gene expression. Among them, fatty acids (FA) play important roles in regulating gene transcription, while long non-coding RNAs (lncRNAs) may be associated with gene regulation and metabolic diseases. This study aimed to analyze the hepatic transcriptome of pigs, a species frequently used as a model for nutrigenomic studies, to identify novel lncRN",https://pubmed.ncbi.nlm.nih.gov/42706873/,PubMed
Forensic wound age estimation: Unveiling the potential of non-coding RNA biomarkers in skin and skeletal muscle injuries.,"Pan Yuxin, Lv Yehui, Zhao Jiuhong","Medicine, science, and the law",2026-09-09,"Forensic wound age estimation holds significant importance for criminal investigation and judicial identification. However, accurately deducing the time of injury remains a tricky point. In recent years, non-coding RNAs (ncRNAs) have emerged as novel biomarkers, demonstrating great potential for estimating the age of skin and skeletal muscle wounds. This narrative review focuses on the regulatory ",https://pubmed.ncbi.nlm.nih.gov/42706614/,PubMed
Rebalancing the non-coding RNA research agenda: future directions for long non-coding RNA and circular RNA research.,"Kim Young-Kook, Kook Hyun",Experimental & molecular medicine,2026-09-09,,https://pubmed.ncbi.nlm.nih.gov/42706373/,PubMed
The skin-specific long non-coding RNA TEDAR orchestrates late epidermal differentiation via an ERK-KLF4 cytoplasmic regulatory axis.,"Das Mahapatra Kunal, Arslan Özge, Luo Longlong",Cell death & disease,2026-09-09,"The formation of a functional skin barrier depends on terminal keratinocyte differentiation, yet the contribution of long non-coding RNAs to this process remains incompletely understood. Here, using transcriptome analysis of more than 15,000 RNA-seq samples across 54 human tissues, we identify TEDAR (Terminal Epidermal Differentiation-Associated RNA), a highly skin-enriched lncRNA. Single-molecule",https://pubmed.ncbi.nlm.nih.gov/42706248/,PubMed
The long noncoding RNA Peanut (Gm11454) biases progenitors towards neurogenesis and rod photoreceptor differentiation during postnatal retinal development.,"Hostetler Jade Enright, Shiau Fion, Zhang Xiaodong",Developmental biology,2026-09-09,"Long noncoding RNAs (lncRNAs) display pervasive expression and function in the developing nervous system. Temporal profiling of gene expression in the retina has demonstrated differential expression of lncRNAs throughout development; however, determinations of lncRNA function during retinal development remain limited. In this study, we identify numerous lncRNAs with dynamic temporal expression and",https://pubmed.ncbi.nlm.nih.gov/42705432/,PubMed
Regulation of the lncRNA NEAT1 by p53-ΔNp63 crosstalk modulates the DNA damage response and therapeutic efficacy in HNSCC.,"De Domenico Sara, La Banca Veronica, D'Amico Silvia",Molecular oncology,2026-09-09,"Head and neck squamous cell carcinomas (HNSCCs) are characterized by recurrent genetic alterations, including the inactivation of the tumor suppressor TP53 gene and dysregulation of the TP63 gene. The TP63 gene encodes multiple isoforms, among which the N-terminal truncated isoform ΔNp63 is fundamental for the integrity of stratified epithelial tissues. We previously demonstrated that ΔNp63 repres",https://pubmed.ncbi.nlm.nih.gov/42704200/,PubMed
The Interplay of the LncRNA AFAP1-AS1 and the Soluble Immune Checkpoint Proteins sPD-1/sPD-L1 in Breast Cancer: Tumor-Immune Crosstalk.,"AbdelHamid Sherihan G, Kamal Amany M, AbdelAziz Hany",Bioscience reports,2026-09-09,"Breast cancer (BC) remains a major health issue worldwide. Immuno-oncology has recently garnered much attention with unprecedented bench-to-bedside revolutions in cancer diagnosis and treatment. The PD-1/PD-L1 pathway is an adaptive mechanism in cancer immune escape that can be regulated epigenetically via long non-coding RNAs (lncRNAs). In this study, we sought to investigate the potential clinic",https://pubmed.ncbi.nlm.nih.gov/42704047/,PubMed
Adaptation to Plant Defence in an Agricultural Insect Pest: Integrating Genome Scans and Gene Expression in the Soybean Aphid Reveals Multi-Genic Pathways.,"Pavinato Vitor A C, Penton-Michel Erin H, Shahid Saima",Molecular ecology,2026-09-09,"In agroecosystems, intense selection pressures cause species to adapt and spread, often leading to the evolution and persistence of pests. Understanding how pests rapidly adapt can help develop sustainable strategies for their management and improve agroecosystem health. Pest adaptation involves stable variations in DNA sequence, as well as dynamic shifts in gene expression, often mediated by non-",https://pubmed.ncbi.nlm.nih.gov/42703793/,PubMed
An Insight into the Emerging Role of Extracellular Vesicle-derived Noncoding RNAs in Colorectal Cancer.,"Jayaraman Vijayalakshmi, Apthi Soniga, Datta Liza","MicroRNA (Shariqah, United Arab Emirates)",2026-09-09,"Colorectal cancer (CRC) ranks among the most frequent and lethal cancers globally, with early detection remaining a significant challenge because of asymptomatic early stages and limitations of current screening methods. This underscores the pressing need for new, non-invasive biomarkers for early CRC detection to enhance patient outcomes. Advancements in the molecular biology of cancer have highl",https://pubmed.ncbi.nlm.nih.gov/42703176/,PubMed
Machine learning approaches for cancer prognosis and diagnosis via non-coding RNA: a comprehensive review.,"Hossain Md Shafayet, Chen Yi-Ping Phoebe",Briefings in bioinformatics,2026-09-09,"Non-coding RNAs (ncRNAs), once considered genomic dark matter, are now established as key regulators of gene expression with widespread roles in cellular homeostasis and disease. In cancer, ncRNA expression is frequently and systematically dysregulated, and many of these molecules circulate in stable, protected form within biofluids, offering a compelling basis for non-invasive or minimally invasi",https://pubmed.ncbi.nlm.nih.gov/42702370/,PubMed
Regulatory roles of pyroptosis-associated lncRnas in breast cancer progression and immune microenvironment.,"Hsu Chou-Yi, Mukhlif Bilal AbdulMajeed, Nematov Ozodbek","Cell cycle (Georgetown, Tex.)",2026-09-09,"Breast cancer progression and therapeutic response are profoundly influenced by tumor immune interactions, yet the molecular regulators linking cell death pathways with immune modulation remain incompletely understood. Pyroptosis, a gasdermin-mediated inflammatory form of programmed cell death, has emerged as a key determinant of tumor immunity, while long non-coding RNAs are increasingly recogniz",https://pubmed.ncbi.nlm.nih.gov/42701903/,PubMed
"Correction to ""Long Noncoding RNA OVAAL Enhances Nucleotide Synthesis Through Pyruvate Carboxylase to Promote 5-Fluorouracil Resistance in Gastric Cancer"".",,Cancer science,2026-09-09,,https://pubmed.ncbi.nlm.nih.gov/42700161/,PubMed
An Evaluation on the Role of Non-Coding RNA in HIV Transcription and Latency: A Review,Xiangshuai Liu,arXiv,2026-09-09,"The existence of latent cellular reservoirs is recognized as the major barrier to an HIV cure. Reactivating and eliminating ""shock and kill"" or permanently silencing ""block and lock"" the latent HIV reservoir, as well as gene editing, remain promising approaches, but so far have proven to be only partially successful. Moreover, using latency reversing agents or ""block and lock"" drugs pose additiona",http://arxiv.org/abs/2502.06107v1,arXiv
"Blood-derived lncRNAs as potential biomarkers for early cancer diagnosis: The Good, the Bad and the Beauty","Cedric Badowski, Bing He, Lana X Garmire",arXiv,2026-09-09,Cancer ranks as one of the deadliest diseases worldwide. The high mortality rate associated with cancer is partially due to the lack of reliable early detection methods and/or inaccurate diagnostic tools such as certain protein biomarkers. Cell-free nucleic acids (cfNA) such as circulating long non-coding RNAs (lncRNAs) have recently been proposed as a new class of potential biomarkers that could ,http://arxiv.org/abs/2109.11746v1,arXiv
BPPart and BPMax: RNA-RNA Interaction Partition Function and Structure Prediction for the Base Pair Counting Model,"Ali Ebrahimpour-Boroojeny, Sanjay Rajopadhye, Hamidreza Chitsaz",arXiv,2026-09-09,"RNA-RNA interaction (RRI) is ubiquitous and has complex roles in the cellular functions. In human health studies, miRNA-target and lncRNAs are among an elite class of RRIs that have been extensively studied. Bacterial ncRNA-target and RNA interference are other classes of RRIs that have received significant attention. In recent studies, mRNA-mRNA interaction instances have been observed, where bot",http://arxiv.org/abs/1904.01235v2,arXiv
LNCcation: lncRNA localization and function,"M. Bridges, Amanda C. Daulagala, A. Kourtidis",Journal of Cell Biology,2021-01-19,"Bridges et al. discuss current knowledge, lingering questions, and emerging themes surrounding lncRNA subcellular localization and its impact on cellular functions.",https://www.semanticscholar.org/paper/7eb1e61fdce6d4579eb564a6a2435cc2cc9b1454,Semantic Scholar
Long non-coding RNA (LncRNA) and cancer: a new paradigm,"A. Bhan, Milad Soleimani, S. Mandal",Cancer Research,2017-07-12,"In addition to mutations or aberrant expression in the protein coding genes, mutations and misregulation of non-coding RNAs, in particular long noncoding RNAs (lncRNA), appear to play major roles in cancer. Genome-wide association studies (GWAS) of tumor samples have identified a large number of lncRNAs associated with various types of cancer. Alterations in lncRNA expression and their mutations p",https://www.semanticscholar.org/paper/e5156419c49266fe24b0d422f3e4a7e248bbd5c1,Semantic Scholar
LncRNA-encoded peptides in cancer,Yaguang Zhang,Journal of Hematology & Oncology,2024-08-12,"Long non-coding RNAs (lncRNAs), once considered transcriptional noise, have emerged as critical regulators of gene expression and key players in cancer biology. Recent breakthroughs have revealed that certain lncRNAs can encode small open reading frame (sORF)-derived peptides, which are now understood to contribute to the pathogenesis of various cancers. This review synthesizes current knowledge o",https://www.semanticscholar.org/paper/a753881bf9c86a668e56968e00f894e3e096e26d,Semantic Scholar
Mechanism of LncRNA Gm2044 in germ cell development,"Qinran Zhu, Junpei Sun, Chuangchuang An",Frontiers in Cell and Developmental Biology,2024-07-04,"Germ cell development in mammals is a complex physiological process that involves the proliferation of primordial germ cells, meiosis, and the formation of male and female gametes. Long non-coding RNA (lncRNA) is a type of RNA with more than 200 nucleotides that does not code for proteins. A small number of lncRNAs have been shown to participate in spermatogenesis in the testes and in follicular d",https://www.semanticscholar.org/paper/92733180054e2ad19304182d62caceac54b84b61,Semantic Scholar
Machine learning-based integration develops an immune-derived lncRNA signature for improving outcomes in colorectal cancer,"Zaoqu Liu, Long Liu, Siyuan Weng",Nature Communications,2022-02-10,"Long noncoding RNAs (lncRNAs) are recently implicated in modifying immunology in colorectal cancer (CRC). Nevertheless, the clinical significance of immune-related lncRNAs remains largely unexplored. In this study, we develope a machine learning-based integrative procedure for constructing a consensus immune-related lncRNA signature (IRLS). IRLS is an independent risk factor for overall survival a",https://www.semanticscholar.org/paper/84e7b5a6477033e8ca58e8f015c7027556e664f6,Semantic Scholar
Integrated LncRNA Function Upon Genomic and Epigenomic Regulation,"Allison B Herman, D. Tsitsipatis, M. Gorospe",Molecules and Cells,2022-06-01,"Summary Although some long noncoding (lnc)RNAs are known since the 1950s, the past 25 years have uncovered myriad lncRNAs with diverse sequences, structures, and functions. The advent of high-throughput and sensitive technologies has further uncovered the vast heterogeneity of lncRNA-interacting molecules and patterns of expressed lncRNAs. We propose a unifying functional theme for the expansive f",https://www.semanticscholar.org/paper/69c8661a7817b2212cc72a0ed702c2ce011a53f8,Semantic Scholar
Mechanisms of lncRNA biogenesis as revealed by nascent transcriptomics,"Takayuki Nojima, N. Proudfoot",Nature reviews. Molecular cell biology,2022-01-25,,https://www.semanticscholar.org/paper/3eba950f49e1a3d1b11b62633556f5be6c961930,Semantic Scholar
LncRNA‐mediated posttranslational modifications and reprogramming of energy metabolism in cancer,"Yue Tan, Jin-Fei Lin, Ting Li",Cancer Communications,2020-10-29,"Altered metabolism is a hallmark of cancer, and the reprogramming of energy metabolism has historically been considered a general phenomenon of tumors. It is well recognized that long noncoding RNAs (lncRNAs) regulate energy metabolism in cancer. However, lncRNA‐mediated posttranslational modifications and metabolic reprogramming are unclear at present. In this review, we summarized the current un",https://www.semanticscholar.org/paper/033094e6d7a944eba3f2b1e64d35e0f555d164c6,Semantic Scholar
LncRNA-mediated regulation of cell signaling in cancer,"Wan-Xin Peng, Pratirodh Koirala, Y. Mo",Oncogene,2017-06-12,"To date, a large number of long non-coding RNAs (lncRNAs) have been recently discovered through functional genomics studies. Importantly, lncRNAs have been shown, in many cases, to function as master regulators for gene expression and thus, they can play a critical role in various biological functions and disease processes including cancer. Although the lncRNA-mediated gene expression involves var",https://www.semanticscholar.org/paper/ac6ae0080808b9e98dd9ab38a109af91340188fe,Semantic Scholar
Emerging role of tumor-related functional peptides encoded by lncRNA and circRNA,"Pan Wu, Yongzhen Mo, M. Peng",Molecular Cancer,2020-02-04,"Non-coding RNAs do not encode proteins and regulate various oncological processes. They are also important potential cancer diagnostic and prognostic biomarkers. Bioinformatics and translation omics have begun to elucidate the roles and modes of action of the functional peptides encoded by ncRNA. Here, recent advances in long non-coding RNA (lncRNA) and circular RNA (circRNA)-encoded small peptide",https://www.semanticscholar.org/paper/105a4e7a723e1482c58f9d35dcea2e58eb17ebf3,Semantic Scholar
Predicting the potential human lncRNA-miRNA interactions based on graph convolution network with conditional random field,"Wenya Wang, Li Zhang, Jianqiang Sun",Briefings Bioinform.,2022-10-27,,https://www.semanticscholar.org/paper/c63ec713721aae7d498a7189bc3012067a0a195b,Semantic Scholar
Engineered exosome as targeted lncRNA MEG3 delivery vehicles for osteosarcoma therapy.,"Xin Huang, Wei Wu, Doudou Jing",Journal of Controlled Release,2022-01-01,"Exosomes as nanosized membrane vesicles, could targeted deliver therapeutic agents by modification with target ligands. Exosome-derived non-coding RNAs play a vital role in the development of tumors. Previous evidences reveal that long non-coding RNA maternally expressed gene 3 (lncRNA MEG3) has anti-tumor properties. Whereas, the inhibitory effects of exosome-derived lncRNA MEG3 in osteosarcoma (",https://www.semanticscholar.org/paper/8c5f23d8b9e047e4cdf5ed0362eb07435d851455,Semantic Scholar
The lncRNA Neat1 promotes activation of inflammasomes in macrophages,"Pengfei Zhang, Limian Cao, R. Zhou",Nature Communications,2019-04-02,"The inflammasome has an essential function in innate immune, responding to a wide variety of stimuli. Here we show that the lncRNA Neat1 promotes the activation of several inflammasomes. Neat1 associates with the NLRP3, NLRC4, and AIM2 inflammasomes in mouse macrophages to enhance their assembly and subsequent pro-caspase-1 processing. Neat1 also stabilizes the mature caspase-1 to promote interleu",https://www.semanticscholar.org/paper/3011698601e9267fe18739b25c31c18b6c6e1230,Semantic Scholar
LncRNA-mediated DNA methylation: an emerging mechanism in cancer and beyond,"Wanxu Huang, Hua Li, Qingsong Yu",Journal of experimental & clinical cancer research : CR,2022-03-15,"DNA methylation is one of the most important epigenetic mechanisms to regulate gene expression, which is highly dynamic during development and specifically maintained in somatic cells. Aberrant DNA methylation patterns are strongly associated with human diseases including cancer. How are the cell-specific DNA methylation patterns established or disturbed is a pivotal question in developmental biol",https://www.semanticscholar.org/paper/9398460ec2ef3fe209f36563f807813832f80206,Semantic Scholar
Long non-coding RNA (lncRNA) H19 in human cancer: From proliferation and metastasis to therapy.,"M. Hashemi, MA Moosavi, Hedyeh Maghareh Abed",Pharmacological Research,2022-08-26,"Initiation and development of cancer depend on multiple factors that mutations in genes and epigenetic level can be considered as important drivers. Epigenetic factors include a large family of members and understanding their function in cancer has been a hot topic. LncRNAs are RNA molecules with no capacity in synthesis of proteins, and they have regulatory functions in cells. LncRNAs are localiz",https://www.semanticscholar.org/paper/19370fbdbcec2c5d1947bcfa94776616c26d4ed4,Semantic Scholar
Long Noncoding RNA (lncRNA)-Mediated Competing Endogenous RNA Networks Provide Novel Potential Biomarkers and Therapeutic Targets for Colorectal Cancer,"Liye Wang, Kwang Bog Cho, Yan Li",International Journal of Molecular Sciences,2019-11-01,Colorectal cancer (CRC) is the third most common cancer and has a high metastasis and reoccurrence rate. Long noncoding RNAs (lncRNAs) play an important role in CRC growth and metastasis. Recent studies revealed that lncRNAs participate in CRC progression by coordinating with microRNAs (miRNAs) and protein-coding mRNAs. LncRNAs function as competitive endogenous RNAs (ceRNAs) by competitively occu,https://www.semanticscholar.org/paper/45a115f40a71143c63b7bc1d666e2720cc0dd1c8,Semantic Scholar
A novel Cuproptosis-related LncRNA signature to predict prognosis in hepatocellular carcinoma,"Genhao Zhang, Jianping Sun, Xianwei Zhang",Scientific Reports,2022-07-05,Increased intracellular toxicity due to an imbalance in copper homeostasis caused by copper ion accumulation could regulate the rate of cancer cell growth and proliferation. The goal of this study was to create a novel Cuproptosis-related lncRNA signature that may be utilized to predict survival and immunotherapy in HCC patients. Cuproptosis-associated lncRNAs and differentially expressed lncRNAs ,https://www.semanticscholar.org/paper/48ea9b7ab84a738537e3c45d45119d6991c301dc,Semantic Scholar
LncRNA HEPFAL accelerates ferroptosis in hepatocellular carcinoma by regulating SLC7A11 ubiquitination,"Baofu Zhang, Wenming Bao, Sina Zhang",Cell Death and Disease,2022-08-01,"Ferroptosis is a new type of cell death that has been recognized in recent years and is different from apoptosis, autophagy, and necrosis. It is mainly due to cellular iron homeostasis and lipid peroxidation of iron metabolism caused by large accumulation. There is a close correlation between ferroptosis and hepatocellular carcinoma (HCC). This study shows that the expression of the long noncoding",https://www.semanticscholar.org/paper/e53126b6cb0ee99fdb9e2939d8bd66b3aaaef76f,Semantic Scholar
Biological Function of Long Non-coding RNA (LncRNA) Xist,"Wenlun Wang, Lu Min, Xinyuan Qiu",Frontiers in Cell and Developmental Biology,2021-06-10,"Long non-coding RNAs (lncRNAs) regulate gene expression in a variety of ways at epigenetic, chromatin remodeling, transcriptional, and translational levels. Accumulating evidence suggests that lncRNA X-inactive specific transcript (lncRNA Xist) serves as an important regulator of cell growth and development. Despites its original roles in X-chromosome dosage compensation, lncRNA Xist also particip",https://www.semanticscholar.org/paper/fb79a63f189cec74ab96bdc29ac8325e8d1a16ea,Semantic Scholar
LncRNA-PACERR induces pro-tumour macrophages via interacting with miR-671-3p and m6A-reader IGF2BP2 in pancreatic ductal adenocarcinoma,"Yihao Liu, Minmin Shi, Xingfeng He",Journal of Hematology & Oncology,2022-05-07,"Background LncRNA-PACERR plays critical role in the polarization of tissue-associated macrophages (TAMs). In this study, we found the function and molecular mechanism of PACERR in TAMs to regulate pancreatic ductal adenocarcinoma (PDAC) progression. Methods We used qPCR to analyse the expression of PACERR in TAMs and M1-tissue-resident macrophages (M1-NTRMs) which were isolated from 46 PDAC tissue",https://www.semanticscholar.org/paper/81f75883d7cffce695c17c3fa583d8059eb1f72d,Semantic Scholar
A simplified and reproducible protocol for percutaneous lumbar intrathecal injection in rats.,"Andres-Santamaria Raul, Hofstede Roan, Wal Maarten van de",Journal of neuroscience methods,2026-09-09,"Intrathecal injection is widely used in preclinical research to deliver compounds directly into the cerebrospinal fluid, bypassing the blood-brain barrier. However, current percutaneous lumbar puncture protocols vary considerably in equipment and procedural detail, limiting reproducibility across laboratories. We present a standardized, step-by-step protocol for percutaneous lumbar intrathecal inj",https://pubmed.ncbi.nlm.nih.gov/42710685/,PubMed
Computational design of siRNAs targeting SIRT7 in gynaecological cancers with cell-penetrating peptide-based delivery assessment.,"Verma Samridhi, Choudhary Neha",Computational biology and chemistry,2026-09-09,"SIRT7 is a multifunctional epigenetic regulator and is significantly overexpressed in three major gynaecological cancers i.e., ovarian, cervical, and endometrial cancers, contributing to the proliferation and progression of tumors. This study focused on computationally designing and evaluating small interfering RNAs (siRNAs) as promising therapeutic candidates targeting SIRT7. In silico expression",https://pubmed.ncbi.nlm.nih.gov/42710143/,PubMed
"Nanomedicine beyond carriers - devices, cells & living therapeutics.","Grattoni Alessandro, Paci Marco Maria, Arnold Noah",Biomedical microdevices,2026-09-09,"Nanomedicine has progressed far beyond its early role as an experimental drug-carrier toolbox and today stands as a clinically validated enabling technology. Liposomal formulations and albumin-bound nanoparticles have transformed cancer therapy, while lipid nanoparticle (LNP) platforms accelerated the rapid development and global deployment of SARS-CoV-2 mRNA vaccines-demonstrating how nanoscale e",https://pubmed.ncbi.nlm.nih.gov/42709284/,PubMed
Aptamer-conjugated curcumin nanomedicine: targeted drug delivery and theranostic innovations in cancer Immunotherapy.,"Mirhadi Elaheh, Kesharwani Prashant, Johnston Thomas P",Therapeutic delivery,2026-09-09,"A non‑systematic search in PubMed, Scopus, and Google Scholar was conducted using relevant terms. Cancer treatment often encounters challenges such as poor drug delivery to tumors, adverse side effects, and limited effectiveness. Curcumin (CUR), a natural compound found in turmeric, has exhibited promising anticancer and immune‑modulating features, but it is poorly stable under physiological condi",https://pubmed.ncbi.nlm.nih.gov/42708223/,PubMed
Focused ultrasound-mediated blood-brain barrier modulation is associated with adult hippocampal neurogenic responses linked to zinc-dependent signaling.,"Choi Bo Young, Shin Jaewoo, Kong Chanho",Theranostics,2026-09-09,"Transcranial focused ultrasound (FUS)-mediated blood-brain barrier (BBB) modulation is a promising non-invasive therapeutic strategy for targeted brain drug delivery. However, its direct regenerative potential to actively remodel the brain microenvironment and promote adult hippocampal neurogenesis remains largely unexplored owing to elusive molecular mediators. Here, we investigated whether zinc-",https://pubmed.ncbi.nlm.nih.gov/42707613/,PubMed
Different functionalized nanocarriers for improvement of gene delivery.,"Nekounam Houra, Karbalaeimahdi Ali, Mohammadi Faranak",Nanotechnology,2026-09-09,"Gene delivery is a highly advanced therapeutic approach that involves the introduction of therapeutic nucleic acids, including DNA and RNA, into target cells to restore, regulate or enhance cellular function. Delivery vectors are a critical determinant of gene therapy efficacy and are generally classified as either viral or non-viral. Viruses vectors are often transfection efficient, but the clini",https://pubmed.ncbi.nlm.nih.gov/42705265/,PubMed
Smart Colloidal Systems as Drug Delivery and Therapeutic Modulation Platforms for Renal Cell Carcinoma.,"Sun Liming, Zhao Xinming, Li Xiaoting",International journal of nanomedicine,2026-09-09,"Renal cell carcinoma (RCC) is one of the major malignant tumors of the genitourinary system and remains difficult to treat in advanced or recurrent settings. Although surgery, antiangiogenic targeted therapy, immune checkpoint blockade, mTOR inhibition, and HIF-2α-targeted therapy have improved clinical outcomes, recurrence, therapeutic resistance, heterogeneous tumor exposure, and systemic toxici",https://pubmed.ncbi.nlm.nih.gov/42703368/,PubMed
Intranasal administration of spike-specific mRNA-LNP confers more protection than the intramuscular route against SARS-CoV-2.,"Abdoli Mohsen, Soleimanjahi Hoorieh, Soudi Sara",Iranian journal of basic medical sciences,2026-09-09,"Intranasal vaccination mimics natural infection and induces mucosal immunity against respiratory viruses. This study compared the immunogenicity and protective efficacy of a nucleoside-modified messenger RNA (mRNA) encoding the SARS-CoV-2 spike protein, encapsulated in lipid nanoparticles (LNPs), administered via intranasal (I.N) versus intramuscular (I.M) routes. BALB/c mice received mRNA-LNP vac",https://pubmed.ncbi.nlm.nih.gov/42703288/,PubMed
Targeting m,"Xu Liangfu, Pan Yuanwei, Li Guanjun",Nature communications,2026-09-09,"Epigenetic editing, particularly N",https://pubmed.ncbi.nlm.nih.gov/42702629/,PubMed
Localized hydrogel delivery of photoactivatable mRNA lipid nanoparticles and hyaluronidase for postoperative TNBC immunotherapy.,"Tong Ao Hoi, Zhu Haichao, Zou Chenming",International journal of biological macromolecules,2026-09-09,"Triple-negative breast cancer (TNBC) responds poorly to immunotherapy, in part because its hyaluronic acid (HA)-rich and immunosuppressive tumor microenvironment restricts drug penetration and antitumor immune activation. Here, we developed an injectable alginate hydrogel platform (ICG-LNP@ALG-H) for localized co-delivery of hyaluronidase (HAase) and indocyanine green (ICG)-functionalized lipid na",https://pubmed.ncbi.nlm.nih.gov/42702319/,PubMed
Surface-engineered milk-derived extracellular vesicles enable oral miRNA therapy against immunosuppressive pancreatic cancer.,"Ryu Youngri, Jang Hochung, Kim Eun Hye",Materials today. Bio,2026-09-09,"Pancreatic ductal adenocarcinoma (PDAC) shows limited responsiveness to conventional therapies due to an immunosuppressive tumor microenvironment (TME) characterized by programmed death-ligand 1 (PD-L1)-mediated immune escape and oncogenic microRNA-21 (miR-21) signaling. Despite the potential of miRNA therapeutics, their clinical translation is hindered by the lack of stable, non-invasive delivery",https://pubmed.ncbi.nlm.nih.gov/42701371/,PubMed
Nanoparticle-Based miRNA Therapeutics in Breast Cancer Highlighting Design Strategies and Translational Potential.,"Lukumci Övünç Efe, Cansaran-Duman Demet, Mutlu Pelin",International journal of nanomedicine,2026-09-09,"Breast cancer remains one of the leading causes of cancer-related mortality worldwide, with its marked molecular heterogeneity and therapeutic resistance continuing to limit long-term clinical success. Although advances in targeted therapies have improved patient outcomes, tumor recurrence, systemic toxicity, and drug resistance remain major clinical challenges. MicroRNAs (miRNAs) have emerged as ",https://pubmed.ncbi.nlm.nih.gov/42699688/,PubMed
Tissue-specific transcriptomic responses and skeletal-muscle ultrastructural observations in Semah mahseer (,"Uchuwittayakul Anurak, Phuthong Witchukorn, Kong Chamroeun",Food chemistry. Molecular sciences,2026-09-09,Semah mahseer (,https://pubmed.ncbi.nlm.nih.gov/42699323/,PubMed
Sub-stoichiometric 5-methoxyuridine modification enables tunable immune evasion and protein expression from synthetic mRNAs.,"Miles Jonathan R, Masterson Sarah, Bellows Eleanor",Molecular therapy. Nucleic acids,2026-09-09,"mRNA therapeutics depend on nucleotide modification to evade innate immunity and sustain translation. Current clinical designs replace all uridine with N1-methylpseudouridine (m1Ψ). However, full substitution is costly and can perturb translational fidelity and RNA structure. Here, we show that sub-stoichiometric incorporation of 5-methoxyuridine (5moU) is sufficient to confer immune evasion while",https://pubmed.ncbi.nlm.nih.gov/42699029/,PubMed
How a polymer filling enhances the rate and selectivity of colloid permeation across mesopores,"Mikhail Y. Laktionov, Frans A. M. Leermakers, Ralf P. Richter",arXiv,2026-09-09,"Polymer-functionalised mesopores are an emerging technology for colloid separation, sensing and delivery. Their potential is strikingly illustrated in living cells, where nuclear pore complexes (NPCs) control biocolloid transport between the nucleus and the cytosol. Even colloids much smaller than the biopolymer-filled NPC channel are effectively blocked, but some larger colloids with distinct sur",http://arxiv.org/abs/2608.27995v1,arXiv
Manganese-Functionalized GelMA Hydrogels for MRI-Guided Immunotheranostics in Precision Oncology,"Motahareh Nazari, Keyvan Alavi",arXiv,2026-09-09,"Precision oncology requires multifunctional platforms capable of integrating accurate tumor diagnosis, localized therapeutic delivery, immune modulation, and real-time monitoring of treatment response. Gelatin methacryloyl (GelMA) hydrogels have emerged as versatile biomaterials for biomedical engineering because of their biocompatibility, extracellular matrix-like structure, tunable mechanical pr",http://arxiv.org/abs/2606.29599v1,arXiv
Comparison of the clinical characteristics of new onset Graves' disease before and during the Coronavirus disease 2019 era.,"Boz Aksoy Senem, Özçelik Serhat, Gokkaya Naile","Experimental and clinical endocrinology & diabetes : official journal, German Society of Endocrinology [and] German Diabetes Association",2026-09-09,"INTRODUCTION: The aim of this study was to compare the clinical, biochemical, and disease control characteristics of newly diagnosed Graves' disease (GD) before and during the coronavirus disease 2019 (COVID-19) era. METHODS: In this retrospective, single-center observational study, 95 patients with newly diagnosed GD between January 2015 and November 2024 were evaluated for thyroid function, auto",https://pubmed.ncbi.nlm.nih.gov/42710542/,PubMed
mFLUSIVA - an mRNA-based influenza vaccine.,,The Medical letter on drugs and therapeutics,2026-09-09,,https://pubmed.ncbi.nlm.nih.gov/42709900/,PubMed
Evaluation of a Zika virus-like particle-based vaccine in a highly penetrant non-human primate model of congenital infection.,"Jaeger Hannah K, Smith Jessica L, Labriola Caralyn S",PLoS neglected tropical diseases,2026-09-09,"Zika virus (ZIKV) is an arthropod-borne Orthoflavivirus that caused a major outbreak in Central and South America in 2015-16. During that outbreak, ZIKV infection during pregnancy was associated with high rates of adverse outcomes, including miscarriage and a spectrum of neurological birth defects collectively termed congenital Zika syndrome (CZS). Ten years later, there are still no licensed ZIKV",https://pubmed.ncbi.nlm.nih.gov/42709837/,PubMed
The 4EHP/GIGYF2 translation repressor complex is co-opted by the vaccinia virus K3L protein as a potential mechanism of immunoevasion.,"Ladak Reese Jalal, Pelin Adrian, Zhuang Haotian",Proceedings of the National Academy of Sciences of the United States of America,2026-09-09,"Poxviruses have evolved robust immunoevasion strategies to facilitate replication in the cytosol. We previously reported that like several RNA viruses, vaccinia virus replication is impaired in the absence of the host cap-binding translation repressor protein 4EHP (eIF4E2), implicating the latter in host antiviral defense regulation and immunosuppression. Here, we show that the vaccinia virus-enco",https://pubmed.ncbi.nlm.nih.gov/42709808/,PubMed
Structure-based design of soluble prefusion-stabilized herpes simplex virus type 2 glycoprotein B antigens.,"Sponholtz Madeline R, Ma Daphne Y, Ndashimye Emmanuel",Cell reports,2026-09-09,"Herpes simplex virus type 2 (HSV-2) infection causes recurrent genital herpes throughout life, yet no vaccines have been approved. Glycoprotein B (gB) is a class III fusion protein that mediates HSV-2 entry by transitioning from a metastable prefusion conformation to a stable postfusion conformation. Here, using structure-based design, we stabilize HSV-2 gB in its prefusion conformation. A 2.8 Å r",https://pubmed.ncbi.nlm.nih.gov/42709545/,PubMed
"Digital twins and explainable AI across the vaccine life cycle: from mRNA manufacturing to thermostability, cold-chain logistics, and immunisation services.","Ugwu Okechukwu Paul-Chima, Okon Michael Ben, Ogenyi Fabian C",Vaccine,2026-09-09,"The COVID-19 era accelerated the deployment of mRNA vaccines while exposing persistent weaknesses in manufacturing, thermostability and cold-chain systems, particularly in low- and middle-income countries (LMICs). This narrative review, informed by an explicit search of PubMed, Web of Science, Scopus, IEEE Xplore and the ACM Digital Library (2019-2025), synthesises over 50 studies of digital twins",https://pubmed.ncbi.nlm.nih.gov/42705167/,PubMed
Immunoinformatics Approach for the Designing of a Novel mRNA Vaccine Candidate Against Trypanosoma brucei.,"Nil Monira Swapna, Khandker Shupriti, Sadaf Samia",Acta parasitologica,2026-09-09,"Trypanosoma brucei causes Human African Trypanosomiasis (HAT), which has a devastating impact on an individual's health. Currently, there is no FDA-approved vaccine for HAT prevention. Therefore, reverse vaccinology approaches were utilized to design an mRNA vaccine candidate. Variant surface glycoprotein, heat shock protein 70, and vacuolar transporter chaperone complex of T. brucei were targeted",https://pubmed.ncbi.nlm.nih.gov/42704553/,PubMed
Improvement of post-COVID-19 vaccination dysautonomia with GLP-1 receptor agonist.,"Blitshteyn Svetlana, Schofield Jill R, Haire Nichole",Immunopharmacology and immunotoxicology,2026-09-09,"Vasovagal syncope (VVS) is the most common form of cardiovascular dysautonomia that has multiple etiologies. Post-vaccination dysautonomia, in the form of VVS and postural orthostatic tachycardia syndrome, has been reported in the literature after various vaccines, including COVID-19 mRNA vaccination. Treatment of post-vaccination syndromes has not been explored leaving patients with post-vaccinat",https://pubmed.ncbi.nlm.nih.gov/42703003/,PubMed
"Incidence, pathogenesis, clinical manifestations, and pharmacological management of the 2026 Andes virus outbreak.","Ghasemiyeh Parisa, Mohammadi-Samani Soliman",Virology journal,2026-09-09,"Hantavirus is considered as a fatal zoonotic pathogen that can be commonly transmitted from rodents to humans. However, the Andes virus (ANDV), a type of New World hantavirus, can also be transmitted from human to human. It is the cause of the 2026 hantavirus outbreak on a cruise ship. Hantavirus can rapidly progress to a severe respiratory distress, known as hantavirus cardiopulmonary syndrome (H",https://pubmed.ncbi.nlm.nih.gov/42702719/,PubMed
Cancer vaccines as targeted therapies: translational advances and challenges.,"Shafaghat Zahra, Sadri Maryam, Roozbehani Mona",Immunotherapy,2026-09-09,"Cancer vaccines represent a promising class of immunotherapeutic agents with potential applications in cancer prevention and treatment. By eliciting tumor-specific immune responses, these vaccines may offer durable protection against tumor progression, recurrence, and metastasis while minimizing off-target toxicity associated with conventional therapies. In addition, activation of adaptive immunit",https://pubmed.ncbi.nlm.nih.gov/42701036/,PubMed
Improving intradermal dosing consistency in mice using a hollow microneedle: A model study with a SARS-CoV-2 mRNA vaccine.,"Onishi Shintaro, Suzuki Yuta, Sugimoto Koki",Vaccine,2026-09-09,"Intradermal vaccination can enhance immune responses, yet reproducible intradermal injection remains technically challenging, particularly for hollow microneedle delivery. Herein, using a mouse model, we aimed to establish a preclinical platform that enables more consistent intradermal vaccine delivery. We quantified age-dependent changes in mouse dorsal skin thickness and developed a pinch-type a",https://pubmed.ncbi.nlm.nih.gov/42700750/,PubMed
The platform trial in COVID-19 priming and BOOsting (PICOBOO): The reactogenicity of nine licensed COVID-19 vaccines delivered in immunocompetent adults.,"C McLeod, Dymock M, Flanagan K L",Vaccine,2026-09-09,"PICOBOO is a randomised, Bayesian adaptive trial evaluating immunogenicity and reactogenicity of licensed COVID-19 vaccines in immunocompetent individuals aged >12 years. We present reactogenicity data for nine vaccines administered as additional doses within adult strata based on age cohort and primary vaccination regimen. Individuals who had not received a COVID-19 vaccine within three months we",https://pubmed.ncbi.nlm.nih.gov/42700749/,PubMed
Virus-like particle display of the SARS-CoV-2 receptor-binding domain using a modular tag/catcher system enhances immunogenicity of a DNA vaccine in mice.,"Okholm Anna K, Fougeroux Cyrielle, Hagen Sven H",Vaccine,2026-09-09,"The COVID-19 pandemic highlighted the critical need for adaptable, rapid-response vaccine platforms. While mRNA vaccines enabled fast and scalable development, their stringent cold-chain requirements limited global accessibility. DNA vaccines offer a similarly fast and flexible vaccine design, but require far less complex manufacturing and distribution conditions, which is an advantage during a pa",https://pubmed.ncbi.nlm.nih.gov/42700748/,PubMed
Assessing the pandemic potential of Nipah virus: From molecular pathogenesis to ecological spillover risks.,"Yin Qikai, Nie Kai, Wang Shiwen",Infectious medicine,2026-09-09,"Nipah virus, a highly lethal zoonotic paramyxovirus with a case‑fatality rate of 40-75%, poses a formidable threat to global health security. This review synthesizes its evolving epidemiology, contrasting the Malaysian and Bangladesh‑India strains, and dissects molecular pathogenesis focusing on G/F glycoprotein recognition of ephrin receptors and the multi‑layered immune evasion mediated by P gen",https://pubmed.ncbi.nlm.nih.gov/42699591/,PubMed
An Integrative Computational Approach to Predict Viral Epitopes by Targeting the MHC-TCR Complexation,"Jaya Vasavi Pamidimukkala, Roshan Balaji, Nirav Pravinbhai Bhatt",arXiv,2026-09-09,"T-cell immunity acts as a major defense system against controlling viral infections in vertebrates. During viral entry, innate immune cells degrade the viral proteins (antigens) and present them on their surface via Major Histocompatibility (MHC) proteins. T-cell receptors (TCRs) recognize these antigens/peptides presented by MHC (pMHC), initiating a T-cell mediated immune response. Despite its si",http://arxiv.org/abs/2609.03182v1,arXiv
Transformer-Based Active Learning for Data-Efficient Vaccine Epitope Selection in PRRS,"Aspen Erlandsson Brisebois, Zahed Khatooni, Connor Burbridge",arXiv,2026-09-09,"High-fidelity molecular docking simulations can produce biologically relevant estimates of epitope-receptor binding affinity but are computationally expensive and therefore limit the number of candidates that can be screened for vaccine design. In this work, we evaluate machine learning (ML) approaches where variants of active learning are used to classify instances of high binding affinity betwee",http://arxiv.org/abs/2606.28659v1,arXiv
Exploring the Effects of Entanglement on Quantum Machine Learning of Pathogen Epitope-Receptor Binding,"Aspen Erlandsson Brisebois, Luis Pablo Gonzalez Dominguez, Shivansi Prajapati",arXiv,2026-09-09,"Parameterized quantum circuits (PQCs) provide a flexible substrate for hybrid quantum machine learning (QML), but their practical value on Noisy Intermediate-Scale Quantum (NISQ) devices remains an empirical question, especially because training depth and scale can introduce optimization challenges such as barren plateaus. Here we study how the number and topology of two-qubit entangling gates in ",http://arxiv.org/abs/2606.28655v1,arXiv
Advances and Hurdles of PLGA-Based Therapy for Pancreatic Cancer.,"Al-Nemrawi Nusaiba, AbuAlna'aj Ghena Majdi, Al Hazaimeh Razan Ahmad",AAPS PharmSciTech,2026-09-09,"Pancreatic cancer (PC) is one of the most aggressive malignancies, with a very low 5-year survival rate due to late diagnosis, rapid metastasis, and resistance to conventional therapies. The pancreas's deep anatomical location complicates early detection, and most patients present with advanced or metastatic disease, limiting surgical options. Current chemotherapy regimens often face challenges su",https://pubmed.ncbi.nlm.nih.gov/42711531/,PubMed
Exosome-Based Drug Delivery Systems in Colorectal Cancer: Current Evidence and Future Perspectives.,"da Silva Lucas Henrique Domingos, Floriano Juliana Ferreira, Chorilli Marlus",The AAPS journal,2026-09-09,"Colorectal cancer (CRC) is one of the most common malignant neoplasms worldwide, being the third most frequently diagnosed cancer and the second leading cause of death. Due to the high incidence of CRC cases, its biological complexity, and high morbidity and mortality, the development of more effective and less aggressive therapeutic approaches is an urgent need. Extracellular vesicles (EVs), espe",https://pubmed.ncbi.nlm.nih.gov/42711497/,PubMed
Ultrasound‑responsive nano‑contrast agents co‑delivering CIITA‑siRNA and rapamycin for targeted therapy against Hashimoto thyroiditis.,"Zhou Xiaoying, Guo Lu, Shi Dandan",Chinese medical journal,2026-09-09,Hashimoto thyroiditis (HT) is a common autoimmune thyroid disease for which effective treatments capable of suppressing local autoimmune injury remain limited. This study aimed to develop an ultrasound-responsive anti-inflammatory nano-contrast agent (AINA) for the targeted delivery of CIITA-small interfering ribonucleic acid (CIITA-siRNA) and rapamycin to thyroid tissue. Thyroid tissue samples we,https://pubmed.ncbi.nlm.nih.gov/42711270/,PubMed
"Effect of tau silencing on tau pathology propagation, a treatment efficient at the earliest stages of the disease?","Kosa Andreea-Claudia, Lopez-Gutierrez Lidia, Ando Kunie",Neurobiology of disease,2026-09-09,"Cognitive decline in Alzheimer's disease (AD) correlates more strongly with tau pathology than with amyloid plaques, switching the therapeutic focus towards targeting tau pathology. Tau silencing therapies present an increasing interest as potential therapeutical approaches to treat AD due to their efficiency in reducing pathological tau burden. However, the effects of tau silencing on tau patholo",https://pubmed.ncbi.nlm.nih.gov/42710551/,PubMed
Charge-Mixed Nanogels for siRNA Delivery: Concurrent Optimization of Efficacy and Safety via Structure-Activity Relationships.,"Gao Yifan, Fang Jingying, Qiu Yuening",ACS applied materials & interfaces,2026-09-09,"Cationic nanogels are efficient polymeric vectors for siRNA delivery but often raise toxicity concerns. To address this efficacy-toxicity trade-off, we present a charge-mixed nanogel platform that reconciles high delivery potency with excellent biocompatibility. Specifically, a library of cationic nanogels was synthesized with precise control over charge composition, size, and cross-linking degree",https://pubmed.ncbi.nlm.nih.gov/42709982/,PubMed
Thioredoxin reductase-1 facilitates cellular plasticity and stemness mediated by TGF-β1 in non-small cell lung cancer.,"Lang Yaw-Dong, Gu Shin-Yuan, Shih Jou-Ho",Cancer biology & therapy,2026-09-09,"Cellular plasticity and epithelial-mesenchymal transition (EMT) promote the initiation and progression of non-small cell lung cancer (NSCLC). Thioredoxin reductase 1 (TXNRD1), a key redox enzyme, has been linked to malignancy, but its mechanism in NSCLC remains unclear. We examined whether TXNRD1 regulates TGF-β1 autocrine signaling to drive EMT and stemness. Stage-progression gene profiles were a",https://pubmed.ncbi.nlm.nih.gov/42709540/,PubMed
KSHV promotes leukocyte adhesion and transendothelial migration via induction of VCAM1.,"Zhang Zhigang, Host Kurtis M, Wong Jason",mBio,2026-09-09,"Kaposi's sarcoma-associated herpesvirus (KSHV) and Epstein-Barr virus are gammaherpesviruses associated with multiple human cancers. Kaposi's sarcoma (KS) is a human malignancy associated with KSHV infection. KS lesions are characterized by proliferating endothelial-derived spindle cells, leaky blood vessels, and inflammatory infiltrating leukocytes. The inflammatory leukocytes secrete cytokines a",https://pubmed.ncbi.nlm.nih.gov/42708602/,PubMed
Dual Graphene Oxide-Based Multigene Delivery for Cancer Elimination via Stromal and Immune Reprogramming.,"Grilli Francesca, Sakib Sadman, Variola Fabio",International journal of biomaterials,2026-09-09,"Cancer therapies are often limited by poor cellular specificity and tumor microenvironment-mediated immunosuppression. We developed a dual-function graphene oxide (GO)-based gene delivery platform combining direct cancer cell elimination with stromal and immune reprogramming. CD47-targeting siRNA and ANT1-encoding plasmid DNA selectively induced apoptosis in tumor cells, while TGFβ-targeting siRNA",https://pubmed.ncbi.nlm.nih.gov/42707720/,PubMed
Lactylation at H3K18 drives pathological angiogenesis via metabolic-epigenetic crosstalk in ischemic retinopathy.,"Chen Xin, Jiang Yuhan, Qian Weiqi",Theranostics,2026-09-09,"Ocular neovascular disease, characterized by aberrant angiogenesis in the eye, is a primary cause of global vision impairment and blindness. As the primary barrier exposed to hypoxia-related blood metabolites, endothelial cells (ECs) undergo metabolic reprogramming that drives pathological angiogenesis. However, the epigenetic mechanisms that link EC metabolic dysfunction to retinal vasculopathy r",https://pubmed.ncbi.nlm.nih.gov/42707676/,PubMed
FKBP5 promotes pro-inflammatory microglial activation and neuronal injury through NF-κB/NLRP3 signaling in convulsive status epilepticus.,"Zhang Haiping, Wu Lin, Su Ting",Immunopharmacology and immunotoxicology,2026-09-09,"Convulsive status epilepticus (CSE) triggers profound neuroinflammatory responses that exacerbate neuronal injury and impair long-term neurological recovery. FKBP5, a co-chaperone protein implicated in immune regulation, has been increasingly recognized as a modulator of inflammatory signaling. However, its role in microglial activation and neuroinflammation during CSE remains elusive. A pilocarpi",https://pubmed.ncbi.nlm.nih.gov/42707019/,PubMed
A double-blinded randomized controlled pilot study evaluating the efficacy of siRNA inhibiting SPARC microneedle patch versus siRNA inhibiting SPARC and IL4-RA microneedle patch in reducing scar volume.,"Chai Eleanor Shu Xian, Lim Delwyn Zhi Jie, Zhao Xiahong",The British journal of dermatology,2026-09-09,,https://pubmed.ncbi.nlm.nih.gov/42706910/,PubMed
[The role of TXNIP-mediated ferroptosis in the senescence of cochlear hair cells in age-related hearing loss].,"Ma T Y, Hu Q, Han L",Zhonghua er bi yan hou tou jing wai ke za zhi = Chinese journal of otorhinolaryngology head and neck surgery,2026-09-09,,https://pubmed.ncbi.nlm.nih.gov/42706065/,PubMed
FGF-21 protects against sepsis-associated acute kidney injury by modulating inflammation and autophagy via the AMPK/mTOR1 pathway.,"Huang Guiming, Zhou Juan, Liao Qizhi",European journal of pharmacology,2026-09-09,"This preclinical/clinical study aimed to evaluate the potential protective effects of fibroblast growth factor-21 (FGF-21) against sepsis-associated acute kidney injury (S-AKI). Serum samples from patients diagnosed with sepsis and S-AKI were collected. In the cecal ligation and puncture (CLP) model of S-AKI, recombinant FGF-21 or small interference RNAs targeting FGF-21 (si-FGF-21) were given to ",https://pubmed.ncbi.nlm.nih.gov/42705587/,PubMed
Transcriptome screening identifies circRNA-INSR as a novel host factor associated with avian influenza virus replication.,"Liu Zhiyuan, Fan Menglu, Zheng Yiqing",Virology,2026-09-09,"Circular RNAs (circRNAs) represent a class of covalently closed non-coding RNA molecules that exert vital regulatory effects on host-pathogen interplay. The H9N2 subtype of avian influenza virus (AIV) is a widespread pathogen on a global scale, inflicting considerable economic damage to the poultry sector and harboring potential risks of cross-species transmission to humans. Despite growing eviden",https://pubmed.ncbi.nlm.nih.gov/42704957/,PubMed
Dickkopf-1 (DKK1) controls papillary and follicular thyroid cancer growth.,"Fiorentino Gloria, Latiano Beatrice, Rinella Letizia",Endocrine-related cancer,2026-09-09,"Thyroid cancer, the most frequent endocrine tumor, has a good prognosis. However, the survival rate of patients with recurrent or metastatic forms that become resistant to conventional treatments, drops to less than 20% at 10 years, with a mean life expectancy of 3-5 years. The molecular mechanisms that drive the advancement of these forms are still largely unknown, and, therefore, the identificat",https://pubmed.ncbi.nlm.nih.gov/42704709/,PubMed
Trpv4 links environmental temperature to testicular differentiation in hermaphroditic ricefield eel.,"Yang Zhi, Luo Tingting, Zhang Yimin",eLife,2026-09-09,The ricefield eel (,https://pubmed.ncbi.nlm.nih.gov/42704655/,PubMed
Activation of the cGAS-STING Pathway by NETs Promotes Inflammatory Injury in Myocardial Ischemia-Reperfusion.,"Jiang Jie, Wu Haonan, Zhou Lingfeng",Journal of inflammation research,2026-09-09,"Myocardial ischemia-reperfusion injury (MIRI) is a major complication of reperfusion therapy, driven by excessive sterile inflammation. During this process, neutrophils release abundant neutrophil extracellular traps (NETs), which exacerbate tissue damage, yet the underlying molecular mechanisms remain incompletely understood. This study tested the hypothesis that NETs activate the cGAS-STING path",https://pubmed.ncbi.nlm.nih.gov/42703426/,PubMed
DeepSilencer: A Novel Deep Learning Model for Predicting siRNA Knockdown Efficiency,"Wangdan Liao, Weidong Wang",arXiv,2026-09-09,"Background: Small interfering RNA (siRNA) is a promising therapeutic agent due to its ability to silence disease-related genes via RNA interference. While traditional machine learning and early deep learning methods have made progress in predicting siRNA efficacy, there remains significant room for improvement. Advanced deep learning techniques can enhance prediction accuracy, reducing the relianc",http://arxiv.org/abs/2503.04200v1,arXiv
Maturation of siRNA by strand separation: Steered Molecular dynamics study,"Rakesh K Mishra, Sanchita Mukherjee, Dhananjay Bhattacharyya",arXiv,2026-09-09,"RNA interference, particularly siRNA induced gene silencing is becoming an important avenue of modern therapeutics. The siRNA is delivered to the cells as short double helical RNA which becomes single stranded for forming the RISC complex. Significant experimental evidence is available for most of the steps except the process of the separation of the two strands. We have attempted to understand th",http://arxiv.org/abs/1910.03778v1,arXiv
Using a hydrogen-bond index to predict the gene-silencing efficiency of siRNA based on the local structure of mRNA,"Kathy Q. Luo, Donald C. Chang",arXiv,2026-09-09,The gene silencing effect of short interfering RNA (siRNA) is known to vary strongly with the targeted position of the mRNA. A number of hypotheses have been suggested to explain this phenomenon. We would like to test if this positional effect is mainly due to the secondary structure of the mRNA at the target site. We proposed that this structural factor can be characterized by a single parameter ,http://arxiv.org/abs/1710.07413v1,arXiv
Unraveling siRNA Unzipping Kinetics with Graphene,"Santosh Mogurampelly, Swati Panigrahi, Dhananjay Bhattacharyya",arXiv,2026-09-09,"Using all atom molecular dynamics simulations, we report spontaneous unzipping and strong binding of small interfering RNA (siRNA) on graphene. Our dispersion corrected density functional theory based calculations suggest that nucleosides of RNA have stronger attractive interactions with graphene as compared to DNA residues. These stronger interactions force the double stranded siRNA to spontaneou",http://arxiv.org/abs/1207.4569v1,arXiv
Unzipping and binding of small interfering RNA with single walled Carbon Nanotube: a platform for small interfering RNA delivery,"Mogurampelly Santosh, Swati Panigrahi, Dhananjay Bhattacharyya",arXiv,2026-09-09,"In an effort to design efficient platform for siRNA delivery, we combine all atom classical and quantum simulations to study the binding of small interfering RNA (siRNA) by pristine single wall carbon nanotube (SWCNT). Our results show that siRNA strongly binds to SWCNT surface via unzipping its base-pairs and the propensity of unzipping increases with the increase in the diameter of the SWCNTs. T",http://arxiv.org/abs/1203.2409v1,arXiv
Nanodiamond as a vector for siRNA delivery to Ewing sarcoma cells,"Anna Alhaddad, Marie-Pierre Adam, Jacques Botsoa",arXiv,2026-09-09,"We investigated the ability of diamond nanoparticles (nanodiamonds, NDs) to deliver small interfering RNA (siRNA) in Ewing sarcoma cells, in the perspective of in vivo anti-cancer nucleic acid drug delivery. siRNA was adsorbed onto NDs previously coated with cationic polymer. Cell uptake of NDs has been demonstrated by taking advantage of NDs intrinsic fluorescence coming from embedded color cente",http://arxiv.org/abs/1106.2252v2,arXiv
Target prediction and a statistical sampling algorithm for RNA-RNA interaction,"F. W. D. Huang, J. Qin, C. M. Reidys",arXiv,2026-09-09,"It has been proven that the accessibility of the target sites has a critical influence for miRNA and siRNA. In this paper, we present a program, rip2.0, not only the energetically most favorable targets site based on the hybrid-probability, but also a statistical sampling structure to illustrate the statistical characterization and representation of the Boltzmann ensemble of RNA-RNA interaction st",http://arxiv.org/abs/0908.0597v1,arXiv
In silico evidence of the relationship between miRNAs and siRNAs,"Ludovica Montanucci, Piero Fariselli, Pier Luigi Martelli",arXiv,2026-09-09,"Both short interfering RNAs (siRNAs) and microRNAs (miRNAs) mediate the repression of specific sequences of mRNA through the RNA interference pathway. In the last years several experiments have supported the hypothesis that siRNAs and miRNAs may be functionally interchangeable, at least in cultured cells. In this work we verify that this hypothesis is also supported by a computational evidence. We",http://arxiv.org/abs/0705.2355v1,arXiv
