title,authors,journal,date,abstract,link,source
Tricin Inhibits Human Osteosarcoma Cell Metastasis via Suppression of ZNF503 and the PI3K-PIP3-Akt Pathway.,"Chou Chia-Hsuan, Yang Jia-Sin, Chen Pei-Ni",Drug development research,2026-08-25,"Osteosarcoma is the most common primary malignant bone tumor and is associated with a high mortality rate due to its pronounced metastatic potential. Although tricin has been proposed as a chemosensitizer in various malignancies, its anti-metastatic effect in osteosarcoma remains poorly characterized. This study investigated whether tricin suppresses metastasis in human osteosarcoma cells and expl",https://pubmed.ncbi.nlm.nih.gov/42638601/,PubMed
The Role of IGF2BP3-Mediated Immune Response Activation in Enhancing Immunotherapy of Koumine for Gastric Cancer.,"Hongqiang Qiu, Hailing Lin, Luqi Lou",Cancer science,2026-08-25,"Resistance to immune checkpoint blockade in gastric cancer often arises from defective antigen presentation due to MHC-I downregulation, yet strategies to restore MHC-I expression remain limited. Here, using the natural alkaloid koumine as a chemical probe, we identified IGF2BP3 as a druggable regulator of MHC-I antigen presentation. Network pharmacology, proteomics, surface plasmon resonance, and",https://pubmed.ncbi.nlm.nih.gov/42638562/,PubMed
"ALG-020572, an Antisense Oligonucleotide for the Treatment of Chronic Hepatitis B Virus Infection Discontinued for Drug-Induced Liver Injury.","Agarwal Kosh, Forton Dan, Zen Yoh",Journal of viral hepatitis,2026-08-25,"Current treatment options for chronic HBV infection are suboptimal in that they fail to suppress HBsAg levels. ALG-020572 is an antisense oligonucleotide designed to reduce viral protein synthesis through degradation of HBV mRNA. ALG-020572-401 was a double-blind, randomized, placebo-controlled trial consisting of two parts. Part 1 (single-ascending doses) evaluated the pharmacokinetics, safety an",https://pubmed.ncbi.nlm.nih.gov/42638560/,PubMed
Association of Combined MET/HGF Expression With the Colorectal Cancer Immune Microenvironment: An Integrated Immunohistochemical and Multi-Database Analysis.,"Luo Shuai, Guo Hongwei, Li Xiangli",Cancer medicine,2026-08-25,To validate c-MET protein expression in colorectal cancer (CRC) and assess whether joint MET and hepatocyte growth factor (HGF) transcript expression provides descriptive information on tumor microenvironment features beyond MET alone. c-MET protein expression was evaluated by immunohistochemistry in 51 paired CRC and adjacent tissues. The Cancer Genome Atlas (TCGA) and TNMplot datasets assessed M,https://pubmed.ncbi.nlm.nih.gov/42638340/,PubMed
Light-Mediated Transfection of the Ocular Surface Using an Ophthalmic YAG Laser.,"Byun Junho, Wels Mike, Vanmeerhaeghe Bernd",Advanced healthcare materials,2026-08-25,"Diseases of the ocular surface, such as dry eye disease (DED), can significantly impair vision and reduce the quality of life. Current treatments rely primarily on conventional approaches, including artificial tears, antibiotics, and anti-inflammatory drugs. However, advances in nucleic acid (NA) therapeutics have opened new avenues for treating ocular surface disorders, with growing interest in s",https://pubmed.ncbi.nlm.nih.gov/42638266/,PubMed
Exposure to the Bt Cry1Ac toxin disrupts sex pheromone signaling and reduces reproductive fitness in Plutella xylostella.,"Yao Shuangyan, Chang Zhu, Zhang Yihan",Pest management science,2026-08-25,"Plutella xylostella presents a significant threat to Cruciferae crops worldwide, primarily due to damage from its caterpillars. This pest not only causes substantial economic losses but has also developed resistance to many conventional insecticides, prompting the need for innovative control strategies. This study investigates the effects of Bacillus thuringiensis (Bt) Cry1Ac on P. xylostella, spe",https://pubmed.ncbi.nlm.nih.gov/42638154/,PubMed
[Responsive DNA origami for mRNA delivery].,"Zhao Ji, Wang Jiaming, Song Jie",Sheng wu gong cheng xue bao = Chinese journal of biotechnology,2026-08-25,"mRNA technology has emerged as a crucial tool in fields including vaccinology, gene therapy, and regenerative medicine. However, mRNA is susceptible to rapid degradation by ribonucleases (RNases) in physiological environments, and its large molecular weight and negative charge hinder its transmembrane delivery into cells. Existing delivery systems face key bottlenecks such as insufficient serum st",https://pubmed.ncbi.nlm.nih.gov/42638062/,PubMed
[Effects of soybean fermented bioactive peptides on intestinal health of bullfrogs].,"Ren Jianxiao, Lv Yuanqiang, Liao Jun",Sheng wu gong cheng xue bao = Chinese journal of biotechnology,2026-08-25,"To address the challenges of antibiotic overuse and high feed costs in bullfrog aquaculture, this study aimed to systematically evaluate the effects of soybean fermented bioactive peptides (SFP) as a functional feed additive on the growth performance and intestinal health of bullfrogs ( 为应对牛蛙养殖中存在的抗生素滥用及饲料成本压力等问题，本研究旨在系统评估生物发酵大豆活性肽(soybean fermented bioactive peptides, SFP)作为功能性饲料添加剂对牛蛙生长性能及肠道健康的调",https://pubmed.ncbi.nlm.nih.gov/42638059/,PubMed
Weighted Gene Co-Expression Network Analysis and Machine Learning Reveal that USP1 Drives Lipid Metabolism and Macrophage Polarization in Cervical Cancer Cells.,"Wang Xiaojuan, Wang Fang, Yang Wenjing","Reproductive sciences (Thousand Oaks, Calif.)",2026-08-25,"Cervical cancer is a leading preventable cause of cancer morbidity and mortality globally. Previous studies have indicated that dysregulation of the ubiquitin-proteasome system participates in lipid metabolism and cervical cancer progression. However, the role and mechanism of deubiquitinase ubiquitin-specific protease 1 (USP1) in cervical cancer are still unclear. The cervical cancer transcriptom",https://pubmed.ncbi.nlm.nih.gov/42638028/,PubMed
Standardized Workflow for Long Noncoding RNA Prediction and Expression Profiling in Wheat Under Stem Rust Stress.,"Jyothsna S, Alagu Manickavelu","Methods in molecular biology (Clifton, N.J.)",2026-08-25,"Long noncoding RNAs (lncRNAs), typically over 200 nucleotides in length, with low or no coding capacity, possess significant regulatory roles in plant growth, development, and stress responses by interacting with DNAs, proteins, and other RNAs. This chapter outlines a comprehensive protocol for identifying and functionally characterizing wheat lncRNAs under stem rust infection. The workflow includ",https://pubmed.ncbi.nlm.nih.gov/42638015/,PubMed
"Elevated water temperatures enhance 2,4,6-trinitrotoluene induced stress response of carbonyl reductase in blue mussels (Mytilus edulis): Another environmental impact of climate change?","Lindemeyer Jacqueline, Schuster Romina Marietta, Hartmann Lili",Archives of toxicology,2026-08-25,"Toxic explosives leaking from submerged munitions appear as an emerging marine pollutant in recent years. The nitroaromatic compound 2,4,6-trinitrotoluene (TNT) is of particular interest in this context. TNT poses a threat to marine environments and organisms. Previous studies showed that TNT and its metabolites are incorporated in mussel tissue thereby causing adverse effects through cellular oxi",https://pubmed.ncbi.nlm.nih.gov/42637956/,PubMed
Microglial TLR7 contributes to traumatic brain injury-induced neuroinflammation in mice.,"Du Yi-Teng, Ma Xiao-Li, Gao Shu-Hui",Acta pharmacologica Sinica,2026-08-25,"Neuroinflammation driven by activated microglia is an important component of secondary injury after traumatic brain injury (TBI), but the underlying molecular mechanisms remain incompletely understood. Here, we investigated the role of microglial Toll-like receptor 7 (TLR7) in TBI-induced neuroinflammation and evaluated the therapeutic effect of the TLR7-targeting compound Enpatoran (M5049). Analy",https://pubmed.ncbi.nlm.nih.gov/42637929/,PubMed
The cardiac protective human circular RNA circKLHL20_009 sponges miR-31-5p to ameliorate myocardial hypertrophy and fibrosis through suppressing β-catenin signaling.,"Wen Yi-Hong, Jiang Jia-Xue, Dong Wen-Yan",Acta pharmacologica Sinica,2026-08-25,"Circular RNAs (circRNAs) participate in the process of pathological cardiac remodeling; however, the roles of dysregulated circRNAs remain unclear. In this study, we revealed that the expression of the circRNA circKLHL20_009 was significantly upregulated in the myocardium of patients with heart failure (HF) and in human cardiomyocytes treated with angiotensin II (Ang II). In vivo, the cardiac-spec",https://pubmed.ncbi.nlm.nih.gov/42637927/,PubMed
HOXC9 transcriptionally activates NRP1 to promote cell malignant progression and immune evasion in colorectal cancer.,"Qiu Xiaofeng, Hu Sheng, Liao Bingling",Molecular genetics and genomics : MGG,2026-08-25,Transcription factor homeobox C9 (HOXC9) has been reported to be up-regulated and associated with poor prognosis in colorectal cancer (CRC). This study focused on the regulatory role and molecular mechanism of HOXC9 in CRC progression and immune response. Differential analysis from the GSE25070 dataset was performed. The mRNA and protein levels of target genes were measured using qPCR and Western ,https://pubmed.ncbi.nlm.nih.gov/42637860/,PubMed
Microbial-Metabolite Signatures Are Associated With Glucocorticoid Responsiveness in Chronic Rhinosinusitis With Nasal Polyps.,"Zhang Ying-Ying, Ding Xin-Yu, Lu Mei-Ping",International forum of allergy & rhinology,2026-08-25,"Patients with chronic rhinosinusitis with nasal polyps (CRSwNP) exhibit heterogeneous responses to oral glucocorticoids (GCs), but the biological basis of this variability remains unclear. To identify gut microbiome‒plasma metabolomic signatures associated with GC responsiveness in CRSwNP patients and to compare their predictive value with that of conventional clinical indicators. Patients with CR",https://pubmed.ncbi.nlm.nih.gov/42637687/,PubMed
Revisiting the in vivo functions of coilin in mice: Requirement for snRNA modifications and formation of novel condensates in elongating spermatids.,"Ichii Miyu, Ishigami Yuma, Yao Xiao","RNA (New York, N.Y.)",2026-08-25,"Cajal bodies (CBs), first identified in the early 20th century, are classic nuclear structures organized primarily by the protein coilin. Although CBs have long been implicated in snRNA modification and maturation, their precise roles in mice remain unclear. Here, we revisit the functions of CBs by using genome editing to generate mice that lack nearly the entire coilin protein, retaining only the",https://pubmed.ncbi.nlm.nih.gov/42637518/,PubMed
Liupao tea alleviates high-fat diet-induced obesity by re-establishing metabolic homeostasis of short-chain fatty acids and chenodeoxycholic acid.,"Tan Yuru, Wang Xuancheng, Song Anlong","Food research international (Ottawa, Ont.)",2026-08-25,"Metabolic dyshomeostasis of bile acid (BA) and microbiota-derived short-chain fatty acid (SCFA) is a critical driver of obesity pathogenesis. Liupao tea (LPT) has garnered attention for its anti-obesity potential, owing to potent lipid-lowering, microbiota- and BA metabolism-regulatory properties. However, whether LPT coordinately modulates BA and SCFA homeostasis remains unclear. This study inves",https://pubmed.ncbi.nlm.nih.gov/42637391/,PubMed
Fermented red quinoa alleviates sleep deprivation-induced anxiety-like behavior and inflammation associated with gut microbiota modulation.,"Ma Junwei, Jiang Huibin, Wei Fenfen","Food research international (Ottawa, Ont.)",2026-08-25,"Chronic sleep deprivation (SD) induces systemic inflammation and significantly increases the risk of neuropsychiatric disorders, including anxiety. Our previous findings demonstrated that Lactobacillus kisonensis (L. kisonensis)-fermented red quinoa (RQF) was enriched with polyphenols possessing anti-inflammatory potential. However, whether RQF confers neuroprotection against SD-induced injury rem",https://pubmed.ncbi.nlm.nih.gov/42637361/,PubMed
The versatile TRAF3 from sea urchin (Strongylocentrotus intermedius) interacts with MyD88 and regulates host immunity.,"Chu Xiaolong, Liu Fengchen, Liu Yingying",Fish & shellfish immunology,2026-08-25,"Tumor necrosis factor receptor-associated factor 3 (TRAF3) serves as a versatile protein in innate immune signaling cascades, playing a pivotal role in modulating inflammatory responses, cellular homeostasis, and anti-infection immunity. Here, we cloned and identified a novel TRAF3 homolog (SiTRAF3) from the sea urchin Strongylocentrotus intermedius. Sequence analysis revealed that the open readin",https://pubmed.ncbi.nlm.nih.gov/42637168/,PubMed
Splicing modulation of ATXN2 as a therapeutic strategy to regulate Ataxin-2 protein levels in ALS.,"Heinsinger Nicolette, Wang Yi, Grauer Steve",Neurobiology of disease,2026-08-25,"ATXN2 is associated with an increased risk of Amyotrophic Lateral Sclerosis (ALS), while down-regulation of ATXN2 has been shown to mitigate TDP-43 proteinopathy in ALS models. In this study, we demonstrated that Ataxin-2 protein levels were upregulated in rNLS8 mice following doxycycline withdrawal, which coincided with TDP-43 overexpression, phosphorylation, and aggregation. To reduce Ataxin-2 p",https://pubmed.ncbi.nlm.nih.gov/42637106/,PubMed
Energy-efficient codon optimization on thermodynamic hardware,"Andraz Jelincic, Ross C. Walker",arXiv,2026-08-25,"The growing energy demand for computation is becoming increasingly unsustainable. Thermodynamic computing, which harnesses physical thermal fluctuations as a computational resource rather than suppressing them, offers orders-of-magnitude energy savings for probabilistic and combinatorial tasks. Pharmaceutical R&D, heavily reliant on computational optimization and sampling, is a natural application",http://arxiv.org/abs/2606.17327v1,arXiv
mRNAutilus: Multi-Objective-Guided Discrete Generation of mRNA with Optimized Therapeutic Properties,"Sawan Patel, Sophia Tang, Yesol Kim",arXiv,2026-08-25,"Therapeutic mRNA design requires coordinating multiple interacting sequence features across the full transcript, where codon usage, untranslated regions (UTRs), and their coupling jointly determine stability, translation efficiency, and protein expression. Here, we present mRNA generation via unrolled trajectories and informed latent updates (mRNAutilus), a framework for simultaneous codon optimiz",http://arxiv.org/abs/2605.31296v1,arXiv
Sampling-based Continuous Optimization for Messenger RNA Design,"Feipeng Yue, Ning Dai, Wei Yu Tang",arXiv,2026-08-25,"Designing messenger RNA (mRNA) sequences for a fixed target protein requires searching an exponentially large synonymous space while optimizing properties that affect stability and downstream performance. This is challenging because practical mRNA design involves multiple coupled objectives beyond classical folding criteria, and different applications prefer different trade-offs. We propose a gene",http://arxiv.org/abs/2603.06559v1,arXiv
Drug-like antibodies with low immunogenicity in human panels designed with Latent-X2," Latent Labs Team, Henry Kenlay, Daniella Pretorius",arXiv,2026-08-25,"Drug discovery has long sought computational systems capable of designing drug-like molecules directly: developable and non-immunogenic from the start. Here we introduce Latent-X2, a frontier generative model that achieves this goal through zero-shot design of antibodies with strong binding affinities, drug-like properties, and, for the first time for any de novo generated antibody, confirmed low ",http://arxiv.org/abs/2512.20263v1,arXiv
"RNAGenScape: Property-Guided, Optimized Generation of mRNA Sequences with Manifold Langevin Dynamics","Danqi Liao, Chen Liu, Xingzhi Sun",arXiv,2026-08-25,"Generating property-optimized mRNA sequences is central to applications such as vaccine design and protein replacement therapy, but remains challenging due to limited data, complex sequence-function relationships, and the narrow space of biologically viable sequences. Generative methods that drift away from the data manifold can yield sequences that fail to fold, translate poorly, or are otherwise",http://arxiv.org/abs/2510.24736v3,arXiv
The proportional scaling of mRNA and ribosome concentrations controls eukaryotic cell growth,"Xin Gao, Michael Lanz, Rosslyn Grosely",arXiv,2026-08-25,"Cell growth underlies nearly all eukaryotic physiology, yet its quantitative principles remain unclear. Using single-molecule ribosome tracking, spike-in RNA sequencing, and quantitative proteomics across 15 nutrient-limited conditions in budding yeast, we define how growth is controlled in the budding yeast Saccharomyces cerevisiae. Ribosome concentration scales linearly with growth rate, while p",http://arxiv.org/abs/2508.14997v2,arXiv
mRNA Folding Algorithms for Structure and Codon Optimization,"Max Ward, Mary Richardson, Mihir Metkar",arXiv,2026-08-25,"mRNA technology has revolutionized vaccine development, protein replacement therapies, and cancer immunotherapies, offering rapid production and precise control over sequence and efficacy. However, the inherent instability of mRNA poses significant challenges for drug storage and distribution, particularly in resource-limited regions. Co-optimizing RNA structure and codon choice has emerged as a p",http://arxiv.org/abs/2503.19273v1,arXiv
Generative Model for Synthesizing Ionizable Lipids: A Monte Carlo Tree Search Approach,"Jingyi Zhao, Yuxuan Ou, Austin Tripp",arXiv,2026-08-25,"Ionizable lipids are essential in developing lipid nanoparticles (LNPs) for effective messenger RNA (mRNA) delivery. While traditional methods for designing new ionizable lipids are typically time-consuming, deep generative models have emerged as a powerful solution, significantly accelerating the molecular discovery process. However, a practical challenge arises as the molecular structures genera",http://arxiv.org/abs/2412.00807v1,arXiv
Machine learning framework to predict the performance of lipid nanoparticles for nucleic acid delivery,"Gaurav Kumar, Arezoo M. Ardekani",arXiv,2026-08-25,"Lipid nanoparticles (LNPs) are highly effective carriers for gene therapies, including mRNA and siRNA delivery, due to their ability to transport nucleic acids across biological membranes, low cytotoxicity, improved pharmacokinetics, and scalability. A typical approach to formulate LNPs is to establish a quantitative structure-activity relationship (QSAR) between their compositions and in vitro/in",http://arxiv.org/abs/2411.14293v1,arXiv
Joint Design of 5' Untranslated Region and Coding Sequence of mRNA,"Yang Liu, Jie Gao, Xiaonan Zhang",arXiv,2026-08-25,"Messenger RNA (mRNA) vaccines and therapeutics are emerging as powerful tools against a variety of diseases, including infectious diseases and cancer. The design of mRNA molecules, particularly the untranslated region (UTR) and coding sequence (CDS) is crucial for optimizing translation efficiency and stability. Current design approaches generally focus solely on either the 5' UTR or the CDS, whic",http://arxiv.org/abs/2410.20781v1,arXiv
Bacterial stress granule protects mRNA through ribonucleases exclusion,"Linsen Pei, Yujia Xian, Xiaodan Yan",arXiv,2026-08-25,"Membraneless droplets formed through liquid-liquid phase separation (LLPS) play a crucial role in mRNA storage, enabling organisms to swiftly respond to environmental changes. However, the mechanisms underlying mRNA integration and protection within droplets remain unclear. Here, we unravel the role of bacterial aggresomes as stress granules (SGs) in safeguarding mRNA during stress. We discovered ",http://arxiv.org/abs/2404.17873v2,arXiv
"Hypolipidemic effect of brown seaweed (Sargassum crassifolium) extract in vivo (Study of histopathology, mRNA expression, and immunohistochemistry (IHC) with VCAM-1, ICAM-1, and MCP-1 parameters)","Sarah Zaidan, Syamsudin Abdillah, Nur Arfian",arXiv,2026-08-25,The purpose of this study was to obtain natural drugs from brown seaweed (Sargassum crassifolium) as antiatherosclerosis candidates through the study of hypolipidemic mechanisms of action. Modeling of dyslipidemia rats was carried out by feeding high-fat (HFF) and doses of crude fucoidan 100. 200. 400mg / KgBB. in both treatments measured blood lipid profile levels taken from the orbital sinuses. ,http://arxiv.org/abs/2402.07497v1,arXiv
Machine Learning Modeling Of SiRNA Structure-Potency Relationship With Applications Against Sars-Cov-2 Spike Gene,Damilola Oshunyinka,arXiv,2026-08-25,"The pharmaceutical Research and development (R&D) process is lengthy and costly, taking nearly a decade to bring a new drug to the market. However, advancements in biotechnology, computational methods, and machine learning algorithms have the potential to revolutionize drug discovery, speeding up the process and improving patient outcomes. The COVID-19 pandemic has further accelerated and deepened",http://arxiv.org/abs/2401.12232v1,arXiv
Messenger RNA Design via Expected Partition Function and Continuous Optimization,"Ning Dai, Wei Yu Tang, Tianshuo Zhou",arXiv,2026-08-25,"The tasks of designing RNAs are discrete optimization problems, and several versions of these problems are NP-hard. As an alternative to commonly used local search methods, we formulate these problems as continuous optimization and develop a general framework for this optimization based on a generalization of classical partition function which we call ""expected partition function"". The basic idea ",http://arxiv.org/abs/2401.00037v2,arXiv
Machine Learning-guided Lipid Nanoparticle Design for mRNA Delivery,"Daisy Yi Ding, Yuhui Zhang, Yuan Jia",arXiv,2026-08-25,"While RNA technologies hold immense therapeutic potential in a range of applications from vaccination to gene editing, the broad implementation of these technologies is hindered by the challenge of delivering these agents effectively. Lipid nanoparticles have emerged as one of the most widely used delivery agents, but their design optimization relies on laborious and costly experimental methods. W",http://arxiv.org/abs/2308.01402v2,arXiv
Corrected Hill Function in Stochastic Gene Regulatory Networks,"Manuel Eduardo Hernández-García, Jorge Velázquez-Castro",arXiv,2026-08-25,"Describing reaction rates in stochastic bio-circuits is commonly done by directly introducing the deterministically deduced Hill function into the master equation. However, when fluctuations in enzymatic reaction rates are not neglectable, the Hill function must be derived, considering all the involved stochastic reactions. In this work, we derived the stochastic version of the Hill function from ",http://arxiv.org/abs/2307.03057v4,arXiv
Stochastic dynamics and ribosome-RNAP interactions in Transcription-Translation Coupling,"Xiangting Li, Tom Chou",arXiv,2026-08-25,"Under certain cellular conditions, transcription and mRNA translation in prokaryotes appear to be ""coupled,"" in which the formation of mRNA transcript and production of its associated protein are temporally correlated. Such transcription-translation coupling (TTC) has been evoked as a mechanism that speeds up the overall process, provides protection during the transcription, and/or regulates the t",http://arxiv.org/abs/2207.04568v1,arXiv
Coronavirus RNA Sensor Using Single-Stranded DNA Bonded to Sub-Percolated Gold Films on Monolayer Graphene Field-Effect Transistors,"Nicholas E. Fuhr, Mohamed Azize, David J. Bishop",arXiv,2026-08-25,"Electrical detection of messenger ribonucleic acid (mRNA) is a promising approach to enhancing transcriptomics and disease diagnostics because of its sensitivity, rapidity, and modularity. Reported here is a fast SARS-CoV-2 mRNA biosensor (<1 minute) with a limit of detection of 1 aM, and dynamic range of 4 orders of magnitude and a linear sensitivity of 22 mV per molar decade. These figures of me",http://arxiv.org/abs/2205.05143v1,arXiv
Deep learning models for predicting RNA degradation via dual crowdsourcing,"Hannah K. Wayment-Steele, Wipapat Kladwang, Andrew M. Watkins",arXiv,2026-08-25,"Messenger RNA-based medicines hold immense potential, as evidenced by their rapid deployment as COVID-19 vaccines. However, worldwide distribution of mRNA molecules has been limited by their thermostability, which is fundamentally limited by the intrinsic instability of RNA molecules to a chemical degradation reaction called in-line hydrolysis. Predicting the degradation of an RNA molecule is a ke",http://arxiv.org/abs/2110.07531v2,arXiv
Coagulapathies after vaccination against SARS-CoV-2 may be derived from a combination effect of SARS-CoV-2 spike protein and adenovirus vector-triggered signaling pathways,Ralf Kircheis,arXiv,2026-08-25,"The novel coronavirus SARS-CoV-2 has resulted in a global pandemic with worldwide 6-digital infection rates and thousands death tolls daily. Enormeous effords are undertaken to achieve high coverage of immunization in order to reach herd immunity to stop spreading of SARS-CoV-2 infection. Several SARS-CoV-2 vaccines, based either on mRNA, viral vectors, or inactivated SARS-CoV-2 virus have been ap",http://arxiv.org/abs/2109.00089v1,arXiv
The clinical and molecular spectrum of AGO2-associated Lessel-Kreienkamp neurodevelopmental syndrome.,"Tibbe Debora, Kiel Christina, Ielesicheva Olena",Genome medicine,2026-08-25,"Pathogenic variants in AGO2, encoding a central component of the RNA-induced silencing complex (RISC), cause the neurodevelopmental disorder Lessel-Kreienkamp syndrome (LESKRES). The variant spectrum and associated molecular mechanisms underlying phenotypic variability and disease severity remain incompletely understood. We investigated 45 newly identified individuals carrying 33 distinct AGO2 var",https://pubmed.ncbi.nlm.nih.gov/42638108/,PubMed
Targeted Gene Expression Modulation Using CRISPR/dCas9 to Investigate Pathogenic Outcomes in Tomato.,"Mukherjee Ananya, Basak Shrabani, Singh Raghuvir","Methods in molecular biology (Clifton, N.J.)",2026-08-25,"CRISPR (clustered regularly interspaced short palindromic repeats) has become integral to modern biological research, with the Streptococcus pyogenes CRISPR/Cas9 system serving as the most extensively used tool for precise, site-specific genome editing across a wide range of organisms and cell types. Compared with earlier genome-editing platforms, such as zinc-finger nucleases (ZFNs) and transcrip",https://pubmed.ncbi.nlm.nih.gov/42638019/,PubMed
Transcriptome and Functional Analysis Uncover the Role of ADCY5 in Bovine Adipogenesis.,"Wei Xuefeng, Shan Xinyue, Yang Lize",Animal genetics,2026-08-25,"Adipose deposition is genetically regulated and acts as a core determinant of meat quality in livestock. Therefore, exploring the gene regulatory mechanisms underlying adipose deposition is essential to advance the research on adipose tissue development and molecular breeding in livestock. To clarify the molecular basis of the superior meat quality of Pinan (PN) cattle, high-throughput RNA sequenc",https://pubmed.ncbi.nlm.nih.gov/42637538/,PubMed
Photoperiod-driven developmental and metabolic remodeling supports pre-diapause energy reserve accumulation in Hyphantria cunea.,"Li Tong-Pu, Jiang Zhen-Yu, Xie Jia-Chu",Journal of insect physiology,2026-08-25,"The fall webworm, Hyphantria cunea, is a destructive invasive pest whose seasonal outbreaks depend largely on successful pupal diapause, but how photoperiod coordinates larval development and fat body transcription during pre-diapause preparation remains incompletely understood. Here, we characterized photoperiod-associated developmental and transcriptional remodeling before diapause and assessed ",https://pubmed.ncbi.nlm.nih.gov/42636962/,PubMed
Transcriptomic and RNAi analyses reveal chloride channel 3-associated osmoregulation in Litopenaeus vannamei under low-salinity stress.,"Wang Ti, Zhu Qijian, Li Xuenan","Comparative biochemistry and physiology. Part D, Genomics & proteomics",2026-08-25,"Chloride channels and transporters are important for cellular volume regulation and salinity adaptation in euryhaline crustaceans, yet the intestinal transcriptional relationship between plasma-membrane and intracellular chloride pathways remains unclear in Litopenaeus vannamei. In this study, RNA interference of anoctamin 1 (ANO1) was combined with intestinal transcriptome sequencing under the pr",https://pubmed.ncbi.nlm.nih.gov/42636711/,PubMed
A Novel Small-Molecule Dual Adiponectin Receptor 1/2 Agonist Induces Myogenesis and Ameliorates Skeletal Muscle Atrophy.,"Das Shubhrajyoti, Awasthi Pallavi, Moin Md Rameez","Journal of cachexia, sarcopenia and muscle",2026-08-25,"Skeletal muscle atrophy is a hallmark of ageing and chronic diseases, yet effective pharmacotherapies remain unavailable. Adiponectin signalling through AdipoR1 and AdipoR2 regulates skeletal muscle metabolism, regeneration and oxidative capacity, but the therapeutic use of adiponectin is limited by its large size and complex multimeric structure. Small-molecule AdipoR agonists, therefore, represe",https://pubmed.ncbi.nlm.nih.gov/42635404/,PubMed
Dysregulation of the KLF9/TXNRD2 Axis Leads to Mitochondrial DNA Oxidation and NLRP3 Inflammasome Activation in Ulcerative Colitis.,"Fan Yijia, Dai Lingling, Zhu Feng",Journal of biochemical and molecular toxicology,2026-08-25,"This study investigated the roles and mechanism of the transcription factor KLF9 and its downstream target gene TXNRD2 in ulcerative colitis (UC). An in vitro inflammatory model was established by stimulating human normal colonic mucosal epithelial cells (NCM460) with LPS and ATP. KLF9 or TXNRD2 expression was knocked down using RNA interference, and rescue experiments were performed using the NLR",https://pubmed.ncbi.nlm.nih.gov/42635086/,PubMed
THERAPEUTIC ROLE OF siRNA IN GASTRIC CANCER: GENE SILENCING MECHANISMS AND NANOCARRIER-BASED DELIVERY STRATEGIES.,"Seifollahnezhad Gheysar, Erdağ Berrin",Experimental oncology,2026-08-25,"Gastric cancer (GC) continues to be a significant global contributor to cancer-related mortality, primarily due to late-stage diagnoses, tumor heterogeneity, and the frequent emergence of therapeutic resistance. Despite advancements in surgical techniques, chemotherapy, targeted therapies, and immunotherapy, long-term survival rates remain unsatisfactory, underscoring the need for innovative, mole",https://pubmed.ncbi.nlm.nih.gov/42634848/,PubMed
RNAi Targeting MhieJHEH Disrupts Hormonal Homeostasis and Induces Systemic Metabolic Dysregulation in Monolepta Hieroglyphica.,"Song Xuan, Pi Yi-Meng, Han Sheng-Jie",Archives of insect biochemistry and physiology,2026-08-25,"Juvenile hormone epoxide hydrolase (JHEH) plays a crucial role in insect development by degrading juvenile hormone (JH). While functionally characterized in some leaf beetle species (e.g., Leptinotarsa), its molecular mechanisms and physiological roles in many agriculturally important Chrysomelids remain poorly understood. This study provides the first comprehensive functional analysis of MhieJHEH",https://pubmed.ncbi.nlm.nih.gov/42633677/,PubMed
"RNA-centered regulation in SFTSV infection: mechanisms, host interactions, and translational implications.","Wang Aofan, Li Jiale, Chen Lin",Virologica Sinica,2026-08-25,"Severe fever with thrombocytopenia syndrome virus (SFTSV) is an emerging tick-borne pathogen that causes substantial morbidity and high case fatality in severe cases, representing a major public health concern in East Asia. Although protein-mediated mechanisms of SFTSV replication and immune evasion have been extensively studied, accumulating evidence indicates that viral infection is also influen",https://pubmed.ncbi.nlm.nih.gov/42632455/,PubMed
Hijacking tumor metabolism via sonocatalysis to orchestrate cuproptosis-pyroptosis coupling for potent antitumor immunity.,"Luo Ruixin, Dong Lile, Chen Aihong","Colloids and surfaces. B, Biointerfaces",2026-08-25,"In response to the high metabolic resilience and immunosuppression characteristic of triple-negative breast cancer, this study established a CuGaO",https://pubmed.ncbi.nlm.nih.gov/42632254/,PubMed
The first RNAi-based biopesticide approved in the United States: regulatory implications for the European Union - the case of Ledprona (Calantha™).,"Koch Aline, Krczal Gabi",Pest management science,2026-08-25,"RNA interference (RNAi), a naturally occurring gene-silencing mechanism, has emerged as a promising platform for developing innovative, non-genetically modified (GM) plant protection products. In the context of climate change, biodiversity loss, and growing resistance to traditional pesticides, the need for highly specific, environmentally compatible alternatives for sustainable pest management is",https://pubmed.ncbi.nlm.nih.gov/42632099/,PubMed
"Retraction notice to ""Intrathecal lentivirus-mediated RNA interference targeting nerve growth factor attenuates myocardial ischaemia-reperfusion injury in rat"" [Br J Anaesth 123 (2019) 439-449].","Dou Mengyun, Ma Zhenxiao, Cheng Xueying",British journal of anaesthesia,2026-08-25,,https://pubmed.ncbi.nlm.nih.gov/42629136/,PubMed
Role of the steroid hormone synthesis pathway-related gene StAR-like in gonadal development of mud crab (Scylla paramamosain).,"Huang Yicong, Du Jiahui, Zeng Xianyuan","Comparative biochemistry and physiology. Part A, Molecular & integrative physiology",2026-08-25,"In vertebrates, the canonical steroidogenic acute regulatory (StAR) proteins, which lack N-terminal MENTAL domains, transport cholesterol into mitochondria to initiate steroidogenesis. However, whether a vertebrate-like steroidogenic pathway exists in crustaceans remains controversial. In this study, the complete ORF of SpStAR-like was identified from the transcriptome data of the mud crab Scylla ",https://pubmed.ncbi.nlm.nih.gov/42628870/,PubMed
On the road with RNA interference: Missed stops and future directions in leveraging spray-induced gene silencing for sustainable fungal management in agriculture.,"Narduzzo Anna, Favaretto Francesco, Chitarra Walter",Current opinion in plant biology,2026-08-25,"Spray-induced gene silencing (SIGS) has moved from proof-of-concept to one of the most compelling RNA-based routes for crop protection, yet its field deployment still rests on unresolved biological interfaces. In this review, we revisit SIGS against fungal pathogens by asking where exogenous double-stranded RNAs go, which organisms perceive them, and how delivery technologies may reshape their eco",https://pubmed.ncbi.nlm.nih.gov/42628145/,PubMed
CRISPR/dCas9-mediated tuning of DMPK transcription reveals a quantitative relationship between toxic repeat RNA expression and MBNL1 activity in myotonic dystrophy.,"Ripken Lise, Hoekman Thomas D, Willemse Marieke",Human molecular genetics,2026-08-25,"Myotonic dystrophy type 1 (DM1) is caused by (CUG)n-expanded DMPK transcripts that sequester the splicing factor MBNL1 in the nucleus, resulting in widespread splicing abnormalities. Although significant progress has been made in understanding DM1 pathogenesis, the contribution of DMPK transcript levels to disease severity, and the variability of these levels across cell types, tissues, and patien",https://pubmed.ncbi.nlm.nih.gov/42627995/,PubMed
RNA interference mediated disease resistance in vegetable crops: fundamental discovery to current trends.,"Thangavel Monisha, Pathak Mamta, Devi Ruma",Molecular biology reports,2026-08-25,"Vegetable productivity has been decreasing due to a range of stresses, both biotic and abiotic. Biotic factors mainly arise from nematodes, bacteria, viruses and fungal diseases. Traditional approaches such as chemical treatments and conventional breeding are often limited by environmental concerns and restricted genetic resources. Therefore, RNA interference (RNAi) has demonstrated significant pr",https://pubmed.ncbi.nlm.nih.gov/42627584/,PubMed
RNA interference (RNA)-based therapeutics for treating neurodegenerative diseases.,"Mahjoubin-Tehran Maryam, Sahebkar Amirhossein",Neurodegenerative disease management,2026-08-25,,https://pubmed.ncbi.nlm.nih.gov/42627134/,PubMed
"The role of opsin genes in mediating phototaxis and color preference in the green peach aphid, Myzus persicae (Sulzer).","Tang Xue, Meng JianYu, Xu NaNa",Pest management science,2026-08-25,"Insect light traps and color sticky traps are widely used to monitor and control pests based on phototaxis, but the role of opsin genes in regulating phototaxis and color preference in Myzus persicae remains poorly understood. The M. persicae showed stronger phototactic response to green light than to yellow light, yet preferred yellow cardboard. Four opsin genes (MpLW, MpUV1, MpUV2, and MpUV-Like",https://pubmed.ncbi.nlm.nih.gov/42625309/,PubMed
Leveraging generative hallucination and biophysics-informed modeling for unified biomolecular sequence-structure co-design,"Xuefeng Liu, Mingxuan Cao, Xiao Luo",arXiv,2026-08-25,"Biomolecular design underpins applications from molecular recognition to therapeutics and synthetic biology, yet de novo interaction design remains challenging-especially for DNA/RNA, underexplored non-protein modalities with scarce, heterogeneous complex data and sharper geometric and chemical constraints. We introduce MCTH (Monte Carlo Tree Hallucination), an inference-only framework that casts ",http://arxiv.org/abs/2608.17381v1,arXiv
"MultiStructRNA: a Python package for multi-algorithm RNA secondary structure prediction, ensemble analysis, and visualization","Yashrajsinh Jadeja, Haining Lin, Mihir Metkar",arXiv,2026-08-25,"We introduce MultiStructRNA, a unified Python toolkit for RNA secondary structure prediction, ensemble analysis, and visualization. Although RNA secondary structure is central to RNA biology and therapeutic design, practical adoption is often hindered by fragmented tooling, incompatible input and output formats, and limited visualization support. MultiStructRNA addresses these challenges through a",http://arxiv.org/abs/2608.14846v1,arXiv
Evolutionary Curriculum Learning Improves Biological Sequence Modeling,"Richard Zhu, Kento Nishi",arXiv,2026-08-25,"Variational autoencoders (VAEs) trained on multiple sequence alignments (MSAs) have emerged as powerful generative models for biological sequences, with applications ranging from disease variant prediction to functional RNA design. However, standard biological VAE training treats all sequences as exchangeable, ignoring the rich evolutionary structure that organizes homologous sequences from evolut",http://arxiv.org/abs/2608.00697v2,arXiv
Engineering T7 RNA Polymerase for High-Purity In Vitro Transcription,"Pauline Hermans, Youlia Serikova, José Castillo",arXiv,2026-08-25,"In vitro transcription using bacteriophage T7 RNA polymerase (T7 RNAP) is the gold-standard platform for RNA production in both research and therapeutic applications. Despite its high processivity and promoter specificity, T7 RNAP generates multiple RNA by-products, including double-stranded RNA, 3'-extended transcripts, abortive RNAs, and prematurely terminated products. These impurities reduce R",http://arxiv.org/abs/2607.18468v1,arXiv
Enhanced sampling and cryo-EM data resolve magnesium binding to RNA,"Olivier Languin-Cattoën, Elisa Posani, Giovanni Bussi",arXiv,2026-08-25,"Magnesium ions are essential for RNA structure but difficult to model due to slow binding kinetics and experimental limitations. We present an enhanced-sampling strategy that accelerates Mg$^{2+}$ inner-shell binding by orders of magnitude, enabling quantitative exploration of ion-binding motifs in a large ribozyme. The method combines a barrier-flattening bias with Hamiltonian replica exchange to",http://arxiv.org/abs/2607.07186v1,arXiv
Bayesian Sampling of Structural Ensembles: The Role of Ensemble-Counting Measures,"Ivan Gilardoni, Giovanni Bussi",arXiv,2026-08-25,"Structural ensemble refinement is widely used to integrate molecular simulations with experimental measurements. While most applications focus on the maximum-a-posteriori (MAP) ensemble, Bayesian sampling of the posterior distribution can provide uncertainty estimates and posterior averages for arbitrary observables. A notable step in this direction was introduced by the Bayesian Energy Landscape ",http://arxiv.org/abs/2606.18495v1,arXiv
MultiMolecule: a modular ecosystem for biomolecular sequence-model workflows,Zhiyuan Chen,arXiv,2026-08-25,"Biomolecular sequence models are increasingly reused outside the studies in which they were introduced, but public checkpoints rarely preserve the execution context needed to inspect source-defined behavior, adapt models to new assays, compare models under shared task definitions or deploy biological predictions. MultiMolecule is an open-source Python ecosystem that turns heterogeneous RNA, DNA an",http://arxiv.org/abs/2606.16540v1,arXiv
The Montparnasse Algorithm for RNA Design,Tristan Cazenave,arXiv,2026-08-25,"RNA design consists of discovering a nucleotide sequence that optimizes predefined criteria, such as secondary structure. It is useful for synthetic biology, medicine, and nanotechnology. We propose Montparnasse, a Monte Carlo search framework based on Generalized Nested Rollout Policy Adaptation, augmented with a problem-specific prior, slow and long adaptation at level 1, and a lexicographic mul",http://arxiv.org/abs/2606.07562v1,arXiv
Multimodal Alignment and Preference Optimization for Zero-Shot Conditional RNA Generation,"Roman Klypa, Alberto Bietti, Sergei Grudinin",arXiv,2026-08-25,"The design of RNA molecules that interact with specific proteins is a critical challenge in experimental and computational biology. Despite recent progress in natural language modeling and deep learning-based protein design, there remains significant room to improve the frequency of successful interactions and the authenticity of generated sequences for functional applications. In this work, we fr",http://arxiv.org/abs/2605.23961v1,arXiv
"GoForth: Language Models for RNA Design under Structure, Sequence, and Coding Constraints",Michael Lindsey,arXiv,2026-08-25,"RNA inverse sequence design has broad biological and engineering applications, but computational methods for practical design queries remain limited. Such queries may impose several constraints at once, including target folds or motifs, fixed bases, and coding restrictions, while leaving arbitrary sequence and structure in unspecified regions. Because these constraints may permit many acceptable s",http://arxiv.org/abs/2605.07608v1,arXiv
Bayesian Rate Inference for Sequence Motif Dynamics in Systems of Reactive Nucleic Acids,"Johannes Harth-Kitzerow, Ulrich Gerland, Torsten A. Enßlin",arXiv,2026-08-25,"The RNA world hypothesis suggests a pathway of how life emerged on early earth. It assumes that life started with RNA based systems, capable of storing, transmitting and replicating information, envisioning that monomers and short RNA oligomers interact to form longer strands, eventually becoming catalytically active ribozymes. Key reactions in RNA pools are hybridization, dehybridization, templat",http://arxiv.org/abs/2604.25701v2,arXiv
VARIANT: Web Server for Decoding and Analyzing Viral Mutations at Genome and Protein Levels,"Rui Wang, Xuhang Dai, Xin Cao",arXiv,2026-08-25,"A comprehensive analysis of viral mutations is essential for understanding viral evolution, disease epidemiology, diagnosis, drug resistance, etc. However, challenges remain in capturing complex mutation patterns and supporting diverse viral families with varying genome architectures. To address these needs, we present VARIANT, an web server for mutational analysis of RNA viral genomes and associa",http://arxiv.org/abs/2604.20942v1,arXiv
Interfacial Potential Transduction for Diagnostics,"Hyun-June Jang, Peuli Nath, Yuqin Wang",arXiv,2026-08-25,"A major barrier to decentralized, near-patient diagnostics is the lack of a signal transduction modality that is both analytically precise and accessible at the point of care. Optical readouts remain instrument-dependent and difficult to miniaturize, while compact electrochemical readouts are prone to matrix-derived signal distortion, limiting their biomarker coverage in real clinical settings. He",http://arxiv.org/abs/2603.23775v1,arXiv
ZeroFold: Protein-RNA Binding Affinity Predictions from Pre-Structural Embeddings,"Josef Hanke, Sebastian Pujalte Ojeda, Shengyu Zhang",arXiv,2026-08-25,"The accurate prediction of protein-RNA binding affinity remains an unsolved problem in structural biology, limiting opportunities in understanding gene regulation and designing RNA-targeting therapeutics. A central obstacle is the structural flexibility of RNA, as, unlike proteins, RNA molecules exist as dynamic conformational ensembles. Thus, committing to a single predicted structure discards in",http://arxiv.org/abs/2603.23583v1,arXiv
Computational modeling of RNA-protein binding interactions under an external force,"Danielle Wampler, Ralf Bundschuh",arXiv,2026-08-25,"RNA binding proteins play a crucial role in post-transcriptional gene regulation by controlling the transport, processing, and translation of their target RNAs. Post-transcriptional gene regulation leads to the differential expression of genetic material and loss of regulation or over-regulation relates to a large range of cancers and diseases - many of which have directly been associated with RNA",http://arxiv.org/abs/2603.22269v1,arXiv
Fair splits flip the leaderboard: CHANRG reveals limited generalization in RNA secondary-structure prediction,"Zhiyuan Chen, Zhenfeng Deng, Pan Deng",arXiv,2026-08-25,"Accurate prediction of RNA secondary structure underpins transcriptome annotation, mechanistic analysis of non-coding RNAs, and RNA therapeutic design. Recent gains from deep learning and RNA foundation models are difficult to interpret because current benchmarks may overestimate generalization across RNA families. We present the Comprehensive Hierarchical Annotation of Non-coding RNA Groups (CHAN",http://arxiv.org/abs/2603.22330v1,arXiv
Reverse Distillation: Consistently Scaling Protein Language Model Representations,"Darius Catrina, Christian Bepler, Samuel Sledzieski",arXiv,2026-08-25,"Unlike the predictable scaling laws in natural language processing and computer vision, protein language models (PLMs) scale poorly: for many tasks, models within the same family plateau or even decrease in performance, with mid-sized models often outperforming the largest in the family. We introduce Reverse Distillation, a principled framework that decomposes large PLM representations into orthog",http://arxiv.org/abs/2603.07710v1,arXiv
Fast and Versatile RNA Design via Motif-level Divide-and-Conquer and Structure-level Rival Search,"Tianshuo Zhou, David H. Mathews, Liang Huang",arXiv,2026-08-25,"RNA design aims to identify RNA sequences that fold into a target secondary structure. This task is challenging in terms of computational efficiency. Most existing methods focus on either minimum free energy (MFE)-based or ensemble-based metrics, leaving a gap for a unified approach that performs well across both. We introduce a fast and versatile RNA design algorithm inspired by our previous work",http://arxiv.org/abs/2603.02283v1,arXiv
CryoNet.Refine: A One-step Diffusion Model for Rapid Refinement of Structural Models with Cryo-EM Density Map Restraints,"Fuyao Huang, Xiaozhu Yu, Kui Xu",arXiv,2026-08-25,"High-resolution structure determination by cryo-electron microscopy (cryo-EM) requires the accurate fitting of an atomic model into an experimental density map. Traditional refinement pipelines such as Phenix.real_space_refine and Rosetta are computationally expensive, demand extensive manual tuning, and present a significant bottleneck for researchers. We present CryoNet.Refine, an end-to-end dee",http://arxiv.org/abs/2602.22263v2,arXiv
LncRNA NONMMUT051252 promotes atopic dermatitis via the miR-141-5p/USP14/cGAS-STING axis and ferroptosis.,"Du Yue, Jin Shan, Xu Kexin",Archives of biochemistry and biophysics,2026-08-25,"Atopic dermatitis (AD) is a chronic inflammatory skin disorder characterized by epidermal barrier dysfunction and persistent pruritus. However, the molecular mechanisms linking non-coding RNA regulation to ferroptosis and inflammatory signaling in AD remain poorly understood. A 2,4-dinitrochlorobenzene (DNCB)-induced mouse model of AD and a TNF-α + IFN-γ-induced inflammatory keratinocyte model wer",https://pubmed.ncbi.nlm.nih.gov/42636952/,PubMed
"Salivary human mRNA and lncRNA in postmenopausal burning mouth syndrome: Linking inflammation, pain, and comorbidities at the RNA level.","Lu Dingzhuo, Su Zhonghao, Wen Na",Journal of oral biosciences,2026-08-25,"Burning mouth syndrome (BMS), a heterogeneous idiopathic orofacial pain disorder mainly affecting postmenopausal females, is frequently accompanied by anxiety and sleep disturbances. Existing BMS molecular studies have focused primarily on oral bacterial DNA, whereas systematic human salivary transcriptomic profiling remains poorly explored. This study aimed to characterize salivary mRNA and lncRN",https://pubmed.ncbi.nlm.nih.gov/42636754/,PubMed
Ability of KBTBD10 to inhibit non-small cell lung cancer mediated by LINC01585.,"Jiang Xizi, Guan Jingqian, Liang Kexin",International immunopharmacology,2026-08-25,"Non-small cell lung cancer (NSCLC) imposes a substantial global disease burden. Kelch repeat and BTB domain-containing protein 10 (KBTBD10) constitutes a subunit of E3 ubiquitin ligase complexes and participates in the ubiquitin-proteasome system. Mounting evidence has demonstrated that long non-coding RNAs (lncRNAs) exert critical regulatory effects in NSCLC progression. Herein, we systematically",https://pubmed.ncbi.nlm.nih.gov/42636515/,PubMed
SOX2-OT serves as a diagnostic and prognostic biomarker for hypertensive left ventricular hypertrophy by targeting miR-30d-5p.,"Gao Hanlu, Zhao Zuliang, Wu Jinping",Molecular and cellular biochemistry,2026-08-25,This study aims to explore the clinical significance and underlying mechanism of long noncoding RNAs (lncRNAs) SOX2-OT in hypertensive left ventricular hypertrophy (LVH). Primary hypertensives without LVH (n = 182) and with LVH (n = 104) were enrolled. ROC curve evaluated its diagnostic value for hypertensive LVH. Patients were followed for five years. Kaplan-Meier and Cox analyses were conducted ,https://pubmed.ncbi.nlm.nih.gov/42635923/,PubMed
Mettl14-mediated m,"Wang Jiao, Guo Feng, Wu Lina",Journal of endocrinological investigation,2026-08-25,"Attenuated endogenous secretion of glucagon‑like peptide‑1 (GLP‑1) is a defining feature of type 2 diabetes mellitus (T2DM), yet the precise molecular circuitry underpinning this defect remains obscure. Here, we delineate how METTL14‑driven N6‑methyladenosine (m Murine enteroendocrine STC‑1 cells were challenged with high‑glucose (HG) conditions to emulate the diabetic milieu. Transcriptional abun",https://pubmed.ncbi.nlm.nih.gov/42635906/,PubMed
Correlation of Long Non-Coding RNAs and Gene Expression in Response to Reverse Development of Turritopsis dohrnii.,"Ai Chunhui, He Lisheng, Wang Yong","Marine biotechnology (New York, N.Y.)",2026-08-25,"Long non-coding RNAs (lncRNAs) are increasingly acknowledged as key players in various biological processes. However, the role of these lncRNAs in the response of cnidarians to the reverse development process remains unexplored. We conducted a genome-wide analysis of lncRNAs in immortal jellyfish (Turritopsis dohrnii) to examine their response to reverse development process across a substantial da",https://pubmed.ncbi.nlm.nih.gov/42635858/,PubMed
Statement of Retraction: Long non-coding RNA MEG3 attends to morphine-mediated autophagy of HT22 cells through modulating ERK pathway.,,Pharmaceutical biology,2026-08-25,,https://pubmed.ncbi.nlm.nih.gov/42635262/,PubMed
Micropeptides encoded by lncRNAs associated with cancer progression reveal novel immunogenic epitopes.,"Zok Stav, Linial Michal","Bioinformatics (Oxford, England)",2026-08-25,"Long non-coding RNAs (lncRNAs) regulate gene expression, chromatin organization, and cellular signaling. Recent studies indicate that ∼20% of the ∼36 000 human lncRNA genes harbor small open reading frames (sORFs) capable of producing micropeptides (MPs), whose functions remain largely unknown. Whether these peptides contribute to the cancer immunopeptidome is largely unexplored. We systematically",https://pubmed.ncbi.nlm.nih.gov/42635236/,PubMed
Isoflurane regulates the level of HOXA11-AS and affects oxidative stress and inflammation in liver ischemia-reperfusion injury.,"Lin Xiangyang, Shen Xipeng, Lou Haitao",Immunopharmacology and immunotoxicology,2026-08-25,"Isoflurane exhibits protective roles on ischemia-reperfusion injury (IRI), but whether isoflurane can alleviate the inflammation and oxidative stress of LIRI remains unknown. To explore the effects of isoflurane treatment and HOXA11 antisense long noncoding RNA (HOXA11-AS) expression on LIRI. AML12 cells were used to construct a hypoxia-reoxygenation (H/R) model. Reverse transcription quantitative",https://pubmed.ncbi.nlm.nih.gov/42635097/,PubMed
The Immunomodulatory Role of Mesenchymal Stem Cell-Derived Exosomes in the Treatment of Asthma.,"You Furong, Gao Qian, Li Wenxing",International journal of nanomedicine,2026-08-25,"Asthma is a chronic respiratory disease characterized by airway inflammation, hyperresponsiveness, and remodeling. Its pathogenesis is mainly related to immune imbalance, including Th1/Th2 and Th17/Treg imbalance, ILC2 activation and macrophage polarization, all of these contribute to airway inflammation and epithelial damage. Existing glucocorticosteroids and biologics have limited efficacy in no",https://pubmed.ncbi.nlm.nih.gov/42634804/,PubMed
The lncRNA GAS5 Is Associated with Altered Exosomal MiR-651-5p Cargo in Microglia and May Serve as a Potential Marker of Relapsing-Remitting Multiple Sclerosis.,"Khorasani Amirhossein Mohajeri, Karimi Elham, Zarei Mahboobeh","MicroRNA (Shariqah, United Arab Emirates)",2026-08-25,"Multiple Sclerosis (MS) involves immune dysfunction and demyelination in the central nervous system. Blood biomarkers can distinguish MS patients and identify early disease. The long non-coding RNA GAS5 regulates cell growth and immune activity. This study examines GAS5 expression in PBMCs of Relapsing-Remitting MS (RRMS) patients and its associated miRNAs in exosomes. In this study, we constructe",https://pubmed.ncbi.nlm.nih.gov/42634554/,PubMed
"Innovative Insights into Osteosarcoma: Unraveling the Role of LncRNAs, miRNAs, and CircRNAs in Tumorigenesis and Therapeutic Resistance.","Yeganeh Ali, Ghorbanlo Masoud, Kazemi Siamak",Current gene therapy,2026-08-25,"Osteosarcoma (OS) is the most common form of primary bone malignancy, characterized by the production of osteoid tissue and contributing significantly to cancer-related mortality in both pediatric and adult populations. The etiology of OS remains multifactorial, involving genetic predispositions, environmental exposures, and complex molecular alterations. Despite advances in surgery and chemothera",https://pubmed.ncbi.nlm.nih.gov/42634505/,PubMed
Expanding Transposase Technology to Regulatory Noncoding RNAs for Stable Expression in CHO Cells.,"Lochmueller Sonja, Weiss Linus, Otte Kerstin",Biotechnology journal,2026-08-25,"Stable expression of regulatory non-coding RNAs enables targeted cell engineering in Chinese hamster ovary (CHO) cells but commonly relies on random integration, resulting in variable expression. Here, we establish a transposase-mediated platform for stable microRNA (miRNA) expression in CHO cells and demonstrate the first application of a DNA transposon system for long-term miRNA genome integrati",https://pubmed.ncbi.nlm.nih.gov/42634449/,PubMed
Paraspeckle-Mediated Integration of Nuclear RNA Regulation in Skeletal Homeostasis and Pathological Disorder.,"Wei Liangliang, Zhang Yan, Huang Dageng",Calcified tissue international,2026-08-25,"Paraspeckles are NEAT1_2-dependent nuclear ribonucleoprotein condensates that regulate gene expression through RNA retention, protein sequestration, transcriptional control, and RNA processing. This review systematically summarizes paraspeckle organization and examines the roles of NEAT1 isoforms and paraspeckle-associated proteins in diverse skeletal diseases. By integrating evidence from osteopo",https://pubmed.ncbi.nlm.nih.gov/42634043/,PubMed
LINC00152/miR-145-5p/KLF4 ceRNA Axis: Diagnostic and Prognostic Value in Aortic Dissection.,"Guan Xiaomei, Li Jun","APMIS : acta pathologica, microbiologica, et immunologica Scandinavica",2026-08-25,"Aortic dissection (AD) is a fatal cardiovascular emergency. This study explored the clinical value and mechanism of the LINC00152/miR-145-5p/KLF4 ceRNA axis in AD. 105 ad patients and 55 healthy controls were enrolled. LINC00152, miR-145-5p, and KLF4 levels were measured by qRT-PCR. ROC and Cox regression analyses assessed diagnostic and prognostic value. Dual-luciferase reporter and rescue experi",https://pubmed.ncbi.nlm.nih.gov/42634013/,PubMed
"Confound-aware lncRNA genomics: Separating biology from abundance, composition, and temporal artefacts.",Tani Hidenori,Biotechnology advances,2026-08-25,"Long non-coding RNAs (lncRNAs) are nominated at scale as disease biomarkers and as targets for antisense and RNA-targeting therapeutics, yet many fail to replicate - a translational liability: an artefactual target wastes preclinical investment. The reflex explanation is that lncRNA biology is intrinsically hard to measure. This Review argues instead that a large, addressable fraction of the irrep",https://pubmed.ncbi.nlm.nih.gov/42633884/,PubMed
Negative regulation of seed germination in Medicago truncatula by the lncRNA MtCIR1 under salt stress is associated with alternative splicing.,"Tian Rui, Sun Xiaohan, Zhao Mingui",Plant science : an international journal of experimental plant biology,2026-08-25,"Seed germination, an initial stage of the plant life cycle, is sensitive to salt stress. Phytohormones such as abscisic acid (ABA) and gibberellins (GA) are involved in the suppression of seed germination by salt stress. Despite identification of numerous salt stress-responsive long noncoding RNAs (lncRNAs) in different vascular plants, the mechanisms by which lncRNAs regulate seed germination und",https://pubmed.ncbi.nlm.nih.gov/42633861/,PubMed
LncRNA-driven alternative splicing landscapes associate with survival outcomes in ovarian cancer.,"Cao Yan, Zhao Jian, He Shan",Non-coding RNA research,2026-08-25,"Ovarian cancer (OV) has the highest mortality rate among gynecological malignancies, with limited improvement in survival despite emerging treatments, underscoring an urgent need for novel diagnostic and therapeutic targets. Alternative splicing (AS) plays critical roles in OV progression, and long non-coding RNAs (lncRNAs) have recently been implicated as splicing regulators in tumor development.",https://pubmed.ncbi.nlm.nih.gov/42633203/,PubMed
Altered Expression of GABPB1-IT1 and SLC9A3-AS1 Long Non-Coding RNAs in Recurrent Implantation Failure.,"Zaki-Dizaji Majid, Ebrahimi Amir, Jamshidi Behnoosh",Journal of reproduction & infertility,2026-08-25,"Recurrent implantation failure (RIF) impairs assisted reproductive technology (ART) success, though its mechanisms remain unclear. Studies have implicated altered miRNA expression in the plasma and endometrium of patients with RIF. In this study, long non-coding RNA (lncRNA) expression in plasma was investigated, using RIF-specific lncRNA-miRNA-mRNA network as guide. This study included 30 women w",https://pubmed.ncbi.nlm.nih.gov/42633040/,PubMed
An Evaluation on the Role of Non-Coding RNA in HIV Transcription and Latency: A Review,Xiangshuai Liu,arXiv,2026-08-25,"The existence of latent cellular reservoirs is recognized as the major barrier to an HIV cure. Reactivating and eliminating ""shock and kill"" or permanently silencing ""block and lock"" the latent HIV reservoir, as well as gene editing, remain promising approaches, but so far have proven to be only partially successful. Moreover, using latency reversing agents or ""block and lock"" drugs pose additiona",http://arxiv.org/abs/2502.06107v1,arXiv
"Blood-derived lncRNAs as potential biomarkers for early cancer diagnosis: The Good, the Bad and the Beauty","Cedric Badowski, Bing He, Lana X Garmire",arXiv,2026-08-25,Cancer ranks as one of the deadliest diseases worldwide. The high mortality rate associated with cancer is partially due to the lack of reliable early detection methods and/or inaccurate diagnostic tools such as certain protein biomarkers. Cell-free nucleic acids (cfNA) such as circulating long non-coding RNAs (lncRNAs) have recently been proposed as a new class of potential biomarkers that could ,http://arxiv.org/abs/2109.11746v1,arXiv
BPPart and BPMax: RNA-RNA Interaction Partition Function and Structure Prediction for the Base Pair Counting Model,"Ali Ebrahimpour-Boroojeny, Sanjay Rajopadhye, Hamidreza Chitsaz",arXiv,2026-08-25,"RNA-RNA interaction (RRI) is ubiquitous and has complex roles in the cellular functions. In human health studies, miRNA-target and lncRNAs are among an elite class of RRIs that have been extensively studied. Bacterial ncRNA-target and RNA interference are other classes of RRIs that have received significant attention. In recent studies, mRNA-mRNA interaction instances have been observed, where bot",http://arxiv.org/abs/1904.01235v2,arXiv
A scRNA-seq-guided gelsolin-functionalized gelatin methacryloyl platform integrating structural support and immunomodulation for osteoarthritis repair.,"Huang Xv, Wang Shoujie, Zhuang Genying",International journal of biological macromolecules,2026-08-25,"Osteoarthritis (OA) is a debilitating degenerative joint disease characterized by the irreversible breakdown of articular cartilage and chronic synovial inflammation. Current clinical interventions are primarily palliative, failing to address the dual challenges of structural degradation and the hostile, inflammatory myeloid microenvironment. We developed Gelsolin-Gelma@PLX3397 (GGP) hydrogel succ",https://pubmed.ncbi.nlm.nih.gov/42636921/,PubMed
RNA and lipid composition analyses reveal distinct profiles between HEK293-derived extracellular vesicles and HIV-1 Gag virus-like particles.,"García-Trujillo Marc, Lavado-García Jesús, Pérez-Rubio Pol",Biomedicine & pharmacotherapy = Biomedecine & pharmacotherapie,2026-08-25,"Extracellular vesicles (EVs) and HIV-1 Gag virus-like particles (VLPs) represent promising platforms for therapeutic delivery and vaccine development. However, their molecular cargo may critically influence their biological properties and clinical applicability. In this study, a multi-omic approach combining transcriptomic and lipidomic analyses was applied to characterize and compare the RNA and ",https://pubmed.ncbi.nlm.nih.gov/42636636/,PubMed
miR-486-5p suppresses autophagy in hepatocellular carcinoma via activation of the AKT/mTOR signalling pathway.,"Li Yazheng, Hou Mei, Jin Yong",Molecular biomedicine,2026-08-25,"Autophagy is controlled by a complex signalling network and is closely linked to the initiation and progression of hepatocellular carcinoma (HCC). However, how microRNAs (miRNAs) regulate autophagy in HCC remains incompletely understood. In this study, we identified microRNA-486-5p (miR-486-5p) as a tumour-associated microRNA that is enriched in circulating exosomes derived from patients with HCC.",https://pubmed.ncbi.nlm.nih.gov/42635933/,PubMed
Macrophage PARP7 Alleviates Septic Cardiomyopathy by Interacting With TBK1 and Suppressing TBK1-Driven Inflammatory Response.,"Han Jibo, Wang Lintao, Zhong Xin","Advanced science (Weinheim, Baden-Wurttemberg, Germany)",2026-08-25,"Septic cardiomyopathy is a life-threatening complication of sepsis, and an uncontrolled inflammatory response represents a key pathogenic mechanism. PARP7 negatively regulates the IFN-I signaling pathway through a mono-ADP-ribosylation-dependent interaction with TBK1. Here, through comprehensive analysis of the expression profile of the PARP family in LPS-treated myocardial tissues, we propose tha",https://pubmed.ncbi.nlm.nih.gov/42635911/,PubMed
Therapeutic Effects of miR-29b-Enriched Nanovesicles on Mitochondrial Injury and Neuroinflammatory Processes in Alzheimer's Disease.,"Gönüllü Sinan, Dalkılınç Elif, Çelik Oğuz",Neurotoxicity research,2026-08-25,"Alzheimer's disease (AD) is defined by the accumulation of extracellular amyloid-β plaques and intracellular neurofibrillary tangles, which drive neuronal and synaptic impairment. In AD, the accumulation of protein aggregates leads to neuroinflammation, increased oxidative stress, and mitochondrial damage, resulting in neuronal loss and cognitive impairment. Emerging evidence highlights that micro",https://pubmed.ncbi.nlm.nih.gov/42635855/,PubMed
Polycation chain length determines the ,"Nakashima Yuki, Chen Pengwen, Hu Guanghao",Biomaterials science,2026-08-25,Messenger RNA (mRNA)-based therapeutics hold great promise by enabling ,https://pubmed.ncbi.nlm.nih.gov/42635068/,PubMed
Pharmacokinetic/Pharmacodynamic Translation and Model-Informed Drug Development for Oligonucleotide Therapeutics.,"Gupta Paridhi, Magee Mindy, Ayyar Vivaswath S",Journal of clinical pharmacology,2026-08-25,"Small interfering RNAs (siRNAs) and antisense oligonucleotides (ASOs) have emerged as clinically validated therapeutic modalities, with approvals and late-stage development programs spanning rare genetic, neurologic, cardiovascular, metabolic, and infectious diseases. Despite these advances, oligonucleotide development presents unique challenges compared with small molecules and biologics, includi",https://pubmed.ncbi.nlm.nih.gov/42634400/,PubMed
Esterified Cholesterol Conjugates Enable LNP-Mediated mRNA Delivery to the Blood-Brain Barrier Following Intravenous Administration.,"Tian Zeru, Wang Xu, Benitez Alexis Pacheco","Advanced materials (Deerfield Beach, Fla.)",2026-08-25,"The blood-brain barrier (BBB) plays a critical role in maintaining central nervous system homeostasis by regulating molecular and cellular exchange between the brain and peripheral circulation. While most delivery strategies focus on crossing the BBB, targeting brain endothelial cells directly may offer a complementary and more controlled alternative for therapeutic intervention. This study presen",https://pubmed.ncbi.nlm.nih.gov/42634137/,PubMed
"RNA modifications in organ fibrosis: bibliometric evolution, convergent mechanisms, and emerging pharmacological targets.","Zheng Mingbo, Jiang Xiaoying",Naunyn-Schmiedeberg's archives of pharmacology,2026-08-25,"Fibrosis is a common pathological outcome of chronic tissue injury, yet effective antifibrotic pharmacotherapies remain scarce. RNA modifications are covalent chemical alterations of the ribose sugar or nitrogenous bases of RNA without changing the RNA sequence. This study aimed to map the evolution of research linking RNA modifications to fibrosis and to integrate the bibliometric signals with me",https://pubmed.ncbi.nlm.nih.gov/42634029/,PubMed
Targeted degradation of Influenza a virus nucleoprotein via aptamer-based PROTACs for antiviral therapy.,"Li Weiqiang, Ju Yong, Gao Yaoyao",Virulence,2026-08-25,"Influenza A virus (IAV) poses a serious threat to public health due to its high mutability and rapid transmissibility. The viral nucleoprotein (NP), a highly conserved and essential component, has emerged as an ideal target for antiviral therapies. However, its biological function has proven challenging to modulate with conventional drugs, and no NP-targeting therapeutics have reached the market s",https://pubmed.ncbi.nlm.nih.gov/42633648/,PubMed
Design of liquid crystalline nanoparticles: Linking composition to membrane interactions and siRNA delivery.,"Silvestrini Ana Vitória Pupo, de Abreu Fantini Márcia Carvalho, Ramos Ana Paula",International journal of pharmaceutics: X,2026-08-25,"The clinical translation of small interfering RNA (siRNA) therapeutics critically depends on delivery systems capable of protecting nucleic acids, enabling efficient cellular uptake, and promoting cytosolic release. Liquid crystalline nanoparticles (LCNs) are promising carriers due to tunable internal nanostructure and biocompatibility, yet how composition controls membrane affinity and biological",https://pubmed.ncbi.nlm.nih.gov/42633180/,PubMed
Discovery of Monoterpenoid Indole Alkaloids Targeting CCN1 to Suppress Autophagy for the Treatment of Hypoxic Kidney Injury.,"Qiao Xue, Chen Shun-Qing, Sarotti Ariel M",Journal of medicinal chemistry,2026-08-25,"Hypoxic kidney injury remains difficult to treat due to the lack of therapies that effectively prevent podocyte injury and disease progression. Bioassay-guided investigation of Tabernaemontana pandacaqui yielded ten monoterpenoid indole alkaloids (MIAs), including eight new compounds with five unprecedented carbon skeletons. Notably, compound 6 is the first MIA monomer with a 6/5/6/5/6 pentacyclic",https://pubmed.ncbi.nlm.nih.gov/42632911/,PubMed
A gelatin methacryloyl (GelMA)-based biomimetic melatonin/vascular endothelial growth factor-encoding plasmid (pVEGF) nerve conduit regulates the early redox-angiogenic microenvironment for long-gap peripheral nerve repair.,"Du Longbo, Zhang Hanbo, Zeng Chuyang",International journal of biological macromolecules,2026-08-25,"Biological macromolecule-derived matrices and biomimetic delivery interfaces can convert artificial nerve conduits from passive bridges into locally regulatory repair platforms. Long-gap peripheral nerve defects remain difficult to repair because the defect region must rapidly rebuild a vascularized, cytoprotective, and cell-permissive microenvironment for Schwann cell survival, axonal extension, ",https://pubmed.ncbi.nlm.nih.gov/42632501/,PubMed
"Homeobox genes in endocrine tumorigenesis: mechanisms, tumor microenvironment interaction, and therapeutic potential.","Kong Silin, Zhang Kexin, Kan Chengxia","Medical oncology (Northwood, London, England)",2026-08-25,"The homeobox (HOX) gene family is a highly conserved group of transcription factors, important for embryonic patterning, positional identity, and lineage commitment. Although many HOX genes are largely silenced in adult endocrine tissues, emerging evidence suggests that their aberrant reactivation contributes to tumorigenic processes in certain endocrine neoplasms, such as thyroid cancer and adren",https://pubmed.ncbi.nlm.nih.gov/42631784/,PubMed
"Self-Amplifying RNA-Based Therapeutics: Advances, Challenges, and Future Perspectives.","Zong Yan, Jin Chanyuan, Cheng Qiang","Small (Weinheim an der Bergstrasse, Germany)",2026-08-25,"mRNA therapeutics have garnered significant attention in recent years due to their remarkable success in addressing unmet medical needs across diverse fields, including infectious diseases, cancer, and hereditary disorders. Among the various modalities of mRNA therapeutics, self-amplifying mRNA (saRNA) has emerged as a particularly promising platform. Distinguished by its ability to achieve robust",https://pubmed.ncbi.nlm.nih.gov/42631501/,PubMed
Long non-coding RNAs in glioblastoma: from molecular drivers to therapeutic targets.,"Elemam Noha M, Sweillam Jana H, El-Sherif Youssef",Frontiers in immunology,2026-08-25,"Glioblastoma (GBM) is the most aggressive primary malignant brain tumor in adults and remains associated with poor clinical outcomes despite advances in surgical resection, radiotherapy, and temozolomide-based chemotherapy. Its remarkable molecular heterogeneity, highly immunosuppressive tumor microenvironment, and intrinsic therapeutic resistance continue to limit the effectiveness of current tre",https://pubmed.ncbi.nlm.nih.gov/42630738/,PubMed
Manganese-Functionalized GelMA Hydrogels for MRI-Guided Immunotheranostics in Precision Oncology,"Motahareh Nazari, Keyvan Alavi",arXiv,2026-08-25,"Precision oncology requires multifunctional platforms capable of integrating accurate tumor diagnosis, localized therapeutic delivery, immune modulation, and real-time monitoring of treatment response. Gelatin methacryloyl (GelMA) hydrogels have emerged as versatile biomaterials for biomedical engineering because of their biocompatibility, extracellular matrix-like structure, tunable mechanical pr",http://arxiv.org/abs/2606.29599v1,arXiv
Reinforcement-guided generative protein language models enable de novo design of highly diverse AAV capsids,"Lucas Ferraz, Ana F. Rodrigues, Pedro Giesteira Cotovio",arXiv,2026-08-25,"Adeno-associated viral (AAV) vectors are widely used delivery platforms in gene therapy, and the design of improved capsids is key to expanding their therapeutic potential. A central challenge in AAV bioengineering, as in protein design more broadly, is the vast sequence design space relative to the scale of feasible experimental screening. Machine-guided generative approaches provide a powerful m",http://arxiv.org/abs/2603.19473v1,arXiv
Preclinical and clinical trials for vaccine induction of CD4-binding site-neutralizing antibodies.,"Mendes Silva Catarina, Sanders Rogier W, Caniels Tom G",Current opinion in HIV and AIDS,2026-08-25,"To summarize current preclinical and clinical efforts to induce CD4bs-directed broadly neutralizing antibodies (bnAbs) against HIV-1 Env using germline-targeting and lineage-based vaccination strategies, and to highlight how differences in immunogen design, particularly along gradients of precursor affinity and structural constraint, shape VRC01-class responses and inform subsequent shaping and po",https://pubmed.ncbi.nlm.nih.gov/42636339/,PubMed
Advances in therapeutics and vaccines for Marburg virus disease: challenges and future directions.,"Kandi Venkataramana, Branda Francesco, Alissa Mohammed",Expert review of anti-infective therapy,2026-08-25,"Marburg virus disease (MVD) is a highly lethal filovirus infection with case fatality rates of up to 88%. Although no virus-specific interventions have yet been approved, recent laboratory breakthroughs have markedly accelerated translational progress in vaccine and therapeutic development. A hybrid methodological design was employed, combining macro-level bibliometric analysis with a targeted qua",https://pubmed.ncbi.nlm.nih.gov/42636264/,PubMed
Vector competence of temperate and tropical mosquito species for Babanki virus.,"Ban Mathilde, Geolier Virginie, Perthame Emeline",PLoS neglected tropical diseases,2026-08-25,"Babanki virus (BBKV), an alphavirus belonging to the Western Equine Encephalitis antigenic complex, was first isolated from Mansonia africana mosquitoes in 1969 but remains poorly characterized. Transmitted to humans and animals through the bite of an infectious female mosquito, it is associated with febrile illness, rash, and arthritis, similarly to its close relative Sindbis virus. No specific t",https://pubmed.ncbi.nlm.nih.gov/42636212/,PubMed
Single-Cell Profiling Identifies Skin-Resident Memory CD4,"Clegg Jonah, Cova Giovanni, Carignano Alberto",European journal of immunology,2026-08-25,"Staphylococcus aureus is a leading cause of skin and soft tissue infections (SSTIs), yet the cellular mediators of protective memory remain incompletely defined. Using a self-resolving murine SSTI model, we combined longitudinal single-cell RNA sequencing with flow cytometry to characterize immune memory within the skin following infection. We identified a persistent population of CD4",https://pubmed.ncbi.nlm.nih.gov/42635357/,PubMed
COVID-19 Vaccine-induced Autoimmune Rheumatic Diseases: A Systematic Review of Case Reports.,"Tekantapeh Sepideh Tahsini, Safarkhanlou Paria, Mirzohreh Seyedeh-Tarlan",Current rheumatology reviews,2026-08-25,"Autoimmune rheumatic diseases (ARDs) have been reported following various vaccinations, including those against COVID-19. Given widespread global vaccination and the rarity of these events, the causal association between COVID-19 vaccination and ARD onset remains unclear. This systematic review aimed to summarize reported ARD cases occurring after COVID-19 vaccination. A systematic search of PubMe",https://pubmed.ncbi.nlm.nih.gov/42634566/,PubMed
Methodological Alignment and Interpretive Boundaries in mRNA Vaccine Analysis.,Fleming Richard M,Journal of evaluation in clinical practice,2026-08-25,"Scientific critique is most informative when evaluative standards are aligned with a study's stated aims, analytical scope, and evidentiary boundaries. Misapplication of standards developed for one analytical purpose to studies designed for another can create category errors and distort interpretation. This issue is illustrated by contrasting analyses of nucleic acid content in mRNA vaccine lots. ",https://pubmed.ncbi.nlm.nih.gov/42633695/,PubMed
Optimizing Functional-Domain Integrity of Circular Ribonucleic Acid With Improved Vaccine Immunogenicity by circDesign Algorithm.,"Xu Congcong, Jiang Fan, Jiang Yifan",Angewandte Chemie (International ed. in English),2026-08-25,"Synthetic circular mRNA (hereafter referred to as circRNA) reduces susceptibility to exonuclease-mediated degradation by its covalently closed circular structure, enabling prolonged protein expression for therapeutic applications. In this circular format, protein expression from engineered circRNAs is achieved mainly through cap-independent translation initiation, commonly mediated by internal rib",https://pubmed.ncbi.nlm.nih.gov/42631383/,PubMed
Transcriptomic and proteomic signatures following AS03-adjuvanted Influenza A/H7N9 vaccine.,"Creech C Buddy, Steenbergen Kristen J, Gelber Casey E",Frontiers in immunology,2026-08-25,"Vaccines targeting avian influenza virus A/H7N9 are poorly immunogenic. While the immune responses can be improved with oil-in-water emulsion adjuvants such as Adjuvant System 03 (AS03), the cellular mechanisms underpinning the adjuvant effect are incompletely characterized and poorly understood. We enrolled 30 healthy adult participants and used RNA sequencing and quantitative proteomics to chara",https://pubmed.ncbi.nlm.nih.gov/42630599/,PubMed
Cholangiocarcinoma:Unveiling the cold tumor microenvironment and strategies for immune rejuvenation.,"Xu Wenqi, Liu Shuhan, Sun Longlong",Oncogene,2026-08-25,"Cholangiocarcinoma (CCA) remains a therapeutic challenge due to its ""immune cold"" phenotype, defined by a desmoplastic fortress and profound T cell exclusion. This review characterizes the multi layered immune escape mechanisms, ranging from defective antigen presentation to the recruitment of suppressive myeloid cells and fibroblasts. We detail how physical barriers and the gut-liver axis conspir",https://pubmed.ncbi.nlm.nih.gov/42629442/,PubMed
Engineered exosome-lymphotropic mRNA vaccine encoding series-connected antigens elicits potent antitumor immunity in pancreatic cancer.,"Li Yijia, Jin Jiaying, Chen Kemeng",International journal of pharmaceutics,2026-08-25,"Pancreatic ductal adenocarcinoma (PDAC) is driven by KRAS mutations in over 90% of cases yet remains refractory to most therapies due to poor antigen delivery and a suppressive tumor microenvironment. To address these challenges, we developed an exosome‑augmented, epitope‑focused mRNA nanovaccine. First, we engineered a series-connected (SC) mRNA that condenses five immunodominant KRAS‑mutant epit",https://pubmed.ncbi.nlm.nih.gov/42628816/,PubMed
Role of plasmacytoid dendritic cells in humoural and CD8,"Pizzichetti Chiara, Latino Irene, Virgilio Tommaso",EBioMedicine,2026-08-25,"The Pfizer-BioNTech coronavirus vaccine (BNT162b2) was among the first nanoparticle-based vaccines approved by the World Health Organisation (WHO) and demonstrated 95% efficacy against Severe Acute Respiratory Syndrome Coronavirus 2 (SARS-CoV-2) infection. Despite its success, the precise immune mechanism behind its effectiveness remains poorly understood. This study investigated the early immune ",https://pubmed.ncbi.nlm.nih.gov/42628376/,PubMed
Metabolic-epigenetic rewiring of CCR5,"Xu Lingqi, Hao Wenyan, Yang Yingyi",Science advances,2026-08-25,"Trained immunity enhances innate host defense by endowing monocytes with memory-like properties, yet the underlying integrated metabolic and epigenetic mechanisms remain elusive. Here, we demonstrate that coimmunization with Bacille Calmette-Guérin (BCG) and bacterial lipoprotein (BLP) induces a durable form of trained immunity that provides robust, long-term protection against polymicrobial sepsi",https://pubmed.ncbi.nlm.nih.gov/42627899/,PubMed
Comprehensive Analytical Characterization of mRNA Influenza Vaccine Under Stress Conditions: Implications for Stability and Quality Control.,"Kim Jiyoun, Sim Jiyoung, Park Seulgi",Pharmaceutical research,2026-08-25,"This study aimed to characterize the physicochemical stability of mRNA-lipid nanoparticle (LNP) influenza vaccine candidates under various environmental stressors using forced degradation studies (FDSs) and to correlate these changes with in vitro protein expression. FDSs were conducted to evaluate the effects of temperature, oxidation, hydrolysis, and agitation on mRNA-LNP formulations. Comprehen",https://pubmed.ncbi.nlm.nih.gov/42627629/,PubMed
Differential functional immune recall across homologous and heterologous COVID-19 vaccination regimens.,"Che-Kamaruddin Naim, Johari Jefree, Yahaya Hasmawati",Frontiers in immunology,2026-08-25,"Understanding how different COVID-19 vaccine combinations shape long-term immunity is essential for improving durability and guiding booster strategies. Despite extensive characterization of neutralizing antibodies, long-term memory B and T cell responses after homologous and heterologous vaccination regimens remain poorly understood. In this study, peripheral blood mononuclear cells (PBMCs) from ",https://pubmed.ncbi.nlm.nih.gov/42625910/,PubMed
Superior in-vivo efficacy of integrated tumor neoantigen vaccination with adoptive neoantigen-reactive T-cell therapy in solid tumor.,"Liang Guozheng, Zhang Boyue, Chen Dan",Translational oncology,2026-08-25,"Neoantigens from tumor mutations are key cancer immunotherapy targets. This study evaluated the efficacy of combined immunotherapy (neoantigen vaccines + adoptive neoantigen-reactive T cells, NRT) in solid tumors to lay a foundation for clinical trials. Candidate neoantigens were predicted via whole-exome/transcriptome sequencing of MC38, B16-MO4, and Hepa1-6 tumors, validated by ELISPOT. NRT prep",https://pubmed.ncbi.nlm.nih.gov/42623869/,PubMed
Mechanism of neoantigen generation and advances in neoantigen-based immunotherapies in colorectal cancer.,"Wang Na, Xia Yimeng, Wang Ping","Medical oncology (Northwood, London, England)",2026-08-25,"Colorectal cancer (CRC) is a leading cause of cancer-related morbidity and mortality worldwide. Conventional therapeutic modalities-such as surgery, chemotherapy, and radiotherapy-yield suboptimal outcomes in advanced or recurrent disease, while immune checkpoint inhibitors demonstrate durable clinical benefit almost exclusively in the microsatellite instability-high (MSI-H) subset, which constitu",https://pubmed.ncbi.nlm.nih.gov/42622964/,PubMed
Conditioned Media-Derived Tumor Extracellular Vesicles: Bridging Molecular Insights and Therapeutic Applications in Oncology.,"Alkaabi Alaya, Nasrallah Dana, Giordo Roberta",Wiley interdisciplinary reviews. Nanomedicine and nanobiotechnology,2026-08-25,"Tumor-derived extracellular vesicles (EVs) are major mediators of oncogenic intercellular communication. However, many studies using conditioned media (CM) recover operationally defined EV- or small EV-enriched fractions rather than biogenesis-proven exosomes. This review synthesizes evidence from CM-derived tumor EV studies and aligns their biological interpretation with current EV nomenclature, ",https://pubmed.ncbi.nlm.nih.gov/42622361/,PubMed
Protective pan-betacoronavirus neutralizing antibodies by vaccination.,"Zhou Panpan, Feng Ziqi, He Wan-Ting",bioRxiv : the preprint server for biology,2026-08-25,"The continued emergence of betacoronaviruses underscores the urgent need for vaccines that provide broadly protective immunity. Here, we present an epitope-focused vaccine strategy targeting the conserved S2 stem-helix region of the spike fusion machinery, a broadly neutralizing antibody-(bnAb) epitope shared across betacoronaviruses yet partially occluded on the native spike. Immunization of non-",https://pubmed.ncbi.nlm.nih.gov/42620419/,PubMed
Intranasal delivery of a vasoactive intestinal peptide-based circRNA vaccine induces systemic and mucosal immunity against RSV in mice.,"Xiang Junqi, Xu Jie, Zhu Jing",Molecular therapy : the journal of the American Society of Gene Therapy,2026-08-25,"Respiratory syncytial virus (RSV) is a major cause of acute lower respiratory tract disease in infants and older adults; however, vaccine strategies capable of inducing robust respiratory mucosal immunity remain limited. Here, we developed a receptor-guided intranasal circular RNA (circRNA) vaccine platform based on a vasoactive intestinal peptide-nucleocapsid fusion protein (VIP-N), which enables",https://pubmed.ncbi.nlm.nih.gov/42619264/,PubMed
Transformer-Based Active Learning for Data-Efficient Vaccine Epitope Selection in PRRS,"Aspen Erlandsson Brisebois, Zahed Khatooni, Connor Burbridge",arXiv,2026-08-25,"High-fidelity molecular docking simulations can produce biologically relevant estimates of epitope-receptor binding affinity but are computationally expensive and therefore limit the number of candidates that can be screened for vaccine design. In this work, we evaluate machine learning (ML) approaches where variants of active learning are used to classify instances of high binding affinity betwee",http://arxiv.org/abs/2606.28659v1,arXiv
Exploring the Effects of Entanglement on Quantum Machine Learning of Pathogen Epitope-Receptor Binding,"Aspen Erlandsson Brisebois, Luis Pablo Gonzalez Dominguez, Shivansi Prajapati",arXiv,2026-08-25,"Parameterized quantum circuits (PQCs) provide a flexible substrate for hybrid quantum machine learning (QML), but their practical value on Noisy Intermediate-Scale Quantum (NISQ) devices remains an empirical question, especially because training depth and scale can introduce optimization challenges such as barren plateaus. Here we study how the number and topology of two-qubit entangling gates in ",http://arxiv.org/abs/2606.28655v1,arXiv
SUMOylation-Dependent Repression of BIRC7 by DNMT3a Suppresses Papillary Thyroid Carcinoma Progression.,"Liu Kunpeng, Su Zijie, Li Hongguang",Cell biochemistry and function,2026-08-25,"Papillary thyroid carcinoma (PTC) is the most prevalent endocrine malignancy, and while most patients respond well to standard therapies, a subset displays aggressive behavior, including lymph node metastasis and recurrence. The molecular mechanisms underlying PTC progression remain incompletely understood. Here, we identify baculoviral IAP repeat-containing 7 (BIRC7) as a pro-oncogenic factor upr",https://pubmed.ncbi.nlm.nih.gov/42638604/,PubMed
Role of giant grouper (Epinephelus lanceolatus) protein kinase R in antiviral responses and the regulation of eIF2α phosphorylation during nervous necrosis virus infection.,"Lee Sih-Shien, Chen Tzong-Yueh",Fish & shellfish immunology,2026-08-25,"Giant grouper (Epinephelus lanceolatus) is an important aquaculture species in Taiwan. However, groupers in the fry stage are easily infected by the nerve necrosis virus (NNV), which has caused major problems in the grouper aquaculture industry in Taiwan. Interferon is an important molecule in the antiviral pathway, and protein kinase R (PKR), downstream of the transmission chain, plays an importa",https://pubmed.ncbi.nlm.nih.gov/42637166/,PubMed
The A,"Li Shuo, Wang Shan, Zhang Yao",Fish & shellfish immunology,2026-08-25,The A,https://pubmed.ncbi.nlm.nih.gov/42637162/,PubMed
Mitochondrial Fusion Protein Mitofusin-2 Mediates the Protection of Fish Oil Against Porcine Intestinal Injury Induced by Deoxynivalenol.,"Xiao Kan, Zhang Minfang, Lv Qingqing",The Journal of nutrition,2026-08-25,"Fish oil, rich in EPA and DHA, exerts beneficial effects on gastrointestinal diseases in humans and animals. This study aimed to investigate whether fish oil attenuated DON-induced intestinal dysfunction and abnormal expression of mitochondrial fission/fusion-related proteins in weaned piglets. Twenty-four weaned pigs were used in a 2 × 2 factorial design (6 pigs /group) and the factors included d",https://pubmed.ncbi.nlm.nih.gov/42637136/,PubMed
Targeting the NR1D1-IGF2BP2-V-ATPase Axis With Hybrid Nanovesicles Restores Macrophage Rhythms to Reverse Sepsis-Induced Immunosuppression.,"Chen Lang, Lin Wenyi, Jiang Lang","Advanced science (Weinheim, Baden-Wurttemberg, Germany)",2026-08-25,"Patients with sepsis exhibit circadian disruption and persistent immunosuppression. However, the molecular mechanisms linking them remain unclear. Integration of multi-cohort transcriptomic and single-cell datasets shows that circadian gene dysregulation in patients with sepsis and septic mice correlates with disease severity and immunosuppressive states, with monocytes/macrophages emerging as a p",https://pubmed.ncbi.nlm.nih.gov/42636084/,PubMed
Irisin Restrains Oligodendroglial Ferroptosis to Preserve White Matter After Traumatic Brain Injury via AMPK Activation.,"Zhai Tingting, Wang Haixu, An Yuan",FASEB journal : official publication of the Federation of American Societies for Experimental Biology,2026-08-25,"Traumatic brain injury (TBI) results in diffuse white matter (WM) damage, which is a major determinant of death and long-term disability. Irisin, a myokine with promising neuroprotective effects, but whether irisin modulates WM injury after TBI remains unknown. Using a controlled cortical impact (CCI) mouse model, we evaluated post-TBI irisin expression and its protective effects on neurological f",https://pubmed.ncbi.nlm.nih.gov/42636022/,PubMed
A Cascaded DNA Nanocircuit for Multi-Signal-Responsive Precision siRNA Delivery in Cancer Therapy.,"Zhao Yan, Lan Yufei, Lee Min-Goo","Advanced science (Weinheim, Baden-Wurttemberg, Germany)",2026-08-25,"Precision control over nucleic acid delivery remains a critical challenge in cancer therapy, particularly for siRNA-based gene silencing, where off-target effects limit clinical translation. Herein, we report a programmably engineered DNA nanocircuit with cascaded dual-AND logic gates, which enables the development of a spatiotemporally controlled siRNA delivery strategy for precision cancer thera",https://pubmed.ncbi.nlm.nih.gov/42635629/,PubMed
Deciphering HPV-Associated Immune Evasion in Cervical Cancer Through Multi-Omics Profiling and Computational Screening.,"Guo Rui, He Wenting, Liu Xia",Analytical cellular pathology (Amsterdam),2026-08-25,"Human papillomavirus (HPV) infection is a major contributor to cervical cancer (CC), yet the molecular mechanisms driving HPV-associated immune evasion remain largely undefined. Bulk RNA-seq (The Cancer Genome Atlas [TCGA]-CESC) and single-cell RNA-seq datasets (GSE171894, GSE197461) were analyzed to elucidate transcriptional and immune landscape differences between HPV-positive and HPV-negative c",https://pubmed.ncbi.nlm.nih.gov/42635083/,PubMed
[PTPRO inhibitor alleviates cytoskeletal rearrangement and pyroptosis in brain microvascular endothelial cells in sepsis-associated encephalopathy via PI3K/AKT-related signaling].,"Wu Fengjiao, Tang Haitao, Xiong Qianqian",Xi bao yu fen zi mian yi xue za zhi = Chinese journal of cellular and molecular immunology,2026-08-25,"Objective Sepsis-associated encephalopathy (SAE) is a common and severe complication of sepsis and is closely associated with blood-brain barrier (BBB) dysfunction and brain microvascular endothelial cell injury. Protein tyrosine phosphatase receptor type O (PTPRO) plays an important role in inflammatory signal transduction and cellular functional regulation; however, its role in regulating brain ",https://pubmed.ncbi.nlm.nih.gov/42634903/,PubMed
Emerging Pharmacological Therapies for Hypertension.,"Mahajan Pritesh, Pagar Ashish, Baviskar Kajal",Current hypertension reviews,2026-08-25,"This review provides a general overview of the physiological effects and pharmacokinetic properties that affect the absorption, distribution, metabolism, and elimination of recently developed antihypertensive drugs, such as fimasartan, azilsartan, zilebesiran, aprocitentan, and esaxerenone. It provides an opportunity to understand the pharmacologic properties of drugs like esaxerenone, a non-stero",https://pubmed.ncbi.nlm.nih.gov/42634574/,PubMed
"HE4 Silence Combined with DDP in the Treatment of Ovarian Cancer, Especially Platinum-resistant Ovarian Cancer.","Zuo Yaxin, Wang Ruiqin, Xu Yunshu",Current cancer drug targets,2026-08-25,"Ovarian cancer (OC) is the most lethal gynecological malignancy. Human epididymis protein 4 (HE4) is a secreted glycoprotein serving as a clinical OC biomarker. This study aimed to employ RNAi technology to silence HE4 gene expression, combined with cisplatin (DDP), to explore the effects on the OVCAR-3 cell line and its cisplatin-resistant counterpart. The cisplatin-resistant cell line OVCAR-3/DD",https://pubmed.ncbi.nlm.nih.gov/42634368/,PubMed
Blocking the RhoA/ROCK/cofilin/F-actin Pathway via Y27632 Protects Against MERTK-deficient Retinal Degeneration and Visual Function Impairment.,"Feng Lujia, Zhang Ting, Du Yong",Current medicinal chemistry,2026-08-25,"Retinitis pigmentosa (RP) is the most common inherited neurodegenerative retinal disease. Mer receptor tyrosine kinase (MERTK) mutations are associated with severe RP and dysfunction of the RPE. Previous studies have shown that MERTK and the Rho-associated coiled-coil-containing kinases (ROCK) pathway are involved in phagocytosis. However, the specific role of the ROCK pathway in the context of ME",https://pubmed.ncbi.nlm.nih.gov/42634332/,PubMed
Metformin Enhances Macrophage Phagocytosis and Intracellular Clearance of Hypervirulent ,"Lin YingYing, Li PeiFen, Chen WenBiao",Infection and drug resistance,2026-08-25,"Hypervirulent  Using hvKp strain NTUH-K2044-infected THP-1 macrophages, assays measured intracellular bacterial survival, autophagy flux, phagocytosis, and cytokine expression. AMPK-autophagy involvement was tested with agonists/inhibitors and siRNA. A murine liver abscess model assessed MET's efficacy on bacterial burden and immunopathology. MET reduced intracellular hvKp in macrophages and impro",https://pubmed.ncbi.nlm.nih.gov/42633431/,PubMed
Carrier-free doxorubicin nanomedicine integrates chemotherapy and chemodynamic therapy to achieve anti-tumor efficacy.,"Liu Min, Hu Xin, Liu Siyi",Asian journal of pharmaceutical sciences,2026-08-25,"Nanomedicines have been constructed to enhance the efficacy and safety of traditional anti-cancer drugs. However, the clinical translation of these nanomedicines was hindered by the complexity of carrier materials and functional integration. In this study, a carrier-free nanomedicine composed of doxorubicin (DOX), Cu",https://pubmed.ncbi.nlm.nih.gov/42633352/,PubMed
DeepSilencer: A Novel Deep Learning Model for Predicting siRNA Knockdown Efficiency,"Wangdan Liao, Weidong Wang",arXiv,2026-08-25,"Background: Small interfering RNA (siRNA) is a promising therapeutic agent due to its ability to silence disease-related genes via RNA interference. While traditional machine learning and early deep learning methods have made progress in predicting siRNA efficacy, there remains significant room for improvement. Advanced deep learning techniques can enhance prediction accuracy, reducing the relianc",http://arxiv.org/abs/2503.04200v1,arXiv
Maturation of siRNA by strand separation: Steered Molecular dynamics study,"Rakesh K Mishra, Sanchita Mukherjee, Dhananjay Bhattacharyya",arXiv,2026-08-25,"RNA interference, particularly siRNA induced gene silencing is becoming an important avenue of modern therapeutics. The siRNA is delivered to the cells as short double helical RNA which becomes single stranded for forming the RISC complex. Significant experimental evidence is available for most of the steps except the process of the separation of the two strands. We have attempted to understand th",http://arxiv.org/abs/1910.03778v1,arXiv
Using a hydrogen-bond index to predict the gene-silencing efficiency of siRNA based on the local structure of mRNA,"Kathy Q. Luo, Donald C. Chang",arXiv,2026-08-25,The gene silencing effect of short interfering RNA (siRNA) is known to vary strongly with the targeted position of the mRNA. A number of hypotheses have been suggested to explain this phenomenon. We would like to test if this positional effect is mainly due to the secondary structure of the mRNA at the target site. We proposed that this structural factor can be characterized by a single parameter ,http://arxiv.org/abs/1710.07413v1,arXiv
Unraveling siRNA Unzipping Kinetics with Graphene,"Santosh Mogurampelly, Swati Panigrahi, Dhananjay Bhattacharyya",arXiv,2026-08-25,"Using all atom molecular dynamics simulations, we report spontaneous unzipping and strong binding of small interfering RNA (siRNA) on graphene. Our dispersion corrected density functional theory based calculations suggest that nucleosides of RNA have stronger attractive interactions with graphene as compared to DNA residues. These stronger interactions force the double stranded siRNA to spontaneou",http://arxiv.org/abs/1207.4569v1,arXiv
Unzipping and binding of small interfering RNA with single walled Carbon Nanotube: a platform for small interfering RNA delivery,"Mogurampelly Santosh, Swati Panigrahi, Dhananjay Bhattacharyya",arXiv,2026-08-25,"In an effort to design efficient platform for siRNA delivery, we combine all atom classical and quantum simulations to study the binding of small interfering RNA (siRNA) by pristine single wall carbon nanotube (SWCNT). Our results show that siRNA strongly binds to SWCNT surface via unzipping its base-pairs and the propensity of unzipping increases with the increase in the diameter of the SWCNTs. T",http://arxiv.org/abs/1203.2409v1,arXiv
Nanodiamond as a vector for siRNA delivery to Ewing sarcoma cells,"Anna Alhaddad, Marie-Pierre Adam, Jacques Botsoa",arXiv,2026-08-25,"We investigated the ability of diamond nanoparticles (nanodiamonds, NDs) to deliver small interfering RNA (siRNA) in Ewing sarcoma cells, in the perspective of in vivo anti-cancer nucleic acid drug delivery. siRNA was adsorbed onto NDs previously coated with cationic polymer. Cell uptake of NDs has been demonstrated by taking advantage of NDs intrinsic fluorescence coming from embedded color cente",http://arxiv.org/abs/1106.2252v2,arXiv
Target prediction and a statistical sampling algorithm for RNA-RNA interaction,"F. W. D. Huang, J. Qin, C. M. Reidys",arXiv,2026-08-25,"It has been proven that the accessibility of the target sites has a critical influence for miRNA and siRNA. In this paper, we present a program, rip2.0, not only the energetically most favorable targets site based on the hybrid-probability, but also a statistical sampling structure to illustrate the statistical characterization and representation of the Boltzmann ensemble of RNA-RNA interaction st",http://arxiv.org/abs/0908.0597v1,arXiv
In silico evidence of the relationship between miRNAs and siRNAs,"Ludovica Montanucci, Piero Fariselli, Pier Luigi Martelli",arXiv,2026-08-25,"Both short interfering RNAs (siRNAs) and microRNAs (miRNAs) mediate the repression of specific sequences of mRNA through the RNA interference pathway. In the last years several experiments have supported the hypothesis that siRNAs and miRNAs may be functionally interchangeable, at least in cultured cells. In this work we verify that this hypothesis is also supported by a computational evidence. We",http://arxiv.org/abs/0705.2355v1,arXiv
