title,authors,journal,date,abstract,link,source
Regulatory Effects of Bone Morphogenetic Protein-4 on Tumour Necrosis Factor-Alpha-Induced IL-6 and M-CSF Expression in Cementoblasts.,"Wang Yunlong, Cao Zhengguo, He Hong",Orthodontics & craniofacial research,2026-10-10,"Orthodontically induced root resorption involves the destruction of cementum, and in severe cases, dentine. Cementoblasts are cells responsible for depositing and mineralizing cementum, and they can also communicate with osteoclasts to indirectly regulate cementum destruction. This study aimed to elucidate the impact of TNF-α on IL-6 and M-CSF, two potent osteoclast-activating cytokines secreted b",https://pubmed.ncbi.nlm.nih.gov/42856058/,PubMed
A Robust UPLC-MS/MS Method for Simultaneous Quantification of 16 Multiclass Constituents in Jin-Deng-Shan-Gen Decoction and Its Application in a Disease-Model Pharmacokinetic Study.,"Wang Xiaoge, Cai Shuwen, Li Jiaxuan",Biomedical chromatography : BMC,2026-10-10,"This study aimed to develop a robust UPLC-MS/MS method to address analytical challenges in quantifying multiclass constituents of Jin-Deng-Shan-Gen Decoction (JDSGD), and to apply it to investigate how acute pharyngitis alters its pharmacokinetic profile. A UPLC-MS/MS method for 16 structurally diverse JDSGD constituents was developed, addressing several technical challenges, comprehensively valid",https://pubmed.ncbi.nlm.nih.gov/42855932/,PubMed
Influence of exogenous glucagon-like peptide 2 on mechanisms of enteric neurotransmitter-mediated vasorelaxation in the isolated bovine mesenteric artery and vein.,"David Gabriel S S, Maples Erica C, Klotz James L",Physiological reports,2026-10-10,"Exogenous glucagon-like peptide 2 (GLP-2) administration increases small intestinal growth and mesenteric blood flow, although the vascular mechanisms involved remain unclear. The objective of this study was to characterize the effects of exogenous GLP-2 administration on glucagon-like peptide 2 (GLP-2)-, vasoactive intestinal peptide (VIP)-, serotonin (5-HT)-, and acetylcholine (ACh)-mediated vas",https://pubmed.ncbi.nlm.nih.gov/42855814/,PubMed
"Contributions of the anion exchangers SLC26A1, SLC26A2, SLC26A3, and SLC26A6 to intestinal oxalate transport in human Caco2-BBE cells.","Abdelhalim Khalid A, Arvans Donna, Wang Yanzhe",Physiological reports,2026-10-10,"Kidney stones affect ~1 in 5 men and 1 in 11 women, with 70%-80% being composed of calcium oxalate. Knowing the contributions of anion exchangers SLC26A2 (A2), A3, and A6 to apical and A1 to basolateral oxalate transport in human intestinal Caco2-BBE (C2) cells is important since enhancing intestinal oxalate secretion (A6/2/?A1) and reducing intestinal oxalate absorption (A3) are potential therape",https://pubmed.ncbi.nlm.nih.gov/42855807/,PubMed
[Effects of asiatic acid on angiogenesis and Slit-Robo signaling in retinal microvascular endothelial cells induced by high glucose].,"Fang M Y, Zhang F Q, Qi Y",[Zhonghua yan ke za zhi] Chinese journal of ophthalmology,2026-10-10,,https://pubmed.ncbi.nlm.nih.gov/42855782/,PubMed
CD248 expression in human adipose tissue is upregulated in obesity and following glucocorticoid exposure: a mediator of insulin resistance and adipose dysfunction?,"Laterveer Rutger, Lundqvist Martin H, Conway Edward M","Molecular medicine (Cambridge, Mass.)",2026-10-10,"CD248 is a transmembrane glycoprotein implicated in fibrosis, hypoxia, and insulin resistance, but its role in human adipose tissue remains incompletely understood. Because glucocorticoids regulate these processes, we investigated whether CD248 is glucocorticoid responsive and characterized its expression across adipose depots and sexes in obesity. CD248 expression was assessed in adipose tissue o",https://pubmed.ncbi.nlm.nih.gov/42855673/,PubMed
"RNA N4-acetylcytidine modification in health and cancer: molecular mechanisms, cellular plasticity, and therapeutic opportunities.","He Xiao-Yan, Du Kang, Yue Chaofu",Biomarker research,2026-10-10,"N⁴-acetylcytidine (ac⁴C) is an evolutionarily conserved RNA modification that was initially identified in transfer RNA (tRNA) and ribosomal RNA (rRNA). Increasing evidence has subsequently expanded its functional landscape to messenger RNA (mRNA) and multiple classes of non-coding RNAs (ncRNAs). As the best-characterized ac⁴C writer in mammals, N-acetyltransferase 10 (NAT10) orchestrates RNA struc",https://pubmed.ncbi.nlm.nih.gov/42855711/,PubMed
PNLDC1 deadenylase affects translational rate and cell proliferation in mESCs.,"Skeparnias Ilias, Shaukat Athanasios-Nasir, Katsioulas Christos","RNA (New York, N.Y.)",2026-10-10,"PNLDC1 is a member of the DEDD deadenylases, known for its specificity in poly(A) tail removal during mRNA turnover. While initially characterized for its function in pre-piRNA trimming critical to spermatogenesis and transposon silencing, its broader deadenylase activity which is especially pronounced during early development and silenced during differentiation, remains poorly understood. In this",https://pubmed.ncbi.nlm.nih.gov/42855306/,PubMed
Metabolic profile of thiopental and cytochrome P450-mediated drug interactions in rats.,"Kobayashi Tsukasa, Takeba Yuko, Sugaya Kouichi",Xenobiotica; the fate of foreign compounds in biological systems,2026-10-10,"1. Pentobarbital (PTB) is metabolised by cytochrome P450 (CYP) enzymes, being a model compound for evaluating CYP-mediated drug-drug interactions, has become difficult to obtain for animal studies in Japan. The metabolic pathway of thiopental (TP), a barbiturate with similar pharmacological properties, remains insufficiently characterised. This study investigated TP metabolic profile, with emphasi",https://pubmed.ncbi.nlm.nih.gov/42855170/,PubMed
Circulating microRNAs reflect hemorrhagic MRI markers in cerebral amyloid angiopathy.,"Duijs J M G J, Koemans E A, Verwey N A",Experimental neurology,2026-10-10,Cerebral amyloid angiopathy is a major cause of intracerebral hemorrhage in older individuals. Although cerebral microbleeds (CMBs) and cortical superficial siderosis (cSS) aid MRI diagnosis they offer limited pathophysiological insight. MicroRNAs (miRs) regulate microvascular function and may serve as noninvasive biomarkers for distinguishing CAA subtypes and assessing hemorrhagic risk. This stud,https://pubmed.ncbi.nlm.nih.gov/42855001/,PubMed
Laminarin suppresses PD-L1 translation by targeting YTHDF1 to exert antitumor immunity in triple-negative breast cancer.,"Lou Fangning, Zhang Xiaoya, Fu Jianuo",Pharmacological research,2026-10-10,"Triple-negative breast cancer (TNBC) is characterized by low response rates and rapid acquired resistance to current immunotherapies, highlighting an urgent unmet clinical need for novel therapeutic strategies. Herein, we demonstrated that laminarin, a biocompatible β-1,3-glucan extracted from brown algae, exerts significant antitumor immune effects against TNBC with no evident toxicity under the ",https://pubmed.ncbi.nlm.nih.gov/42854998/,PubMed
An overview of current technologies in the development of drugs and vaccines against dengue virus.,"Pourzangiabadi Masoud, Barkam Morteza, Najafi Hamideh","Infection, genetics and evolution : journal of molecular epidemiology and evolutionary genetics in infectious diseases",2026-10-10,"Dengue virus (DENV) is a mosquito-borne flavivirus with four distinct serotypes (DENV-1 to DENV-4) and is endemic in tropical and subtropical regions worldwide. It can cause a range of illnesses, from self-resolving dengue fever to severe dengue hemorrhagic fever or dengue shock syndrome. Dengue fever is a major public health hazard in tropical and subtropical areas. Advances in treatment and prev",https://pubmed.ncbi.nlm.nih.gov/42854934/,PubMed
Lipid nanoparticle-mediated co-delivery of human RB1 mRNA and triptolide for localized genetic therapy of retinoblastoma.,"Chun Kyumin, Choi So Young, An Karam",Journal of controlled release : official journal of the Controlled Release Society,2026-10-10,"Retinoblastoma is a rare pediatric intraocular malignancy for which intravitreal administration offers a clinically attractive route for localized therapy owing to its minimally invasive nature and direct access to intraocular tumors. However, efficient intravitreal delivery of nucleic acids remains challenging because the protein-poor vitreous microenvironment restricts nanoparticle transport and",https://pubmed.ncbi.nlm.nih.gov/42854919/,PubMed
The oval bed nucleus of the stria terminalis endocannabinoid signaling constrains post-traumatic stress disorder-like behaviors.,"Zuo Hongyu, Li Jie, Li Jianfeng",Journal of advanced research,2026-10-10,"Post-traumatic stress disorder (PTSD) develops when acute threat responses fail to resolve, resulting in persistent anxiety, avoidance, and hyperarousal. However, the specific neural circuits and molecular mechanisms governing the transition from acute stress to enduring pathology remain incompletely understood. Objectives This study aimed to determine whether endocannabinoid (eCB) signaling withi",https://pubmed.ncbi.nlm.nih.gov/42854904/,PubMed
Wendan Decoction-Derived TMF Alleviates Endolymphatic Hydrops by Modulating the DUSP3/p38 MAPK/AQP2 Axis.,"Xia Jingjing, Huang Jiawei, Hou Xiaobing",Journal of ethnopharmacology,2026-10-10,"Wendan Decoction is a classical traditional Chinese medicine formula historically used for phlegm-related dizziness and vertigo. Recent studies have shown that Wendan Decoction can ameliorate experimental endolymphatic hydrops (EH), a characteristic pathological correlate of Ménière's disease. However, the bioactive constituents responsible for these effects and their molecular targets remain inco",https://pubmed.ncbi.nlm.nih.gov/42854858/,PubMed
Teleost Glycoprotein 2: A Marker for Intestinal Microfold Cell Subset and a Transcytotic Receptor for the Antigen Uptaking Through a Mannose-Dependent Manner in Flounder (Paralichthys olivaceus).,"Sun Jiasong, Bu Jiyuan, Sheng Xiuzhen",Fish & shellfish immunology,2026-10-10,"Mammalian microfold (M) cells are specialized epithelial cells that sample luminal antigens, and glycoprotein 2 (GP2) is a marker of mature M cells and functions as a bacterial receptor. However, its presence in teleosts M cells remains unknown. Previously, we identified two M cell subsets, UEA-1",https://pubmed.ncbi.nlm.nih.gov/42854765/,PubMed
AI-integrated RNA therapeutics in precision oncology.,"Symmans William S O, Li Ziyi, Calin George A",Cell reports. Medicine,2026-10-10,"RNA therapeutics can silence oncogenic transcripts, modulate RNA processing, restore protein expression, or encode tumor antigens. Their development, however, is constrained by target selection, molecular design, delivery, immunogenicity, and inter-patient heterogeneity. Artificial intelligence (AI) is increasingly applied to these bottlenecks through multi-omics target prioritization, RNA structu",https://pubmed.ncbi.nlm.nih.gov/42854694/,PubMed
Pre-clinical validation of OSCAR-3 mRNA-based CAR T cells for targeting osteosarcomas.,"Mensali Nadia, Joaquina Sandy, de Montlaur Constance",Cytotherapy,2026-10-10,"Osteosarcoma (OS) is a rare cancer affecting children and young adults with a good prognosis when localized. Nevertheless, primary metastases or metastatic relapses are associated with high mortality, underlying the need for novel treatment strategies. Immunotherapy, and more recently Chimeric antigen receptor (CAR)-based therapy, is being investigated as a new approach for the management of solid",https://pubmed.ncbi.nlm.nih.gov/42854615/,PubMed
Disruption of the CD163 exon 7 splice acceptor restricts PRRSV infection in pigs.,"Zhang Jian, Su Jie, Luo Xinxin",Veterinary microbiology,2026-10-10,"The scavenger receptor CD163 is required for porcine reproductive and respiratory syndrome virus (PRRSV) infection, and its fifth scavenger receptor cysteine-rich domain (SRCR5), encoded by exon 7, is the critical domain for PRRSV recognition and binding. Deletion of the SRCR5 domain has been proven to be an efficient method to confer PRRSV resistance in pigs. We here reported a new strategy of ed",https://pubmed.ncbi.nlm.nih.gov/42854604/,PubMed
Cinnamaldehyde protects against early diabetic retinopathy: an integrative In vivo and computational study.,"Shi Fuju, Liu Jinshen, Huang Hongli",Phytomedicine : international journal of phytotherapy and phytopharmacology,2026-10-10,"Diabetic retinopathy (DR) is a leading cause of vision impairment, and current treatments are limited to advanced stages. Cinnamaldehyde (CA), the primary bioactive constituent of cinnamon, has demonstrated anti-apoptotic and anti-diabetic properties, but its role and mechanism in early DR remain unexplored. This study investigated whether CA protects against early DR and whether the effect is ass",https://pubmed.ncbi.nlm.nih.gov/42854552/,PubMed
Optimizing RNA yield using deep neural networks coupled to massively parallel screening,"Dinghai Zheng, Justin Hong, Jun Wang",arXiv,2026-10-10,"Messenger RNA (mRNA)-based therapeutics have emerged as a powerful platform for vaccines, protein replacement therapies, and cancer immunotherapy. A critical bottleneck in mRNA development is manufacturing large quantities of RNA economically, as measured by RNA yield emerging from an in vitro transcription (IVT) reaction. However, how promoter-adjacent DNA sequences influence RNA yield remains po",http://arxiv.org/abs/2608.23722v1,arXiv
Energy-efficient codon optimization on thermodynamic hardware,"Andraz Jelincic, Ross C. Walker",arXiv,2026-10-10,"The growing energy demand for computation is becoming increasingly unsustainable. Thermodynamic computing, which harnesses physical thermal fluctuations as a computational resource rather than suppressing them, offers orders-of-magnitude energy savings for probabilistic and combinatorial tasks. Pharmaceutical R&D, heavily reliant on computational optimization and sampling, is a natural application",http://arxiv.org/abs/2606.17327v1,arXiv
mRNAutilus: Multi-Objective-Guided Discrete Generation of mRNA with Optimized Therapeutic Properties,"Sawan Patel, Sophia Tang, Yesol Kim",arXiv,2026-10-10,"Therapeutic mRNA design requires coordinating multiple interacting sequence features across the full transcript, where codon usage, untranslated regions (UTRs), and their coupling jointly determine stability, translation efficiency, and protein expression. Here, we present mRNA generation via unrolled trajectories and informed latent updates (mRNAutilus), a framework for simultaneous codon optimiz",http://arxiv.org/abs/2605.31296v1,arXiv
Sampling-based Continuous Optimization for Messenger RNA Design,"Feipeng Yue, Ning Dai, Wei Yu Tang",arXiv,2026-10-10,"Designing messenger RNA (mRNA) sequences for a fixed target protein requires searching an exponentially large synonymous space while optimizing properties that affect stability and downstream performance. This is challenging because practical mRNA design involves multiple coupled objectives beyond classical folding criteria, and different applications prefer different trade-offs. We propose a gene",http://arxiv.org/abs/2603.06559v1,arXiv
Drug-like antibodies with low immunogenicity in human panels designed with Latent-X2," Latent Labs Team, Henry Kenlay, Daniella Pretorius",arXiv,2026-10-10,"Drug discovery has long sought computational systems capable of designing drug-like molecules directly: developable and non-immunogenic from the start. Here we introduce Latent-X2, a frontier generative model that achieves this goal through zero-shot design of antibodies with strong binding affinities, drug-like properties, and, for the first time for any de novo generated antibody, confirmed low ",http://arxiv.org/abs/2512.20263v1,arXiv
"RNAGenScape: Property-Guided, Optimized Generation of mRNA Sequences with Manifold Langevin Dynamics","Danqi Liao, Chen Liu, Xingzhi Sun",arXiv,2026-10-10,"Generating property-optimized mRNA sequences is central to applications such as vaccine design and protein replacement therapy, but remains challenging due to limited data, complex sequence-function relationships, and the narrow space of biologically viable sequences. Generative methods that drift away from the data manifold can yield sequences that fail to fold, translate poorly, or are otherwise",http://arxiv.org/abs/2510.24736v3,arXiv
The proportional scaling of mRNA and ribosome concentrations controls eukaryotic cell growth,"Xin Gao, Michael Lanz, Rosslyn Grosely",arXiv,2026-10-10,"Cell growth underlies nearly all eukaryotic physiology, yet its quantitative principles remain unclear. Using single-molecule ribosome tracking, spike-in RNA sequencing, and quantitative proteomics across 15 nutrient-limited conditions in budding yeast, we define how growth is controlled in the budding yeast Saccharomyces cerevisiae. Ribosome concentration scales linearly with growth rate, while p",http://arxiv.org/abs/2508.14997v2,arXiv
mRNA Folding Algorithms for Structure and Codon Optimization,"Max Ward, Mary Richardson, Mihir Metkar",arXiv,2026-10-10,"mRNA technology has revolutionized vaccine development, protein replacement therapies, and cancer immunotherapies, offering rapid production and precise control over sequence and efficacy. However, the inherent instability of mRNA poses significant challenges for drug storage and distribution, particularly in resource-limited regions. Co-optimizing RNA structure and codon choice has emerged as a p",http://arxiv.org/abs/2503.19273v1,arXiv
Generative Model for Synthesizing Ionizable Lipids: A Monte Carlo Tree Search Approach,"Jingyi Zhao, Yuxuan Ou, Austin Tripp",arXiv,2026-10-10,"Ionizable lipids are essential in developing lipid nanoparticles (LNPs) for effective messenger RNA (mRNA) delivery. While traditional methods for designing new ionizable lipids are typically time-consuming, deep generative models have emerged as a powerful solution, significantly accelerating the molecular discovery process. However, a practical challenge arises as the molecular structures genera",http://arxiv.org/abs/2412.00807v1,arXiv
Machine learning framework to predict the performance of lipid nanoparticles for nucleic acid delivery,"Gaurav Kumar, Arezoo M. Ardekani",arXiv,2026-10-10,"Lipid nanoparticles (LNPs) are highly effective carriers for gene therapies, including mRNA and siRNA delivery, due to their ability to transport nucleic acids across biological membranes, low cytotoxicity, improved pharmacokinetics, and scalability. A typical approach to formulate LNPs is to establish a quantitative structure-activity relationship (QSAR) between their compositions and in vitro/in",http://arxiv.org/abs/2411.14293v1,arXiv
Joint Design of 5' Untranslated Region and Coding Sequence of mRNA,"Yang Liu, Jie Gao, Xiaonan Zhang",arXiv,2026-10-10,"Messenger RNA (mRNA) vaccines and therapeutics are emerging as powerful tools against a variety of diseases, including infectious diseases and cancer. The design of mRNA molecules, particularly the untranslated region (UTR) and coding sequence (CDS) is crucial for optimizing translation efficiency and stability. Current design approaches generally focus solely on either the 5' UTR or the CDS, whic",http://arxiv.org/abs/2410.20781v1,arXiv
Bacterial stress granule protects mRNA through ribonucleases exclusion,"Linsen Pei, Yujia Xian, Xiaodan Yan",arXiv,2026-10-10,"Membraneless droplets formed through liquid-liquid phase separation (LLPS) play a crucial role in mRNA storage, enabling organisms to swiftly respond to environmental changes. However, the mechanisms underlying mRNA integration and protection within droplets remain unclear. Here, we unravel the role of bacterial aggresomes as stress granules (SGs) in safeguarding mRNA during stress. We discovered ",http://arxiv.org/abs/2404.17873v2,arXiv
"Hypolipidemic effect of brown seaweed (Sargassum crassifolium) extract in vivo (Study of histopathology, mRNA expression, and immunohistochemistry (IHC) with VCAM-1, ICAM-1, and MCP-1 parameters)","Sarah Zaidan, Syamsudin Abdillah, Nur Arfian",arXiv,2026-10-10,The purpose of this study was to obtain natural drugs from brown seaweed (Sargassum crassifolium) as antiatherosclerosis candidates through the study of hypolipidemic mechanisms of action. Modeling of dyslipidemia rats was carried out by feeding high-fat (HFF) and doses of crude fucoidan 100. 200. 400mg / KgBB. in both treatments measured blood lipid profile levels taken from the orbital sinuses. ,http://arxiv.org/abs/2402.07497v1,arXiv
Machine Learning Modeling Of SiRNA Structure-Potency Relationship With Applications Against Sars-Cov-2 Spike Gene,Damilola Oshunyinka,arXiv,2026-10-10,"The pharmaceutical Research and development (R&D) process is lengthy and costly, taking nearly a decade to bring a new drug to the market. However, advancements in biotechnology, computational methods, and machine learning algorithms have the potential to revolutionize drug discovery, speeding up the process and improving patient outcomes. The COVID-19 pandemic has further accelerated and deepened",http://arxiv.org/abs/2401.12232v1,arXiv
Messenger RNA Design via Expected Partition Function and Continuous Optimization,"Ning Dai, Wei Yu Tang, Tianshuo Zhou",arXiv,2026-10-10,"The tasks of designing RNAs are discrete optimization problems, and several versions of these problems are NP-hard. As an alternative to commonly used local search methods, we formulate these problems as continuous optimization and develop a general framework for this optimization based on a generalization of classical partition function which we call ""expected partition function"". The basic idea ",http://arxiv.org/abs/2401.00037v2,arXiv
Machine Learning-guided Lipid Nanoparticle Design for mRNA Delivery,"Daisy Yi Ding, Yuhui Zhang, Yuan Jia",arXiv,2026-10-10,"While RNA technologies hold immense therapeutic potential in a range of applications from vaccination to gene editing, the broad implementation of these technologies is hindered by the challenge of delivering these agents effectively. Lipid nanoparticles have emerged as one of the most widely used delivery agents, but their design optimization relies on laborious and costly experimental methods. W",http://arxiv.org/abs/2308.01402v2,arXiv
Corrected Hill Function in Stochastic Gene Regulatory Networks,"Manuel Eduardo Hernández-García, Jorge Velázquez-Castro",arXiv,2026-10-10,"Describing reaction rates in stochastic bio-circuits is commonly done by directly introducing the deterministically deduced Hill function into the master equation. However, when fluctuations in enzymatic reaction rates are not neglectable, the Hill function must be derived, considering all the involved stochastic reactions. In this work, we derived the stochastic version of the Hill function from ",http://arxiv.org/abs/2307.03057v4,arXiv
Stochastic dynamics and ribosome-RNAP interactions in Transcription-Translation Coupling,"Xiangting Li, Tom Chou",arXiv,2026-10-10,"Under certain cellular conditions, transcription and mRNA translation in prokaryotes appear to be ""coupled,"" in which the formation of mRNA transcript and production of its associated protein are temporally correlated. Such transcription-translation coupling (TTC) has been evoked as a mechanism that speeds up the overall process, provides protection during the transcription, and/or regulates the t",http://arxiv.org/abs/2207.04568v1,arXiv
Coronavirus RNA Sensor Using Single-Stranded DNA Bonded to Sub-Percolated Gold Films on Monolayer Graphene Field-Effect Transistors,"Nicholas E. Fuhr, Mohamed Azize, David J. Bishop",arXiv,2026-10-10,"Electrical detection of messenger ribonucleic acid (mRNA) is a promising approach to enhancing transcriptomics and disease diagnostics because of its sensitivity, rapidity, and modularity. Reported here is a fast SARS-CoV-2 mRNA biosensor (<1 minute) with a limit of detection of 1 aM, and dynamic range of 4 orders of magnitude and a linear sensitivity of 22 mV per molar decade. These figures of me",http://arxiv.org/abs/2205.05143v1,arXiv
Deep learning models for predicting RNA degradation via dual crowdsourcing,"Hannah K. Wayment-Steele, Wipapat Kladwang, Andrew M. Watkins",arXiv,2026-10-10,"Messenger RNA-based medicines hold immense potential, as evidenced by their rapid deployment as COVID-19 vaccines. However, worldwide distribution of mRNA molecules has been limited by their thermostability, which is fundamentally limited by the intrinsic instability of RNA molecules to a chemical degradation reaction called in-line hydrolysis. Predicting the degradation of an RNA molecule is a ke",http://arxiv.org/abs/2110.07531v2,arXiv
Needle-Based Sampling Strategy for Traceable Fresh-Frozen Tissue Collection from Radical Prostatectomy Specimens.,"Ishibashi Takehiro, Fujimoto Ayumi, Matsusaka Keisuke",Laboratory investigation; a journal of technical methods and pathology,2026-10-10,"We aimed to develop and evaluate a needle-based strategy for collecting spatially traceable fresh-frozen tissue from radical prostatectomy specimens and linking the sampled cores to corresponding formalin-fixed, paraffin-embedded (FFPE) histology while preserving routine pathological assessment. A total of 148 patients who underwent radical prostatectomy between August 2019 and December 2025 were ",https://pubmed.ncbi.nlm.nih.gov/42854914/,PubMed
Beyond target presence: A cross-cancer contextual framework for siRNA therapeutics in solid tumors.,"Zhao Na, Zhang Yang, Qian Chao",Biochimica et biophysica acta. Reviews on cancer,2026-10-10,"Small interfering RNA (siRNA) has achieved clinical success in liver-directed therapies, but its translation to solid tumors remains limited by heterogeneous delivery and context-dependent target dependence. This review compares non-small cell lung cancer, pancreatic ductal adenocarcinoma, breast cancer, glioblastoma, and hepatocellular carcinoma across four interconnected dimensions: resistance n",https://pubmed.ncbi.nlm.nih.gov/42854878/,PubMed
Spray application of dsRNA reduces aphid transmitted ZYMV infection in Cucurbita pepo.,"Liang Jingfeng, Fletcher Stephen J, Manzie Narelle",Virology,2026-10-10,"Exogenous application of double-stranded RNA (dsRNA) for protection against plant viruses has been demonstrated in a range of pathosystems. Here, we demonstrate the protective efficacy of spray-induced gene silencing (SIGS) in zucchini plants (Cucurbita pepo) against virulent zucchini yellow mosaic virus (ZYMV) upon mechanical inoculation and importantly, aphid mediated transmission under glasshou",https://pubmed.ncbi.nlm.nih.gov/42854593/,PubMed
scHCL-SDA: A Homophily-Aware Contrastive Learning with Spectral Distribution Alignment for scRNA-seq Data Clustering.,"Dong Rong, Shu Zhenqiu, Bai Yun",IEEE transactions on computational biology and bioinformatics,2026-10-10,"Graph contrastive learning has recently shown strong potential for single-cell RNA sequencing (scRNA-seq) data clustering via modeling pairwise cell relationships. Nevertheless, most of them rely on the homophily assumption, which posits that adjacent cells in the graph share similar biological identities. This assumption, however, frequently fails in practical scRNA-seq datasets owing to complex ",https://pubmed.ncbi.nlm.nih.gov/42853736/,PubMed
"Nanopolysaccharides in agriculture. Advances, applications, and future prospects: a review.","A Rasulov Bakhtiyor, A Pattaeva Mohichehra",Discover nano,2026-10-10,"Nanopolysaccharides (NPSs) constitute a rapidly advancing class of biodegradable and biocompatible nanomaterials with strong potential to support sustainable, climate-resilient agriculture. NPSs exhibit high surface area, tunable surface chemistry, and enhanced interactions with biological interfaces, enabling multifunctional roles across soil-plant-microbe systems. This review provides a function",https://pubmed.ncbi.nlm.nih.gov/42853439/,PubMed
BmSNX20 restricts Bombyx mori nucleopolyhedrovirus infection and is associated with autophagy-mediated antiviral immunity.,"He Jian, Ma Guangyu, Li Tiandong",Insect science,2026-10-10,"Sorting nexins (SNXs) are phosphoinositide-binding proteins that play critical roles in membrane trafficking and have been implicated in antiviral immunity. However, the function of SNX20 in insect antiviral immunity remains poorly defined. In this study, we investigated the role of Bombyx mori SNX20 (BmSNX20) during infection with Bombyx mori nucleopolyhedrovirus (BmNPV). Phylogenetic and domain ",https://pubmed.ncbi.nlm.nih.gov/42851068/,PubMed
The MYB-CC transcription factor MdγMYB2 modulates shoot elongation in spur-type apples.,"Zeng Fanman, Wen Jiahui, Lu Shuo",Plant physiology and biochemistry : PPB,2026-10-10,"Spur-type apple growth, characterized by shortened internodes and compact tree architecture, is an important trait for high-density apple production; however, its underlying molecular basis remains insufficiently understood. Previous work identified the MYB-CC transcription factor MdγMYB2 as a candidate regulator of shoot elongation in spur-type apple. Here, we investigated the phylogenetic relati",https://pubmed.ncbi.nlm.nih.gov/42849291/,PubMed
Extensive variation in virus-induced patterns of transposable element transcripts in ,"Mayeux Camille A, Garambois Chloé, Larue Anaïs",Journal of virology,2026-10-10,"Transposable elements (TEs) are widespread genomic parasites, whose activity is largely restrained by RNA interference pathways. Some of these pathways also contribute to antiviral immunity, allowing a mechanistic overlap that could generate interactions-or even trade-offs-between TE repression and viral defense. Here, we investigated this interplay by experimentally infecting two strains of ",https://pubmed.ncbi.nlm.nih.gov/42847706/,PubMed
Correction: Interaction between ,"Dai Youai, Gui Renyue, Chen Jingyu",Frontiers in bioengineering and biotechnology,2026-10-10,[This corrects the article DOI: 10.3389/fbioe.2026.1838537.].,https://pubmed.ncbi.nlm.nih.gov/42846882/,PubMed
Zika virus and host innate immunity: mechanisms of activation and evasion.,"Qian Danyu, Guo Yulei, Li Aixin",Frontiers in immunology,2026-10-10,Zika virus (ZIKV) is an ,https://pubmed.ncbi.nlm.nih.gov/42846770/,PubMed
Transcriptome profiling across fifteen cotton pests unveils inter and intra-order gene biomarkers for targeted pest control.,"Mathari Julie Rebecca Joseph, Mohideen Habeeb Shaik",3 Biotech,2026-10-10,"Cotton cultivation faces severe challenges by diverse biotic stresses, such as pests, leading to substantial yield losses and increased production costs. Comparative transcriptomic analyses across multiple cotton pests and orders remain largely unexplored, restricting the identification of conserved broad-spectrum molecular targets for sustainable pest management. This study uncovers transcriptome",https://pubmed.ncbi.nlm.nih.gov/42846637/,PubMed
Functional-genomic prioritization identifies ,"Chen Zhouchun, Chai Tianran, Liu Meichen",Frontiers in pharmacology,2026-10-10,"Acute myeloid leukemia (AML) depends in part on transcriptional and epigenetic programs that can be difficult to target with conventional small molecules. RNA interference provides a potential approach to perturb such vulnerabilities, but target selection and intracellular siRNA delivery remain major challenges. Public dependency datasets and primary AML and normal hematopoietic expression resourc",https://pubmed.ncbi.nlm.nih.gov/42846329/,PubMed
Systematic quantification and removal of host DNA contamination in 16S rRNA gene sequencing.,"Birkner Till, Patricia Bartolomaeus Theda Ulrike, McParland Victoria","Quantitative biology (Beijing, China)",2026-10-10,"16S ribosomal RNA (rRNA) gene sequencing is a standard tool for microbial community analysis. Challenges can occur, particularly in low-biomass samples, when host DNA triggers off-target amplification. Low-biomass microbiome studies are particularly vulnerable to contamination from host DNA, which can obscure microbial signals and bias interpretation. This contamination presents a significant barr",https://pubmed.ncbi.nlm.nih.gov/42845678/,PubMed
Hyaluronidase isoforms can promote or suppress glioma invasion within 3D Hyaluronic Acid Matrices.,"Weldy Anna, Ananth Esha, Acosta Christopher",bioRxiv : the preprint server for biology,2026-10-10,"Glioblastoma (GBM) is defined by infiltration of tumor cells throughout the brain, which drives resistance, recurrence and mortality. Although cell-derived hyaluronidases (HYALs) have been collectively implicated in invasion-associated matrix digestion, we were motivated to investigate contributions of specific HYAL isoforms, which execute a diversity of cell-autonomous and matrix-based functions.",https://pubmed.ncbi.nlm.nih.gov/42845370/,PubMed
"Dichloroacetate Improves Animal Survival, Growth, Neuromuscular Activity, Mitochondrial Stress and Physiology, and Elevated Lactate in C. elegans pdha-1 and dld-1 RNAi Models of Pyruvate Dehydrogenase Complex Deficiency (PDCD).","Remes Cristina, Mathew Neal D, Miranda Victoria",Journal of inherited metabolic disease,2026-10-10,"Pyruvate dehydrogenase complex (PDHc) deficiency (PDCD) is a primary mitochondrial disorder characterized by neurodevelopmental disability, altered intermediary metabolism, and early mortality. Dichloroacetate (DCA), a pyruvate analog, activates PDHc and remains under clinical investigation for treatment of PDCD. Here, we studied the in vivo efficacy of a five-point log concentration range of DCA ",https://pubmed.ncbi.nlm.nih.gov/42844987/,PubMed
The identification of SiTRAF suggests the presence of a functional MyD88-TRAF signaling axis in the sea urchin Strongylocentrotus intermedius.,"Liu Fengchen, Liu Tong, Chu Xiaolong",Fish & shellfish immunology,2026-10-10,"Tumor necrosis factor receptor-associated factors (TRAFs) are key signaling proteins involved in cellular innate immune pathways. However, knowledge of TRAF genes in echinoderms remains limited. We cloned a novel TRAF gene (SiTRAF) from the sea urchin Strongylocentrotus intermedius. The full-length open reading frame of SiTRAF was 1731 bp, encoding 576 amino acids. Domain prediction analysis showe",https://pubmed.ncbi.nlm.nih.gov/42843442/,PubMed
Small Interfering RNA in Cardiovascular Disease: A New Frontier in Precision Medicine.,"Paruchuri Kaavya, Busso Jaiden, Natarajan Pradeep",Annual review of pharmacology and toxicology,2026-10-10,"Despite advances in traditional lipid-lowering, antithrombotic, and antihypertensive therapies, cardiovascular disease remains the leading cause of mortality worldwide. Small interfering RNA (siRNA) therapeutics harness the endogenous RNA interference pathway to degrade target messenger RNA, thereby reducing synthesis of disease-associated proteins. Because gene silencing occurs intracellularly an",https://pubmed.ncbi.nlm.nih.gov/42842862/,PubMed
CTCF-associated chromatin changes between HOXD1 and HOXD8 contribute to TNBC progression.,"Oh Ji Hoon, Jeong Da Som, Kim Clara Yuri",Experimental & molecular medicine,2026-10-10,"Homeobox (HOX) genes and their encoded DNA-binding homeoproteins are important regulators of developmental processes and have been implicated in cancer pathogenesis. Here, we investigated the roles of HOXD1 and HOXD8 across different molecular subtypes of human breast cancer (BC) using a combination of in silico analyses of large-scale patient datasets, in vitro RNA interference (RNAi) phenotyping",https://pubmed.ncbi.nlm.nih.gov/42839017/,PubMed
α7 integrin co-regulates chromatin accessibility and gene expression in HPV-negative head and neck cancer.,"Borodins Olegs, Vehlow Anne, Sameith Katrin",Signal transduction and targeted therapy,2026-10-10,"Epigenetic regulation and gene transcription are dynamically modulated by extracellular signals, including focal adhesions; however, the role of integrins in these processes remains poorly understood. In this study in HPV-negative head and neck squamous cell carcinoma, (HNSCC), we combined investigations in physiological three-dimensional, matrix-embedded cell models and patient-derived organoids ",https://pubmed.ncbi.nlm.nih.gov/42838963/,PubMed
La-Ribo: RNA Co-Design via Geometry-Latent Flow Matching,"Runze Ma, Will Hua, Shuangjia Zheng",arXiv,2026-10-10,"RNA function arises from the coupling of nucleotide sequence and three-dimensional structure, motivating their joint design. Coordinating global folding with nucleotide-level detail remains challenging under limited structural supervision. We introduce La-Ribo, a generative framework for RNA sequence-structure co-design via geometry-latent flow matching. La-Ribo retains a sparse phosphate-sugar--b",http://arxiv.org/abs/2610.12236v1,arXiv
RNADyn: A Benchmark for Generating and Understanding RNA Dynamics,"Yiming Huang, Lennart Bastian, Hanqun Cao",arXiv,2026-10-10,"Ribonucleic acid (RNA) functions through conformational changes that are not fully captured by static structures. However, large-scale standardized RNA dynamics data remain limited, and existing approaches typically treat trajectory generation and dynamics understanding as separate objectives. Here, we introduce RNADynBench, a standardized RNA molecular dynamics (MD) benchmark with 2585 quality-co",http://arxiv.org/abs/2610.03712v1,arXiv
Leveraging secondary-structure information for accurate nucleic acid structure prediction with OFoldNA, Valhalla Team,arXiv,2026-10-10,"Recent advances in biomolecular structure prediction have enabled accurate modelling of increasingly complex molecular systems. However, nucleic acid structure prediction remains challenging because of conformational flexibility and the limited availability of high-quality 3D structural data. Secondary structure (SS) provides a more readily available layer of structural information that captures b",http://arxiv.org/abs/2609.37414v2,arXiv
RNA Design via Conditioned Flow Matching and Finite-Policy Reinforcement Learning,"Zefeng Lin, Xianyong Fang, Tianfan Fu",arXiv,2026-10-10,"RNA design aims to identify sequences that fold into specified secondary structures. Existing methods formulate the task as target-specific search or conditional generation. However, natural RNA evolution proceeds through sequence variation and selection, with compensatory substitutions, whereas these methods do not explicitly model this process. To address this limitation, we propose a two-stage ",http://arxiv.org/abs/2609.36885v1,arXiv
ProteoEM: probabilistic protein abundance estimation from iterative affinity traces,Narayanan Raghupathy,arXiv,2026-10-10,"Single-molecule affinity mapping enables measurement of individual proteins and proteoforms, but imperfect and nonspecific probe binding means that affinity traces may be compatible with multiple proteoforms. Accurate abundance estimation therefore requires probabilistically weighting ambiguous traces rather than assigning each trace to a single candidate. We developed ProteoEM, an expectation-max",http://arxiv.org/abs/2609.29155v2,arXiv
Sequence-Informed Geometric Evaluation of RNA 3D Structures,"Andrea Zerio, Yighua Yao, Alessandro Micheli",arXiv,2026-10-10,"Computational RNA structure pipelines generate many candidate conformations for the same sequence. Reliable evaluation therefore requires more than recognising plausible geometry, it requires determining whether that geometry is compatible with the sequence. We introduce SIRGE, a sequence-informed geometric evaluator that conditions structural representations on nucleotide embeddings from a pretra",http://arxiv.org/abs/2609.10644v1,arXiv
Advancing Alzheimer's Disease Treatment: Synergistic Ligand Combinations Targeting BACE1 via Multi-Ligand Simultaneous Docking,"Pronama Biswas, Surya Shanbhog, Merla Sudha",arXiv,2026-10-10,"Alzheimer's disease is a progressive neurodegenerative disorder characterized by memory loss, cognitive decline, and behavioral changes, primarily affecting the elderly. Current treatments focus on symptom management as no therapies effectively halt or reverse disease progression. Newer therapies targeting BACE1, a key enzyme in amyloid plaque formation, have shown promise in clinical trials, thou",http://arxiv.org/abs/2609.04301v1,arXiv
From static structures to dynamic landscapes: cryo-EM redefines RNA biology,"Shekhar Jadhav, Spandan Saha, Qingbin Shang",arXiv,2026-10-10,RNA molecules perform diverse biological functions by dynamically exploring multiple conformational states rather than adopting a single static structure. Capturing these ensembles is a challenge in molecular biology. Recent advances in cryoEM are now transforming this landscape by enabling the visualization of RNA molecules across a broad spectrum of functionally relevant conformations at near at,http://arxiv.org/abs/2609.01132v1,arXiv
Designability of RNA Targets with Up to Two Length-2 Helices,Ashutosh S. Jogalekar,arXiv,2026-10-10,"RNA inverse folding asks for an RNA sequence whose prescribed secondary structure is the unique maximum-base-pair compatible fold. In the four-letter Watson-Crick model (A-U and C-G pairs only, no pseudoknots, and zero minimum base-pair span), Hales et al. introduced a separated-coloring certificate and an even-odd device, while Boury et al. generalized this to modulo-$m$ separability, gave an $O(",http://arxiv.org/abs/2608.25194v1,arXiv
Leveraging generative hallucination and biophysics-informed modeling for unified biomolecular sequence-structure co-design,"Xuefeng Liu, Mingxuan Cao, Xiao Luo",arXiv,2026-10-10,"Biomolecular design underpins applications from molecular recognition to therapeutics and synthetic biology, yet de novo interaction design remains challenging-especially for DNA/RNA, underexplored non-protein modalities with scarce, heterogeneous complex data and sharper geometric and chemical constraints. We introduce MCTH (Monte Carlo Tree Hallucination), an inference-only framework that casts ",http://arxiv.org/abs/2608.17381v1,arXiv
"MultiStructRNA: a Python package for multi-algorithm RNA secondary structure prediction, ensemble analysis, and visualization","Yashrajsinh Jadeja, Haining Lin, Mihir Metkar",arXiv,2026-10-10,"We introduce MultiStructRNA, a unified Python toolkit for RNA secondary structure prediction, ensemble analysis, and visualization. Although RNA secondary structure is central to RNA biology and therapeutic design, practical adoption is often hindered by fragmented tooling, incompatible input and output formats, and limited visualization support. MultiStructRNA addresses these challenges through a",http://arxiv.org/abs/2608.14846v1,arXiv
Evolutionary Curriculum Learning Improves Biological Sequence Modeling,"Richard Zhu, Kento Nishi",arXiv,2026-10-10,"Variational autoencoders (VAEs) trained on multiple sequence alignments (MSAs) have emerged as powerful generative models for biological sequences, with applications ranging from disease variant prediction to functional RNA design. However, standard biological VAE training treats all sequences as exchangeable, ignoring the rich evolutionary structure that organizes homologous sequences from evolut",http://arxiv.org/abs/2608.00697v2,arXiv
Engineering T7 RNA Polymerase for High-Purity In Vitro Transcription,"Pauline Hermans, Youlia Serikova, José Castillo",arXiv,2026-10-10,"In vitro transcription using bacteriophage T7 RNA polymerase (T7 RNAP) is the gold-standard platform for RNA production in both research and therapeutic applications. Despite its high processivity and promoter specificity, T7 RNAP generates multiple RNA by-products, including double-stranded RNA, 3'-extended transcripts, abortive RNAs, and prematurely terminated products. These impurities reduce R",http://arxiv.org/abs/2607.18468v1,arXiv
Enhanced sampling and cryo-EM data resolve magnesium binding to RNA,"Olivier Languin-Cattoën, Elisa Posani, Giovanni Bussi",arXiv,2026-10-10,"Magnesium ions are essential for RNA structure but difficult to model due to slow binding kinetics and experimental limitations. We present an enhanced-sampling strategy that accelerates Mg$^{2+}$ inner-shell binding by orders of magnitude, enabling quantitative exploration of ion-binding motifs in a large ribozyme. The method combines a barrier-flattening bias with Hamiltonian replica exchange to",http://arxiv.org/abs/2607.07186v1,arXiv
Bayesian Sampling of Structural Ensembles: The Role of Ensemble-Counting Measures,"Ivan Gilardoni, Giovanni Bussi",arXiv,2026-10-10,"Structural ensemble refinement is widely used to integrate molecular simulations with experimental measurements. While most applications focus on the maximum-a-posteriori (MAP) ensemble, Bayesian sampling of the posterior distribution can provide uncertainty estimates and posterior averages for arbitrary observables. A notable step in this direction was introduced by the Bayesian Energy Landscape ",http://arxiv.org/abs/2606.18495v1,arXiv
MultiMolecule: a modular ecosystem for biomolecular sequence-model workflows,Zhiyuan Chen,arXiv,2026-10-10,"Biomolecular sequence models are increasingly reused outside the studies in which they were introduced, but public checkpoints rarely preserve the execution context needed to inspect source-defined behavior, adapt models to new assays, compare models under shared task definitions or deploy biological predictions. MultiMolecule is an open-source Python ecosystem that turns heterogeneous RNA, DNA an",http://arxiv.org/abs/2606.16540v1,arXiv
The Montparnasse Algorithm for RNA Design,Tristan Cazenave,arXiv,2026-10-10,"RNA design consists of discovering a nucleotide sequence that optimizes predefined criteria, such as secondary structure. It is useful for synthetic biology, medicine, and nanotechnology. We propose Montparnasse, a Monte Carlo search framework based on Generalized Nested Rollout Policy Adaptation, augmented with a problem-specific prior, slow and long adaptation at level 1, and a lexicographic mul",http://arxiv.org/abs/2606.07562v1,arXiv
Multimodal Alignment and Preference Optimization for Zero-Shot Conditional RNA Generation,"Roman Klypa, Alberto Bietti, Sergei Grudinin",arXiv,2026-10-10,"The design of RNA molecules that interact with specific proteins is a critical challenge in experimental and computational biology. Despite recent progress in natural language modeling and deep learning-based protein design, there remains significant room to improve the frequency of successful interactions and the authenticity of generated sequences for functional applications. In this work, we fr",http://arxiv.org/abs/2605.23961v1,arXiv
"GoForth: Language Models for RNA Design under Structure, Sequence, and Coding Constraints",Michael Lindsey,arXiv,2026-10-10,"RNA inverse sequence design has broad biological and engineering applications, but computational methods for practical design queries remain limited. Such queries may impose several constraints at once, including target folds or motifs, fixed bases, and coding restrictions, while leaving arbitrary sequence and structure in unspecified regions. Because these constraints may permit many acceptable s",http://arxiv.org/abs/2605.07608v1,arXiv
"Comprehensive Pan-Cancer Analysis Identifies LINC00942 as a Multifunctional lncRNA Involved in Tumor Progression, Immune Regulation, and Chemoresistance.","Ma Yaxin, Ding Yike, Wang Lihui",Asia-Pacific journal of clinical oncology,2026-10-10,"This study aimed to investigate the expression patterns, immunological functions, and prognostic value of LINC00942 across multiple cancer types, and to further examine its role in chemoresistance. LINC00942 expression and its diagnostic and prognostic significance were analyzed across 33 cancer types using data from The Cancer Genome Atlas (TCGA) and the Genotype-Tissue Expression (GTEX) database",https://pubmed.ncbi.nlm.nih.gov/42855881/,PubMed
Temporal transcriptomics identifies transregulation by multiple lncRNAs in human iPSCs.,"Liu Mingfeng, Mamede Izabela, Sofi Sajad",Genome research,2026-10-10,"Some long noncoding RNAs (lncRNAs) are known to regulate gene expression. However, the underlying temporal dynamics of lncRNAs influencing gene and epigenetic regulation, and mechanisms of lncRNA regulation in ",https://pubmed.ncbi.nlm.nih.gov/42855279/,PubMed
Prioritization of candidate genomic regions for milking speed in Holstein cattle using international evaluations.,"Šimon M, Bogićević S, Luštrek B",Journal of dairy science,2026-10-10,"Milking speed (MSPD) is an economically important trait in dairy cattle affecting labor efficiency, animal welfare and milking parlor productivity. This complex quantitative trait has been investigated to characterize its genetic basis and support genomic selection. Previous genome-wide association studies (GWAS) have reported genomic regions potentially related to MSPD; however, results vary cons",https://pubmed.ncbi.nlm.nih.gov/42855058/,PubMed
Large-scale genome re-annotation uncovers pathogen-specific lncRNA regulators of fungal growth and virulence.,"Gao Renwei, Liu Zhenxiu, Tang Han",PLoS pathogens,2026-10-10,"Invasive fungal infections pose a serious global health threat. Although core cellular processes are broadly conserved across fungi, only a small fraction of known species cause severe human disease, suggesting that pathogenicity may depend in part on pathogen-specific regulators. However, such elements remain poorly understood because they often lack recognizable homologs, limiting accurate annot",https://pubmed.ncbi.nlm.nih.gov/42853829/,PubMed
Crosstalk in Silence: PIWIL/piRNA in ncRNA Hubs for Immune Gene Regulation and Epigenetic Antiviral Defense.,"Ramesh Athira, Roy Rupa, Arunachalam Jayamuruga Pandian","BioEssays : news and reviews in molecular, cellular and developmental biology",2026-10-10,"Recent studies indicate that PIWI (P-element-induced WImpy testis) like proteins and their cognate PIWI-interacting RNAs (piRNAs), initially identified in germline cells for protecting genomic stability by transposon silencing, also exert multiple regulatory functions in somatic and immune systems. Additionally, PIWIL/piRNA pathways are linked to innate antiviral defense and immune signaling pathw",https://pubmed.ncbi.nlm.nih.gov/42853552/,PubMed
"The Partition Code: How RNA Modifications Set the Address of Transcripts Among Membraneless Compartments: Covalent RNA Marks Set a Measurable, Reversible Spatial Address Among Membraneless Compartments-A Variable to Perturb, Not Just Observe.",Tani Hidenori,"BioEssays : news and reviews in molecular, cellular and developmental biology",2026-10-10,"Where a transcript goes among a cell's membraneless compartments-stress granules, P-bodies, paraspeckles, nuclear speckles-is an addressable, rewritable property that this article proposes chemical modifications of RNA help write. The code's output depends on the transcript's role: for client messenger RNAs, an apparent partition coefficient (K",https://pubmed.ncbi.nlm.nih.gov/42853486/,PubMed
Identification of novel lncRNAs potentially associated with diabetic retinopathy based on machine learning prediction.,"Yuan Yuan, Zeng Lan, He Junhao",Graefe's archive for clinical and experimental ophthalmology = Albrecht von Graefes Archiv fur klinische und experimentelle Ophthalmologie,2026-10-10,"Diabetic retinopathy (DR), a neurovascular complication, stands as a major contributor to global vision impairment, substantially affecting patients' quality of life. Increasing evidence suggests that lncRNAs fundamentally contribute to the development of DR; however, their precise molecular functions remain largely unclear. This study aimed to uncover lncRNAs potentially implicated in DR pathogen",https://pubmed.ncbi.nlm.nih.gov/42853277/,PubMed
Statement of Retraction: Long noncoding RNA MALAT1 knockdown inhibits progression of anaplastic thyroid carcinoma by regulating miR-200a-3p/FOXA1.,,Cancer biology & therapy,2026-10-10,,https://pubmed.ncbi.nlm.nih.gov/42850778/,PubMed
Carmn sustains basal stemness in exocrine glands and CTND1-mediated Wnt signaling in mammary tissue.,"Wang Teng, Li Mingyang, Fu Yimin",EMBO reports,2026-10-10,"Exocrine glands, despite varied secretory functions and locations, share similar structures and stem cell-dependent development and regeneration. However, the common stem cell regulatory mechanisms across these glands remain elusive. In this study, we integrate single-cell RNA sequencing datasets from mammary, salivary, and lacrimal glands across species and discover the specific enrichment of the",https://pubmed.ncbi.nlm.nih.gov/42850414/,PubMed
Mechanism of Fluoride-Induced Neurotoxicity: Dissecting a Multi-Target Organelle Signaling Network.,"Li Qingyuan, Du Yuhui, Zeng Yuting",Chemico-biological interactions,2026-10-10,"Fluoride is a widely distributed environmental contaminant, and excessive exposure has been associated with adverse neurological outcomes. However, the underlying mechanisms of fluoride-induced neurotoxicity remain incompletely understood. In this review, we integrate current evidence to propose a multilevel, multi-target mechanistic framework of fluoride-induced neurotoxicity. We highlight that f",https://pubmed.ncbi.nlm.nih.gov/42849774/,PubMed
Correction: Long non-coding RNA NR-133666 promotes the proliferation and migration of fibroblast-like synoviocytes through regulating the miR-133c/MAPK1 axis.,"Zhang Nanwen, Zheng Ningning, Luo Dunxiong",Frontiers in pharmacology,2026-10-10,[This corrects the article DOI: 10.3389/fphar.2022.887330.].,https://pubmed.ncbi.nlm.nih.gov/42846852/,PubMed
UPF1-dependent glycolysis driven by LINC00887 facilitates macrophage M2 polarization in clear cell renal cell carcinoma.,"Wu Jiayue, Wang Jiawen, Weng Jingyu",Frontiers in immunology,2026-10-10,"LINC00887 plays critical roles in tumor biology, from oncogenesis to metastasis and drug resistance, while the specific mechanism in ccRCC remains unclear. We analyzed the expression profiles of LINC00887 and UPF1 and assessed their correlation with glycolytic activity and M2 macrophage infiltration. Here, we performed scRNA-seq to identify distinct UPF1 expression profiles and found significant p",https://pubmed.ncbi.nlm.nih.gov/42846147/,PubMed
Elucidating Gene Functions in Congenital Heart Disease.,"Raghu Sukanya, Tamta Ankit K, Dey Sanchita Sanchaya",Current treatment options in cardiovascular medicine,2026-10-10,"Congenital heart defects (CHDs) arise from disruption of precisely orchestrated developmental programs that coordinate cardiac lineage specification, morphogenesis, maturation, and tissue remodeling. This review highlights recent advances in experimental systems used to connect CHD-associated genes and variants to developmental mechanisms. In vivo mouse and vertebrate studies have refined models o",https://pubmed.ncbi.nlm.nih.gov/42845828/,PubMed
ELE: Estimating tissue-specific long noncoding RNA gene essentiality using graph neural networks.,"Shi Wan-Ting, Liu Ying-Dong, Gong Xiu-Jun","Quantitative biology (Beijing, China)",2026-10-10,"A gene is essential if its loss of function results in lethality, reduced fitness, or disease. Essential genes have attracted increasing attention due to their vital functions in biological systems. Many efforts have been made to find essential protein-coding genes. In complex organisms, the majority of the genome does not encode proteins. Noncoding genes play vital roles in many biological proces",https://pubmed.ncbi.nlm.nih.gov/42845817/,PubMed
Long noncoding RNA associations with an IFI27-MCEMP1 transcript pattern in Kawasaki disease.,"Liu Fang, Xue Xing, Han Zhi",Frontiers in immunology,2026-10-10,"Kawasaki disease (KD) is an acute pediatric vasculitis with risk of coronary artery injury. A two-transcript IFI27-MCEMP1 score has distinguished KD from other febrile illnesses, but its relationship to long noncoding RNAs (lncRNAs) is incompletely defined. We evaluated whether peripheral blood mononuclear cell (PBMC) lncRNA expression differed between KD and febrile controls and was associated wi",https://pubmed.ncbi.nlm.nih.gov/42845816/,PubMed
LncRNA-mediated organization of oncogenic chromatin state is a targetable vulnerability in leukemia.,"Vu Ly P, Jin Zhen, Ma Brenda",bioRxiv : the preprint server for biology,2026-10-10,"Long non-coding RNAs (lncRNAs) are increasingly recognized as critical regulators of gene expression underlying various cellular functions, however, the functional and mechanistic contributions of most lncRNAs to tumorigenesis remain poorly defined, and targeting of lncRNAs is challenging with conventional therapeutic approaches. Here, we uncover human PAN3-AS1 and its murine ortholog Lnc35682, pr",https://pubmed.ncbi.nlm.nih.gov/42845607/,PubMed
Integrated single-cell profiling of RNA and DNA interactomes reveals targetable chromatin architectures in cancer.,"Deforzh Evgeny, Zhang Yanhong, Mnatsakanyan Hayk",bioRxiv : the preprint server for biology,2026-10-10,"The human genome is pervasively transcribed into protein-coding and regulatory non-coding RNAs whose functions are coordinated within higher-order nuclear architectures. However, direct mapping of RNA-RNA and DNA-DNA interaction networks in complex human tissues at single-cell resolution has remained a major challenge. Here, we present SCIENCE-seq, a multimodal single-cell interactomics platform e",https://pubmed.ncbi.nlm.nih.gov/42845599/,PubMed
Site-specific N6-methyladenosine fine tunes CTCF/cohesin-defined enhancer-promoter interactions and oncogenic transcription program.,"Huang Suming, Luo Huacheng, Hamamoto Karina",Research square,2026-10-10,"N6-methyladenosine (m6A) of RNAs plays an important role in RNA stability and gene expression. However, it remains unknown how site-specific m6A on individual RNA is decoded to regulate chromatin architecture and transcriptional reprogramming. Here, we show that m6A modification of HOTTIP lncRNA is highly enriched in acute myeloid leukemia (AML) patients carrying MLL-rearrangement (MLLr+) or NPM1C",https://pubmed.ncbi.nlm.nih.gov/42845544/,PubMed
LncRNA ,"Ranjan Gyan, Arora Samriddhi, Sharma Sarmeela","Arteriosclerosis, thrombosis, and vascular biology",2026-10-10,"TIE1 is an endothelial receptor tyrosine kinase, which plays a crucial role in vascular development and remodeling, including in diseases such as diabetic retinopathy (DR). However, the molecular mechanisms and regulatory interactome governing TIE1 function remain largely unknown. Long noncoding RNAs (lncRNAs) are increasingly recognized as key regulators of endothelial gene expression and vascula",https://pubmed.ncbi.nlm.nih.gov/42845241/,PubMed
An Evaluation on the Role of Non-Coding RNA in HIV Transcription and Latency: A Review,Xiangshuai Liu,arXiv,2026-10-10,"The existence of latent cellular reservoirs is recognized as the major barrier to an HIV cure. Reactivating and eliminating ""shock and kill"" or permanently silencing ""block and lock"" the latent HIV reservoir, as well as gene editing, remain promising approaches, but so far have proven to be only partially successful. Moreover, using latency reversing agents or ""block and lock"" drugs pose additiona",http://arxiv.org/abs/2502.06107v1,arXiv
"Blood-derived lncRNAs as potential biomarkers for early cancer diagnosis: The Good, the Bad and the Beauty","Cedric Badowski, Bing He, Lana X Garmire",arXiv,2026-10-10,Cancer ranks as one of the deadliest diseases worldwide. The high mortality rate associated with cancer is partially due to the lack of reliable early detection methods and/or inaccurate diagnostic tools such as certain protein biomarkers. Cell-free nucleic acids (cfNA) such as circulating long non-coding RNAs (lncRNAs) have recently been proposed as a new class of potential biomarkers that could ,http://arxiv.org/abs/2109.11746v1,arXiv
BPPart and BPMax: RNA-RNA Interaction Partition Function and Structure Prediction for the Base Pair Counting Model,"Ali Ebrahimpour-Boroojeny, Sanjay Rajopadhye, Hamidreza Chitsaz",arXiv,2026-10-10,"RNA-RNA interaction (RRI) is ubiquitous and has complex roles in the cellular functions. In human health studies, miRNA-target and lncRNAs are among an elite class of RRIs that have been extensively studied. Bacterial ncRNA-target and RNA interference are other classes of RRIs that have received significant attention. In recent studies, mRNA-mRNA interaction instances have been observed, where bot",http://arxiv.org/abs/1904.01235v2,arXiv
Systemic RVX-208 Attenuates Experimental Periodontitis Through Inflammatory Host Modulation.,"Alam Sheikh, Ansari Simrah, Yilmaz Birtan T",Journal of periodontal research,2026-10-10,"This study investigated whether systemic treatment of RVX-208, a selective BET protein inhibitor, could ameliorate experimental periodontitis in a prophylactic setting and examined transcriptomic changes associated with RVX-208 in vitro. Porphyromonas gingivalis (Pg) lipopolysaccharide (LPS) was injected into gingiva in mice twice a week for 6 weeks to induce periodontitis. RVX-208 or vehicle was ",https://pubmed.ncbi.nlm.nih.gov/42856046/,PubMed
TERT is a therapeutic target for tertiary stroke prevention.,"Luo Siwei, Gu Tianyu, Liang Meiling",Journal of advanced research,2026-10-10,"Tertiary stroke prevention aims to mitigate long-term disability and improve life quality for stroke survivors. While primary and secondary stroke prevention strategies have been extensively investigated, tertiary prevention remains a critically understudied area, and there is currently no clinically approved drug for tertiary stroke prevention. We previously discovered a transcription-regulatory ",https://pubmed.ncbi.nlm.nih.gov/42854901/,PubMed
Single-cell RNA sequencing reveals vascular heterogeneity and cell-cell communication remodeling in the glioma blood-tumor barrier.,"Zhao Zhipeng, Lang Jiachen, Gu Haiyan",Brain research,2026-10-10,"The blood-brain barrier (BBB) restricts drug delivery in glioma, yet its pathologically remodeled counterpart, the blood-tumor barrier (BTB), is a promising therapeutic target. A comprehensive view of the cellular composition and transcriptional heterogeneity of the vascular compartment across the BBB-to-BTB transition is essential for improving glioma therapy. We performed a secondary single-cell",https://pubmed.ncbi.nlm.nih.gov/42854890/,PubMed
Ex vivo machine perfusion enables robust and widespread lipophilic-conjugated siRNA delivery to the porcine lung.,"Buchwald Julianna E, Tocheny Claire E, Kharroubi Hussein",The Journal of heart and lung transplantation : the official publication of the International Society for Heart Transplantation,2026-10-10,"Normothermic ex vivo lung perfusion (EVLP) provides a controlled opportunity for direct molecular intervention in donor lungs before transplantation. Small interfering RNAs (siRNAs) enable sequence-specific gene silencing and, when chemically stabilized and conjugated, can be engineered to optimize tissue delivery and intracellular activity following transient exposure. We evaluated whether fully ",https://pubmed.ncbi.nlm.nih.gov/42854769/,PubMed
Fluorescence labelling strategies for nucleic acids and current applications in studying RNA delivery.,"Karlsson Alma F E, Adams Thomas J, Wilhelmsson L Marcus",Current opinion in chemical biology,2026-10-10,"Recent advances in nucleic acid delivery technologies have accelerated research in RNA therapeutics and vaccines across many areas of pre-clinical study. As the main limitation for RNA as a therapeutic remains its functional delivery to the cytosol, much current literature is focused on optimising the endosomal escape of internalised RNA molecules. Fluorescence labelling of RNA molecules offers an",https://pubmed.ncbi.nlm.nih.gov/42854543/,PubMed
"Second-Generation Acyl Modifications Stabilize RNA, Support Translation, and Suppress Cytokine Responses.","Zhong Wenrui, Sun Qing, Fang Linglan",ACS chemical biology,2026-10-10,"Bio-reversible 2'-OH polyacylation (cloaking) has been described recently as a post-transcriptional modification strategy for stabilizing RNAs while enabling recovery of biological function after delivery into cells. Here, we probe the chemical space and utility of this method by evaluating a series of new acyl adducts for their ability to maintain protein expression levels after being substituted",https://pubmed.ncbi.nlm.nih.gov/42854114/,PubMed
Influenza A virus infection induces immune dysregulation in the placenta and fetus without vertical transmission in nonhuman primates.,"Cervantes Orlando, Sun Sidney, Huang Hazel",Science advances,2026-10-10,Influenza A virus (IAV) infection during pregnancy is associated with stillbirth and preterm birth. We hypothesized that maternal IAV infection disrupts placental and fetal immune networks in ways that correlate with disease severity. Pregnant pigtail macaques were inoculated with IAV [A/California/07/2009 (H1N1)] and underwent delivery and fetal necropsy 5 days postinfection (,https://pubmed.ncbi.nlm.nih.gov/42853914/,PubMed
mRNA-based therapies: From molecular discovery to clinical revolution.,"Oliveira Andressa Peres de, Sodré Fernanda Marques Câmara, Louzada-Neto Orlando",Genetics and molecular biology,2026-10-10,"For nearly 50 years, scientists have sought to exploit messenger RNA (mRNA) as a therapeutic tool, overcoming major challenges related to instability, delivery, and inflammatory reactions. A major breakthrough came with the incorporation of modified nucleosides, particularly pseudouridine, during in vitro mRNA synthesis, which markedly improved stability, translation efficiency, and tolerability. ",https://pubmed.ncbi.nlm.nih.gov/42853631/,PubMed
Multiple motor proteins regulate TDP-43 anterograde axonal transport.,"Feole Monica, Devoto Victorio M Pozo, Dragišić Neda",Acta neuropathologica,2026-10-10,"TAR DNA-binding protein 43 (TDP-43) is an RNA-binding protein essential for RNA metabolism. Under physiological conditions, it predominantly resides in the nucleus but is also expressed in the cytoplasm, where it regulates mRNA trafficking and local translation. In nearly 97% of amyotrophic lateral sclerosis (ALS) cases, TDP-43 undergoes nuclear depletion and cytoplasmic aggregation. While its nuc",https://pubmed.ncbi.nlm.nih.gov/42853422/,PubMed
A multivalent mRNA-lipid nanoparticle vaccine containing eight hemagglutinin antigens elicited broad neutralizing antibody responses and protected against influenza A virus challenge in swine.,"Ciacci Zanella Giovana, Vincent Marissa L, Flores Leo",Journal of virology,2026-10-10,The diversity within H1 and H3 subtype influenza A viruses (IAVs) in swine prevents effective vaccine control approaches with inactivated whole-virus vaccines. We addressed the challenge of controlling co-circulating hemagglutinin (HA) clades of swine IAV with the development of a multivalent messenger RNA (mRNA)-lipid nanoparticle (LNP) vaccine expressing eight HA proteins to maximize genetic cov,https://pubmed.ncbi.nlm.nih.gov/42852895/,PubMed
"Stimuli-responsive Graphene Nanoplatforms Co-delivering Self-amplifying RNA, circRNA, and cGAMP for Cancer Immunotherapy: A Narrative Review.","Jahan Iram, Hak Jiyaul, Salman Mohd",Current drug targets,2026-10-10,"Cancer immunotherapy has emerged as a transformative therapeutic strategy; however, its efficacy remains limited by tumor heterogeneity, immune suppression, and inefficient delivery of nucleic acid therapeutics. Graphene-based nanomaterials have attracted considerable attention as multifunctional carriers because of their high surface area, tunable surface chemistry, and stimuli-responsive propert",https://pubmed.ncbi.nlm.nih.gov/42852742/,PubMed
Programmable Immunity: DNA Nanostructures in Cancer Immunotherapy.,"Vyas Aayushi, Parmar Bhagyesh, Vaswani Payal",Wiley interdisciplinary reviews. Nanomedicine and nanobiotechnology,2026-10-10,"Despite significant progress in cancer immunotherapy, challenges such as limited immune activation, tumor immune evasion, low response rates in solid tumors and off-target effects continue to hinder therapeutic efficacy. These challenges necessitate strategies to remodel the immune-suppressive tumor microenvironment (TME) into an immune activated state. Over the past decade, nanotechnology-based c",https://pubmed.ncbi.nlm.nih.gov/42852711/,PubMed
PLEKHA5-targeted photothermal-gene combination therapy via mPDA@DMEA@siRNA nanoparticles suppresses melanoma progression.,"Li Zijie, Zhang Fengyuan, Hao Junli",Journal of biomaterials applications,2026-10-10,"Melanoma is an aggressive skin malignancy characterized by high metastatic potential and resistance to current systemic therapies, highlighting the need for novel molecularly targeted and minimally invasive treatment strategies. Photothermal therapy enables localized tumor ablation with reduced systemic toxicity; however, its monotherapeutic efficacy is limited by incomplete tumor elimination and ",https://pubmed.ncbi.nlm.nih.gov/42852675/,PubMed
"mRNA-based nanomedicine for diabetic wound repair: advances in LNP delivery, immune modulation, and regenerative pathways.","Yanhui Li, Zhou Wenhu, Yu Xian-Mei","Nanomedicine (London, England)",2026-10-10,"Diabetic wounds represent a major complication of diabetes mellitus, characterized by chronic inflammation, impaired angiogenesis, immune imbalance, oxidative stress, endothelial dysfunction, and defective extracellular matrix remodeling, which hinder tissue repair. Although current therapies have shown potential, their clinical efficacy remains limited due to poor stability, degradation, insuffic",https://pubmed.ncbi.nlm.nih.gov/42852493/,PubMed
Mechanisms and determinants of mRNALipid Nanoparticle biodistribution: From pharmacokinetics to clinical translation.,"Alhareth Zakia, López-Camacho César",Bioengineering & translational medicine,2026-10-10,"Messenger RNA (mRNA) therapeutics formulated in lipid nanoparticles (LNPs) have transformed the field of nucleic acid medicine by enabling transient, programmable protein expression for vaccination, protein replacement, immunotherapy, and genome engineering. Extending their clinical success beyond vaccines requires a mechanistic understanding of where LNP components and mRNA travel, which cells th",https://pubmed.ncbi.nlm.nih.gov/42851665/,PubMed
Nucleic acid therapeutics in neurodegenerative disorders: emerging technologies and clinical landscape.,"Ohara Masahiro, Ishigaki Shinsuke, Watts Jonathan K",Molecular neurodegeneration advances,2026-10-10,"Neurodegenerative disorders have diverse etiologies from monogenic mechanisms such as toxic gain-of-function mutation in subsets of amyotrophic lateral sclerosis (ALS) to multifactorial cascades exemplified by Alzheimer's disease (AD), which feature proteostasis failure, neuroinflammation, mitochondrial dysfunction, or age-associated cellular stress. While small molecules can modulate downstream p",https://pubmed.ncbi.nlm.nih.gov/42851615/,PubMed
How a polymer filling enhances the rate and selectivity of colloid permeation across mesopores,"Mikhail Y. Laktionov, Frans A. M. Leermakers, Ralf P. Richter",arXiv,2026-10-10,"Polymer-functionalised mesopores are an emerging technology for colloid separation, sensing and delivery. Their potential is strikingly illustrated in living cells, where nuclear pore complexes (NPCs) control biocolloid transport between the nucleus and the cytosol. Even colloids much smaller than the biopolymer-filled NPC channel are effectively blocked, but some larger colloids with distinct sur",http://arxiv.org/abs/2608.27995v1,arXiv
Manganese-Functionalized GelMA Hydrogels for MRI-Guided Immunotheranostics in Precision Oncology,"Motahareh Nazari, Keyvan Alavi",arXiv,2026-10-10,"Precision oncology requires multifunctional platforms capable of integrating accurate tumor diagnosis, localized therapeutic delivery, immune modulation, and real-time monitoring of treatment response. Gelatin methacryloyl (GelMA) hydrogels have emerged as versatile biomaterials for biomedical engineering because of their biocompatibility, extracellular matrix-like structure, tunable mechanical pr",http://arxiv.org/abs/2606.29599v1,arXiv
A review of stimuli-responsive hydrogels for RNA delivery: From material innovations to clinical barriers.,"W. Luo, Wenjing Cheng, Sijia Ni",International Journal of Biological Macromolecules,2025-06-05,"RNA-based therapeutics, including mRNA, miRNA, and siRNA, have emerged as transformative tools for targeted disease treatment. However, their clinical translation is hindered by challenges such as nuclease degradation, immunogenicity, and inefficient cellular uptake. Stimuli-responsive hydrogels, with a 3D network structure mimicking the extracellular matrix, offer a promising solution by enabling",https://www.semanticscholar.org/paper/e8885068d6fda236a659eededa3fa41354a59e37,Semantic Scholar
Integrin beta 1 and fibronectin mediate extracellular vesicle uptake and functional RNA delivery,"Omnia Elsharkasy, Willemijn S. de Voogt, Maria-Laura Tognoli",Journal of Biological Chemistry,2025-02-01,"Extracellular vesicles (EVs) are cell-derived vesicles secreted by all cell types into the extracellular spaces. EVs comprise a heterogenous population of vesicles that carry bioactive molecules, such as proteins, lipids, and RNAs, which they can deliver to recipient cells. Over the past few years, EVs have been recognized for their vital role in intercellular communication, and thereby in various",https://www.semanticscholar.org/paper/03ab38d01bdb511a15cac0440de984b6d2e760e4,Semantic Scholar
Smart Nanoarchitectures for Precision RNA Delivery: Harnessing Endogenous and Exogenous Stimuli in Cancer Treatment,"Jin-Tao Hao, Yue Li, Lu Huang",Theranostics,2025-07-02,"RNA therapy holds great potential for cancer treatment owing to its ability to regulate gene expression precisely, thereby inhibiting tumor growth and metastasis. However, RNA delivery faces several physiological challenges, including rapid degradation by nucleases, limited cellular uptake, and inefficient intracellular release. To address these limitations, stimuli-responsive nanocarriers have be",https://www.semanticscholar.org/paper/3963227ce70b9d2fae66a194e45e1e6543e666ed,Semantic Scholar
Systemic RNA delivery to dendritic cells exploits antiviral defence for cancer immunotherapy,"L. Kranz, M. Diken, H. Haas",Nature,2016-06-01,,https://www.semanticscholar.org/paper/90807faae7e0f1ee33eb41d0b9bbd3bded077f70,Semantic Scholar
RNA delivery by extracellular vesicles in mammalian cells and its applications,"K. O'Brien, K. Breyne, S. Ughetto",Nature reviews. Molecular cell biology,2020-05-26,"The term ‘extracellular vesicles’ refers to a heterogeneous population of vesicular bodies of cellular origin that derive either from the endosomal compartment (exosomes) or as a result of shedding from the plasma membrane (microvesicles, oncosomes and apoptotic bodies). Extracellular vesicles carry a variety of cargo, including RNAs, proteins, lipids and DNA, which can be taken up by other cells,",https://www.semanticscholar.org/paper/a6f6f1aded4cf0a055d7468814b913d508fa190d,Semantic Scholar
Enhancing lipid nanoparticles-mediated RNA delivery to glioblastoma via targeted strategies.,"Ningyang Wang, Qian Qing, Yu Xue",Journal of Controlled Release,2025-11-01,"Glioblastoma (GBM) is an aggressive central nervous system (CNS) malignancy with a poor prognosis and limited responses to conventional therapies. RNA-based therapeutics, with their gene-targeting specificity, present a promising avenue for GBM treatment. However, their clinical translation is hampered by several challenges, including inadequate blood-brain barrier (BBB) penetration, RNA instabili",https://www.semanticscholar.org/paper/0dc152c1955dae8fec02954dbd32e548d2fc30aa,Semantic Scholar
Chemistry of Lipid Nanoparticles for RNA Delivery.,"Yulia Eygeris, M. Gupta, Jeonghwan Kim",Accounts of Chemical Research,2021-12-01,"ConspectusLipid nanoparticles (LNPs) are a type of lipid vesicles that possess a homogeneous lipid core. These vesicles are widely used in small-molecule drug and nucleic acid delivery and recently gained much attention because of their remarkable success as a delivery platform for COVID-19 mRNA vaccines. Nonetheless, the utility of transient protein expression induced by mRNA extends far beyond v",https://www.semanticscholar.org/paper/a39710a85d73cca0d990f4778ceb565b6f96b97f,Semantic Scholar
Recent advances in nanoparticulate RNA delivery systems,"Jacob Witten, Yizong Hu, R. Langer",Proceedings of the National Academy of Sciences of the United States of America,2024-03-04,"Nanoparticle-based RNA delivery has shown great progress in recent years with the approval of two mRNA vaccines for Severe Acute Respiratory Syndrome Coronavirus 2 (SARS-CoV-2) and a liver-targeted siRNA therapy. Here, we discuss the preclinical and clinical advancement of new generations of RNA delivery therapies along multiple axes. Improvements in cargo design such as RNA circularization and da",https://www.semanticscholar.org/paper/a797546712119a7bb5ca52f9bc770fdb24c5e576,Semantic Scholar
Comprehensive analysis of lipid nanoparticle formulation and preparation for RNA delivery,"Md. Anamul Haque, Archana Shrestha, Constantinos M. Mikelis",International Journal of Pharmaceutics: X,2024-09-01,"Nucleic acid-based therapeutics are a common approach that is increasingly popular for a wide spectrum of diseases. Lipid nanoparticles (LNPs) are promising delivery carriers that provide RNA stability, with strong transfection efficiency, favorable and tailorable pharmacokinetics, limited toxicity, and established translatability. In this review article, we describe the lipid-based delivery syste",https://www.semanticscholar.org/paper/c108b791de087a4773c395c3975141814ed7221f,Semantic Scholar
Tumor‐Tailored Ionizable Lipid Nanoparticles Facilitate IL‐12 Circular RNA Delivery for Enhanced Lung Cancer Immunotherapy,"Shufen Xu, Yue Xu, Nicholas C Solek",Advances in Materials,2024-04-24,"The advancement of message RNA (mRNA) ‐based immunotherapies for cancer is highly dependent on the effective delivery of RNA (Ribonucleic) payloads using ionizable lipid nanoparticles (LNPs). However, the clinical application of these therapies is hindered by variable mRNA expression among different cancer types and the risk of systemic toxicity. The transient expression profile of mRNA further co",https://www.semanticscholar.org/paper/594b08d8523899d9153741be67ad91ea02c5d150,Semantic Scholar
Therapeutic potential of RNA-enriched Extracellular Vesicles 1: The next generation in RNA delivery via biogenic nanoparticles.,"Muskan Muskan, Pevindu Abeysinghe, Riccardo Cecchin",Molecular Therapy,2024-02-01,"Exosomes are extracellular vesicles (EVs) (∼50-150 nm) have emerged as promising vehicles for therapeutic applications and drug delivery. These membrane-bound particles, released by all actively dividing cells have the ability to transfer effector molecules, including proteins, RNA, and even DNA, from donor cells to recipient cells, thereby modulating cellular responses. RNA-based therapeutics, in",https://www.semanticscholar.org/paper/1f4490a511f95b55849c3127fbd926f7a2ff8153,Semantic Scholar
Navigating the landscape of RNA delivery systems in cardiovascular disease therapeutics.,"Paula Gil-Cabrerizo, T. Simon-Yarza, E. Garbayo",Advanced Drug Delivery Reviews,2024-04-01,"Cardiovascular diseases (CVDs) stand as the leading cause of death worldwide, posing a significant global health challenge. Consequently, the development of innovative therapeutic strategies to enhance CVDs treatment is imperative. RNA-based therapies, encompassing non-coding RNAs, mRNA, aptamers, and CRISPR/Cas9 technology, have emerged as promising tools for addressing CVDs. However, inherent ch",https://www.semanticscholar.org/paper/a3b9647cb0d77cf7f9ceea8fe14e81d9fc73ad0f,Semantic Scholar
Tuning lipid nanoparticles for RNA delivery to extrahepatic organs,"Donghui Song, Yu Zhao, Zeyu Wang",Advances in Materials,2024-09-05,"RNA therapeutics have been successfully transitioned into clinical applications. Lipid nanoparticles (LNPs) are widely employed as nonviral delivery vehicles for RNA therapeutics in commercial vaccine and gene therapy products. However, the bottleneck in expanding the clinical applications of LNP‐based RNA therapeutics lies in the tendency of these nanoparticles to preferentially accumulate in the",https://www.semanticscholar.org/paper/bff1aeeb5ef3a5f896b052ff0bb0cb5c1afa3b34,Semantic Scholar
A perspective of lipid nanoparticles for RNA delivery,"Yutian Ma, Shi-Yao Li, Xin Lin",Exploration,2024-04-15,"Over the last two decades, lipid nanoparticles (LNPs) have evolved as an effective biocompatible and biodegradable RNA delivery platform in the fields of nanomedicine, biotechnology, and drug delivery. They are novel bionanomaterials that can be used to encapsulate a wide range of biomolecules, such as mRNA, as demonstrated by the current successes of COVID‐19 mRNA vaccines. Therefore, it is impor",https://www.semanticscholar.org/paper/c0ff32cf26cc8e221711435795495d3237a67472,Semantic Scholar
Advances and prospects of RNA delivery nanoplatforms for cancer therapy,"M. Attia, Gregor Kijanka, Nam-Trung Nguyen",Acta Pharmaceutica Sinica B,2024-09-01,"Modern oncology is rapidly evolving, driven by recent advances in RNA-based therapeutics. As new emerging cutting-edge technology, mRNA vaccines hold excellent promise for encoding immunostimulatory molecules, tumor-associated antigens, neoantigens, and chimeric antigen receptors for T-cell reprogramming. RNA interference tools enable highly effective post-transcriptional gene silencing that has r",https://www.semanticscholar.org/paper/c0421f35da663530677e75e0cd29aad57a351cd8,Semantic Scholar
Lipid nanoparticles for RNA delivery: Self-assembling vs driven-assembling strategies.,"Valeria Nele, Virginia Campani, Seyedeh Alia Moosavian",Advanced Drug Delivery Reviews,2024-03-01,"Among non-viral vectors, lipid nanovectors are considered the gold standard for the delivery of RNA therapeutics. The success of lipid nanoparticles for RNA delivery, with three products approved for human use, has stimulated further investigation into RNA therapeutics for different pathologies. This requires decoding the pathological intracellular processes and tailoring the delivery system to th",https://www.semanticscholar.org/paper/f63a27443117b94e3b628f838f12b275ed1f686c,Semantic Scholar
Dynamic carriers for therapeutic RNA delivery,"Simone Berger, Ulrich Lächelt, Ernst Wagner",Proceedings of the National Academy of Sciences of the United States of America,2024-03-04,"Carriers for RNA delivery must be dynamic, first stabilizing and protecting therapeutic RNA during delivery to the target tissue and across cellular membrane barriers and then releasing the cargo in bioactive form. The chemical space of carriers ranges from small cationic lipids applied in lipoplexes and lipid nanoparticles, over medium-sized sequence-defined xenopeptides, to macromolecular polyca",https://www.semanticscholar.org/paper/0d35d81b69e4a911877d03bfcae365ed8be73646,Semantic Scholar
Hydrogels for RNA delivery,"Ruibo Zhong, Sepehr Talebian, Bárbara B. Mendes",Nature Materials,2023-03-20,"RNA-based therapeutics hold promise for the treatment of several diseases. This Review provides an overview of hydrogels for RNA delivery, discussing how the chemical nature and physical properties of hydrogels can be explored for tailored RNA loading and release, and highlighting the use of these materials in biomedical applications. RNA-based therapeutics have shown tremendous promise in disease",https://www.semanticscholar.org/paper/be9f3fe488e2b51b0892c66063defdf906cc81c1,Semantic Scholar
Lipids and Lipid Derivatives for RNA Delivery,"Yuebao Zhang, Changzhen Sun, Chang Wang",Chemical Reviews,2021-07-19,"RNA-based therapeutics have shown great promise in treating a broad spectrum of diseases through various mechanisms including knockdown of pathological genes, expression of therapeutic proteins, and programmed gene editing. Due to the inherent instability and negative-charges of RNA molecules, RNA-based therapeutics can make the most use of delivery systems to overcome biological barriers and to r",https://www.semanticscholar.org/paper/da989341518aa8714e341e7f7bb3427b5548ea13,Semantic Scholar
Tumor Microenvironment‐Responsive Polymer‐Based RNA Delivery Systems for Cancer Treatment,"Yahan Zhang, Ming Zhang, Haiqin Song",Small Methods,2024-05-28,"Ribonucleic acid (RNA) therapeutics offer a broad prospect in cancer treatment. However, their successful application requires overcoming various physiological barriers to effectively deliver RNAs to the target sites. Currently, a number of RNA delivery systems based on polymeric nanoparticles are developed to overcome these barriers in RNA delivery. This work provides an overview of the existing ",https://www.semanticscholar.org/paper/78694410323b89e38b295753148b918df7b14b7e,Semantic Scholar
Novel EG95-based mRNA vaccines induce long-term protective immunity against echinococcosis.,"Chen Wei-Gang, Li Li, Dai Guo-Dong",PLoS pathogens,2026-10-10,"Cystic echinococcosis (CE), a neglected zoonotic disease caused by Echinococcus granulosus sensu lato, remains a significant public health and veterinary concern worldwide. Despite efforts to develop recombinant protein-based vaccines against EG95, a key protective antigen, existing platforms suffer from limited immunogenicity, short-lived immunity, and complex production processes. Here, we desig",https://pubmed.ncbi.nlm.nih.gov/42853894/,PubMed
A multiregional serosurvey of RNA virus-reactive antibodies in bats and rodents reveals the enzootic presence of flavi- and paramyxoviruses in African Pteropodidae.,"Emanuel Jackson, Papies Jan, Meiners Leonie",PLoS neglected tropical diseases,2026-10-10,"Bats and rodents have been identified as reservoir hosts of diverse RNA viruses that pose potential risks to humans. However, overall virus prevalence in wildlife and underlying factors determining the zoonotic potential of reservoir-borne viruses remain poorly characterized. Virus detection often relies on the identification of viral nucleotide sequences and may therefore be limited by variable v",https://pubmed.ncbi.nlm.nih.gov/42853873/,PubMed
Effects of natural killer cell depletion on innate and adaptive immune responses to COVID mRNA vaccination.,"Segard Allison, Goguet Emilie, Haines-Hull Hannah","Journal of immunology (Baltimore, Md. : 1950)",2026-10-10,This study assessed the role that natural killer (NK) cells play in a murine model of severe acute respiratory syndrome coronavirus 2 (SARS-CoV-2) Spike mRNA vaccination. Flow cytometric analyses revealed that mRNA vaccination results in recruitment and maturation of NK cells in the spleen. Primed (CD27+ CD11b+) NK cells increased from 0.35% of all CD45+ cells pre-vaccination to 2.44% at 4 d post-,https://pubmed.ncbi.nlm.nih.gov/42853633/,PubMed
Mycoplasma pneumoniae infections in the Post-COVID era: recent advances from pathogenesis to clinical management.,"Li Yan, Wu Zhifeng, Xiang Tianzhi",Infection,2026-10-10,"M.pneumoniae is a major cause of human respiratory infection whose pathogenicity relies on adhesion proteins, secreted virulence factors, and immune evasion mechanisms. This review contextualizes these strategies within the broader phylogeny of clinically relevant Mycoplasma species while addressing the diverse extrapulmonary manifestations of M. pneumoniae. Current challenges in managing M. pneum",https://pubmed.ncbi.nlm.nih.gov/42853493/,PubMed
Lipid Nanoparticle-Formulated Synthetic Messenger RNA Induces Reversible Hematopoietic Bias via Type I Interferon Responses Under Upper-Bound Inflammatory Conditions in Preclinical Animal Models.,"Ahn Jae-Hun, Lee Na-Young, Bae Hee-Jin",Toxicological sciences : an official journal of the Society of Toxicology,2026-10-10,"Synthetic messenger RNA (mRNA) formulated in lipid nanoparticles (LNPs) is increasingly used for vaccines and therapeutics, yet the consequences of high-dose systemic exposure for bone marrow hematopoiesis remain poorly defined. We previously reported that intramuscular mRNA/LNP administration transiently alters circulating reticulocytes and bone marrow erythroid cellularity in mice; here, we inve",https://pubmed.ncbi.nlm.nih.gov/42853072/,PubMed
Sequence-Dependent PNA-AgNP Bioconjugation Enables Electrochemical Discrimination of a Single-Base Mutation in Zika Virus RNA.,"Sukjee Wannisa, Puttasakul Tasawan, Khunsri Iyacoob",ACS omega,2026-10-10,"Single-nucleotide polymorphisms (SNPs) in RNA viruses such as Zika virus (ZIKV) can alter viral pathogenicity and are therefore critical molecular markers for surveillance. Here, we report an electrochemical hydrogel biosensor that discriminates a clinically relevant ZIKV SNP through a sequence-dependent bioconjugation mechanism between peptide nucleic acids (PNAs) and silver nanoparticles (AgNPs)",https://pubmed.ncbi.nlm.nih.gov/42852225/,PubMed
"Influenza virus research in an era of emerging respiratory threats: host-virus interactions, surveillance technologies, antiviral management and resistance, and vaccine preparedness.","Hu Mengnan, Liu Lei, Yan Guangli",Frontiers in microbiology,2026-10-10,"Seasonal epidemics, zoonotic spillover, antiviral resistance, and pandemic risk continue to make influenza a major challenge for respiratory preparedness. The recent spread of highly pathogenic avian influenza A(H5N1) in mammalian hosts has made it increasingly important to consider molecular adaptation, surveillance, treatment, and vaccination as connected parts of preparedness rather than as sep",https://pubmed.ncbi.nlm.nih.gov/42852125/,PubMed
Early classical swine fever virus persistence is associated with cytotoxic and immunoregulatory transcriptional signatures distinct from protective C-strain vaccination.,"Puente-Marin Sara, Muñoz-Aguilera Adriana, Asilvera Anibal",Frontiers in cellular and infection microbiology,2026-10-10,"Persistent classical swine fever virus (CSFV) infection represents a major challenge for disease control because persistently infected pigs remain clinically healthy while continuously shedding virus. However, the early immunological events associated with the establishment of viral persistence remain incompletely understood and require further investigation. In this study, we compared the periphe",https://pubmed.ncbi.nlm.nih.gov/42851269/,PubMed
Genetic Diversity and Biological Characteristics of a Novel Feline Calicivirus Strain Isolated From Zoo-Captive South China Tiger (Panthera tigris amoyensis).,"Ding YuShan, Zhou Niu, Wang Hai",Transboundary and emerging diseases,2026-10-10,"Feline calicivirus (FCV) is a common pathogen causing upper respiratory tract disease in domestic cats. Nonetheless, its threat and genetic features in endangered wild felids remain poorly understood. In this study, a novel FCV strain from a captive South China tiger (Panthera tigris amoyensis) was isolated, designated as FCV LYH1224. Viral RNA was detected in multiple tissues of the deceased tige",https://pubmed.ncbi.nlm.nih.gov/42851083/,PubMed
Neutralizing antibody evidence of dengue and chikungunya virus exposure in macaques from an urban-forest fringe in Peninsular Malaysia.,"John Jecelyn Leaslie, Ngwe Tun Mya Myat, Kapandji Merveille",Tropical medicine and health,2026-10-10,"Arboviruses such as dengue virus (DENV), chikungunya virus (CHIKV), Zika virus (ZIKV), and Japanese encephalitis virus (JEV) circulate between mosquito vectors and vertebrate hosts, with non-human primates (NHPs) playing an important role in sylvatic transmission cycles. In Malaysia, frequent interactions between long-tailed macaques (Macaca fascicularis) and humans at the Universiti Kebangsaan Ma",https://pubmed.ncbi.nlm.nih.gov/42850674/,PubMed
A single-cell profile of the porcine immune repertoire: concurrent profiling of T cell receptor and B cell receptor V(D)J sequences in health.,"Zhang Hao, Zhang Qixin, Zhang He",Advanced biotechnology,2026-10-10,"Adaptive immune diversity is shaped by the complex organization of T cell receptor (TCR) and B cell receptor (BCR) repertoires across tissues. However, a systematic cross-tissue immune repertoire profiling in healthy pigs is still lacking. In this study, we used 3 14-day-old Duroc × Landrace × Yorkshire (DLY) crossbred piglets, all of which were male. After sample purification, a total of 71,731 c",https://pubmed.ncbi.nlm.nih.gov/42850485/,PubMed
Spatial omics resolves adrenergic and mesenchymal cell states in neuroblastoma.,"Patel Anand G, Ashenberg Orr, Collins Natalie B",Cancer cell,2026-10-10,"Neuroblastoma is a pediatric cancer arising from the developing sympathoadrenal lineage. Although cell lines derived from neuroblastoma patients have features of either adrenergic (ADRN) or mesenchymal (MES) cells, identifying MES cells in patient tumors is challenging and controversial. Here, to characterize intra- and inter-patient cellular heterogeneity, we analyze 54 neuroblastoma tumors spann",https://pubmed.ncbi.nlm.nih.gov/42849441/,PubMed
Circular RNA vaccines encoding Pvs25 induce antibodies that block Plasmodium vivax transmission.,"Kunkeaw Nawapol, Nguitragool Wang, Thosapornvichai Thitipa",Vaccine,2026-10-10,"Plasmodium vivax is a major malaria parasite that causes acute illness in millions of people each year. Transmission-blocking vaccines (TBVs) could contribute substantially to malaria elimination, although none has yet been approved. We previously demonstrated that a nucleoside-modified mRNA-lipid nanoparticle (mRNA-LNP) vaccine targeting Pvs25, a leading P. vivax TBV antigen, elicited potent and ",https://pubmed.ncbi.nlm.nih.gov/42849225/,PubMed
The human gut microbiome primes fever after vaccination.,"Huus Kelsey E, Abo Hirohito","Science (New York, N.Y.)",2026-10-10,"Fever is a common adverse reaction to vaccination, contributing to vaccine hesitancy and reduced uptake. To understand variation in fever risk, we longitudinally profiled fecal microbiota, oral temperature, and serological markers in 171 healthy adults receiving Severe acute respiratory syndrome coronavirus 2 mRNA vaccines. Fever risk correlated with low-grade intestinal inflammation, increased ab",https://pubmed.ncbi.nlm.nih.gov/42848888/,PubMed
An Integrative Computational Approach to Predict Viral Epitopes by Targeting the MHC-TCR Complexation,"Jaya Vasavi Pamidimukkala, Roshan Balaji, Nirav Pravinbhai Bhatt",arXiv,2026-10-10,"T-cell immunity acts as a major defense system against controlling viral infections in vertebrates. During viral entry, innate immune cells degrade the viral proteins (antigens) and present them on their surface via Major Histocompatibility (MHC) proteins. T-cell receptors (TCRs) recognize these antigens/peptides presented by MHC (pMHC), initiating a T-cell mediated immune response. Despite its si",http://arxiv.org/abs/2609.03182v1,arXiv
Transformer-Based Active Learning for Data-Efficient Vaccine Epitope Selection in PRRS,"Aspen Erlandsson Brisebois, Zahed Khatooni, Connor Burbridge",arXiv,2026-10-10,"High-fidelity molecular docking simulations can produce biologically relevant estimates of epitope-receptor binding affinity but are computationally expensive and therefore limit the number of candidates that can be screened for vaccine design. In this work, we evaluate machine learning (ML) approaches where variants of active learning are used to classify instances of high binding affinity betwee",http://arxiv.org/abs/2606.28659v1,arXiv
Exploring the Effects of Entanglement on Quantum Machine Learning of Pathogen Epitope-Receptor Binding,"Aspen Erlandsson Brisebois, Luis Pablo Gonzalez Dominguez, Shivansi Prajapati",arXiv,2026-10-10,"Parameterized quantum circuits (PQCs) provide a flexible substrate for hybrid quantum machine learning (QML), but their practical value on Noisy Intermediate-Scale Quantum (NISQ) devices remains an empirical question, especially because training depth and scale can introduce optimization challenges such as barren plateaus. Here we study how the number and topology of two-qubit entangling gates in ",http://arxiv.org/abs/2606.28655v1,arXiv
CDC73 suppresses lung adenocarcinoma via the PTEN/AKT pathway and exhibits biomarker and functional potential in extracellular vesicles.,"Dong Hao, Zheng Yifan, Wang Gaoming",Cell death discovery,2026-10-10,"CDC73 is a canonical tumor suppressor; however, its biological functions in lung adenocarcinoma (LUAD) and the extracellular vesicle (EV)-mediated mechanisms through which it exerts its effects remain unclear. In this study, we systematically evaluated the diagnostic value, biological functions, and EV-mediated regulatory roles of CDC73 in LUAD. First, quantitative proteomic analysis was performed",https://pubmed.ncbi.nlm.nih.gov/42855461/,PubMed
DLL1 promotes diabetic cataract progression by driving epithelial-mesenchymal transition (EMT) via activation of the Notch signaling pathway.,"Wang Yuanyuan, Wen Jiquan, Zhu Tingting",Biochimica et biophysica acta. Molecular cell research,2026-10-10,"Diabetic cataracts (DCs) are a major vision-threatening complication of diabetes mellitus; however, their molecular mechanisms remain incompletely understood. The present study aimed to investigate the role of the Notch ligand δ-like ligand 1 (DLL1) in the pathogenesis of DCs. Immunohistochemical analysis revealed elevated DLL1 expression in anterior lens capsule tissues from patients with DCs com",https://pubmed.ncbi.nlm.nih.gov/42854987/,PubMed
Triptolide enhances oxaliplatin sensitivity by suppressing the JAK2/STAT3 pathway in cancer cells.,"Lou Ruoxuan, Li Guiqing, Chen Ying",Bioorganic chemistry,2026-10-10,"Liver cancer and lung cancer are major causes of cancer-related deaths worldwide. Oxaliplatin is a first-line chemotherapeutic agent, but its efficacy is often limited by acquired resistance. This study investigated whether triptolide (TPL), a bioactive compound derived from a traditional Chinese medicinal herb, enhances the sensitivity of cancer cells to oxaliplatin and explored the underlying mo",https://pubmed.ncbi.nlm.nih.gov/42854601/,PubMed
Monosodium urate induces macrophage M1 polarization and endothelial apoptosis via the HIF1A-glycolysis axis.,"Pan Fei, Hu Mengting, Zou Yuxuan",International immunopharmacology,2026-10-10,"Monosodium urate (MSU) crystal deposition causes gout, which causes inflammation mediated by macrophages. HIF1A regulates inflammation and cellular metabolism, but its role in MSU-induced macrophage polarization and consequent endothelial dysfunction remains undefined. This study analyzed the public transcriptome (GSE242872) to identify key genes in MSU-stimulated mouse ankle tissue. THP-1 - deriv",https://pubmed.ncbi.nlm.nih.gov/42854382/,PubMed
Targeting Lipoprotein(a) in Cardiovascular Disease: Emerging Therapies and Clinical Implications.,"Acierno Carlo, D'Ardes Damiano, Boccatonda Andrea",Journal of cardiovascular pharmacology,2026-10-10,"Lipoprotein(a) [Lp(a)] is a genetically determined apolipoprotein B-containing lipoprotein independently associated with atherosclerotic cardiovascular disease (ASCVD) and calcific aortic valve stenosis (CAVS). Circulating Lp(a) concentrations are largely inherited, minimally responsive to lifestyle modification, and not adequately addressed by conventional lipid-lowering pharmacotherapy. Patients",https://pubmed.ncbi.nlm.nih.gov/42853682/,PubMed
N1-methylnicotinamide Mediates Multi-Target Cognitive Deficit Relief via AMPK-Lysosome Axis Regulation.,"Qiu Xiangjie, Zhang Qilei, Meng Yuting",Current neuropharmacology,2026-10-10,"Alzheimer's Disease (AD) progresses via interconnected Aβ aggregation, tau hyperphosphorylation, neuroinflammation, and lysosomal failure, while current single-target drugs only relieve cognitive symptoms without halting pathogenesis. Gut microbiota-derived N1-methylnicotinamide (MNAM) is associated with lower AD risk, yet its comprehensive multilevel regulatory mechanism remains unclear. This stu",https://pubmed.ncbi.nlm.nih.gov/42852773/,PubMed
"Identification and Functional Characterization of CDK1, CCNB1, CCNB2, RRM2, and GTSE1 Associated with Replicative Senescence of Human Umbilical Cord-Derived Mesenchymal Stem Cells.","Chen Wenxia, Ouyang Liming, Zhang Lixin",Current stem cell research & therapy,2026-10-10,"Replicative senescence limits the expansion and therapeutic potential of human umbilical cord-derived mesenchymal stem cells (hUC-MSCs). This study aimed to identify passage-associated candidate genes and assess their relationships with senescence-associated phenotypes. The RNA-seq dataset GSE233634 was reanalyzed using 12 planar-culture samples from Donor 1 at p3, p6, p9, and p12. Candidate expre",https://pubmed.ncbi.nlm.nih.gov/42852766/,PubMed
Comprehensive landscape and future perspectives of PIWI‑interacting RNAs in cancer (Review).,"Yu Xiaoqian, Li Changlong, Zhuang Tongtao",International journal of oncology,2026-10-10,"P‑element induced wimpy testis (PIWI)‑interacting RNAs (piRNAs) are small non‑coding RNAs with a length of ~24‑32 nucleotides that specifically bind members of the PIWI protein family. Initially identified in germ cells, piRNAs have since been detected in various somatic cells. They regulate multiple physiological and pathological processes and their aberrant expression contributes to human diseas",https://pubmed.ncbi.nlm.nih.gov/42852637/,PubMed
[Expression of Concern] Gambogic acid inhibits invasion of osteosarcoma via upregulation of TIMP‑1.,"Xin Zeng-Feng, Shen Cheng-Chun, Tao Li-Jiang",International journal of molecular medicine,2026-10-10,"Following the publication of this paper, it was drawn to the Editor's attention by a concerned reader that, regarding the cell invasion assay data shown in Figs. 2A and 5A on p. 107 and p. 100 respectively, the '0 µM gambogic acid (GA)' data panel in Fig. 2A (upper left panel) contained overlapping sections of data with the 'SiRNA TIMP‑1' and the 'SiRNA + GA (1 µM)' data panels in Fig. 5A; further",https://pubmed.ncbi.nlm.nih.gov/42852633/,PubMed
"Honokiol, a structurally defined natural product, promotes SIRT3-linked bone formation in osteoporotic bone remodeling and fracture repair.","Xie Shanshan, Guan Changbiao, Zhou Jia",Pharmaceutical biology,2026-10-10,Honokiol is a structurally defined biphenolic natural product with reported mitochondrial and cytoprotective activities. Whether honokiol modifies pathological skeletal remodeling through sirtuin 3 (SIRT3)-linked mechanisms remains unclear. This study investigated whether honokiol regulates bone cell lineage responses and improves osteoporotic bone remodeling and fracture repair through SIRT3-asso,https://pubmed.ncbi.nlm.nih.gov/42852533/,PubMed
Autophagy Regulates Foxo1 Protein Abundance to Control Hepatic Glucose Production in Glucagon Signalling.,"Shen Zheng, Yang Wanbao, Pan Quan","Diabetes, obesity & metabolism",2026-10-10,"During fasting, the liver undergoes coordinated metabolic adaptations to maintain systemic energy homeostasis. These adaptations are driven in part by glucagon, which promotes hepatic glucose production (HGP) and fatty acid oxidation (FAO) through mechanisms involving the transcription factor Foxo1. Autophagy is also activated during nutrient deprivation and maintains intracellular nutrient availa",https://pubmed.ncbi.nlm.nih.gov/42852497/,PubMed
Single-cell transcriptomics identifies PRDX1 and GPX4 as potential ferroptosis regulators and tumor microenvironment--related molecules in hepatocellular carcinoma.,"Zhang Zhou, Chen Hui, Qian Chen",Oncology letters,2026-10-10,"The present study aimed to investigate the expression and roles of peroxiredoxin 1 (PRDX1) and glutathione (GSH) peroxidase 4 (GPX4) in ferroptosis regulation and the tumor microenvironment in hepatocellular carcinoma (HCC). The expression levels of PRDX1 and GPX4 were assessed in HCC through analysis of datasets from The Cancer Genome Atlas (TCGA), GSE14520 from the Gene Expression Omnibus databa",https://pubmed.ncbi.nlm.nih.gov/42851943/,PubMed
CXCR2 knockdown reduces ERK and AKT signaling and migration in PANC-1 pancreatic cancer cells.,"Krzeminski Jacob, Guttilla Reed Irene K",microPublication biology,2026-10-10,"Pancreatic cancer mortality is primarily driven by metastatic disease, and epithelial-mesenchymal transition (EMT) is one mechanism that promotes this process. The chemokine receptor CXCR2 has been implicated in tumor progression, but its role in pancreatic cancer remains unclear. We investigated CXCR2 in HPAF-II (epithelial-like) and PANC-1 (mesenchymal-like) pancreatic cancer cells. siRNA-mediat",https://pubmed.ncbi.nlm.nih.gov/42851713/,PubMed
MAPK3 as a ferroptosis driver in excitatory neurons in Alzheimer's disease: from genetic causal inference to ,"An Xiaoqiong, Wei Changge, Cao Manni",Frontiers in aging neuroscience,2026-10-10,"Alzheimer's disease (AD) is a progressive neurodegenerative disorder, and ferroptosis-an iron-dependent form of regulated cell death-has been increasingly implicated in AD-related neuronal loss. However, the causal relationship between specific ferroptosis-related genes and AD, particularly within defined neuronal subtypes, remains incompletely understood. We integrated two-sample Mendelian Random",https://pubmed.ncbi.nlm.nih.gov/42851601/,PubMed
DeepSilencer: A Novel Deep Learning Model for Predicting siRNA Knockdown Efficiency,"Wangdan Liao, Weidong Wang",arXiv,2026-10-10,"Background: Small interfering RNA (siRNA) is a promising therapeutic agent due to its ability to silence disease-related genes via RNA interference. While traditional machine learning and early deep learning methods have made progress in predicting siRNA efficacy, there remains significant room for improvement. Advanced deep learning techniques can enhance prediction accuracy, reducing the relianc",http://arxiv.org/abs/2503.04200v1,arXiv
Maturation of siRNA by strand separation: Steered Molecular dynamics study,"Rakesh K Mishra, Sanchita Mukherjee, Dhananjay Bhattacharyya",arXiv,2026-10-10,"RNA interference, particularly siRNA induced gene silencing is becoming an important avenue of modern therapeutics. The siRNA is delivered to the cells as short double helical RNA which becomes single stranded for forming the RISC complex. Significant experimental evidence is available for most of the steps except the process of the separation of the two strands. We have attempted to understand th",http://arxiv.org/abs/1910.03778v1,arXiv
Using a hydrogen-bond index to predict the gene-silencing efficiency of siRNA based on the local structure of mRNA,"Kathy Q. Luo, Donald C. Chang",arXiv,2026-10-10,The gene silencing effect of short interfering RNA (siRNA) is known to vary strongly with the targeted position of the mRNA. A number of hypotheses have been suggested to explain this phenomenon. We would like to test if this positional effect is mainly due to the secondary structure of the mRNA at the target site. We proposed that this structural factor can be characterized by a single parameter ,http://arxiv.org/abs/1710.07413v1,arXiv
Unraveling siRNA Unzipping Kinetics with Graphene,"Santosh Mogurampelly, Swati Panigrahi, Dhananjay Bhattacharyya",arXiv,2026-10-10,"Using all atom molecular dynamics simulations, we report spontaneous unzipping and strong binding of small interfering RNA (siRNA) on graphene. Our dispersion corrected density functional theory based calculations suggest that nucleosides of RNA have stronger attractive interactions with graphene as compared to DNA residues. These stronger interactions force the double stranded siRNA to spontaneou",http://arxiv.org/abs/1207.4569v1,arXiv
Unzipping and binding of small interfering RNA with single walled Carbon Nanotube: a platform for small interfering RNA delivery,"Mogurampelly Santosh, Swati Panigrahi, Dhananjay Bhattacharyya",arXiv,2026-10-10,"In an effort to design efficient platform for siRNA delivery, we combine all atom classical and quantum simulations to study the binding of small interfering RNA (siRNA) by pristine single wall carbon nanotube (SWCNT). Our results show that siRNA strongly binds to SWCNT surface via unzipping its base-pairs and the propensity of unzipping increases with the increase in the diameter of the SWCNTs. T",http://arxiv.org/abs/1203.2409v1,arXiv
Nanodiamond as a vector for siRNA delivery to Ewing sarcoma cells,"Anna Alhaddad, Marie-Pierre Adam, Jacques Botsoa",arXiv,2026-10-10,"We investigated the ability of diamond nanoparticles (nanodiamonds, NDs) to deliver small interfering RNA (siRNA) in Ewing sarcoma cells, in the perspective of in vivo anti-cancer nucleic acid drug delivery. siRNA was adsorbed onto NDs previously coated with cationic polymer. Cell uptake of NDs has been demonstrated by taking advantage of NDs intrinsic fluorescence coming from embedded color cente",http://arxiv.org/abs/1106.2252v2,arXiv
Target prediction and a statistical sampling algorithm for RNA-RNA interaction,"F. W. D. Huang, J. Qin, C. M. Reidys",arXiv,2026-10-10,"It has been proven that the accessibility of the target sites has a critical influence for miRNA and siRNA. In this paper, we present a program, rip2.0, not only the energetically most favorable targets site based on the hybrid-probability, but also a statistical sampling structure to illustrate the statistical characterization and representation of the Boltzmann ensemble of RNA-RNA interaction st",http://arxiv.org/abs/0908.0597v1,arXiv
In silico evidence of the relationship between miRNAs and siRNAs,"Ludovica Montanucci, Piero Fariselli, Pier Luigi Martelli",arXiv,2026-10-10,"Both short interfering RNAs (siRNAs) and microRNAs (miRNAs) mediate the repression of specific sequences of mRNA through the RNA interference pathway. In the last years several experiments have supported the hypothesis that siRNAs and miRNAs may be functionally interchangeable, at least in cultured cells. In this work we verify that this hypothesis is also supported by a computational evidence. We",http://arxiv.org/abs/0705.2355v1,arXiv
