title,authors,journal,date,abstract,link,source
Nuclear PPR Proteins Mediate Rhythmic C-To-U Editing of Mitochondrial RNA in Maize and Rice.,"Kan Qiuxin, Chen Guo, Jiang Yizhe","Plant, cell & environment",2026-07-17,"Mitochondrial activity must be tightly coordinated in plants to ensure that energy production is appropriately modulated in response to exogenous and endogenous signals. However, the underlying molecular mechanisms are largely unknown. Here, we investigated this issue by analysing the crosstalk between the nucleus and mitochondria mediated by pentatricopeptide repeat (PPR) proteins, which can regu",https://pubmed.ncbi.nlm.nih.gov/42464762/,PubMed
Adrenal rather than central dysfunction limits HPA axis recovery after chronic glucocorticoid treatment in male mice.,"Gaston Lindsey S, Jorgensen Brenna C, Friedman Hannah R",Endocrinology,2026-07-17,"Glucocorticoid-induced adrenal insufficiency (GIAI) can persist for months after discontinuation of chronic corticosteroid therapy, placing patients at risk for life-threatening adrenal crises. This prolonged suppression has been attributed primarily to delayed restoration of hypothalamic-pituitary signaling based on indirect measures of central axis activity. To identify the rate-limiting site of",https://pubmed.ncbi.nlm.nih.gov/42464759/,PubMed
Glutathione-Responsive Acyl-Modifications for Targeted RNA Decaging and Prolonged Protein Synthesis.,"Flood Mary E, Kurusamy Sathishkumar, Berney Mark",Angewandte Chemie (International ed. in English),2026-07-17,"A series of disulfide-based, self-immolative acyl conjugates have been designed and tested for reversibly protecting the ribose 2'-hydroxy position of RNA. These modifications were found to be responsive to endogenous glutathione levels for efficient RNA recovery both in solution and cultured cells. Through this modification strategy, we achieve shielding of the biomolecule from both nuclease enzy",https://pubmed.ncbi.nlm.nih.gov/42464708/,PubMed
Sedanolide alleviates LPS‑induced depressive‑like behaviors by modulating the C3a/C3aR signaling axis and microglial glycolysis.,"Lu Shaocong, Luo Fangla, Chen Niqi",Molecular medicine reports,2026-07-17,"A total of ~30% of patients with depression do not respond to pharmacological treatment. Sedanolide (SD) is a compound derived from Chinese medicinal herbs and has structural features associated with anti‑inflammatory activity. However, its effect on depressive disorders remains unclear. The present study aimed to examine the therapeutic effects of SD in lipopolysaccharide (LPS)‑induced depressive",https://pubmed.ncbi.nlm.nih.gov/42464680/,PubMed
A Programmable mRNA Platform for miRNA Detection via miRNA-mRNA,"Chen Yanyu, Zhao Wanqi, Chen Huizhen",ACS synthetic biology,2026-07-17,"Programmed -1 ribosomal frameshifting (-1 PRF) is a recoding mechanism utilized by viruses to expand their coding capacity and modulate the stoichiometric ratio of -1 frame and 0 frame translation products. The stability of mRNA secondary structure at the ribosomal entry site within the frameshifting stimulating elements (FSEs) determines the frameshifting efficiency. Here, we report the developme",https://pubmed.ncbi.nlm.nih.gov/42464604/,PubMed
T-cell miR-155 regulates the response to tumor-specific mRNA vaccines in a murine model of acute myeloid leukemia.,"Battistone Benjamin, Ghazaryan Arevik, Tang William W","Journal of immunology (Baltimore, Md. : 1950)",2026-07-17,Acute myeloid leukemia (AML) is a malignant clonal expansion of myeloid progenitor cells that impedes normal hematopoiesis and culminates in bone marrow failure and death. The development of chemoresistant disease in response to first-line chemotherapies is common and indicates a need for new therapies. Tumor-specific mRNA vaccines have emerged as potent inducers of cellular immunity against solid,https://pubmed.ncbi.nlm.nih.gov/42464564/,PubMed
"[Research on ferroptosis induced by RSL3, Erastin, and TBHP in rat intervertebral disc annulus fibrosus cells].","Pan Xiaolin, Tan Jing, Liu Yuying",Zhongguo xiu fu chong jian wai ke za zhi = Zhongguo xiufu chongjian waike zazhi = Chinese journal of reparative and reconstructive surgery,2026-07-17,"To explore the effects of RAS-selective lethal small molecule 3 (RSL3), Erastin, and tert-butyl hydroperoxide (TBHP) on ferroptosis of rat annulus fibrosus cells (AFCs), and to establish an effective  AFCs were isolated and cultured from the caudal vertebrae of 6-week-old female Sprague-Dawley rats by enzymatic hydrolysis. The optimal treatment concentrations of RSL3, Erastin, and TBHP (used for e",https://pubmed.ncbi.nlm.nih.gov/42464548/,PubMed
The Combination of Nigella sativa Oil-Based Nanoemulsion and Quercetin Alleviates Oxidative Stress From Exogenous Testosterone Through Antioxidant and Anti-Inflammatory Mechanisms in Rats.,"Najafi Majid, Panahi Negar, Hesaraki Saeed",Veterinary medicine and science,2026-07-17,"Exogenous testosterone therapy induces testicular oxidative stress and inflammation, suppressing spermatogenesis. Chronic restraint and high-intensity exercise stress exacerbate reproductive dysfunction. Quercetin (Qu) and black seed oil (BSO) possess potent antioxidant and anti-inflammatory properties. This study evaluates the efficacy of Qu-loaded BSO (Qu-BSO) nanoemulsion in mitigating testoste",https://pubmed.ncbi.nlm.nih.gov/42464454/,PubMed
Pan-Cancer Quantification of Driver Alteration Transmission Across Molecular Layers Reveals Limited Propagation to Protein Abundance.,Nakano Hisashi,International journal of cancer,2026-07-17,"Precision oncology relies primarily on DNA-level alterations for therapeutic decisions, but the extent to which driver mutations propagate to protein abundance has not been systematically evaluated. Here, I developed a regression-based transmission score (TS_R",https://pubmed.ncbi.nlm.nih.gov/42464426/,PubMed
METTL1 facilitates colorectal cancer progression through internal m7G methylation of MACC1 and SDCCAG8 mRNA.,"Yu Yang, Bao Wenfang, Li Yandong",Biology direct,2026-07-17,"N7-Methylguanosine (m7G) modification, as one of main types of RNA modification, has been implicated in several cancers. However, its function and regulatory mechanism in colorectal cancer (CRC) progression remain poorly understood. In this study, we found methyltransferase-like protein-1 (METTL1), the key m7G methyltransferase, is highly expressed in CRC tissues via whole-transcriptome sequencing",https://pubmed.ncbi.nlm.nih.gov/42464401/,PubMed
Circulating NSUN6 serves as a prognostic biomarker for early metastasis in HCC via hippo pathway modulation.,"Li Xutong, Xu Honghai, Chang Yu",Journal of experimental & clinical cancer research : CR,2026-07-17,"Portal vein tumor thrombus is a lethal complication of HCC for which effective biomarkers are urgently needed. Through proteomic profiling, functional and mechanistic assays, and machine learning-based evaluation of serum NSUN6 in 472 HCC patients with external validation (n = 98), we characterized an epitranscriptomic regulator of HCC metastasis. NSUN6 was downregulated in PVTT and suppressed met",https://pubmed.ncbi.nlm.nih.gov/42464346/,PubMed
Transient Receptor Potential Melastatin 8 Plays a Key Role in Dextran Sulfate Sodium-Induced Murine Colitis via Regulating Extrinsic Sensory Neurons and Enteric Macrophage Secretory Activities.,"Matsumoto Kenjiro, Nakamoto Tomohiro, Sato Akari",Neurogastroenterology and motility,2026-07-17,"Transient receptor potential melastatin 8 (TRPM8) is a cold-sensitive Ca The role of TRPM8 in the progression of colonic inflammation was examined in 2% DSS-induced colitis by immunohistochemistry, reverse transcription-polymerase chain reaction, visceral sensing assessment, and flow cytometry. The role of TRPM8 in sensory neurons and macrophages was investigated using primary cultured dorsal root",https://pubmed.ncbi.nlm.nih.gov/42464071/,PubMed
misoTar: a novel approach for predicting miRNA and isomiR targets.,"Ripan Rony Chowdhury, Li Xiaoman, Hu Haiyan",Scientific reports,2026-07-17,"Understanding microRNA/isomiR-mRNA interactions has long been a major challenge. Although many computational methods exist for predicting miRNA-mRNA interactions, almost all fail to account for isomiR-mRNA interactions. To bridge this gap, we developed misoTar, a fine-tuned BERT-based deep learning model trained on over 6.660 million positive and negative microRNA/isomiR-mRNA interaction pairs fro",https://pubmed.ncbi.nlm.nih.gov/42463882/,PubMed
Epitranscriptomic regulation of mRNAs and noncoding RNAs by m6A in hepatocellular carcinoma.,"Luo Xinning, Qin Cuiying, Feng Yi",Discover oncology,2026-07-17,"N6-methyladenosine (m6A) is a major epitranscriptomic modification of RNA that plays a crucial role in regulating RNA metabolism and function, thereby participating in diverse biological processes such as cellular homeostasis and stress responses. The dynamic regulation of m6A is orchestrated by three classes of proteins: methyltransferases that install the modification, demethylases that remove i",https://pubmed.ncbi.nlm.nih.gov/42463586/,PubMed
RXRα suppression drives hepatic metabolic and immune dysfunction in sepsis.,"Jelinek Matyas, Vandewalle Jolien, Heyerick Marah",EMBO molecular medicine,2026-07-17,"Sepsis is a life-threatening condition in which a dysregulated host response to infection leads to organ dysfunction and metabolic and immune failure. We identify hepatocyte retinoid X receptor α (RXRα) as a key integrator of host resilience during polymicrobial sepsis. RXRα is transcriptionally regulated by hepatocyte nuclear factor 4α (HNF4α), and sepsis rapidly decreases RXRα mRNA and protein l",https://pubmed.ncbi.nlm.nih.gov/42463544/,PubMed
Hierarchical regulation and molecular functions of co-transcriptional splicing.,"Niu Rui, Zhang Aiming, Rosenfeld Michael G",Science bulletin,2026-07-17,"Eukaryotic gene expression is precisely regulated through the coupling of transcription and RNA splicing, with an estimated 70%-90% of introns undergoing co-transcriptional splicing. Although the mechanistic basis of this coupling remains incompletely understood, emerging evidence establishes co-transcriptional splicing not as a passive byproduct but as an actively regulated process, whose dysregu",https://pubmed.ncbi.nlm.nih.gov/42463405/,PubMed
A critical appraisal of base-resolution m,"Wawrzyniak Natalia, Eyras Eduardo, Wong Justin J-L",Trends in biochemical sciences,2026-07-17,N,https://pubmed.ncbi.nlm.nih.gov/42463377/,PubMed
"Benzothiazole-Triphenylphosphonium Conjugates: Synthesis, In Silico Analysis, and Exploratory In Vitro Effects on HT-29 Colorectal Cancer Cell Viability.","Laghchioua Fatima E, Gomes Ana T P C, Mendes Karina",ChemMedChem,2026-07-17,"A series of (2-((6-benzo[d]thiazol-2-yl)amino)-2-oxoethyl)triphenylphosphonium (TPP) derivatives (4a-f) was synthesised and evaluated in a colorectal cancer (CRC) cell model. Compounds were obtained in high yields via acylation of aminobenzothiazoles with chloroacetyl chloride, followed by quaternization with triphenylphosphine. A computer-aided drug-design approach combining quantitative structur",https://pubmed.ncbi.nlm.nih.gov/42463305/,PubMed
The Deubiquitinating Enzyme USP9X Regulates the Protein Stability of the FAM49B in Clear Cell Renal Cell Carcinoma.,"Chen Xiangling, Huang Nan, Xu Zhihan",Journal of proteome research,2026-07-17,"Clear cell renal cell carcinoma (ccRCC) is the predominant histological subtype of kidney cancer, characterized by a paucity of therapeutic targets and a dismal prognosis in advanced stages. Although family with sequence similarity 49 member B (FAM49B) has been implicated in tumor progression with context-dependent roles, its function in ccRCC remains undefined. Herein, we elucidated the expressio",https://pubmed.ncbi.nlm.nih.gov/42463156/,PubMed
Macrocyclic and linear peptides promote LAR dimerization and neurite outgrowth.,"Yasumura Misato, Zhang Yuchen, Iguchi Tokuichi",The Journal of biological chemistry,2026-07-17,"Leucocyte common antigen-related protein (LAR), a member of the type IIa receptor protein tyrosine phosphatase (RPTP) subfamily, regulates biological processes such as cell differentiation, migration, axon elongation, and axon regeneration through its phosphatase activity or cell-cell interactions. The phosphatase activity of LAR is negatively regulated by its dimerization driven by the interactio",https://pubmed.ncbi.nlm.nih.gov/42463048/,PubMed
Energy-efficient codon optimization on thermodynamic hardware,"Andraz Jelincic, Ross C. Walker",arXiv,2026-07-17,"The growing energy demand for computation is becoming increasingly unsustainable. Thermodynamic computing, which harnesses physical thermal fluctuations as a computational resource rather than suppressing them, offers orders-of-magnitude energy savings for probabilistic and combinatorial tasks. Pharmaceutical R&D, heavily reliant on computational optimization and sampling, is a natural application",http://arxiv.org/abs/2606.17327v1,arXiv
mRNAutilus: Multi-Objective-Guided Discrete Generation of mRNA with Optimized Therapeutic Properties,"Sawan Patel, Sophia Tang, Yesol Kim",arXiv,2026-07-17,"Therapeutic mRNA design requires coordinating multiple interacting sequence features across the full transcript, where codon usage, untranslated regions (UTRs), and their coupling jointly determine stability, translation efficiency, and protein expression. Here, we present mRNA generation via unrolled trajectories and informed latent updates (mRNAutilus), a framework for simultaneous codon optimiz",http://arxiv.org/abs/2605.31296v1,arXiv
Sampling-based Continuous Optimization for Messenger RNA Design,"Feipeng Yue, Ning Dai, Wei Yu Tang",arXiv,2026-07-17,"Designing messenger RNA (mRNA) sequences for a fixed target protein requires searching an exponentially large synonymous space while optimizing properties that affect stability and downstream performance. This is challenging because practical mRNA design involves multiple coupled objectives beyond classical folding criteria, and different applications prefer different trade-offs. We propose a gene",http://arxiv.org/abs/2603.06559v1,arXiv
Drug-like antibodies with low immunogenicity in human panels designed with Latent-X2," Latent Labs Team, Henry Kenlay, Daniella Pretorius",arXiv,2026-07-17,"Drug discovery has long sought computational systems capable of designing drug-like molecules directly: developable and non-immunogenic from the start. Here we introduce Latent-X2, a frontier generative model that achieves this goal through zero-shot design of antibodies with strong binding affinities, drug-like properties, and, for the first time for any de novo generated antibody, confirmed low ",http://arxiv.org/abs/2512.20263v1,arXiv
"RNAGenScape: Property-Guided, Optimized Generation of mRNA Sequences with Manifold Langevin Dynamics","Danqi Liao, Chen Liu, Xingzhi Sun",arXiv,2026-07-17,"Generating property-optimized mRNA sequences is central to applications such as vaccine design and protein replacement therapy, but remains challenging due to limited data, complex sequence-function relationships, and the narrow space of biologically viable sequences. Generative methods that drift away from the data manifold can yield sequences that fail to fold, translate poorly, or are otherwise",http://arxiv.org/abs/2510.24736v3,arXiv
Yeast growth is controlled by the proportional scaling of mRNA and ribosome concentrations,"Xin Gao, Michael Lanz, Rosslyn Grosely",arXiv,2026-07-17,"Despite growth being fundamental to all aspects of cell biology, we do not yet know its organizing principles in eukaryotic cells. Classic models derived from the bacteria E. coli posit that protein-synthesis rates are set by mass-action collisions between charged tRNAs produced by metabolic enzymes and mRNA-bound ribosomes. These models show that faster growth is achieved by simultaneously raisin",http://arxiv.org/abs/2508.14997v1,arXiv
mRNA Folding Algorithms for Structure and Codon Optimization,"Max Ward, Mary Richardson, Mihir Metkar",arXiv,2026-07-17,"mRNA technology has revolutionized vaccine development, protein replacement therapies, and cancer immunotherapies, offering rapid production and precise control over sequence and efficacy. However, the inherent instability of mRNA poses significant challenges for drug storage and distribution, particularly in resource-limited regions. Co-optimizing RNA structure and codon choice has emerged as a p",http://arxiv.org/abs/2503.19273v1,arXiv
Generative Model for Synthesizing Ionizable Lipids: A Monte Carlo Tree Search Approach,"Jingyi Zhao, Yuxuan Ou, Austin Tripp",arXiv,2026-07-17,"Ionizable lipids are essential in developing lipid nanoparticles (LNPs) for effective messenger RNA (mRNA) delivery. While traditional methods for designing new ionizable lipids are typically time-consuming, deep generative models have emerged as a powerful solution, significantly accelerating the molecular discovery process. However, a practical challenge arises as the molecular structures genera",http://arxiv.org/abs/2412.00807v1,arXiv
Machine learning framework to predict the performance of lipid nanoparticles for nucleic acid delivery,"Gaurav Kumar, Arezoo M. Ardekani",arXiv,2026-07-17,"Lipid nanoparticles (LNPs) are highly effective carriers for gene therapies, including mRNA and siRNA delivery, due to their ability to transport nucleic acids across biological membranes, low cytotoxicity, improved pharmacokinetics, and scalability. A typical approach to formulate LNPs is to establish a quantitative structure-activity relationship (QSAR) between their compositions and in vitro/in",http://arxiv.org/abs/2411.14293v1,arXiv
Joint Design of 5' Untranslated Region and Coding Sequence of mRNA,"Yang Liu, Jie Gao, Xiaonan Zhang",arXiv,2026-07-17,"Messenger RNA (mRNA) vaccines and therapeutics are emerging as powerful tools against a variety of diseases, including infectious diseases and cancer. The design of mRNA molecules, particularly the untranslated region (UTR) and coding sequence (CDS) is crucial for optimizing translation efficiency and stability. Current design approaches generally focus solely on either the 5' UTR or the CDS, whic",http://arxiv.org/abs/2410.20781v1,arXiv
Bacterial stress granule protects mRNA through ribonucleases exclusion,"Linsen Pei, Yujia Xian, Xiaodan Yan",arXiv,2026-07-17,"Membraneless droplets formed through liquid-liquid phase separation (LLPS) play a crucial role in mRNA storage, enabling organisms to swiftly respond to environmental changes. However, the mechanisms underlying mRNA integration and protection within droplets remain unclear. Here, we unravel the role of bacterial aggresomes as stress granules (SGs) in safeguarding mRNA during stress. We discovered ",http://arxiv.org/abs/2404.17873v2,arXiv
"Hypolipidemic effect of brown seaweed (Sargassum crassifolium) extract in vivo (Study of histopathology, mRNA expression, and immunohistochemistry (IHC) with VCAM-1, ICAM-1, and MCP-1 parameters)","Sarah Zaidan, Syamsudin Abdillah, Nur Arfian",arXiv,2026-07-17,The purpose of this study was to obtain natural drugs from brown seaweed (Sargassum crassifolium) as antiatherosclerosis candidates through the study of hypolipidemic mechanisms of action. Modeling of dyslipidemia rats was carried out by feeding high-fat (HFF) and doses of crude fucoidan 100. 200. 400mg / KgBB. in both treatments measured blood lipid profile levels taken from the orbital sinuses. ,http://arxiv.org/abs/2402.07497v1,arXiv
Machine Learning Modeling Of SiRNA Structure-Potency Relationship With Applications Against Sars-Cov-2 Spike Gene,Damilola Oshunyinka,arXiv,2026-07-17,"The pharmaceutical Research and development (R&D) process is lengthy and costly, taking nearly a decade to bring a new drug to the market. However, advancements in biotechnology, computational methods, and machine learning algorithms have the potential to revolutionize drug discovery, speeding up the process and improving patient outcomes. The COVID-19 pandemic has further accelerated and deepened",http://arxiv.org/abs/2401.12232v1,arXiv
Messenger RNA Design via Expected Partition Function and Continuous Optimization,"Ning Dai, Wei Yu Tang, Tianshuo Zhou",arXiv,2026-07-17,"The tasks of designing RNAs are discrete optimization problems, and several versions of these problems are NP-hard. As an alternative to commonly used local search methods, we formulate these problems as continuous optimization and develop a general framework for this optimization based on a generalization of classical partition function which we call ""expected partition function"". The basic idea ",http://arxiv.org/abs/2401.00037v2,arXiv
Machine Learning-guided Lipid Nanoparticle Design for mRNA Delivery,"Daisy Yi Ding, Yuhui Zhang, Yuan Jia",arXiv,2026-07-17,"While RNA technologies hold immense therapeutic potential in a range of applications from vaccination to gene editing, the broad implementation of these technologies is hindered by the challenge of delivering these agents effectively. Lipid nanoparticles have emerged as one of the most widely used delivery agents, but their design optimization relies on laborious and costly experimental methods. W",http://arxiv.org/abs/2308.01402v2,arXiv
Corrected Hill Function in Stochastic Gene Regulatory Networks,"Manuel Eduardo Hernández-García, Jorge Velázquez-Castro",arXiv,2026-07-17,"Describing reaction rates in stochastic bio-circuits is commonly done by directly introducing the deterministically deduced Hill function into the master equation. However, when fluctuations in enzymatic reaction rates are not neglectable, the Hill function must be derived, considering all the involved stochastic reactions. In this work, we derived the stochastic version of the Hill function from ",http://arxiv.org/abs/2307.03057v4,arXiv
Stochastic dynamics and ribosome-RNAP interactions in Transcription-Translation Coupling,"Xiangting Li, Tom Chou",arXiv,2026-07-17,"Under certain cellular conditions, transcription and mRNA translation in prokaryotes appear to be ""coupled,"" in which the formation of mRNA transcript and production of its associated protein are temporally correlated. Such transcription-translation coupling (TTC) has been evoked as a mechanism that speeds up the overall process, provides protection during the transcription, and/or regulates the t",http://arxiv.org/abs/2207.04568v1,arXiv
Coronavirus RNA Sensor Using Single-Stranded DNA Bonded to Sub-Percolated Gold Films on Monolayer Graphene Field-Effect Transistors,"Nicholas E. Fuhr, Mohamed Azize, David J. Bishop",arXiv,2026-07-17,"Electrical detection of messenger ribonucleic acid (mRNA) is a promising approach to enhancing transcriptomics and disease diagnostics because of its sensitivity, rapidity, and modularity. Reported here is a fast SARS-CoV-2 mRNA biosensor (<1 minute) with a limit of detection of 1 aM, and dynamic range of 4 orders of magnitude and a linear sensitivity of 22 mV per molar decade. These figures of me",http://arxiv.org/abs/2205.05143v1,arXiv
Deep learning models for predicting RNA degradation via dual crowdsourcing,"Hannah K. Wayment-Steele, Wipapat Kladwang, Andrew M. Watkins",arXiv,2026-07-17,"Messenger RNA-based medicines hold immense potential, as evidenced by their rapid deployment as COVID-19 vaccines. However, worldwide distribution of mRNA molecules has been limited by their thermostability, which is fundamentally limited by the intrinsic instability of RNA molecules to a chemical degradation reaction called in-line hydrolysis. Predicting the degradation of an RNA molecule is a ke",http://arxiv.org/abs/2110.07531v2,arXiv
Coagulapathies after vaccination against SARS-CoV-2 may be derived from a combination effect of SARS-CoV-2 spike protein and adenovirus vector-triggered signaling pathways,Ralf Kircheis,arXiv,2026-07-17,"The novel coronavirus SARS-CoV-2 has resulted in a global pandemic with worldwide 6-digital infection rates and thousands death tolls daily. Enormeous effords are undertaken to achieve high coverage of immunization in order to reach herd immunity to stop spreading of SARS-CoV-2 infection. Several SARS-CoV-2 vaccines, based either on mRNA, viral vectors, or inactivated SARS-CoV-2 virus have been ap",http://arxiv.org/abs/2109.00089v1,arXiv
Defense mechanisms of Takifugu fasciatus in fatty liver adaptation and tetrodotoxin resistance.,"Zang Xuechun, Wang Tao, Shang Ruhua",Communications biology,2026-07-17,"Fat accumulation and tetrodotoxin (TTX) resistance are critical adaptive traits that enable pufferfish to cope with migratory behavior and environmental fluctuations. Here, we integrate whole-genome sequencing, transcriptomic, and electrophysiological analyses to investigate the molecular mechanisms underlying fatty acid metabolism and TTX tolerance in Takifugu fasciatus. A high-quality genome ass",https://pubmed.ncbi.nlm.nih.gov/42463906/,PubMed
Genome-wide crossover analysis in the holocentric pantry moth reveals strong crossover assurance and interference during spermatogenesis.,"Lee LingSze, Mitra Apratim, Benner Leif",Genome research,2026-07-17,"Meiosis relies on programmed DNA double-strand breaks (DSBs) to initiate recombination between homologous chromosomes. Only a fraction of these breaks mature into crossovers (COs), creating the chiasmata essential for physically linking homologs and ensuring their accurate segregation in meiosis I. Errors in CO number or placement underlie a large fraction of human infertility and aneuploidies, ye",https://pubmed.ncbi.nlm.nih.gov/42463318/,PubMed
Phase-Resolved Pupal Ecdysis Behavior and Requirement of Ecdysis-Triggering Hormone in Henosepilachna vigintioctomaculata.,"Wu Yi-Kuan, Liao Lan-Lan, Wang Zhong-Yuan",Archives of insect biochemistry and physiology,2026-07-17,"In holometabolous insects, the pupal stage enables the transition from larva to adult and provides a useful system for studying the organization and evolution of ecdysis behavior. However, the motor programs underlying the formation of exarate pupae remain less well characterized than those of obtect and coarctate pupae. Here, we describe the pupal ecdysis sequence in Henosepilachna vigintioctomac",https://pubmed.ncbi.nlm.nih.gov/42461816/,PubMed
Limpet-Derived Ferritin Promotes Iron Teeth Mineralization Through Binding Fe,"Liu Chuang, Du Shenhao, Qin Yuhao","Marine biotechnology (New York, N.Y.)",2026-07-17,"Limpets, marine mollusks that feed on algae by scraping rocks, have evolved teeth renowned as among the strongest biological materials known. These teeth are iron-based biocomposites, primarily consisting of goethite nanorods embedded within a silica-rich matrix. A central mystery has been how limpets produce goethite-a mineral that typically requires extreme synthetic conditions-under ambient phy",https://pubmed.ncbi.nlm.nih.gov/42461441/,PubMed
Freeze-Drying as a Novel Concentrating Method for Wastewater Detection of SARS-CoV-2.,"Dong Rui, Noriega Landa Elizabeth, Ouellet Hugues",Environmental science & technology,2026-07-17,"Detecting viral RNA from wastewater has emerged as a cost-effective approach for community-level surveillance during the recent SARS-CoV-2 pandemic. Although various concentrating methods have been developed, none are optimal across all key requirements for wastewater viral detection. Freeze-drying, a technique widely used for concentrating and preserving biological materials, remains underexplore",https://pubmed.ncbi.nlm.nih.gov/42460892/,PubMed
Functional allelic diversity of PTGS components revealed by a high-throughput RUBY-based screening.,"Wei Xin, Hou Yanming, Si Yuyang",The Plant journal : for cell and molecular biology,2026-07-17,"Post-transcriptional gene silencing (PTGS) mediated by small RNA significantly impairs both transgene efficiency and endogenous gene expression. Although multiple PTGS components have been identified through forward genetic screening using various reporter systems, mutations reported for these known PTGS components remain limited, hindering our understanding of the underlying mechanisms and the fu",https://pubmed.ncbi.nlm.nih.gov/42460500/,PubMed
"LDH encapsulation and MpdsRNase disruption boost RNAi efficacy in Myzus persicae, with mRNA-miRNA profiles unraveling lethality by tandem dsRNA targeting MpEcR and MpdsRNase.","He Li, Wang Yu, Xie Junhua",Pest management science,2026-07-17,"The globally significant pest Myzus persicae inflicts considerable economic damage via phloem-feeding behavior and plant virus transmission. Although RNA interference (RNAi) is a promising alternative control strategy, its effectiveness is compromised by double-stranded RNA (dsRNA) instability. Silencing MpdsRNase markedly improved dsRNA stability in the aphid hemolymph and elevated dsRNA-induced ",https://pubmed.ncbi.nlm.nih.gov/42458226/,PubMed
Disease-Modifying Therapies for Hereditary Transthyretin Amyloidosis with Polyneuropathy: Current Status and Future Perspectives.,"Ide Toshihiro, Yoshikawa Masaaki, Koike Haruki",Neurology and therapy,2026-07-17,"Hereditary transthyretin amyloidosis with polyneuropathy (ATTRv-PN) is an autosomal dominant disorder caused by pathogenic variants in the transthyretin (TTR) gene resulting in progressive sensorimotor neuropathy, autonomic dysfunction, and effects on other organs, particularly the heart. Historically, treatment options have been limited to liver transplantation and symptomatic management, and the",https://pubmed.ncbi.nlm.nih.gov/42458194/,PubMed
The oligosaccharyltransferase TaOST1B promotes viral infection by enhancement of RNA silencing suppression in wheat.,"Liu Jiaqian, Wang Xia, Liu Ying",Nature communications,2026-07-17,"Viral suppressors of RNA silencing (VSRs) are crucial for viral infection. Here, we show that a wheat (Triticum aestivum) oligosaccharyltransferase (TaOST1B) is associated with resistance to Wheat yellow mosaic virus (WYMV). TaOST1B interacts with WYMV-encoded P1 and enhances the VSR function of P1 by N-glycosylating its asparagine residue at position 116. This increases intranuclear accumulation ",https://pubmed.ncbi.nlm.nih.gov/42457690/,PubMed
Unraveling the role of ,"Wang Du, Zheng Han-Xue, Chen Jia-Yi",Zoological research,2026-07-17,"Signal transducer and activator of transcription (STAT) proteins function as key mediators of cytokine signaling and are critically involved in stem cell regulation, tissue regeneration, and immune responses in vertebrates. However, their roles in invertebrate regeneration, particularly in adult pluripotent stem cell systems like those of planarians, remain largely unexplored. In this study, we in",https://pubmed.ncbi.nlm.nih.gov/42457414/,PubMed
Maize-recruited Bacillus velezensis inhibit Fusarium oxysporum by directly secreting antimicrobial metabolites.,"He Shidong, Zhou Miao, Lv Minghao",Microbiological research,2026-07-17,"Microorganisms of the crop rhizosphere are essential for maintaining crop health. Corn root rot (CRR) caused by Fusarium oxysporum is a severe disease that affects global maize yield and food security. Maize recruits beneficial rhizosphere microorganisms to resist F. oxysporum; however, the mechanism underlying this recruitment remains poorly understood. Here, we performed multi-omics analyses and",https://pubmed.ncbi.nlm.nih.gov/42456485/,PubMed
"EneoC, a queen-specific terpene synthase, produces the queen pheromone in epidermal secretory cells of Embiratermes neotenicus queens.","Štáfková Jitka, Horáček Natan, Lukšan Ondřej",Insect biochemistry and molecular biology,2026-07-17,"Queens of eusocial insects maintain their reproductive monopoly through queen pheromones. We recently identified the sesquiterpene alcohol (3R,6E)-nerolidol (RNERO) as the queen pheromone in the termite Embiratermes neotenicus and characterized a terpene synthase, EneoC, that produces RNERO in vitro. Here, we aimed to (i) determine whether EneoC is responsible for RNERO biosynthesis in vivo, (ii) ",https://pubmed.ncbi.nlm.nih.gov/42456187/,PubMed
A role for the ,"Nadkarni Ambika V, Diaz Ulises, Rodriguez Ramon",Molecular biology of the cell,2026-07-17,Wound repair is an essential biological process that occurs both in tissues and single cells. In free-living single-celled ciliates such as ,https://pubmed.ncbi.nlm.nih.gov/42455620/,PubMed
Direct Cytosolic Delivery of Amphiphilic Framework Nucleic Acids for RNA Interference.,"Lin Lixuan, Jiao Kai, Wei Biancheng",Angewandte Chemie (International ed. in English),2026-07-17,"The efficient cytosolic delivery of nucleic acid molecular machines remains a major challenge due to the dual barriers of the cell membrane and endosomal sequestration. Here, we report a class of amphiphilic framework nucleic acids (ampFNAs) that enable direct cytosolic delivery involving energy-independent traversal of lipid membranes. Among several designed geometries, a rigid rod-like six-helix",https://pubmed.ncbi.nlm.nih.gov/42454775/,PubMed
"Improving RNAi in the fall armyworm, ","Moola Anil Kumar, Palli Subba Reddy",Frontiers in insect science,2026-07-17,"The rising incidence of resistance to conventional chemical insecticides necessitates the development of novel, sustainable pest management strategies. RNA interference (RNAi) offers a highly specific alternative; however, its practical application in lepidopteran pests is often limited by low efficacy due to rapid dsRNA degradation, inefficient transport of dsRNA to the site of action, and subopt",https://pubmed.ncbi.nlm.nih.gov/42454092/,PubMed
Calcium signaling in soybean-virus interactions: emerging roles of calcium sensors in antiviral and environmental stress responses.,"Chu Huong Cam, Yu Jisuk, Kim Kook-Hyung",Frontiers in plant science,2026-07-17,Soybeans (,https://pubmed.ncbi.nlm.nih.gov/42453727/,PubMed
The Auxin-Induced Protein Gene (MsARG4) Regulates Rapid Stem Elongation and Nutritional Quality Enhancement in Alfalfa.,"Hao Xiaoya, Huang Sisi, Liu Zhike","Plants (Basel, Switzerland)",2026-07-17,Alfalfa (,https://pubmed.ncbi.nlm.nih.gov/42452234/,PubMed
Induction of Smooth Muscle Differentiation in Fibroblasts by Modulation of Cytoplasmic Actin Ratio.,"Levuschkina Yulia, Dugina Vera, Shagieva Galina",International journal of molecular sciences,2026-07-17,"Myogenic differentiation is a powerful mechanism for generating diverse cell types from fibroblasts. Here, we show that targeted suppression of β-actin by RNA interference in human fibroblasts triggers coordinated molecular and structural changes consistent with trans-differentiation toward SMC-like phenotype. This conversion is marked by upregulation of smooth muscle differentiation markers (α- a",https://pubmed.ncbi.nlm.nih.gov/42450096/,PubMed
ALK Knock-In Reporter Reveals APE1 as a Negative Regulator of ,"Murashko Matvey M, Stasevich Ekaterina M, Korneev Kirill V",International journal of molecular sciences,2026-07-17,"Chromosomal rearrangements that lead to the formation of oncogenic gene fusions, such as ",https://pubmed.ncbi.nlm.nih.gov/42449950/,PubMed
Enhanced sampling and cryo-EM data resolve magnesium binding to RNA,"Olivier Languin-Cattoën, Elisa Posani, Giovanni Bussi",arXiv,2026-07-17,"Magnesium ions are essential for RNA structure but difficult to model due to slow binding kinetics and experimental limitations. We present an enhanced-sampling strategy that accelerates Mg$^{2+}$ inner-shell binding by orders of magnitude, enabling quantitative exploration of ion-binding motifs in a large ribozyme. The method combines a barrier-flattening bias with Hamiltonian replica exchange to",http://arxiv.org/abs/2607.07186v1,arXiv
Bayesian Sampling of Structural Ensembles: The Role of Ensemble-Counting Measures,"Ivan Gilardoni, Giovanni Bussi",arXiv,2026-07-17,"Structural ensemble refinement is widely used to integrate molecular simulations with experimental measurements. While most applications focus on the maximum-a-posteriori (MAP) ensemble, Bayesian sampling of the posterior distribution can provide uncertainty estimates and posterior averages for arbitrary observables. A notable step in this direction was introduced by the Bayesian Energy Landscape ",http://arxiv.org/abs/2606.18495v1,arXiv
MultiMolecule: a modular ecosystem for biomolecular sequence-model workflows,Zhiyuan Chen,arXiv,2026-07-17,"Biomolecular sequence models are increasingly reused outside the studies in which they were introduced, but public checkpoints rarely preserve the execution context needed to inspect source-defined behavior, adapt models to new assays, compare models under shared task definitions or deploy biological predictions. MultiMolecule is an open-source Python ecosystem that turns heterogeneous RNA, DNA an",http://arxiv.org/abs/2606.16540v1,arXiv
The Montparnasse Algorithm for RNA Design,Tristan Cazenave,arXiv,2026-07-17,"RNA design consists of discovering a nucleotide sequence that optimizes predefined criteria, such as secondary structure. It is useful for synthetic biology, medicine, and nanotechnology. We propose Montparnasse, a Monte Carlo search framework based on Generalized Nested Rollout Policy Adaptation, augmented with a problem-specific prior, slow and long adaptation at level 1, and a lexicographic mul",http://arxiv.org/abs/2606.07562v1,arXiv
Multimodal Alignment and Preference Optimization for Zero-Shot Conditional RNA Generation,"Roman Klypa, Alberto Bietti, Sergei Grudinin",arXiv,2026-07-17,"The design of RNA molecules that interact with specific proteins is a critical challenge in experimental and computational biology. Despite recent progress in natural language modeling and deep learning-based protein design, there remains significant room to improve the frequency of successful interactions and the authenticity of generated sequences for functional applications. In this work, we fr",http://arxiv.org/abs/2605.23961v1,arXiv
"GoForth: Language Models for RNA Design under Structure, Sequence, and Coding Constraints",Michael Lindsey,arXiv,2026-07-17,"RNA inverse sequence design has broad biological and engineering applications, but computational methods for practical design queries remain limited. Such queries may impose several constraints at once, including target folds or motifs, fixed bases, and coding restrictions, while leaving arbitrary sequence and structure in unspecified regions. Because these constraints may permit many acceptable s",http://arxiv.org/abs/2605.07608v1,arXiv
Bayesian Rate Inference for Sequence Motif Dynamics in Systems of Reactive Nucleic Acids,"Johannes Harth-Kitzerow, Ulrich Gerland, Torsten A. Enßlin",arXiv,2026-07-17,"The RNA world hypothesis suggests a pathway of how life emerged on early earth. It assumes that life started with RNA based systems, capable of storing, transmitting and replicating information, envisioning that monomers and short RNA oligomers interact to form longer strands, eventually becoming catalytically active ribozymes. Key reactions in RNA pools are hybridization, dehybridization, templat",http://arxiv.org/abs/2604.25701v2,arXiv
VARIANT: Web Server for Decoding and Analyzing Viral Mutations at Genome and Protein Levels,"Rui Wang, Xuhang Dai, Xin Cao",arXiv,2026-07-17,"A comprehensive analysis of viral mutations is essential for understanding viral evolution, disease epidemiology, diagnosis, drug resistance, etc. However, challenges remain in capturing complex mutation patterns and supporting diverse viral families with varying genome architectures. To address these needs, we present VARIANT, an web server for mutational analysis of RNA viral genomes and associa",http://arxiv.org/abs/2604.20942v1,arXiv
Interfacial Potential Transduction for Diagnostics,"Hyun-June Jang, Peuli Nath, Yuqin Wang",arXiv,2026-07-17,"A major barrier to decentralized, near-patient diagnostics is the lack of a signal transduction modality that is both analytically precise and accessible at the point of care. Optical readouts remain instrument-dependent and difficult to miniaturize, while compact electrochemical readouts are prone to matrix-derived signal distortion, limiting their biomarker coverage in real clinical settings. He",http://arxiv.org/abs/2603.23775v1,arXiv
ZeroFold: Protein-RNA Binding Affinity Predictions from Pre-Structural Embeddings,"Josef Hanke, Sebastian Pujalte Ojeda, Shengyu Zhang",arXiv,2026-07-17,"The accurate prediction of protein-RNA binding affinity remains an unsolved problem in structural biology, limiting opportunities in understanding gene regulation and designing RNA-targeting therapeutics. A central obstacle is the structural flexibility of RNA, as, unlike proteins, RNA molecules exist as dynamic conformational ensembles. Thus, committing to a single predicted structure discards in",http://arxiv.org/abs/2603.23583v1,arXiv
Computational modeling of RNA-protein binding interactions under an external force,"Danielle Wampler, Ralf Bundschuh",arXiv,2026-07-17,"RNA binding proteins play a crucial role in post-transcriptional gene regulation by controlling the transport, processing, and translation of their target RNAs. Post-transcriptional gene regulation leads to the differential expression of genetic material and loss of regulation or over-regulation relates to a large range of cancers and diseases - many of which have directly been associated with RNA",http://arxiv.org/abs/2603.22269v1,arXiv
Fair splits flip the leaderboard: CHANRG reveals limited generalization in RNA secondary-structure prediction,"Zhiyuan Chen, Zhenfeng Deng, Pan Deng",arXiv,2026-07-17,"Accurate prediction of RNA secondary structure underpins transcriptome annotation, mechanistic analysis of non-coding RNAs, and RNA therapeutic design. Recent gains from deep learning and RNA foundation models are difficult to interpret because current benchmarks may overestimate generalization across RNA families. We present the Comprehensive Hierarchical Annotation of Non-coding RNA Groups (CHAN",http://arxiv.org/abs/2603.22330v1,arXiv
Reverse Distillation: Consistently Scaling Protein Language Model Representations,"Darius Catrina, Christian Bepler, Samuel Sledzieski",arXiv,2026-07-17,"Unlike the predictable scaling laws in natural language processing and computer vision, protein language models (PLMs) scale poorly: for many tasks, models within the same family plateau or even decrease in performance, with mid-sized models often outperforming the largest in the family. We introduce Reverse Distillation, a principled framework that decomposes large PLM representations into orthog",http://arxiv.org/abs/2603.07710v1,arXiv
Fast and Versatile RNA Design via Motif-level Divide-and-Conquer and Structure-level Rival Search,"Tianshuo Zhou, David H. Mathews, Liang Huang",arXiv,2026-07-17,"RNA design aims to identify RNA sequences that fold into a target secondary structure. This task is challenging in terms of computational efficiency. Most existing methods focus on either minimum free energy (MFE)-based or ensemble-based metrics, leaving a gap for a unified approach that performs well across both. We introduce a fast and versatile RNA design algorithm inspired by our previous work",http://arxiv.org/abs/2603.02283v1,arXiv
CryoNet.Refine: A One-step Diffusion Model for Rapid Refinement of Structural Models with Cryo-EM Density Map Restraints,"Fuyao Huang, Xiaozhu Yu, Kui Xu",arXiv,2026-07-17,"High-resolution structure determination by cryo-electron microscopy (cryo-EM) requires the accurate fitting of an atomic model into an experimental density map. Traditional refinement pipelines such as Phenix.real_space_refine and Rosetta are computationally expensive, demand extensive manual tuning, and present a significant bottleneck for researchers. We present CryoNet.Refine, an end-to-end dee",http://arxiv.org/abs/2602.22263v2,arXiv
CPTCs Drive Somatic-Visceral Communication via the Wnt Axis in Somatic Mechanotherapy: A Single-Cell Deep Learning Study,"Haixiang Huang, Zhenwei Zhang, BingBing Shen",arXiv,2026-07-17,"Somatic mechanical stimulation (e.g., acupuncture) exerts systemic immunomodulatory effects, yet the cellular bridge translating peripheral physical force into visceral repair remains elusive. Here, employing a custom interpretable deep learning framework (CARSS) on single-cell RNA sequencing data, we identify CD34$^{+}$PDGFR$α$$^{+}$ telocytes (CPTCs) as the primary mechanosensors in both fascia ",http://arxiv.org/abs/2602.05451v2,arXiv
Tensor-DTI: Enhancing Biomolecular Interaction Prediction with Contrastive Embedding Learning,"Manel Gil-Sorribes, Júlia Vilalta-Mor, Isaac Filella-Mercè",arXiv,2026-07-17,"Accurate drug-target interaction (DTI) prediction is essential for computational drug discovery, yet existing models often rely on single-modality predefined molecular descriptors or sequence-based embeddings with limited representativeness. We propose Tensor-DTI, a contrastive learning framework that integrates multimodal embeddings from molecular graphs, protein language models, and binding-site",http://arxiv.org/abs/2601.05792v1,arXiv
MERGE-RNA: a physics-based model to predict RNA secondary structure ensembles with chemical probing,"Giuseppe Sacco, Jianhui Li, Redmond P. Smyth",arXiv,2026-07-17,"RNA function is tied to secondary structure, operating through dynamic and heterogeneous structural ensembles. While current analysis tools typically output single static structures or averaged contact maps, chemical probing methods like DMS capture nucleotide-resolution signals representing the full structural ensemble, which remain difficult to interpret structurally. To address this, we present",http://arxiv.org/abs/2512.20581v3,arXiv
Methods for Analyzing RNA Pseudoknots via Chord Diagrams and Intersection Graphs,"Rayan Ibrahim, Allison H. Moore",arXiv,2026-07-17,"RNA molecules are known to form complex secondary structures including pseudoknots. A systematic framework for the enumeration, classification and prediction of secondary structures is critical to determine the biological significance of the molecular configurations of RNA. Chord diagrams are mathematical objects widely used to represent RNA secondary structures and to analyze structural motifs, h",http://arxiv.org/abs/2512.19939v1,arXiv
In vitro and in vivo studies of GAPLINC identify it as a critical host factor involved in the regulation of influenza A virus infection.,"Wang Lulu, Xu Haiyan, Li Jiajie",Veterinary research,2026-07-17,"Although previous studies have suggested a role for GAPLINC in regulating influenza A virus (IAV) infection, the functional involvement of GAPLINC in IAV infection in vitro and in vivo remains largely unknown. Here, we found that expression of lncRNA GAPLINC is significantly downregulated by infections with several strains of IAV, including PR8, WSN, H3N2, and H9N2. Interestingly, infections with ",https://pubmed.ncbi.nlm.nih.gov/42464369/,PubMed
LncRNA TTN-AS1 targets miR-520d-5p to regulate the function of synovial fibroblasts and influences the progression of osteoarthritis.,"Liu Qiaomei, Wei Suyi, Zhao Lili",BMC musculoskeletal disorders,2026-07-17,"Synovial inflammation is involved in all stages of osteoarthritis (OA) and is a key factor in promoting the occurrence and development of OA. To investigate the effects of lncRNA TTN-AS1 on human synovial fibroblasts. RT-qPCR was employed to detect the expression of the long non-coding RNA TTN-AS1, miR-520d-5p, ADAMTS5, vascular endothelial growth factor (VEGF) and matrix metallopeptidase 13 (MMP1",https://pubmed.ncbi.nlm.nih.gov/42464195/,PubMed
Prognostic value of lncRNA DARS-AS1 in colorectal cancer and its regulatory effect on tumor progression.,"Chen Qiaoyu, Xu Qijin, Zhang Li",BMC gastroenterology,2026-07-17,"Colorectal cancer (CRC) has high incidence and mortality with limited diagnostic and prognostic methods. This study explored the diagnostic and prognostic significance of the DARS-AS1 in CRC, and its regulatory mechanism via miR-188-5p. The clinical significance of serum DARS-AS1 was analyzed using receiver operator characteristic (ROC) curves, Cox regression, the Kaplan-Meier method, and chi-squa",https://pubmed.ncbi.nlm.nih.gov/42464167/,PubMed
Clinical significance of lncRNA GAS5 in deep vein thrombosis and its mechanism of action on vascular endothelial damage.,"Yang Hongyu, Wang Shuping, Wang Fei",BMC cardiovascular disorders,2026-07-17,"The current research aims to clarify the clinical significance and molecular function of long-non-coding RNA growth arrest-specific 5 (GAS5) in deep vein thrombosis (DVT). 92 DVT patients and 86 controls were included in this study. Real-time quantitative reverse transcription PCR (RT-qPCR) was performed to measure GAS5, microRNA (miR)-134-5p, and forkhead box protein 3 (FOXP3) levels. Receiver op",https://pubmed.ncbi.nlm.nih.gov/42464152/,PubMed
Long Non-Coding RNAs in Natural Killer Cell Biology: Insights into Immune Regulation and Cancer.,"Abouhegaziah Sarah, Watzl Carsten, Rady Mona",Immunological investigations,2026-07-17,,https://pubmed.ncbi.nlm.nih.gov/42463989/,PubMed
LncRNA MKRN3-AS1 promotes metastasis and autophagy of hepatocellular carcinoma by sponging multiple microRNAs.,"Wang Fei, Liu Jizhe, Wang Gaoxiong",Scientific reports,2026-07-17,"Hepatocellular carcinoma is one of the most common malignant tumors with poor clinical outcomes. Increasing numbers of long noncoding RNAs have been shown to be involved in the carcinogenesis and progression of HCC. However, the expressions, clinical significances, and roles of most lncRNAs in HCC are still unknown. In clinical samples, we utilized qPCR assays to measure the expression level of ln",https://pubmed.ncbi.nlm.nih.gov/42463738/,PubMed
lncRNA XIST suppresses acute myeloid leukemia progression by promoting necroptosis through the miR-92a-3p/CYLD axis.,"Huang Xianbo, Chen Ying, Ren Yanling",Cellular signalling,2026-07-17,"Acute myeloid leukemia (AML) remains a highly lethal hematologic malignancy, with relapse and therapeutic resistance largely driven by apoptosis evasion. Necroptosis, a regulated form of non-apoptotic cell death, has emerged as a potential strategy to eliminate apoptosis-resistant cancer cells; however, its upstream regulatory mechanisms in AML remain incompletely understood. Here, we identify the",https://pubmed.ncbi.nlm.nih.gov/42462793/,PubMed
Thermo-sensing mechanisms of splicing control by nuclear stress bodies.,"Ueno Tsuyoshi, Adachi Shungo, Taniguchi Ichiro",Molecular cell,2026-07-17,"Nuclear stress bodies (nSBs) are stress-inducible membraneless organelles formed on HSATIII long noncoding RNAs (lncRNAs) that regulate pre-mRNA splicing during thermal stress recovery. During stress, dephosphorylated serine/arginine-rich splicing factors (SRSFs) accumulate in nSBs, whereas upon stress removal, their kinase CLK1 is recruited to rephosphorylate SRSFs, thereby promoting target intro",https://pubmed.ncbi.nlm.nih.gov/42462707/,PubMed
LncRNA GATA3-AS1-mediated miR-2116-5p interaction modulates TCF12 and contributes to podocyte dysfunction in childhood nephrotic syndrome.,"Tong Xin, Zhao Yong, Huang Peng","Clinics (Sao Paulo, Brazil)",2026-07-17,Childhood Nephrotic Syndrome (NS) is a common kidney disease. This study investigates the role of LncRNA GATA3-AS1 and miR-2116-5p in childhood NS and their impact on podocyte function. This study employed qRT-PCR to detect the levels of GATA3-AS1 and miR-2116-5p in serum and evaluated their diagnostic value. An in vitro injury model was established by treating MPC5 podocytes with TGF-β1. Followin,https://pubmed.ncbi.nlm.nih.gov/42462511/,PubMed
Whole transcriptome responses of zebrafish (Danio rerio) exposed to a mixture of benzotriazole ultraviolet stabilizers: insights into embryotoxicity and behavior.,"Terrazas-Salgado Luis, Dubiel Justin, Zink Lauren","Aquatic toxicology (Amsterdam, Netherlands)",2026-07-17,"Benzotriazole ultraviolet stabilizers (BUVSs) are contaminants of emerging concern. Individual BUVSs exert toxic effects in animals; however, little research has examined the effects of BUVS mixtures on aquatic organisms. In this study, zebrafish (Danio rerio) embryos were microinjected with a mixture of five BUVSs - UV-P, UV-326, UV-327, UV-328, and UV-329 to identify effects on early-life-stage ",https://pubmed.ncbi.nlm.nih.gov/42462430/,PubMed
Characterization of a novel lncRNA RP3-340N1.2 and its association with a miR-4650-5p/SHC1-related regulatory network in lung adenocarcinoma.,"Chen Fang, Yan Yan, Yang Wenting",PloS one,2026-07-17,"Long noncoding RNAs (lncRNAs) are increasingly recognized as regulators of cancer-related biological processes. However, the functional significance of many lncRNAs in lung adenocarcinoma (LUAD) remains incompletely understood. In this study, we identified RP3-340N1.2 as an upregulated lncRNA in LUAD through analyses of public transcriptomic datasets, which was further confirmed by quantitative re",https://pubmed.ncbi.nlm.nih.gov/42461935/,PubMed
A human-specific long noncoding RNA regulator of antigen-presenting cell viability and antimicrobial defense.,"Westermann Alexander J, Schock Alexandra, Ashour Diyaa Al Din",Proceedings of the National Academy of Sciences of the United States of America,2026-07-17,"Macrophages are essential for both, to clear pathogens and preserve tissue homeostasis, yet the molecular regulators of this equilibrium remain incompletely defined. Here, we identify SAILR (survival associated immune-regulatory RNA), a primate-specific long noncoding RNA (lncRNA), as a critical modulator of macrophage viability under infection conditions. SAILR is induced during monocyte-to-macro",https://pubmed.ncbi.nlm.nih.gov/42461768/,PubMed
Uncovering the long non-coding RNAs in Drosophila: Tissue specific expressions and functional roles in reproductive development.,"Poliwal Bhavya, Nikhil Shinde, Marimuthu Oviya",Molecular biology reports,2026-07-17,"Long non-coding RNAs (lncRNAs) have emerged as key regulators of gene expression, with a significant role in development and tissue-specific expression. In Drosophila melanogaster, testis demonstrates the highest repertoire of lncRNAs among male tissues while, ovaries exhibit a substantial distribution of lncRNAs in females. This tissue- and sex-specific distribution highlights the multifaceted ro",https://pubmed.ncbi.nlm.nih.gov/42461494/,PubMed
LncRNA TRHDE-AS1 functions as a tumor suppressor in ovarian cancer via the miR-17-5p/PIK3R1 ceRNA regulatory axis.,"Liu Hui, Song Chengwen, Cheng Dan",Journal of molecular histology,2026-07-17,"This study aimed to explore the expression, biological function, and regulatory mechanism of lncRNA TRHDE‑AS1 in ovarian cancer (OC). The GEO dataset GSE119056 and the GEPIA2 database were used to assess the expression level of TRHDE-AS1 in OC tissues. In vitro experiments, including RT-qPCR, CCK-8, Transwell, and dual-luciferase reporter assays, were performed in SKOV3 and 3AO cells to clarify th",https://pubmed.ncbi.nlm.nih.gov/42461466/,PubMed
The Oncogenic LncRNA-PVT1 in colorectal cancer: mechanisms of ceRNA-mediated progression and clinical implications.,"Farahani Fatemeh Sousanabadi, Mehrmohammadi Sara, Ghanei Zahra","Medical oncology (Northwood, London, England)",2026-07-17,"Colorectal cancer (CRC) remains one of the leading causes of cancer-related mortality worldwide, with both genetic and epigenetic factors contributing to its initiation and progression. Long non-coding RNAs (lncRNAs) have emerged as pivotal regulators of tumorigenesis. Among these, plasmacytoma variant translocation 1 (PVT1) has attracted increasing attention due to its oncogenic functions. PVT1 p",https://pubmed.ncbi.nlm.nih.gov/42461452/,PubMed
"Molecular mechanisms and translational implications in apoptosis, ferroptosis, pyroptosis, and cuproptosis of spermatogonial stem cells.","Deng Feng, Xiang Jianghong, He Zuping",Cellular and molecular life sciences : CMLS,2026-07-17,"Spermatogonial stem cells (SSCs) are essential for male fertility because they form the cellular foundation for normal spermatogenesis. Here we address the regulatory mechanisms governing cell deaths of SSCs, e.g., apoptosis, ferroptosis, pyroptosis, and cuproptosis, including transcriptional and post-transcriptional regulation, RNA-binding proteins, and epigenetic modifications (e.g., non-coding ",https://pubmed.ncbi.nlm.nih.gov/42461372/,PubMed
Transcriptomic analysis of lncRNA-miRNA-mRNA competing endogenous RNA regulatory networks in radiation-induced mouse thymic degeneration.,"Wang Fei, Yu Qing-Hua, Fan Xin-Ming",Immunologic research,2026-07-17,"Excessive or inappropriate radiation can seriously harm organisms. Radiation-induced thymus injury (RITI) is a severe complication driven by dysregulated RNA networks. However, current studies have mostly focused on single non-coding RNAs or late pathological stages, and a complete competing endogenous RNA (ceRNA) regulatory network had not been constructed. The thymus tissues of C57BL/6 mice expo",https://pubmed.ncbi.nlm.nih.gov/42461346/,PubMed
Emerging RNA biomarkers for diabetes: Mechanistic insights and clinical relevance.,"Karthick Venkatesan, Haneesh Muthineni, Karthikeyan Sharan Kumar",Molecular biology reports,2026-07-17,"Diabetes mellitus is a complex, multifactorial metabolic disorder characterized by chronic hyperglycemia and progressive organ dysfunction. Conventional diagnostic and prognostic markers such as fasting glucose and glycated hemoglobin provide limited insight into disease heterogeneity, early molecular changes, and individualized risk of complications. In recent years, RNA-based biomarkers have eme",https://pubmed.ncbi.nlm.nih.gov/42461341/,PubMed
A Novel 7 Sialylation-Related LncRNA Signature as a Prognostic Biomarker in Clear Cell Renal Cell Carcinoma.,"Huang Weiping, Fan Congcong, Li Yifei",Current medicinal chemistry,2026-07-17,"Clear cell renal cell carcinoma (ccRCC) is the most common, aggressive renal malignancy with a poor prognosis and limited advanced therapies.Accumulating evidence highlights the importance of sialylation and sialylation-related long non-coding RNAs (lncRNAs) in tumor progression, immune evasion, and treatment resistance. Thus, this study aimed to develop a prognostic model based on sialylation-rel",https://pubmed.ncbi.nlm.nih.gov/42460535/,PubMed
Duodenal dysbiosis is linked to altered ferroportin related transcriptomics programs in iron deficiency anemia.,"Agrawal Siwani, Dash Rishikesh, Jumin Pranav",Frontiers in nutrition,2026-07-17,"Iron deficiency anemia (IDA) affects over two billion people, yet up to half of patients show inadequate response to oral iron therapy. We hypothesized that IDA is a primary duodenal mucosal disorder where dysbiosis and immune polarization converge to impair enterocyte iron export. This study integrates mucosal-associated microbiome and transcriptomic profiling to elucidate mechanisms underlying i",https://pubmed.ncbi.nlm.nih.gov/42459794/,PubMed
An Evaluation on the Role of Non-Coding RNA in HIV Transcription and Latency: A Review,Xiangshuai Liu,arXiv,2026-07-17,"The existence of latent cellular reservoirs is recognized as the major barrier to an HIV cure. Reactivating and eliminating ""shock and kill"" or permanently silencing ""block and lock"" the latent HIV reservoir, as well as gene editing, remain promising approaches, but so far have proven to be only partially successful. Moreover, using latency reversing agents or ""block and lock"" drugs pose additiona",http://arxiv.org/abs/2502.06107v1,arXiv
"Blood-derived lncRNAs as potential biomarkers for early cancer diagnosis: The Good, the Bad and the Beauty","Cedric Badowski, Bing He, Lana X Garmire",arXiv,2026-07-17,Cancer ranks as one of the deadliest diseases worldwide. The high mortality rate associated with cancer is partially due to the lack of reliable early detection methods and/or inaccurate diagnostic tools such as certain protein biomarkers. Cell-free nucleic acids (cfNA) such as circulating long non-coding RNAs (lncRNAs) have recently been proposed as a new class of potential biomarkers that could ,http://arxiv.org/abs/2109.11746v1,arXiv
BPPart and BPMax: RNA-RNA Interaction Partition Function and Structure Prediction for the Base Pair Counting Model,"Ali Ebrahimpour-Boroojeny, Sanjay Rajopadhye, Hamidreza Chitsaz",arXiv,2026-07-17,"RNA-RNA interaction (RRI) is ubiquitous and has complex roles in the cellular functions. In human health studies, miRNA-target and lncRNAs are among an elite class of RRIs that have been extensively studied. Bacterial ncRNA-target and RNA interference are other classes of RRIs that have received significant attention. In recent studies, mRNA-mRNA interaction instances have been observed, where bot",http://arxiv.org/abs/1904.01235v2,arXiv
Nucleic acid nanotechnologies: transforming the future of precision medicine.,Afonin Kirill A,"Nanomedicine (London, England)",2026-07-17,,https://pubmed.ncbi.nlm.nih.gov/42464783/,PubMed
Age-associated decline of Lamtor5 drives immunosenescence and systemic aging via cGAS-mediated paracrine inflammation.,"Lv Nianyin, Tang Yunzhe, Zhang Wei",Cell death and differentiation,2026-07-17,"Despite emerging evidences showing the close link between immunosenescence and organismal aging, whether and how aged innate immune system drives systemic aging remains an enigma, and importantly, how primary senescence is initiated and regulated needs to be addressed. Herein we identified late endosomal/lysosomal adapter, MAPK and mTOR activator 5 (Lamtor5) as an age-dependent factor that control",https://pubmed.ncbi.nlm.nih.gov/42463581/,PubMed
RModBlock antisense oligonucleotides as a universal tool for precise and efficient inhibition of RNA modifications.,"Ma Mengdan, Yao Jing, Chen Wanying",Nature biomedical engineering,2026-07-17,"The ability to selectively edit specific RNA modifications is needed to understand their roles in cellular function and disease. However, existing approaches, particularly catalytically inactive Cas (dCas)-based systems, have limited applicability owing to their reliance on eraser proteins, and their performance can vary depending on the modification type and target context. Here we introduce the ",https://pubmed.ncbi.nlm.nih.gov/42463507/,PubMed
Chitosan quaternary ammonium/sodium alginate double-network hydrogel loaded with interleukin-11-targeting siRNA-lipid nanoparticles for scarless wound healing.,"Jiang Junbo, Zhang Miaomiao, Zheng Yutao",International journal of biological macromolecules,2026-07-17,"Hypertrophic scars often cause functional impairment and aesthetic damage, thereby affecting patients' daily life and comfort. Moreover, existing therapies have limited efficacy and are prone to recurrence. To achieve precise genetic intervention, this study constructed a time-controlled release polysaccharide hydrogel dressing for the targeted delivery of IL-11 siRNA. This dressing is based on a ",https://pubmed.ncbi.nlm.nih.gov/42463089/,PubMed
Evolution of SPP1,"Dai Xiaomeng, Lai Chunyu, Hong Libing",Cell reports. Medicine,2026-07-17,"The immunometabolic basis of therapy-resistant colorectal cancer (CRC) peritoneal carcinomatosis with malignant ascites remains poorly defined. Here, we profile ascites immune cells from 20 patients across treatment-naive, chemo/targeted therapy-refractory, and immune checkpoint blockade (ICB)/adoptive T cell therapy (ACT)-resistant CRC. Single-cell RNA sequencing identifies SPP1",https://pubmed.ncbi.nlm.nih.gov/42462726/,PubMed
"The role of splicing factor SRSF3 in cancer progression: Mechanisms, biomarkers, and therapeutic implications.","Wang Shidong, Teng Hong, Han Hongyan",Translational oncology,2026-07-17,"Alternative splicing is increasingly recognized as a critical layer of oncogenic regulation, yet the biological meaning of individual splicing factors remains highly context dependent. Serine/arginine-rich splicing factor 3 (SRSF3) has been widely described as an oncogenic splicing regulator in colorectal, cervical, lung, pancreatic, and other cancers; however, emerging evidence also suggests tumo",https://pubmed.ncbi.nlm.nih.gov/42462457/,PubMed
Nanopore-Mediated Assembly Enables Precise and Continuous Synthesis of mRNA-Encapsulated Lipid Nanoparticles for COVID-19 Vaccines.,"Liu Zhixiang, Stewart William, Teng Yilong",ACS nano,2026-07-17,"RNA therapeutics are reshaping modern medicine, as exemplified by the rapid deployment of lipid nanoparticle (LNP)-based mRNA vaccines during the COVID-19 pandemic. However, the ability to reproducibly generate LNPs with precisely defined physicochemical properties at scale remains a critical challenge, particularly as the particle size and size distribution strongly influence biodistribution, cel",https://pubmed.ncbi.nlm.nih.gov/42462004/,PubMed
Stabilizing Anionic mRNA Lipid Nanoparticles by Cleavable Crosslinking of Cholesterol.,"Su Yunhe, Choy Joseph, Liu Xiang",ACS applied materials & interfaces,2026-07-17,"Lipid nanoparticles (LNPs) are the leading platform for mRNA delivery, with their in vivo performance governed by lipid composition and colloidal stability. While anionic helper lipids can bias LNP expression toward the spleen, weak RNA-lipid interactions during purification often induce nanoparticle rearrangement and reduced activity. These stability limitations effectively narrow the accessible ",https://pubmed.ncbi.nlm.nih.gov/42461776/,PubMed
Nanoparticle-Encapsulated 5-Azacytidine Attenuates Air Pollution-Induced Human Cardiac Fibroblast Activation.,"Karuna Narainrit, Wiriya Wan, Kheawfu Kantaporn",Cardiovascular toxicology,2026-07-17,Quasi-ultrafine particles (qUFPs; particulate matter < 0.49 μm; PM,https://pubmed.ncbi.nlm.nih.gov/42461493/,PubMed
Altered gene expression in the liver and small intestine of horses with equine neuroaxonal dystrophy.,"Ryan Stephanie, Durbin-Johnson Blythe, Woolard Kevin",Equine veterinary journal,2026-07-17,"Equine neuroaxonal dystrophy/degenerative myeloencephalopathy (eNAD/EDM) is the second most common diagnosis of spinal ataxia in horses in the United States. The disease develops due to a combination of vitamin E deficiency and an unknown genetic risk factor(s), and there currently is no effective treatment. We performed transcriptomic profiling of the liver and small intestine of horses with and ",https://pubmed.ncbi.nlm.nih.gov/42461371/,PubMed
Ionizable Silyl Lipids with Distinct Membrane Fluidity and mRNA Delivery Profiles.,"Patterson Leah A, Tran Wendy N, Humeniuk Yuliia",ACS chemical biology,2026-07-17,"We report the synthesis and evaluation of ionizable silyl-lipids with single or double alkyl chains to modulate RNA encapsulation efficiency (EE), mRNA transfection, particle size, and membrane fluidity in lipid nanoparticles (LNPs). Incorporation of silyl lipid tails with varying tail substituents enables control over LNP properties, with distinct differences in membrane fluidity and transfection",https://pubmed.ncbi.nlm.nih.gov/42461224/,PubMed
From sites to structure to serology: a roadmap for structure-aware molecular evolution of antigenically evolving viruses.,"Översti Sanni, Lytras Spyros, Kawakubo Shusuke",Journal of virology,2026-07-17,"The genomic deluge has pushed viral molecular evolution into a site-resolved era. For antigenically evolving viruses such as influenza and severe acute respiratory syndrome coronavirus 2 (SARS-CoV-2), dense genomic sampling now supports mutation-annotated phylogenies and per-site estimates of mutation and substitution processes. These data highlight strong effects of sequence context, genomic regi",https://pubmed.ncbi.nlm.nih.gov/42461048/,PubMed
Cell-Selective Delivery of RIBOTACs via an Anti-EGFR Nanobody for Pancreatic Cancer Treatment.,"Luo Tianli, Wang Yijuan, Chen Dengwang","Advanced science (Weinheim, Baden-Wurttemberg, Germany)",2026-07-17,"Pancreatic ductal adenocarcinoma (PDAC) remains a therapeutic challenge due to its dense stroma and lack of druggable targets. Through integrated bioinformatics analysis of in-house and public datasets, we systematically identified miR-21 as the most significantly upregulated oncomiR in PDAC, showing strong correlation with poor patient prognosis. RNA-targeted degradation has emerged as a promisin",https://pubmed.ncbi.nlm.nih.gov/42460642/,PubMed
Programmed repair of disease-causing UGA premature termination codons in mammalian brain.,"Al Saneh Ahmad, Gissot Lionel, Ahern Christopher A",Nucleic acids research,2026-07-17,"Protein-truncating variants caused by stop codons are the most prevalent class of rare variant mutations in neurodevelopmental diseases, with UGA codons being most common. Suppressor transfer RNA (sup-tRNA) has therapeutic potential for premature termination codon (PTC) rescue but has thus far underperformed by traditional AAV delivery platforms, and progress has been hampered by the lack of metho",https://pubmed.ncbi.nlm.nih.gov/42460447/,PubMed
MicroRNA-based diagnosis and therapy in prostate cancer.,"Nguyen Tu Anh, Le Thanh-Thao Thi, Duong Kim-Chi Thi",3 Biotech,2026-07-17,"This review summarizes current evidence on the biological, diagnostic, prognostic, and therapeutic significance of microRNAs (miRNAs/miRs) in prostate cancer (PCa). Dysregulated miRNA networks contribute to PCa initiation, progression, metastasis, and therapy resistance by regulating androgen receptor signaling, proliferation, apoptosis, epithelial-mesenchymal transition, angiogenesis, hypoxia sig",https://pubmed.ncbi.nlm.nih.gov/42459410/,PubMed
Development of Small Interfering RNA-Loaded Extracellular Vesicles via a High-Pressure Homogenization Approach.,"Fukuta Tatsuya, Miyazaki Masato, Fujimoto Taiki",ACS applied bio materials,2026-07-17,"Extracellular vesicles (EVs) have garnered significant interest as potential bioderived drug delivery systems for RNA therapeutics owing to their distinctive characteristics, which include their inherent capability to transport various biological molecules throughout the body. However, several issues still pose challenges, such as the limited loading of exogenous RNAs and poor scalability of conve",https://pubmed.ncbi.nlm.nih.gov/42459064/,PubMed
Epigenetic modulation of the JAK2-STAT3 signaling pathway in osteoporosis: non-coding RNA networks as therapeutic targets.,"Wang Pengjun, Xia Lu, Shang Xiaobin",Journal of translational medicine,2026-07-17,"Osteoporosis, a prevalent metabolic bone disease affects over 200 million people worldwide and is associated with an elevated fracture risk, is characterized by an imbalance between bone resorption and formation. The JAK2-STAT3 signaling pathway serves as a critical regulator of bone remodeling, but its chronic activation contributes to pathological bone metabolism in osteoporosis. Understanding t",https://pubmed.ncbi.nlm.nih.gov/42458565/,PubMed
Immunometabolic reprogramming of macrophages by miR-423-5p-enriched small extracellular vesicles delivered via glucose/ROS-responsive hydrogel for diabetic wound healing.,"Chen Meihua, Guo Qianru, Qin Ziyang",Journal of nanobiotechnology,2026-07-17,"Chronic diabetic wounds remain a formidable clinical challenge due to a self-sustaining immunometabolic dysfunction. The hyperglycemic and pro-oxidative microenvironment locks infiltrating macrophages in a glycolysis-dependent pro-inflammatory state, actively suppressing the phenotypic switch to pro-reparative M2 polarization and severely impairing angiogenesis. Current single-target interventions",https://pubmed.ncbi.nlm.nih.gov/42458558/,PubMed
FPR2 deficiency alleviates LPS-induced depressive-like behaviors in mice by suppressing the microglial CSF1/NLRP3 inflammasome pathway.,"Wang Hanqi, Chen Yijun, Chang Junna",Journal of neuroinflammation,2026-07-17,"Depression is one of the most prevalent psychiatric disorders worldwide, yet its pathogenesis remains unclear. Here, we aimed to investigate the effects of formyl peptide receptor 2 (FPR2), a key regulator of innate immunity and inflammation, on lipopolysaccharide (LPS)-induced depression-related behaviors in mice after intraperitoneal administration, and to elucidate its regulatory mechanisms in ",https://pubmed.ncbi.nlm.nih.gov/42458515/,PubMed
Precision chemical engineering of dendrimers for nucleic acid delivery.,"Ni Qianqian, Tomalia Donald A, Wu Jing",Nature reviews. Chemistry,2026-07-17,"Nucleic acid therapeutics, including oligonucleotides, messenger RNA and DNA, are promising drug modalities for treating various diseases. However, despite their increasing impact on medicine, their precise and efficient delivery remains a considerable challenge. Dendrimers, recognized by their uniquely branched architecture and precise structures in concert with cooperative multivalency, are a pl",https://pubmed.ncbi.nlm.nih.gov/42458028/,PubMed
Manganese-Functionalized GelMA Hydrogels for MRI-Guided Immunotheranostics in Precision Oncology,"Motahareh Nazari, Keyvan Alavi",arXiv,2026-07-17,"Precision oncology requires multifunctional platforms capable of integrating accurate tumor diagnosis, localized therapeutic delivery, immune modulation, and real-time monitoring of treatment response. Gelatin methacryloyl (GelMA) hydrogels have emerged as versatile biomaterials for biomedical engineering because of their biocompatibility, extracellular matrix-like structure, tunable mechanical pr",http://arxiv.org/abs/2606.29599v1,arXiv
Reinforcement-guided generative protein language models enable de novo design of highly diverse AAV capsids,"Lucas Ferraz, Ana F. Rodrigues, Pedro Giesteira Cotovio",arXiv,2026-07-17,"Adeno-associated viral (AAV) vectors are widely used delivery platforms in gene therapy, and the design of improved capsids is key to expanding their therapeutic potential. A central challenge in AAV bioengineering, as in protein design more broadly, is the vast sequence design space relative to the scale of feasible experimental screening. Machine-guided generative approaches provide a powerful m",http://arxiv.org/abs/2603.19473v1,arXiv
Predicting Early and Complete Drug Release from Long-Acting Injectables Using Explainable Machine Learning,"Karla N. Robles, Manar D. Samad",arXiv,2026-07-17,"Polymer-based long-acting injectables (LAIs) have transformed the treatment of chronic diseases by enabling controlled drug delivery, thus reducing dosing frequency and extending therapeutic duration. Achieving controlled drug release from LAIs requires extensive optimization of the complex underlying physicochemical properties. Machine learning (ML) can accelerate LAI development by modeling the ",http://arxiv.org/abs/2601.02265v1,arXiv
The thermodynamics of pressure activated assembly of supramolecules in isochoric and isobaric systems,Boris Rubinsky,arXiv,2026-07-17,"The efficacy of cryopreservation is constrained by the difficulty of achieving sufficiently high intracellular concentrations of cryoprotective solutes without inducing osmotic injury or chemical toxicity during loading. This thermodynamic study introduces a new conceptual mechanism for cryoprotectant delivery into cells directly or through vascular perfusion. In this framework, effective cryoprot",http://arxiv.org/abs/2601.00599v1,arXiv
Systemic immune profiling of heterologous versus homologous boosting of COVID-19 vaccination.,"Han Xu, Jiang Hudachuan, Zheng Hui",Journal of translational medicine,2026-07-17,"Compared with homologous boosting, heterologous boosting with a different COVID-19 vaccine following priming generates stronger antibody responses against severe acute respiratory syndrome coronavirus 2 (SARS-CoV-2) as well as variants, particularly for inactivated COVID-19 vaccine(CoronaVac). However, it is still unclear about the potential immune enhancement mechanism underlying heterologous boo",https://pubmed.ncbi.nlm.nih.gov/42464341/,PubMed
One-pot LAMP-CRISPR/Cas12b coupled with nanoparticle-based biosensor for point-of-care test of Neisseria gonorrhoeae.,"Xie Ling, Tan Yan, Qin Yanyan",BMC microbiology,2026-07-17,"Gonorrhea, caused by the human obligate pathogen Neisseria gonorrhoeae, is the second most common bacterial sexually transmitted infection worldwide. In the absence of an effective gonococcal vaccine, convenient and accurate diagnosis of N. gonorrhoeae infection is essential for optimal patient management and for interrupting ongoing transmission. A custom-designed gold nanoparticle-based lateral ",https://pubmed.ncbi.nlm.nih.gov/42464122/,PubMed
Multiomic profiling links L1 retrotransposition to genomic instability and ecDNA in bladder cancer.,"Pribus Sophia J, Osredek Ivana, Otoničar Jan",Nature communications,2026-07-17,"Bladder cancer is frequent and highly recurrent. Despite recent advances, knowledge gaps remain in molecular mechanisms underlying disease progression. In this study, we apply integrated multi-omic analyses to a cohort of 48 bladder cancer patients to comprehensively profile genetic, epigenetic, transcriptomic, and spatial features. Combining cell-free DNA sequencing, long-read tumor DNA-sequencin",https://pubmed.ncbi.nlm.nih.gov/42463649/,PubMed
TBC1D14 positively regulates autophagy induced by Brucella melitensis vaccine strain BA0711 in Sheep Leydig Cells.,"Cheng Yiwen, Niu Shihua, Zhang Zitong",Microbial pathogenesis,2026-07-17,"Brucella is an intracellular Gram-negative bacterium that primarily infects the host reproductive and immune systems, inducing autophagy and facilitating pathogen replication. TBC (Tre2-Bub2-Cdc16) domain-containing proteins is important in membrane trafficking, cell polarity, and signal transduction as regulators of Rab small GTPases. Previously, we demonstrated that B. melitensis M5-90 modulates",https://pubmed.ncbi.nlm.nih.gov/42463075/,PubMed
"IVT-free, chemically synthesized protein-encoding RNA oligonucleotides for rapid production of personalized cancer vaccines.","Pan Qian, Zhang Chi, Wang Xinyue",Proceedings of the National Academy of Sciences of the United States of America,2026-07-17,"Personalized mRNA neoantigen vaccines demonstrate great potential in cancer therapy, but their customization typically requires more than three months, risking the loss of the optimal therapeutic window for patients. This delay is primarily due to the reliance of current mRNA vaccine production on plasmid fermentation and in vitro transcription (IVT), which involve multiple complex steps. Chemical",https://pubmed.ncbi.nlm.nih.gov/42461762/,PubMed
"Immunotherapy for tuberculosis: current landscape, mechanistic insights, and translational perspectives.","He Yanlang, Xie Xiangping, He Shuangyan",Frontiers in immunology,2026-07-17,"Tuberculosis (TB), caused by ",https://pubmed.ncbi.nlm.nih.gov/42459678/,PubMed
Humoral responses to SARS-CoV-2 vaccination in allogeneic hematopoietic cell transplantation patients resemble that of healthy individuals.,"Maier Claus-Philipp, Preuss Beate, Reuss Kristina",Frontiers in immunology,2026-07-17,"Allogeneic hematopoietic cell transplantation (alloHCT) recipients are at increased risk of severe COVID-19. Although vaccination is strongly recommended, immune responses may vary and can be affected by clinical and treatment-related factors. In this longitudinal, single-center study, we analyzed IgG, IgM, and IgA antibody kinetics to severe acute respiratory syndrome-Corona virus-2 (SARS-CoV-2) ",https://pubmed.ncbi.nlm.nih.gov/42459652/,PubMed
Whole-genome characterization and pathogenicity of novel human-porcine reassortant rotavirus strains G9P[7] and G1P[7] in China.,"Li Meizhen, Qiao Mengli, Bao Keshun",Veterinary research,2026-07-17,"The prevalence of porcine rotavirus A (PoRVA) in China has increased significantly, threatening the swine industry. Pigs serve as ""mixing vessels"" for rotaviruses, facilitating reassortment between human and animal strains, leading to the emergence of zoonotic variants. In this study, two PoRVA strains, XXW2023 (G9P[7]) and HD2023 (G1P[7]), were isolated from diarrheic piglets in Guangdong Provinc",https://pubmed.ncbi.nlm.nih.gov/42458604/,PubMed
"Umbelliprenin co-formulated with selenium nanoparticles downregulates MMP-2, MMP-9 and ICAM-1 expression in triple-negative breast cancer cells MDA-MB-231.","Azimi Farnaz, Shahverdi Ahmad Reza, Shamsnia Hedieh Sadat",BMC complementary medicine and therapies,2026-07-17,"Triple-negative breast cancer (TNBC) is an aggressive form of breast cancer with high invasiveness, few treatment options, and a poor prognosis. The key molecules involved in its metastasis include ICAM-1, MMP-2, and MMP-9. Although Umbelliprenin (UMB), a sesquiterpene coumarin compound, has anticancer potential, its poor solubility and bioavailability limit its effectiveness. This study investiga",https://pubmed.ncbi.nlm.nih.gov/42458383/,PubMed
Variant-specific and cross-reactive antibody responses following COVID-19 booster vaccinations and SARS-CoV-2 breakthrough infections.,"Medits-Weiss Iris, Moll Dominik, Springer David N",Scientific reports,2026-07-17,"SARS-CoV-2 has evolved into several genetic variants, all bearing mutations that reduce antibody binding and affect vaccine and treatment effectiveness. Updated COVID-19 vaccines, including bivalent formulations (wild type [WT]/BA.1 or WT/BA.5) and more recent monovalent versions targeting emerging variants such as XBB.1.5, JN.1, KP.2 or LP.8.1, were developed to broaden protection. However, immun",https://pubmed.ncbi.nlm.nih.gov/42457878/,PubMed
"A Global Perspective of Childhood Vaccinations: Past, Present, and Future-From Smallpox to mRNA.","Alfvén Tobias, Reza Tania, Sowe Alieu","Acta paediatrica (Oslo, Norway : 1992)",2026-07-17,"Childhood immunisation is one of the most successful public health interventions in history, preventing millions of deaths and substantially reducing global child mortality. This mini-review summarises the historical development of childhood vaccines, the role of global coordination in expanding immunisation coverage, and the innovations that have enabled safe and effective vaccine delivery to chi",https://pubmed.ncbi.nlm.nih.gov/42455589/,PubMed
The Effect of COVID-19 Vaccines on Chronic Inflammatory Remodeling in NSTEMI Patients: A Galectin-3-Based Single-Center Study.,"Koksal Adem, Tomakin Mesut, Saribaş Mehmet Seyfettin",Journal of clinical medicine,2026-07-17,,https://pubmed.ncbi.nlm.nih.gov/42452771/,PubMed
Pharmaceutical Engineering of Lipid-Based Nanocarriers for Cancer Nanomedicines: From Doxorubicin to mRNA Platforms.,"Gillman Liam, Suleski Djordji, Graham Mark E",ACS biomaterials science & engineering,2026-07-17,"Designing therapeutic payloads to deliver drug molecules to the desired target site is challenging and requires effective, stable, and safe delivery systems in cancer therapy. Lipid-based nanocarriers have gained substantial interest in preclinical and clinical studies in anticancer drugs, leveraging their potential for drug delivery over the last few decades. While lipid-based nanocarrier technol",https://pubmed.ncbi.nlm.nih.gov/42448603/,PubMed
Cepharanthine suppresses LMBV replication via cell cycle arrest and immunomodulation.,"Liu Bowen, Wang Mengmeng, Zhang Zheming",Fish & shellfish immunology,2026-07-17,"In recent years, the viral disease caused by largemouth bass virus (LMBV) has inflicted severe economic losses on China's largemouth bass (Micropterus salmoides) aquaculture, significantly restricting its development. As targeted antiviral drugs and commercial vaccines remain in the investigational stage, the discovery of novel antiviral agents to control LMBV infections is urgently needed. Conseq",https://pubmed.ncbi.nlm.nih.gov/42448070/,PubMed
Chandipura Virus: An Emerging Neurological Threat Transmitted by Sandflies in India.,"Zargar Abrar Ahmad, Gupta Reena, Krishnamoorthy P","Immunity, inflammation and disease",2026-07-17,"Chandipura virus (CHPV), a neurotropic, negative-sense RNA virus belonging to the genus Vesiculovirus (family Rhabdoviridae), has emerged as a significant cause of acute encephalitis syndrome (AES) in India, predominantly affecting children. Since the major outbreaks in 2003-2004 and the recent resurgence in 2024, CHPV has re-emerged as a high-fatality, climate-sensitive arboviral threat transmitt",https://pubmed.ncbi.nlm.nih.gov/42447497/,PubMed
Optimized Lipid Nanoparticles with Tail-Modified Ionizable Lipids for Safer mRNA Delivery.,"Bae Seo-Hyeon, Lee Jisun, Ahn Jae-Hun","Advanced science (Weinheim, Baden-Wurttemberg, Germany)",2026-07-17,"Despite the growing importance of lipid nanoparticles (LNPs) in mRNA therapeutics, current ionizable lipids, which comprise an ionizable head group, a linker, and hydrophobic tails that collectively govern the delivery behavior, exhibit dose-limiting toxicity and suboptimal efficiency. Hydrophobic tail chemistry has been implicated in these limitations; however, a systematic structure-activity rel",https://pubmed.ncbi.nlm.nih.gov/42446186/,PubMed
African swine fever virus MGF_110-3L and MGF_110-4L signal TLR2-mediated lethal inflammation.,"Wang Yue, Xia Tian, Shao Yu Huan",Protein & cell,2026-07-17,"African swine fever virus (ASFV) is a lethal pathogen that triggers uncontrolled cytokine storms and severe immunopathology. However, the viral factors responsible for systemic inflammation remain unclear. Here, we show that the ASFV-encoded proteins MGF_110-3L and MGF_110-4L are secreted via the conventional ER-Golgi pathway. Single-cell RNA sequencing of porcine PBMCs revealed that MGF_110-3L pr",https://pubmed.ncbi.nlm.nih.gov/42446133/,PubMed
Transformer-Based Active Learning for Data-Efficient Vaccine Epitope Selection in PRRS,"Aspen Erlandsson Brisebois, Zahed Khatooni, Connor Burbridge",arXiv,2026-07-17,"High-fidelity molecular docking simulations can produce biologically relevant estimates of epitope-receptor binding affinity but are computationally expensive and therefore limit the number of candidates that can be screened for vaccine design. In this work, we evaluate machine learning (ML) approaches where variants of active learning are used to classify instances of high binding affinity betwee",http://arxiv.org/abs/2606.28659v1,arXiv
Exploring the Effects of Entanglement on Quantum Machine Learning of Pathogen Epitope-Receptor Binding,"Aspen Erlandsson Brisebois, Luis Pablo Gonzalez Dominguez, Shivansi Prajapati",arXiv,2026-07-17,"Parameterized quantum circuits (PQCs) provide a flexible substrate for hybrid quantum machine learning (QML), but their practical value on Noisy Intermediate-Scale Quantum (NISQ) devices remains an empirical question, especially because training depth and scale can introduce optimization challenges such as barren plateaus. Here we study how the number and topology of two-qubit entangling gates in ",http://arxiv.org/abs/2606.28655v1,arXiv
Role of hyperthermia in overcoming HPV‑mediated MHC‑Ⅰ downregulation and promoting immune surveillance.,"Wang Hanyu, Lang Hongxin, Guo Yaoxing",International journal of molecular medicine,2026-07-17,"Immune‑regulatory dysfunction caused by human papillomavirus (HPV) infection can lead to severe condyloma acuminate (CA), and the treatment is challenged by obstinacy and recurrence. Hyperthermia treatment stimulates the immune response by raising the body temperature locally to fight pathogens. Hyperthermia treatment possesses advantages of low recurrence rate and good efficacy in curing viral wa",https://pubmed.ncbi.nlm.nih.gov/42464657/,PubMed
cPKCγ facilitates the apoptosis of mouse GC-1 spg cells by regulating the mitophagy via inhibiting the UCHL1/HIF‑1α axis.,"Yang Huajun, Tian You, Feng Shaoguang",Systems biology in reproductive medicine,2026-07-17,"Cryptorchidism, among the most frequent congenital urogenital anomalies in male infants, has a global prevalence ranging from 1% to 9%. Characterized by failure of testicular descent into the scrotum, such a condition exposes the testes to elevated temperature, oxidative stress, and impaired spermatogenesis, significantly increasing risks of infertility and testicular cancer. Although orchiopexy i",https://pubmed.ncbi.nlm.nih.gov/42464609/,PubMed
Targeting cuproptosis: a potential new therapeutic strategy for idiopathic pulmonary fibrosis.,"Wang Lingjie, Yan Hongwang, Chen Yizhao",Annals of medicine,2026-07-17,"Idiopathic pulmonary fibrosis (IPF) is a fatal interstitial lung disease, and currently, there are no effective means to reverse its progression. Cuproptosis is a newly discovered copper-dependent programmed cell death mechanism, but its role in IPF remains unknown. This study aimed to investigate whether Cuproptosis is involved in the pathogenesis of IPF and to evaluate its potential as a therape",https://pubmed.ncbi.nlm.nih.gov/42464569/,PubMed
[Research progress on clinical transformation of Piezo1 in osteoarthritis].,"Wang Yiyang, Wei Ning, Zheng Zhanle",Zhongguo xiu fu chong jian wai ke za zhi = Zhongguo xiufu chongjian waike zazhi = Chinese journal of reparative and reconstructive surgery,2026-07-17,"To review the role of the mechanosensitive ion channel Piezo1 in osteoarthritis (OA) pathogenesis and summarize recent advances in its clinical transformation as a potential therapeutic target. The recent domestic and international research literature was reviewed. Recent studies on Piezo1 in chondrocyte injury, inflammation, extracellular matrix degradation, and osteophyte formation were analyzed",https://pubmed.ncbi.nlm.nih.gov/42464552/,PubMed
Serglycin-ROS axis mediates synergistic lethality of PI3Kγ inhibition and Azacitidine in TP53-mutated AML.,"Huang Guiqin, Cai Xiaoya, Zhou Yeming",BMC cancer,2026-07-17,"To investigate novel combination strategies for TP53-mutated acute myeloid leukemia (AML), focusing on the potential synergy between PI3Kγ inhibition and Azacitidine, and to elucidate the underlying molecular mechanisms. We detected the expression of PI3Kγ (PIK3CG/PIK3R5) in TP53 mutant and wildtype AML cell lines using the CCLE database, RT-qPCR, and western blot. We evaluated the influence of Az",https://pubmed.ncbi.nlm.nih.gov/42464230/,PubMed
"First real-world experience with inclisiran in Spain: Efficacy, safety, and prescription patterns in clinical practice.","Velasco Alvaro, Costa Ramón, Alonso-Carrillo Jesús",Clinica e investigacion en arteriosclerosis : publicacion oficial de la Sociedad Espanola de Arteriosclerosis,2026-07-17,"Low-density lipoprotein cholesterol (LDL-C) is a key causal factor in atherosclerotic cardiovascular disease. Although statins remain the cornerstone of treatment, their use is limited by adverse effects, variable response and poor adherence. Inclisiran, a small interfering RNA that inhibits hepatic PCSK9 synthesis, has demonstrated marked LDL-C reductions in clinical trials. However, real-world e",https://pubmed.ncbi.nlm.nih.gov/42463340/,PubMed
Integrated GWAS and methylation analysis identify DNMT3A as an important regulator of growth in rabbits.,"Zhang Junsen, Zheng Kunkun, Tian Xinyang",Genomics,2026-07-17,"The parameters of individual growth curve can serve as pseudo-phenotype for genetic evaluation in livestock. In this study, we compared five nonlinear growth models using post-weaning body weights of 706 New Zealand White rabbits. Under the best-fitting model, two parameters of mature weight and maturity rate were subjected to GWAS through single-step genomic BLUP framework that integrated phenoty",https://pubmed.ncbi.nlm.nih.gov/42463100/,PubMed
TIP60 promotes chemoresistance by limiting intracellular platinum accumulation and enhancing removal of cisplatin-DNA adducts.,"Hira Akshay, Craig Michael P, McLaughlin Caroline",The Journal of biological chemistry,2026-07-17,"Cisplatin resistance is a major barrier to effective treatment of squamous cell carcinoma (SCC) including cutaneous SCC and Head and neck SCC, where resistance develops in more than half of advanced cases. Our previous work demonstrated that genetic knockdown or pharmacological inhibition of TIP60 (KAT5), a histone acetyl transferase, sensitizes cisplatin-resistant SCC cells, induces cell cycle ar",https://pubmed.ncbi.nlm.nih.gov/42463050/,PubMed
Potentially regulating the ApoB RNA editosome via FXR activation: The natural compound continentalic acid alleviates hepatic fibrogenesis.,"Dai Xu, Gao Chong, Zheng Shuang",Phytomedicine : international journal of phytotherapy and phytopharmacology,2026-07-17,"Hepatic fibrosis is a reversible wound-healing response to acute or chronic liver injury, and currently lacks effective therapeutic drugs. Continentalic acid (CNT) is the effective ingredient from Aralia continentalis Kitag., used as medicinal and edible homologous plant, and exhibits anti-inflammatory and hepatoprotective effects. The study investigates the therapeutic effect of CNT against liver",https://pubmed.ncbi.nlm.nih.gov/42462532/,PubMed
PACT Inhibits Malignant Biological Behavior of Ovarian Cancer Cells by Regulating TERT Expression.,"Yang Xuemei, Zhang Qian, Yang Xiaofeng",Molecular carcinogenesis,2026-07-17,"Ovarian cancer (OC) is a lethal malignancy with limited treatment options. While p53-associated cellular protein-testes derived (PACT) has been implicated in cellular stress responses, its role in OC progression and the regulation of ferroptosis remains unclear. The functional role of PACT was examined in A2780 and OVCAR-3 cells through siRNA-mediated knockdown and overexpression. The CCK-8 assay ",https://pubmed.ncbi.nlm.nih.gov/42462090/,PubMed
Comprehensive Analysis of Disulfidptosis-Related Genes in Multiple Myeloma: Implications for Prognosis and Immune Microenvironment.,"Xu Yuxiu, Sun Xiaoli, Yang Jing",Acta haematologica,2026-07-17,"Multiple myeloma (MM) remains an incurable hematological malignancy with heterogeneous outcomes, necessitating the identification of novel prognostic markers for improved patient stratification and treatment. This study investigated the prognostic significance of disulfidptosis-related genes (DRGs) in MM, analyzing 1,272 samples from TCGA_MMRF and GSE4581 datasets. To explore the biological functi",https://pubmed.ncbi.nlm.nih.gov/42461871/,PubMed
SHED-Exo delivery of miR-708-5p activates PI3K/AKT signaling pathway to alleviate glucocorticoid-induced osteogenic inhibition in BMSCs.,"Lv Jian, Bai Yuxi, Ma Tian",Molecular and cellular biochemistry,2026-07-17,"Steroid-induced osteonecrosis of the femoral head (SONFH) is the most prevalent type of non-traumatic femoral head necrosis. Exosomes (Exo) secreted from stem cells of human exfoliated deciduous teeth (SHED) play crucial roles in biological processes, particularly in tissue regeneration and repair. Previous studies have demonstrated that exosomes from SHED (SHED-Exo) can alleviate dexamethasone (D",https://pubmed.ncbi.nlm.nih.gov/42461469/,PubMed
Astrocytic HMGCR-Mediated Cholesterol Alleviated Parkinson's Disease Phenotypes by Inhibiting NF-κB Neuroinflammation.,"Tian Xiaofeng, Liu Qing, Zhang Jiacheng",Molecular neurobiology,2026-07-17,"In recent years, the association between abnormal cholesterol metabolism and Parkinson's disease (PD) has attracted considerable attention, but the specific mechanism remains controversial. First, we used Mendelian Randomization (MR) analysis to clarify the relationship between cholesterol and PD. Subsequently, scRNA-seq and RNA-seq were used to identify the crucial role of astrocyte 3-hydroxy-3-m",https://pubmed.ncbi.nlm.nih.gov/42461321/,PubMed
Lysophosphatidic acid promotes lipid metabolism through AMPK signaling to support Coxsackievirus infection.,"LoMascolo Natalie J, Thomas Caroline E, Lange Madison L",Journal of virology,2026-07-17,"Lysophosphatidic acid (LPA) is a bioactive signaling lipid that regulates cellular processes, including growth, survival, differentiation, and metabolic homeostasis. LPA signals through its G-protein-coupled receptor, LPA receptor 1 (LPAR1), to modulate pathways controlling cellular signaling and metabolism. Viruses rely on cellular metabolism for efficient replication, and lipids function at near",https://pubmed.ncbi.nlm.nih.gov/42461030/,PubMed
Role of Fatty Acid Oxidation in Crohn's Disease and Ulcerative Colitis: Metabolomics Analysis and Experimental Evidence.,"Yan Fang, Wu Shimin, Yuan Wenqiang",Cell biochemistry and function,2026-07-17,The metabolic determinants that distinguish Crohn's disease (CD) from ulcerative colitis (UC) and their roles in driving immune dysregulation remain elusive. We aimed to identify systemic metabolic signatures of inflammatory bowel disease (IBD) and elucidate the mechanistic link between metabolite availability and regulatory T cell (Treg) homeostasis. We performed untargeted LC-MS-based metabolomi,https://pubmed.ncbi.nlm.nih.gov/42460735/,PubMed
"Development of a Novel, Eco-Friendly Mechanical Cell Lysis Process Using Hollow Fiber Filter for AAV Manufacturing.","Jabra Mario, Butler Ethan, Ma Junfen",Biotechnology and bioengineering,2026-07-17,"Adeno-associated virus (AAV) gene therapy is a transformative treatment for genetic disorders, providing a clinically proven in vivo delivery system capable of vectorizing diverse payloads-including therapeutic proteins, antibodies or fragments, and nucleic acids such as ASOs and siRNAs. Manufacturing AAVs presents distinct challenges, particularly the need for effective cell lysis to recover intr",https://pubmed.ncbi.nlm.nih.gov/42460568/,PubMed
Gene-Specific Endothelial Programs Drive AVM Pathogenesis in ,"Oppenheim Olya, Giese Wolfgang, Park Hyojin","Arteriosclerosis, thrombosis, and vascular biology",2026-07-17,"Hereditary hemorrhagic telangiectasia is a genetic disorder caused by loss-of-function mutations in components of the bone morphogenetic protein signaling pathway, leading to arteriovenous malformations. Most prior work has treated BMP (bone morphogenetic protein)-component depletion as mechanistically interchangeable, yet whether distinct genes converge on a shared mechanism remains unclear. We a",https://pubmed.ncbi.nlm.nih.gov/42460472/,PubMed
DeepSilencer: A Novel Deep Learning Model for Predicting siRNA Knockdown Efficiency,"Wangdan Liao, Weidong Wang",arXiv,2026-07-17,"Background: Small interfering RNA (siRNA) is a promising therapeutic agent due to its ability to silence disease-related genes via RNA interference. While traditional machine learning and early deep learning methods have made progress in predicting siRNA efficacy, there remains significant room for improvement. Advanced deep learning techniques can enhance prediction accuracy, reducing the relianc",http://arxiv.org/abs/2503.04200v1,arXiv
Maturation of siRNA by strand separation: Steered Molecular dynamics study,"Rakesh K Mishra, Sanchita Mukherjee, Dhananjay Bhattacharyya",arXiv,2026-07-17,"RNA interference, particularly siRNA induced gene silencing is becoming an important avenue of modern therapeutics. The siRNA is delivered to the cells as short double helical RNA which becomes single stranded for forming the RISC complex. Significant experimental evidence is available for most of the steps except the process of the separation of the two strands. We have attempted to understand th",http://arxiv.org/abs/1910.03778v1,arXiv
Using a hydrogen-bond index to predict the gene-silencing efficiency of siRNA based on the local structure of mRNA,"Kathy Q. Luo, Donald C. Chang",arXiv,2026-07-17,The gene silencing effect of short interfering RNA (siRNA) is known to vary strongly with the targeted position of the mRNA. A number of hypotheses have been suggested to explain this phenomenon. We would like to test if this positional effect is mainly due to the secondary structure of the mRNA at the target site. We proposed that this structural factor can be characterized by a single parameter ,http://arxiv.org/abs/1710.07413v1,arXiv
Unraveling siRNA Unzipping Kinetics with Graphene,"Santosh Mogurampelly, Swati Panigrahi, Dhananjay Bhattacharyya",arXiv,2026-07-17,"Using all atom molecular dynamics simulations, we report spontaneous unzipping and strong binding of small interfering RNA (siRNA) on graphene. Our dispersion corrected density functional theory based calculations suggest that nucleosides of RNA have stronger attractive interactions with graphene as compared to DNA residues. These stronger interactions force the double stranded siRNA to spontaneou",http://arxiv.org/abs/1207.4569v1,arXiv
Unzipping and binding of small interfering RNA with single walled Carbon Nanotube: a platform for small interfering RNA delivery,"Mogurampelly Santosh, Swati Panigrahi, Dhananjay Bhattacharyya",arXiv,2026-07-17,"In an effort to design efficient platform for siRNA delivery, we combine all atom classical and quantum simulations to study the binding of small interfering RNA (siRNA) by pristine single wall carbon nanotube (SWCNT). Our results show that siRNA strongly binds to SWCNT surface via unzipping its base-pairs and the propensity of unzipping increases with the increase in the diameter of the SWCNTs. T",http://arxiv.org/abs/1203.2409v1,arXiv
Nanodiamond as a vector for siRNA delivery to Ewing sarcoma cells,"Anna Alhaddad, Marie-Pierre Adam, Jacques Botsoa",arXiv,2026-07-17,"We investigated the ability of diamond nanoparticles (nanodiamonds, NDs) to deliver small interfering RNA (siRNA) in Ewing sarcoma cells, in the perspective of in vivo anti-cancer nucleic acid drug delivery. siRNA was adsorbed onto NDs previously coated with cationic polymer. Cell uptake of NDs has been demonstrated by taking advantage of NDs intrinsic fluorescence coming from embedded color cente",http://arxiv.org/abs/1106.2252v2,arXiv
Target prediction and a statistical sampling algorithm for RNA-RNA interaction,"F. W. D. Huang, J. Qin, C. M. Reidys",arXiv,2026-07-17,"It has been proven that the accessibility of the target sites has a critical influence for miRNA and siRNA. In this paper, we present a program, rip2.0, not only the energetically most favorable targets site based on the hybrid-probability, but also a statistical sampling structure to illustrate the statistical characterization and representation of the Boltzmann ensemble of RNA-RNA interaction st",http://arxiv.org/abs/0908.0597v1,arXiv
In silico evidence of the relationship between miRNAs and siRNAs,"Ludovica Montanucci, Piero Fariselli, Pier Luigi Martelli",arXiv,2026-07-17,"Both short interfering RNAs (siRNAs) and microRNAs (miRNAs) mediate the repression of specific sequences of mRNA through the RNA interference pathway. In the last years several experiments have supported the hypothesis that siRNAs and miRNAs may be functionally interchangeable, at least in cultured cells. In this work we verify that this hypothesis is also supported by a computational evidence. We",http://arxiv.org/abs/0705.2355v1,arXiv
