title,authors,journal,date,abstract,link,source
The Role of VEGF-C and VEGF-D in Coronary Artery Disease: From Molecular Pathophysiology to Therapeutic Lymphangiogenesis.,"Wada Hiromichi, Kotani Kazuhiko, Iguchi Moritake",Journal of atherosclerosis and thrombosis,2026-08-20,"Traditional therapeutic strategies for coronary artery disease (CAD) primarily focus on arterial perfusion, largely overlooking the critical role of the cardiac lymphatic system in maintaining myocardial fluid, lipid, and immune homeostasis. The vascular endothelial growth factor C (VEGF-C) and VEGF-D/VEGF receptor-3 (VEGFR3) signaling axes are the primary drivers of lymphangiogenesis. However, re",https://pubmed.ncbi.nlm.nih.gov/42618291/,PubMed
Cordycepin inhibits the progression of liver cancer by suppressing the YAP/TAZ pathway.,"Li Weiting, Zhang Anyong, Song Rongfeng",Experimental animals,2026-08-20,"Cordycepin exhibits anti-cancer properties; however, its exact mechanism of action in liver cancer remains to be fully elucidated. In this study, we investigated the effects of cordycepin on liver cancer. Our findings demonstrated that cordycepin effectively suppressed tumor growth in liver cancer models and induced apoptosis in HepG2 cells by upregulating caspase-3 expression and decreasing mitoc",https://pubmed.ncbi.nlm.nih.gov/42618227/,PubMed
Codon optimality modulates cellular stress and innate immune responses triggered by exogenous RNAs.,"Seephetdee Chotiwat, Bejar Nada, Castillo Kathrina D",Journal of molecular biology,2026-08-20,"Despite advancements in RNA sequence design, evidence regarding the preferential use of synonymous codons on cellular stress and innate immune responses is lacking. To this end, we developed a new codon optimality formula to re-engineer the coding sequences of three luciferase reporters. We demonstrate that mRNAs enriched in optimal codons elicited dramatic increases in luciferase activities compa",https://pubmed.ncbi.nlm.nih.gov/42617995/,PubMed
mRNA therapeutics for restoring immune tolerance in autoimmune diseases.,Zouali Moncef,Drug discovery today,2026-08-20,"Autoimmune diseases arise from breakdown of immune tolerance and are commonly treated with broad immunosuppression that limits efficacy and increases toxicity. For drug discovery, mRNA therapeutics offer a programmable, modular platform to develop antigen-specific and mechanism-driven autoimmune therapies. mRNA-based approaches enable transient, controllable expression of self-antigens, immunoregu",https://pubmed.ncbi.nlm.nih.gov/42617944/,PubMed
TMEM97 links endoplasmic reticulum stress to hepatic stellate cell activation in experimental liver fibrosis: pharmacological attenuation by CT1812.,"Li Jing, Liu Wei, Zhang Hong",European journal of pharmacology,2026-08-20,"Liver fibrosis lacks broadly effective antifibrotic therapies, and activated hepatic stellate cells drive extracellular matrix deposition. We investigated whether transmembrane protein 97 (TMEM97), the σ-2 receptor, contributes to hepatic stellate cell (HSC) activation and whether the σ-2 receptor complex antagonist CT1812 attenuates experimental fibrosis. In male C57BL/6J mice, carbon tetrachlori",https://pubmed.ncbi.nlm.nih.gov/42617904/,PubMed
Optimizing the hybridization chain reaction-fluorescence in situ hybridization (HCR-FISH) protocol for Pleurodeles waltl.,"Rebull Sofia M, Bendezu-Sayas Stacy, Grajales-Esquivel Erika",Experimental eye research,2026-08-20,"Advances in transcriptomic technologies have transformed the study of complex biological processes, including tissue regeneration, through high-resolution characterization of gene expression programs. In regenerative vertebrate models such as the Iberian ribbed newt (Pleurodeles waltl), these approaches provide insight into the molecular mechanisms underlying retina and lens regeneration. However,",https://pubmed.ncbi.nlm.nih.gov/42617829/,PubMed
"Euphorbium triterpenes ameliorate LPS induced RAW264.7 macrophage inflammatory response, with potential links to the TLR4/MyD88/NF-κB pathway and NLRP3-related signaling.","Bai Zhou, Liu Yan, Yang PanPan",Journal of ethnopharmacology,2026-08-20,"Euphorbium, the dried latex from Euphorbia resinifera, is classic traditional medicinal material used to treat various diseases in Uyghur medicine and has demonstrated significant efficacy in the intervention of inflammatory disorders. Total triterpenes extracted from Euphorbium (TTE) and its major monomer euphol possess obvious anti-inflammatory activities, but their systematic mechanism regulati",https://pubmed.ncbi.nlm.nih.gov/42617825/,PubMed
Epigenetic repression of RGS2 transcription by HDAC5 contributes to deep vein thrombosis.,"Yang Mengzhu, Zhang Tanwei, Ji Xinmeng",Life sciences,2026-08-20,"Endothelial injury caused by excessive inflammatory response is a primary factor leading to the occurrence and development of deep vein thrombosis (DVT). HDAC5, a class IIa histone deacetylase, is associated with inflammatory response. However, the effect of HDAC5 on endothelial cell inflammatory damage and thrombosis and the underlying mechanism remain elusive. This research aimed to investigate ",https://pubmed.ncbi.nlm.nih.gov/42617796/,PubMed
Comprehensive Profiling of Claudin 18.2 Immunohistochemical Expression in 564 Surgically Resected Gastric and Gastroesophageal Junction Adenocarcinomas.,"Ma Changqing, Wong Amanda O, Klotz Elliott","Modern pathology : an official journal of the United States and Canadian Academy of Pathology, Inc",2026-08-20,"Claudin-18 isoform 2 (CLDN18.2) is a novel therapeutic target for advanced, HER2-negative gastric/gastroesophageal junction (GEJ) adenocarcinoma positive for CLDN18.2 immunohistochemical (IHC) expression, defined as ≥75% tumor cells with moderate-to-strong membranous staining. Clinical studies for emerging CLDN18.2-targeted therapeutics have used less stringent enrollment criteria to test the effi",https://pubmed.ncbi.nlm.nih.gov/42617745/,PubMed
mRNA translational dynamics mediates totipotent-like reprogramming.,"Huang Lingci, Zhang Jun, Wu Xinwei",The Journal of biological chemistry,2026-08-20,"Embryonic stem cells (ESCs) are characterized by their dual capacity for self-renewal and differentiation into all cell types of the embryonic lineage. A subpopulation known as 2-cell-like cells (2CLCs), which recapitulate key molecular and metabolic features of totipotent 2-cell blastomeres, has been identified within cultured mouse ESC populations. While transcriptional regulation, epigenetic mo",https://pubmed.ncbi.nlm.nih.gov/42617736/,PubMed
PDE5 Inhibitor LW1646 Improves Kidney Fibrosis by Alleviating ER Stress and Maintaining Mitochondrial Homeostasis.,"Wang Minghui, Li Meng, Yuan Xi",Free radical biology & medicine,2026-08-20,Renal fibrosis is the terminal pathological manifestation of most chronic kidney diseases. The phosphodiesterase type 5 (PDE5) inhibitors have shown therapeutic potentials in a wide array of chronic conditions. LW1646 is a newly identified inhibitor with high specificity and potency against PDE5. The current study aims to investigate the therapeutic effects of LW1646 on renal fibrosis and its unde,https://pubmed.ncbi.nlm.nih.gov/42617704/,PubMed
ReprogRAM nanoplatform for direct conversion of fibroblasts to osteoblasts for bone regeneration.,"Moon Sunghyun, Jeong Kiho, Kim Wijin",Journal of controlled release : official journal of the Controlled Release Society,2026-08-20,"mRNA-based direct conversion offers an integration-free route for osteogenic cell-fate reprogramming, yet efficient reprogramming typically requires sustained expression of reprogramming factors. Here, we developed ReprogRAM (Reprogrammable RNA Assemblies for Multi-factor expression), a self-assembled concatemeric mRNA nanoparticle synthesized by rolling-circle transcription and engineered for cap",https://pubmed.ncbi.nlm.nih.gov/42617699/,PubMed
Single-cell transcriptional dynamics in a living vertebrate.,"Eck Elizabeth, Moretti Bruno, Schlomann Brandon H",Cell systems,2026-08-20,"The ability to follow transcription in individual cells with live imaging has revealed key dynamical mechanisms of gene regulation. However, such measurements are lacking in the context of vertebrate embryos. We addressed this deficit by applying MS2-MCP mRNA labeling to the quantification of transcription in zebrafish, a model vertebrate. We developed a platform of transgenic organisms, light-she",https://pubmed.ncbi.nlm.nih.gov/42617598/,PubMed
Chronic nitric oxide mediates dual-layer gene regulation through mRNA m,"Shayan Sara, Petraitis Kuschman Hannah, Kevil Christopher G",Redox biology,2026-08-20,"Nitric oxide (NO) is a pleiotropic free radical that functions as a master regulator of gene expression, and its sustained production within the tumor microenvironment reshapes the epitranscriptomic state of cancer cells. We previously demonstrated that NO inhibits the m",https://pubmed.ncbi.nlm.nih.gov/42617574/,PubMed
CRHR2 activation by urocortins regulates splenic microbiota-immune-brain axis in a single prolonged stress model of post-traumatic stress in male rats.,"Dziewiczová Lila, Tillinger Andrej, Horváthová Ľubica",Neuropeptides,2026-08-20,"Post-traumatic stress disorder (PTSD) is associated with dysfunction of the hypothalamo-pituitary-adrenocortical (HPA) axis, accompanied by alterations in immune function, microbiota composition, and brain regions, including the hippocampus. CRHR2 receptor agonists, urocortin 2 (UCN2) and urocortin 3 (UCN3), regulate stress-related neuroendocrine activity. The present study aimed to investigate ho",https://pubmed.ncbi.nlm.nih.gov/42617550/,PubMed
CEBPB as a candidate mediator of DEGDB-induced tumor-associated phenotypes in colorectal cancer cells.,"Wang Jingrong, Liu Jingya, Zhu Huan",Ecotoxicology and environmental safety,2026-08-20,"To investigate the effects of exposure to diethylene glycol dibenzoate (DEGDB) on malignant progression in colorectal cancer (CRC) cells and to identify a prioritized candidate gene. PubChem, SwissADME, ADMETlab 3.0, and ProTox 3.0 were used to characterize the chemical structure and predict the physicochemical and toxicological properties of DEGDB. DEGDB-related targets were retrieved from the Co",https://pubmed.ncbi.nlm.nih.gov/42617514/,PubMed
Whole-transcriptome analysis reveals key transcriptional and noncoding RNA regulators of skeletal muscle satellite cell differentiation in quail.,"Liu Jing, Jiang Hongxia, Xiao Xiaoyun",Poultry science,2026-08-20,"Skeletal muscle growth in poultry depends on the proliferation and differentiation of skeletal muscle satellite cells (SMSCs), yet the regulatory landscape governing these processes in quail remains poorly defined. In this study, primary SMSCs were isolated from embryonic day 15 quail pectoral muscle and validated by PAX7 immunostaining and MYHC immunostaining following induction of differentiatio",https://pubmed.ncbi.nlm.nih.gov/42617273/,PubMed
DNA methylation profiling of the granulosa layer reveals epigenetic features of excessive hierarchical follicle development in chickens.,"Xu Zihan, Pan Yanyue, Zhu Ranran",Poultry science,2026-08-20,"The excessive hierarchical follicles (EHF) trait is a form of ovarian dysfunction in poultry, characterized by an accumulation of hierarchical follicles; however, the developmental dynamics and epigenetic mechanisms underlying this trait remain incompletely understood. In this study, ultrasonography was applied to monitor follicle development dynamics in chickens. Furthermore, whole-genome bisulfi",https://pubmed.ncbi.nlm.nih.gov/42617268/,PubMed
Goose kidney organoids: A new model for studying the metabolic mechanism of goose astrovirus-induced gout.,"Xiang Yong, Li Linlin, Liu Chenggang",Poultry science,2026-08-20,"Goose astrovirus (GAstV) is a newly identified avian pathogen that causes fatal gout in goslings, characterized by kidney damage and high mortality. Unlike non-pathogenic human gout, GAstV-induced gout lacks reference models due to the absence of goose-derived cell lines and standard experimental animals, limiting mechanistic studies. Here, primary goose kidney organoids (GKOs) were isolated from ",https://pubmed.ncbi.nlm.nih.gov/42617253/,PubMed
"Effects of dietary solid and liquid lysophospholipid application methods on growth performance, nutrient digestibility, enzyme activity, nutrient-transporter mRNA abundance, intestinal morphology, and meat quality in broiler chickens fed energy-reduced diets.","Zhang Song, Jiang Xunpeng, Wang Songlin",Poultry science,2026-08-20,"The biological efficacy of dietary lysophospholipids (LPLs) in broiler diets may be significantly modulated by their technical delivery methods. This study evaluated the effects of direct solid addition and liquid applications (oil-water pre-emulsification or pure oil pre-mixing) of LPLs on growth performance, nutrient digestibility, intestinal morphology, and gene expression in broilers fed energ",https://pubmed.ncbi.nlm.nih.gov/42617250/,PubMed
Energy-efficient codon optimization on thermodynamic hardware,"Andraz Jelincic, Ross C. Walker",arXiv,2026-08-20,"The growing energy demand for computation is becoming increasingly unsustainable. Thermodynamic computing, which harnesses physical thermal fluctuations as a computational resource rather than suppressing them, offers orders-of-magnitude energy savings for probabilistic and combinatorial tasks. Pharmaceutical R&D, heavily reliant on computational optimization and sampling, is a natural application",http://arxiv.org/abs/2606.17327v1,arXiv
mRNAutilus: Multi-Objective-Guided Discrete Generation of mRNA with Optimized Therapeutic Properties,"Sawan Patel, Sophia Tang, Yesol Kim",arXiv,2026-08-20,"Therapeutic mRNA design requires coordinating multiple interacting sequence features across the full transcript, where codon usage, untranslated regions (UTRs), and their coupling jointly determine stability, translation efficiency, and protein expression. Here, we present mRNA generation via unrolled trajectories and informed latent updates (mRNAutilus), a framework for simultaneous codon optimiz",http://arxiv.org/abs/2605.31296v1,arXiv
Sampling-based Continuous Optimization for Messenger RNA Design,"Feipeng Yue, Ning Dai, Wei Yu Tang",arXiv,2026-08-20,"Designing messenger RNA (mRNA) sequences for a fixed target protein requires searching an exponentially large synonymous space while optimizing properties that affect stability and downstream performance. This is challenging because practical mRNA design involves multiple coupled objectives beyond classical folding criteria, and different applications prefer different trade-offs. We propose a gene",http://arxiv.org/abs/2603.06559v1,arXiv
Drug-like antibodies with low immunogenicity in human panels designed with Latent-X2," Latent Labs Team, Henry Kenlay, Daniella Pretorius",arXiv,2026-08-20,"Drug discovery has long sought computational systems capable of designing drug-like molecules directly: developable and non-immunogenic from the start. Here we introduce Latent-X2, a frontier generative model that achieves this goal through zero-shot design of antibodies with strong binding affinities, drug-like properties, and, for the first time for any de novo generated antibody, confirmed low ",http://arxiv.org/abs/2512.20263v1,arXiv
"RNAGenScape: Property-Guided, Optimized Generation of mRNA Sequences with Manifold Langevin Dynamics","Danqi Liao, Chen Liu, Xingzhi Sun",arXiv,2026-08-20,"Generating property-optimized mRNA sequences is central to applications such as vaccine design and protein replacement therapy, but remains challenging due to limited data, complex sequence-function relationships, and the narrow space of biologically viable sequences. Generative methods that drift away from the data manifold can yield sequences that fail to fold, translate poorly, or are otherwise",http://arxiv.org/abs/2510.24736v3,arXiv
The proportional scaling of mRNA and ribosome concentrations controls eukaryotic cell growth,"Xin Gao, Michael Lanz, Rosslyn Grosely",arXiv,2026-08-20,"Cell growth underlies nearly all eukaryotic physiology, yet its quantitative principles remain unclear. Using single-molecule ribosome tracking, spike-in RNA sequencing, and quantitative proteomics across 15 nutrient-limited conditions in budding yeast, we define how growth is controlled in the budding yeast Saccharomyces cerevisiae. Ribosome concentration scales linearly with growth rate, while p",http://arxiv.org/abs/2508.14997v2,arXiv
mRNA Folding Algorithms for Structure and Codon Optimization,"Max Ward, Mary Richardson, Mihir Metkar",arXiv,2026-08-20,"mRNA technology has revolutionized vaccine development, protein replacement therapies, and cancer immunotherapies, offering rapid production and precise control over sequence and efficacy. However, the inherent instability of mRNA poses significant challenges for drug storage and distribution, particularly in resource-limited regions. Co-optimizing RNA structure and codon choice has emerged as a p",http://arxiv.org/abs/2503.19273v1,arXiv
Generative Model for Synthesizing Ionizable Lipids: A Monte Carlo Tree Search Approach,"Jingyi Zhao, Yuxuan Ou, Austin Tripp",arXiv,2026-08-20,"Ionizable lipids are essential in developing lipid nanoparticles (LNPs) for effective messenger RNA (mRNA) delivery. While traditional methods for designing new ionizable lipids are typically time-consuming, deep generative models have emerged as a powerful solution, significantly accelerating the molecular discovery process. However, a practical challenge arises as the molecular structures genera",http://arxiv.org/abs/2412.00807v1,arXiv
Machine learning framework to predict the performance of lipid nanoparticles for nucleic acid delivery,"Gaurav Kumar, Arezoo M. Ardekani",arXiv,2026-08-20,"Lipid nanoparticles (LNPs) are highly effective carriers for gene therapies, including mRNA and siRNA delivery, due to their ability to transport nucleic acids across biological membranes, low cytotoxicity, improved pharmacokinetics, and scalability. A typical approach to formulate LNPs is to establish a quantitative structure-activity relationship (QSAR) between their compositions and in vitro/in",http://arxiv.org/abs/2411.14293v1,arXiv
Joint Design of 5' Untranslated Region and Coding Sequence of mRNA,"Yang Liu, Jie Gao, Xiaonan Zhang",arXiv,2026-08-20,"Messenger RNA (mRNA) vaccines and therapeutics are emerging as powerful tools against a variety of diseases, including infectious diseases and cancer. The design of mRNA molecules, particularly the untranslated region (UTR) and coding sequence (CDS) is crucial for optimizing translation efficiency and stability. Current design approaches generally focus solely on either the 5' UTR or the CDS, whic",http://arxiv.org/abs/2410.20781v1,arXiv
Bacterial stress granule protects mRNA through ribonucleases exclusion,"Linsen Pei, Yujia Xian, Xiaodan Yan",arXiv,2026-08-20,"Membraneless droplets formed through liquid-liquid phase separation (LLPS) play a crucial role in mRNA storage, enabling organisms to swiftly respond to environmental changes. However, the mechanisms underlying mRNA integration and protection within droplets remain unclear. Here, we unravel the role of bacterial aggresomes as stress granules (SGs) in safeguarding mRNA during stress. We discovered ",http://arxiv.org/abs/2404.17873v2,arXiv
"Hypolipidemic effect of brown seaweed (Sargassum crassifolium) extract in vivo (Study of histopathology, mRNA expression, and immunohistochemistry (IHC) with VCAM-1, ICAM-1, and MCP-1 parameters)","Sarah Zaidan, Syamsudin Abdillah, Nur Arfian",arXiv,2026-08-20,The purpose of this study was to obtain natural drugs from brown seaweed (Sargassum crassifolium) as antiatherosclerosis candidates through the study of hypolipidemic mechanisms of action. Modeling of dyslipidemia rats was carried out by feeding high-fat (HFF) and doses of crude fucoidan 100. 200. 400mg / KgBB. in both treatments measured blood lipid profile levels taken from the orbital sinuses. ,http://arxiv.org/abs/2402.07497v1,arXiv
Machine Learning Modeling Of SiRNA Structure-Potency Relationship With Applications Against Sars-Cov-2 Spike Gene,Damilola Oshunyinka,arXiv,2026-08-20,"The pharmaceutical Research and development (R&D) process is lengthy and costly, taking nearly a decade to bring a new drug to the market. However, advancements in biotechnology, computational methods, and machine learning algorithms have the potential to revolutionize drug discovery, speeding up the process and improving patient outcomes. The COVID-19 pandemic has further accelerated and deepened",http://arxiv.org/abs/2401.12232v1,arXiv
Messenger RNA Design via Expected Partition Function and Continuous Optimization,"Ning Dai, Wei Yu Tang, Tianshuo Zhou",arXiv,2026-08-20,"The tasks of designing RNAs are discrete optimization problems, and several versions of these problems are NP-hard. As an alternative to commonly used local search methods, we formulate these problems as continuous optimization and develop a general framework for this optimization based on a generalization of classical partition function which we call ""expected partition function"". The basic idea ",http://arxiv.org/abs/2401.00037v2,arXiv
Machine Learning-guided Lipid Nanoparticle Design for mRNA Delivery,"Daisy Yi Ding, Yuhui Zhang, Yuan Jia",arXiv,2026-08-20,"While RNA technologies hold immense therapeutic potential in a range of applications from vaccination to gene editing, the broad implementation of these technologies is hindered by the challenge of delivering these agents effectively. Lipid nanoparticles have emerged as one of the most widely used delivery agents, but their design optimization relies on laborious and costly experimental methods. W",http://arxiv.org/abs/2308.01402v2,arXiv
Corrected Hill Function in Stochastic Gene Regulatory Networks,"Manuel Eduardo Hernández-García, Jorge Velázquez-Castro",arXiv,2026-08-20,"Describing reaction rates in stochastic bio-circuits is commonly done by directly introducing the deterministically deduced Hill function into the master equation. However, when fluctuations in enzymatic reaction rates are not neglectable, the Hill function must be derived, considering all the involved stochastic reactions. In this work, we derived the stochastic version of the Hill function from ",http://arxiv.org/abs/2307.03057v4,arXiv
Stochastic dynamics and ribosome-RNAP interactions in Transcription-Translation Coupling,"Xiangting Li, Tom Chou",arXiv,2026-08-20,"Under certain cellular conditions, transcription and mRNA translation in prokaryotes appear to be ""coupled,"" in which the formation of mRNA transcript and production of its associated protein are temporally correlated. Such transcription-translation coupling (TTC) has been evoked as a mechanism that speeds up the overall process, provides protection during the transcription, and/or regulates the t",http://arxiv.org/abs/2207.04568v1,arXiv
Coronavirus RNA Sensor Using Single-Stranded DNA Bonded to Sub-Percolated Gold Films on Monolayer Graphene Field-Effect Transistors,"Nicholas E. Fuhr, Mohamed Azize, David J. Bishop",arXiv,2026-08-20,"Electrical detection of messenger ribonucleic acid (mRNA) is a promising approach to enhancing transcriptomics and disease diagnostics because of its sensitivity, rapidity, and modularity. Reported here is a fast SARS-CoV-2 mRNA biosensor (<1 minute) with a limit of detection of 1 aM, and dynamic range of 4 orders of magnitude and a linear sensitivity of 22 mV per molar decade. These figures of me",http://arxiv.org/abs/2205.05143v1,arXiv
Deep learning models for predicting RNA degradation via dual crowdsourcing,"Hannah K. Wayment-Steele, Wipapat Kladwang, Andrew M. Watkins",arXiv,2026-08-20,"Messenger RNA-based medicines hold immense potential, as evidenced by their rapid deployment as COVID-19 vaccines. However, worldwide distribution of mRNA molecules has been limited by their thermostability, which is fundamentally limited by the intrinsic instability of RNA molecules to a chemical degradation reaction called in-line hydrolysis. Predicting the degradation of an RNA molecule is a ke",http://arxiv.org/abs/2110.07531v2,arXiv
Coagulapathies after vaccination against SARS-CoV-2 may be derived from a combination effect of SARS-CoV-2 spike protein and adenovirus vector-triggered signaling pathways,Ralf Kircheis,arXiv,2026-08-20,"The novel coronavirus SARS-CoV-2 has resulted in a global pandemic with worldwide 6-digital infection rates and thousands death tolls daily. Enormeous effords are undertaken to achieve high coverage of immunization in order to reach herd immunity to stop spreading of SARS-CoV-2 infection. Several SARS-CoV-2 vaccines, based either on mRNA, viral vectors, or inactivated SARS-CoV-2 virus have been ap",http://arxiv.org/abs/2109.00089v1,arXiv
Characteristics and functions of a cell adhesion molecule PvCadN in Penaeus vannamei during WSSV infection.,"Huang Zixin, Shi Hong, Yang Zhongming",Fish & shellfish immunology,2026-08-20,"Cell adhesion not only maintains the integrity of the organism, but also plays an important role in the immune system, which serves as a critical gateway for pathogen invasion. In the study, a novel cell adhesion molecule from Penaeus vannamei, designated as PvCadN, was investigated. It had the typical molecular characteristics of cadherin family, with multiple extracellular cadherin repeat domain",https://pubmed.ncbi.nlm.nih.gov/42617765/,PubMed
Leveraging plant virus-vector molecular interactions for innovative vector and disease control.,Bonning Bryony C,Current opinion in virology,2026-08-20,"Although insect-transmitted plant viruses cause substantial global crop losses, knowledge of the molecular mechanisms underlying their transmission is limited. Recent advances in omics technologies, high-resolution tissue-specific profiling, and protein-protein interaction prediction are rapidly improving our ability to identify vector proteins that mediate virus acquisition, retention, and transm",https://pubmed.ncbi.nlm.nih.gov/42617495/,PubMed
ROS-Scavenging Single-Component Polymeric Nanocarriers for Precision siRNA Delivery in Pulmonary Fibrosis Therapy.,"Yang Yuxin, Zhang Hua, Du Jianjun","Advanced materials (Deerfield Beach, Fla.)",2026-08-20,"Idiopathic pulmonary fibrosis (IPF) is a progressive refractory lung disorder with limited effective therapies. Although RNA interference (RNAi) holds promise for IPF treatment, current delivery systems are hampered by complex preparation, redundant components, and an inability to modulate oxidative stress, which severely compromises their therapeutic outcomes. Herein, we design a single-component",https://pubmed.ncbi.nlm.nih.gov/42615483/,PubMed
"A translational framework for early-phase inner-ear gene therapy: clinical trial design, regulatory strategy, and ethical considerations.","Dunn Emma C, Short Spencer H, Samy Ravi N",Current opinion in otolaryngology & head and neck surgery,2026-08-20,"Hereditary hearing loss has historically been approached as a diagnostic category rather than a therapeutically modifiable disease. Recent advances in molecular genetics, cochlear gene delivery, and first-in-human clinical trials are changing that. This review summarizes contemporary progress in the genetics of hearing loss, with emphasis on emerging gene-based therapies, clinical trial design, re",https://pubmed.ncbi.nlm.nih.gov/42614064/,PubMed
Gene Silencing by CRISPR Interference in Fusobacterium nucleatum.,"Xu Shiqi, G C Bibek, Tan Kexin","Methods in molecular biology (Clifton, N.J.)",2026-08-20,"Fusobacterium nucleatum is a strictly anaerobic bacterium associated with periodontal disease and several systemic conditions, including colorectal cancer and adverse pregnancy outcomes. Genetic manipulation in F. nucleatum has been limited by poor transformation efficiency and difficulty studying essential genes. To overcome these challenges, we developed a CRISPR interference (CRISPRi) system th",https://pubmed.ncbi.nlm.nih.gov/42613564/,PubMed
"Transport of cytotoxic cyanine dyes coupled to siRNA into hematopoietic cancer cells with CD20-, CD22- or CD33-targeting ELART nanocarriers.","Krassuski Timo, Bäumer Nicole, Niland Stephan",Scientific reports,2026-08-20,"The efficient and safe transfection of hematopoietic cells is a major hurdle that limits efficacy of therapeutic approaches like RNA-interference. We therefore used our modular ELectrostatic Antibody siRNA Targeted therapy platform (ELART) to develop nanocarriers decorated with antibodies for delivery of siRNA into hematopoietic CD20-, CD22-, or CD33-positive cells. To analyze internalization effi",https://pubmed.ncbi.nlm.nih.gov/42613350/,PubMed
Caenorhabditis elegans: A Versatile In vivo Model for Decoding Conserved Oncogenic Signaling Pathways.,"Chen Jingyi, Yan Tingting",Journal of visualized experiments : JoVE,2026-08-20,"Caenorhabditis elegans (C. elegans) is a genetically tractable, transparent, and cost-effective metazoan model that bridges conventional cell-culture assays and mammalian systems for mechanistic cancer research. This pathway-focused review covers representative studies of conserved RAS/MAPK, Notch, and Wnt signaling and is organized around pathway conservation, mutant strains, quantitative phenoty",https://pubmed.ncbi.nlm.nih.gov/42611627/,PubMed
Reversible Cationic Glycopolymer Hydrogels for RNA Delivery in Ticks.,"Lequeux Zoe A B, Thapa Kundu, Rabiu Musa",ACS polymers Au,2026-08-20,"RNA interference (RNAi) offers a promising approach for vector control in species such as the lone star tick (Amblyomma americanum), but current delivery methods, including microinjection and soaking, are invasive and inefficient for large-scale application. In this work, we developed a series of novel physically cross-linked cationic glycopolymer hydrogels for noninvasive double-stranded RNA (dsR",https://pubmed.ncbi.nlm.nih.gov/42610016/,PubMed
Emerging trends in nanomedicine: The role of RNAi-based therapies and onpattro's clinical journey.,"Singh Dilpreet, Singh Satvir, Tandon Nitin",Iranian journal of basic medical sciences,2026-08-20,"Nanomedicine has transformed therapeutic strategies by enabling precise delivery of nucleic acid-based drugs, including small interfering RNA (siRNA), messenger RNA (mRNA), and antisense oligonucleotides. A landmark achievement is Onpattro (patisiran), the first FDA-approved RNAi therapy, which employs lipid nanoparticles (LNPs) to silence transthyretin in hereditary amyloidosis. Its approval vali",https://pubmed.ncbi.nlm.nih.gov/42609949/,PubMed
RNA-based approaches in the diagnosis and treatment of obesity.,"Parekh Karishma, Sarker Gitalee",Frontiers in pharmacology,2026-08-20,"Obesity is a global, complex, and multifactorial disease, and a major risk factor for diabetes, cardiovascular disease, fatty liver disease, and cancer. Despite its high prevalence, effective diagnostic and therapeutic strategies remain limited. Conventional anthropometric measurements, such as body mass index (BMI) and waist circumference, offer limited accuracy in assessing the impact of excess ",https://pubmed.ncbi.nlm.nih.gov/42609549/,PubMed
Expression and RNAi characterization of neuropeptides underlying developmental regulation in the Colorado potato beetle.,"Terris Emma E, Verkoulen Sophie M, Groves Russell L",Frontiers in insect science,2026-08-20,"Neuropeptides are evolutionarily ancient signaling molecules that act through diverse G protein-coupled receptor (GPCR) pathways to coordinate essential physiological and behavioral processes in insects. Despite their broad functional importance, the specific roles, receptor interactions, and regulatory mechanisms of individual neuropeptides remain underexplored, limiting our understanding of how ",https://pubmed.ncbi.nlm.nih.gov/42609294/,PubMed
"The miRNA-virus Axis in RNA Virus Infections: Mechanisms, Therapeutic Targeting, and Systems Biology Approaches.","Nair Dakshina M, Vajravelu Leela Kakithakara, Lathakumari Rahul Harikumar",Microbial pathogenesis,2026-08-20,"RNA viruses are a diverse and rapidly evolving group of pathogens that significantly contribute to worldwide morbidity and mortality, propelled by elevated mutation rates and effective use of host cellular mechanisms. MicroRNAs (miRNAs) have emerged as an essential post-transcriptional regulator of host-virus interactions, influencing viral replication, immunological responses and disease progress",https://pubmed.ncbi.nlm.nih.gov/42607939/,PubMed
Mechanistic insights into the transcription-mediated roles of non-coding RNAs in gene regulation.,"Viswanathan Kirthana, Shaw Pallabi, Kiran Manjari",Biochimica et biophysica acta. Gene regulatory mechanisms,2026-08-20,"A large portion of the genome is transcribed into noncoding RNAs (ncRNAs). Although initially thought to be functionally insignificant, many ncRNAs are now recognized as important regulators of gene expression. Among these, long non-coding RNAs (lncRNAs), transcripts longer than 200 bases with almost no coding potential, and enhancer RNAs (eRNAs), which are transcribed from regulatory regions on t",https://pubmed.ncbi.nlm.nih.gov/42607885/,PubMed
Tissue-specific biochemical and molecular responses associated with red pigment-concentrating hormone gene knockdown in Litopenaeus vannamei.,"Feng Leyuan, Luo Junliang, Zhou Yuhong","Comparative biochemistry and physiology. Part B, Biochemistry & molecular biology",2026-08-20,"In decapod crustaceans, red pigment-concentrating hormone (RPCH) is considered an ortholog of insect adipokinetic hormone (AKH); both belong to the conserved arthropod AKH/RPCH neuropeptide family. Research on crustacean RPCH has focused primarily on pigmentary functions, but the tissue-level roles of RPCH beyond its role in pigmentation are poorly understood. In this study, we used RNA interferen",https://pubmed.ncbi.nlm.nih.gov/42607879/,PubMed
Protective effects of three herbal extracts on mitochondrial dysfunction in ,"Wu Yih-Ru, Lin Chih-Hsin, Huang Pei-Syuan",Aging,2026-08-20,Parkinson's disease (PD) results primarily from the loss of midbrain dopaminergic neurons. Mitochondrial dysfunction may contribute to PD pathogenesis and depletion of vacuolar protein sorting 13 homolog C (VPS13C) leads to mitochondrial dysfunction. Traditional Chinese medicine (TCM) extracts ,https://pubmed.ncbi.nlm.nih.gov/42607138/,PubMed
nce-miR-12220 is a vital regulator for microsporidian to infect honeybee via positive modulation of ATP-A and γ-tubulin genes.,"Guo Rui, Zang He, Xu Wenhua",PLoS pathogens,2026-08-20,"Microsporidia rely extensively on host resources, yet how parasite-derived microRNAs coordinate infection remains poorly understood. Here, we investigated the function of nce-miR-12220, a miRNA identified in Nosema ceranae spores, during infection of Apis mellifera workers. Target prediction, dual-luciferase assays, and fluorescence in situ hybridization were combined with RNA interference and miR",https://pubmed.ncbi.nlm.nih.gov/42607084/,PubMed
"Zilebesiran in Hypertension: Reversibility, Acute Illness, and Therapeutic Flexibility.","Corrêa Lucas Maciel de Almeida, Mazur Gabriel Rian, Santiago Clara Belo Gamon","American journal of cardiovascular drugs : drugs, devices, and other interventions",2026-08-20,"Zilebesiran is an investigational RNA interference therapeutic that lowers blood pressure by silencing hepatic angiotensinogen, thereby offering sustained antihypertensive activity with infrequent dosing in selected ambulatory populations. This profile is attractive for long-term blood pressure control, but it also raises an unresolved clinical question: how should acute illness be managed when up",https://pubmed.ncbi.nlm.nih.gov/42606665/,PubMed
Hydrogel co-delivery of 5-fluorouracil and siRNA attenuates TGF-β1-mediated MMT to prevent postoperative peritoneal metastasis and adhesion in colorectal cancer.,"Wen Jinpeng, He Jiangchuan, Zheng Yunhe",Asian journal of pharmaceutical sciences,2026-08-20,"Cytoreductive surgery is the treatment protocol for colorectal cancer. Nonetheless, a major medical challenge remains to fully eliminate malignant tumor cells, along with a number of complications such as peritoneal adhesion and tumor peritoneal metastasis. The occurrence of peritoneal adhesions compromises not only the ability to do subsequent surgery, but also the efficacy of adjunct chemotherap",https://pubmed.ncbi.nlm.nih.gov/42602467/,PubMed
WAC loss alters food-associated behavior and physiological homeostasis with stage-associated cholinergic dysregulation in Caenorhabditis elegans.,"Kim Da-Woon, Boonpraman Napissara, Kuhn Nathan C",Neurochemistry international,2026-08-20,"WAC is a chromatin-associated regulatory protein involved in transcriptional control and has been identified as an autism-associated gene in human genetic studies. However, its functional role in regulating behavior and synaptic processes remains incompletely understood. Using Caenorhabditis elegans, we investigated the consequences of wac deficiency on food-associated social behavior, growth-asso",https://pubmed.ncbi.nlm.nih.gov/42600993/,PubMed
Dissection of the regulatory function of HIF1α in hypoxic stress and identification of the favored haplotype for breeding applications in crayfish (Procambarus clarkii).,"Li Xinglong, Zhu Xintao, Peng Bo",Developmental and comparative immunology,2026-08-20,"The red swamp crayfish (Procambarus clarkii) is an economically important freshwater crustacean in China. However, the harvest of farmed crayfish is often reduced because of high mortality caused by hypoxic stress. In this study, three single nucleotide polymorphisms in the hypoxia-inducible factor-1α gene (HIF1α) were identified in the investigated crayfish germplasm populations, and these varian",https://pubmed.ncbi.nlm.nih.gov/42600960/,PubMed
Leveraging generative hallucination and biophysics-informed modeling for unified biomolecular sequence-structure co-design,"Xuefeng Liu, Mingxuan Cao, Xiao Luo",arXiv,2026-08-20,"Biomolecular design underpins applications from molecular recognition to therapeutics and synthetic biology, yet de novo interaction design remains challenging-especially for DNA/RNA, underexplored non-protein modalities with scarce, heterogeneous complex data and sharper geometric and chemical constraints. We introduce MCTH (Monte Carlo Tree Hallucination), an inference-only framework that casts ",http://arxiv.org/abs/2608.17381v1,arXiv
"MultiStructRNA: a Python package for multi-algorithm RNA secondary structure prediction, ensemble analysis, and visualization","Yashrajsinh Jadeja, Haining Lin, Mihir Metkar",arXiv,2026-08-20,"We introduce MultiStructRNA, a unified Python toolkit for RNA secondary structure prediction, ensemble analysis, and visualization. Although RNA secondary structure is central to RNA biology and therapeutic design, practical adoption is often hindered by fragmented tooling, incompatible input and output formats, and limited visualization support. MultiStructRNA addresses these challenges through a",http://arxiv.org/abs/2608.14846v1,arXiv
Evolutionary Curriculum Learning Improves Biological Sequence Modeling,"Richard Zhu, Kento Nishi",arXiv,2026-08-20,"Variational autoencoders (VAEs) trained on multiple sequence alignments (MSAs) have emerged as powerful generative models for biological sequences, with applications ranging from disease variant prediction to functional RNA design. However, standard biological VAE training treats all sequences as exchangeable, ignoring the rich evolutionary structure that organizes homologous sequences from evolut",http://arxiv.org/abs/2608.00697v2,arXiv
Engineering T7 RNA Polymerase for High-Purity In Vitro Transcription,"Pauline Hermans, Youlia Serikova, José Castillo",arXiv,2026-08-20,"In vitro transcription using bacteriophage T7 RNA polymerase (T7 RNAP) is the gold-standard platform for RNA production in both research and therapeutic applications. Despite its high processivity and promoter specificity, T7 RNAP generates multiple RNA by-products, including double-stranded RNA, 3'-extended transcripts, abortive RNAs, and prematurely terminated products. These impurities reduce R",http://arxiv.org/abs/2607.18468v1,arXiv
Enhanced sampling and cryo-EM data resolve magnesium binding to RNA,"Olivier Languin-Cattoën, Elisa Posani, Giovanni Bussi",arXiv,2026-08-20,"Magnesium ions are essential for RNA structure but difficult to model due to slow binding kinetics and experimental limitations. We present an enhanced-sampling strategy that accelerates Mg$^{2+}$ inner-shell binding by orders of magnitude, enabling quantitative exploration of ion-binding motifs in a large ribozyme. The method combines a barrier-flattening bias with Hamiltonian replica exchange to",http://arxiv.org/abs/2607.07186v1,arXiv
Bayesian Sampling of Structural Ensembles: The Role of Ensemble-Counting Measures,"Ivan Gilardoni, Giovanni Bussi",arXiv,2026-08-20,"Structural ensemble refinement is widely used to integrate molecular simulations with experimental measurements. While most applications focus on the maximum-a-posteriori (MAP) ensemble, Bayesian sampling of the posterior distribution can provide uncertainty estimates and posterior averages for arbitrary observables. A notable step in this direction was introduced by the Bayesian Energy Landscape ",http://arxiv.org/abs/2606.18495v1,arXiv
MultiMolecule: a modular ecosystem for biomolecular sequence-model workflows,Zhiyuan Chen,arXiv,2026-08-20,"Biomolecular sequence models are increasingly reused outside the studies in which they were introduced, but public checkpoints rarely preserve the execution context needed to inspect source-defined behavior, adapt models to new assays, compare models under shared task definitions or deploy biological predictions. MultiMolecule is an open-source Python ecosystem that turns heterogeneous RNA, DNA an",http://arxiv.org/abs/2606.16540v1,arXiv
The Montparnasse Algorithm for RNA Design,Tristan Cazenave,arXiv,2026-08-20,"RNA design consists of discovering a nucleotide sequence that optimizes predefined criteria, such as secondary structure. It is useful for synthetic biology, medicine, and nanotechnology. We propose Montparnasse, a Monte Carlo search framework based on Generalized Nested Rollout Policy Adaptation, augmented with a problem-specific prior, slow and long adaptation at level 1, and a lexicographic mul",http://arxiv.org/abs/2606.07562v1,arXiv
Multimodal Alignment and Preference Optimization for Zero-Shot Conditional RNA Generation,"Roman Klypa, Alberto Bietti, Sergei Grudinin",arXiv,2026-08-20,"The design of RNA molecules that interact with specific proteins is a critical challenge in experimental and computational biology. Despite recent progress in natural language modeling and deep learning-based protein design, there remains significant room to improve the frequency of successful interactions and the authenticity of generated sequences for functional applications. In this work, we fr",http://arxiv.org/abs/2605.23961v1,arXiv
"GoForth: Language Models for RNA Design under Structure, Sequence, and Coding Constraints",Michael Lindsey,arXiv,2026-08-20,"RNA inverse sequence design has broad biological and engineering applications, but computational methods for practical design queries remain limited. Such queries may impose several constraints at once, including target folds or motifs, fixed bases, and coding restrictions, while leaving arbitrary sequence and structure in unspecified regions. Because these constraints may permit many acceptable s",http://arxiv.org/abs/2605.07608v1,arXiv
Bayesian Rate Inference for Sequence Motif Dynamics in Systems of Reactive Nucleic Acids,"Johannes Harth-Kitzerow, Ulrich Gerland, Torsten A. Enßlin",arXiv,2026-08-20,"The RNA world hypothesis suggests a pathway of how life emerged on early earth. It assumes that life started with RNA based systems, capable of storing, transmitting and replicating information, envisioning that monomers and short RNA oligomers interact to form longer strands, eventually becoming catalytically active ribozymes. Key reactions in RNA pools are hybridization, dehybridization, templat",http://arxiv.org/abs/2604.25701v2,arXiv
VARIANT: Web Server for Decoding and Analyzing Viral Mutations at Genome and Protein Levels,"Rui Wang, Xuhang Dai, Xin Cao",arXiv,2026-08-20,"A comprehensive analysis of viral mutations is essential for understanding viral evolution, disease epidemiology, diagnosis, drug resistance, etc. However, challenges remain in capturing complex mutation patterns and supporting diverse viral families with varying genome architectures. To address these needs, we present VARIANT, an web server for mutational analysis of RNA viral genomes and associa",http://arxiv.org/abs/2604.20942v1,arXiv
Interfacial Potential Transduction for Diagnostics,"Hyun-June Jang, Peuli Nath, Yuqin Wang",arXiv,2026-08-20,"A major barrier to decentralized, near-patient diagnostics is the lack of a signal transduction modality that is both analytically precise and accessible at the point of care. Optical readouts remain instrument-dependent and difficult to miniaturize, while compact electrochemical readouts are prone to matrix-derived signal distortion, limiting their biomarker coverage in real clinical settings. He",http://arxiv.org/abs/2603.23775v1,arXiv
ZeroFold: Protein-RNA Binding Affinity Predictions from Pre-Structural Embeddings,"Josef Hanke, Sebastian Pujalte Ojeda, Shengyu Zhang",arXiv,2026-08-20,"The accurate prediction of protein-RNA binding affinity remains an unsolved problem in structural biology, limiting opportunities in understanding gene regulation and designing RNA-targeting therapeutics. A central obstacle is the structural flexibility of RNA, as, unlike proteins, RNA molecules exist as dynamic conformational ensembles. Thus, committing to a single predicted structure discards in",http://arxiv.org/abs/2603.23583v1,arXiv
Computational modeling of RNA-protein binding interactions under an external force,"Danielle Wampler, Ralf Bundschuh",arXiv,2026-08-20,"RNA binding proteins play a crucial role in post-transcriptional gene regulation by controlling the transport, processing, and translation of their target RNAs. Post-transcriptional gene regulation leads to the differential expression of genetic material and loss of regulation or over-regulation relates to a large range of cancers and diseases - many of which have directly been associated with RNA",http://arxiv.org/abs/2603.22269v1,arXiv
Fair splits flip the leaderboard: CHANRG reveals limited generalization in RNA secondary-structure prediction,"Zhiyuan Chen, Zhenfeng Deng, Pan Deng",arXiv,2026-08-20,"Accurate prediction of RNA secondary structure underpins transcriptome annotation, mechanistic analysis of non-coding RNAs, and RNA therapeutic design. Recent gains from deep learning and RNA foundation models are difficult to interpret because current benchmarks may overestimate generalization across RNA families. We present the Comprehensive Hierarchical Annotation of Non-coding RNA Groups (CHAN",http://arxiv.org/abs/2603.22330v1,arXiv
Reverse Distillation: Consistently Scaling Protein Language Model Representations,"Darius Catrina, Christian Bepler, Samuel Sledzieski",arXiv,2026-08-20,"Unlike the predictable scaling laws in natural language processing and computer vision, protein language models (PLMs) scale poorly: for many tasks, models within the same family plateau or even decrease in performance, with mid-sized models often outperforming the largest in the family. We introduce Reverse Distillation, a principled framework that decomposes large PLM representations into orthog",http://arxiv.org/abs/2603.07710v1,arXiv
Fast and Versatile RNA Design via Motif-level Divide-and-Conquer and Structure-level Rival Search,"Tianshuo Zhou, David H. Mathews, Liang Huang",arXiv,2026-08-20,"RNA design aims to identify RNA sequences that fold into a target secondary structure. This task is challenging in terms of computational efficiency. Most existing methods focus on either minimum free energy (MFE)-based or ensemble-based metrics, leaving a gap for a unified approach that performs well across both. We introduce a fast and versatile RNA design algorithm inspired by our previous work",http://arxiv.org/abs/2603.02283v1,arXiv
CryoNet.Refine: A One-step Diffusion Model for Rapid Refinement of Structural Models with Cryo-EM Density Map Restraints,"Fuyao Huang, Xiaozhu Yu, Kui Xu",arXiv,2026-08-20,"High-resolution structure determination by cryo-electron microscopy (cryo-EM) requires the accurate fitting of an atomic model into an experimental density map. Traditional refinement pipelines such as Phenix.real_space_refine and Rosetta are computationally expensive, demand extensive manual tuning, and present a significant bottleneck for researchers. We present CryoNet.Refine, an end-to-end dee",http://arxiv.org/abs/2602.22263v2,arXiv
"Honeybadger, a micropeptide encoded by an alternative ","Paithane Utkarsha, Tiwari Ashutosh, Hall Bryan",Genes & development,2026-08-20,Genomic rearrangements can drive cancer through mechanisms that extend beyond classical oncogenic fusions such as ,https://pubmed.ncbi.nlm.nih.gov/42618324/,PubMed
"Firefox, a protein encoded by circular ","Tiwari Ashutosh, Paithane Utkarsha, Tashiro Kojiro",Genes & development,2026-08-20,MYC-driven (MYC,https://pubmed.ncbi.nlm.nih.gov/42618323/,PubMed
The regulatory role of non-coding RNAs in taxane resistance of breast cancer.,"Sun Cuicui, Lv Lingling, Xu Qinzheng",Biochemical pharmacology,2026-08-20,"Breast cancer remains a major health concern among women, characterized by a high risk and substantial mortality. Chemotherapy is widely employed as a standard treatment modality to eliminate malignant cells and improve patient survival. Nevertheless, recurrence and chemoresistance arising from taxane treatment have emerged as key factors driving the high mortality rates in cancer patients. Non-co",https://pubmed.ncbi.nlm.nih.gov/42617752/,PubMed
Regulatory networks of non-coding RNAs in renal cell carcinogenesis and therapeutic intervention strategies.,"Fu Pengcheng, Shuai Geliu, Wen Dong",World journal of urology,2026-08-20,"This review aims to delineate the multifaceted regulatory networks of non-coding RNAs in renal cell carcinoma and to critically assess their therapeutic relevance and translational potential in precision oncology. We performed a narrative synthesis of the contemporary literature, focusing on microRNAs, long non-coding RNAs, and circular RNAs implicated in renal cell carcinoma pathogenesis, as well",https://pubmed.ncbi.nlm.nih.gov/42616145/,PubMed
The Landscape of Long Non-Coding RNAs Provides Insights Into the Domestication and Improvement of Pear Fruit.,"Song Bobo, Han Peilin, Li Jiaming","Advanced science (Weinheim, Baden-Wurttemberg, Germany)",2026-08-20,"Long non-coding RNAs (lncRNAs) play essential roles in plant growth and development. However, their expression variability and contribution to phenotypic changes during the domestication of fruit crops remain unclear. Here, we generated approximately 3.5T of strand-specific RNA sequencing data from wild, landrace, and improved pear varieties and identified 12 422 lncRNAs that exhibited higher tiss",https://pubmed.ncbi.nlm.nih.gov/42615840/,PubMed
Detection of Human Cytomegalovirus ,"Morley-Bunker Arthur, Turner Georgia, Beardsley Brooke",The journal of histochemistry and cytochemistry : official journal of the Histochemistry Society,2026-08-20,"Human cytomegalovirus (HCMV) has been linked to tumor progression in several cancers, but its role in breast cancer remains uncertain. This study investigated HCMV long non-coding RNA4.9 (",https://pubmed.ncbi.nlm.nih.gov/42615360/,PubMed
Single-Cell Imaging of Site-Specific RNA-Protein Interactions.,"Wu Yuncong, Zhang Qiushuang, Dai Yicong",Angewandte Chemie (International ed. in English),2026-08-20,"Detecting and quantifying specific RNA-protein interaction pairs under diverse physiological conditions is crucial for elucidating disease mechanisms and exploring potential therapeutic targets. However, it still remains a major challenge to visualize specific intracellular RNA-protein interactions at near-single-molecule resolution. In this work, we introduce an RNA-protein interaction visualizat",https://pubmed.ncbi.nlm.nih.gov/42615282/,PubMed
lncAPNet enables the deciphering of lncRNA-mRNA connections in patient transcriptomic data.,"Vasileiou Vasileios, Gavriilidis George I, Zeni Pedro Faria",Bioinformatics advances,2026-08-20,"Long non-coding RNAs regulate gene expression through chromatin remodeling, transcriptional control, and post-transcriptional modulation, influencing physiological cell homeostasis but also disease onset. Yet most transcriptomic and network-based studies rely on descriptive linear co-expression analyses, missing nonlinear and mechanistic insights. Emerging ML/DL methods offer promise but remain li",https://pubmed.ncbi.nlm.nih.gov/42615010/,PubMed
Macrophage-associated noncoding RNAs in atherosclerosis and chronic kidney disease.,"Jha Prabhash Kumar, Nascimento Caio Borges, Lupieri Adrien",Frontiers in cardiovascular medicine,2026-08-20,"Although approximately 97% of the human genome does not encode proteins, it produces a vast repertoire of regulatory RNA transcripts that play critical roles in cellular and molecular processes. Among these, noncoding RNAs including microRNAs and long noncoding RNAs have emerged as key regulators of gene expression through their interactions with DNA, RNA, and proteins. Increasing evidence indicat",https://pubmed.ncbi.nlm.nih.gov/42614518/,PubMed
Circulating long non-coding RNAs as diagnostic markers of lupus nephritis and 5-year follow-up disease flares.,"Flores-Chova Ana, Martinez-Arroyo Olga, Mendez-Debaets Marta",Frontiers in immunology,2026-08-20,"Emerging evidence underscores the pivotal role of long non-coding RNAs (lncRNAs) as epigenetic regulators in the immunopathogenesis of systemic lupus erythematosus (SLE). There is a paucity of comprehensive studies that investigate lncRNA associated with lupus nephritis (LN) and disease flares. Thus, we aimed to identify a specific circulating lncRNA panel with high diagnostic accuracy of LN and p",https://pubmed.ncbi.nlm.nih.gov/42614356/,PubMed
LncRNA APTR as a potential prognostic biomarker for triple-negative breast cancer.,"Zhao Huinan, Fu Qiang, Gong Wen","Nucleosides, nucleotides & nucleic acids",2026-08-20,"Triple-negative breast cancer (TNBC) is the most invasive subtype of breast cancer (BC) with high recurrence, high mortality, poor prognosis, and a lack of effective targeted therapies. This study aimed to investigate the prognostic value of lncRNA Alu-mediated p21 transcriptional regulator (APTR) in TNBC. APTR/miR-298 levels in TNBC tissues and cell lines were detected by RT-qPCR. The correlation",https://pubmed.ncbi.nlm.nih.gov/42613967/,PubMed
The lncRNA PHAROH augments MYC mRNA levels in insulin-producing cells by counteracting TIA1-induced MYC silencing.,"Zhao Tongjian, Welsh Nils",Scientific reports,2026-08-20,"Type 1 and type 2 diabetes are characterized by beta cell dysfunction and insulin deficiency, and the appropriate turnover of MYC expression appears to control the beta-cell fate. Therefore, it is important to better understand the mechanism that controls MYC expression. Hence, the current study aimed to elucidate the interactions of the long non-coding RNA molecule PHAROH at the interface of MYC ",https://pubmed.ncbi.nlm.nih.gov/42613376/,PubMed
"Comprehensive analysis of differentially expressed mRNAs, lncRNAs, and miRNAs involved in ovarian differentiation and development in Qihe gibel carp (Carassius gibelio var. Qihe).","Li Yongjing, Jin Yujiao, Li Yuqi",Genomics,2026-08-20,"Qihe gibel carp (Carassius gibelio var. Qihe) exhibits diverse reproductive modes including gynogenesis and sexual reproduction, yet the molecular mechanisms of ovarian differentiation remain poorly understood. Ovarian tissues at 20, 30, and 60 days after hatching (dah), representing key stages covering early ovarian differentiation and primary oocyte growth, were subjected to whole-transcriptome ",https://pubmed.ncbi.nlm.nih.gov/42612885/,PubMed
DNMT1-mediated CRNDE hypermethylation aggravates abdominal aortic aneurysm by promoting ferroptosis through the CRNDE-FUS-apelin axis.,"Liu Hongzhi, Yan Sheng, Liu Jialin",Biochemical pharmacology,2026-08-20,This study aimed to investigate the role and molecular mechanism of Long non-coding RNAs (lncRNAs) colorectal neoplasia differentially expressed (CRNDE) in angiotensin II (Ang II)-induced ferroptosis of vascular smooth muscle cells and the formation of abdominal aortic aneurysm (AAA). An in vitro AAA model was established by stimulating human aortic vascular smooth muscle cells (HAVSMCs) with Ang ,https://pubmed.ncbi.nlm.nih.gov/42612879/,PubMed
"A novel lncPEAN inhibits the proliferation, invasion and migration of trophoblasts via WDR74/TGF-β1/Smad pathway.","Ding Ning, Tian Yining, Wang Yichen",Cellular signalling,2026-08-20,"Preeclampsia is believed to result from impaired placentation caused by insufficient trophoblast invasion, which leads to defective remodeling of uterine spiral arteries and inadequate uteroplacental angiogenesis. However, the underlying molecular mechanisms remain incompletely understood. Long non-coding RNAs (lncRNAs) have emerged as critical regulators of placental biology and preeclampsia path",https://pubmed.ncbi.nlm.nih.gov/42612715/,PubMed
Unraveling the c-Myc-CASC19/HDAC1-NPM1 epigenetic axis: A novel regulatory circuitry and therapeutic target in gastric carcinogenesis.,"Wang Wen-Jie, Guo Chang-An, Wu Ming-Zhong",Cellular signalling,2026-08-20,"Mounting evidence implicates long non-coding RNA cancer susceptibility candidate 19 (CASC19) in the pathogenesis of diverse malignancies. However, its functional role and molecular mechanisms in gastric cancer (GC) remain elusive. Herein, we identified a novel 717-bp transcript isoform of CASC19 in GC cells. This study aimed to delineate the biological functions and underlying mechanisms of this n",https://pubmed.ncbi.nlm.nih.gov/42612714/,PubMed
"LncRNA KCNQ1OT1 promotes hypertrophic scar progression by regulating fibroblast proliferation, migration, and ECM accumulation via the miR-324-5p/SP1 axis.","Liang Chenxing, Gong Zhenhua",Burns : journal of the International Society for Burn Injuries,2026-08-20,"Hypertrophic scar (HTS) is a complex process involving abnormal fibroblast proliferation, migration, and extracellular matrix (ECM) accumulation. This study focused on long noncoding RNA KCNQ1OT1's expression and mechanism in HTS. Differentially expressed lncRNAs (DELRNAs) were downloaded from the GEO database. RT-qPCR was conducted to assess the expression of KCNQ1OT1, miR-324-5p, SP1, and ECM co",https://pubmed.ncbi.nlm.nih.gov/42612483/,PubMed
lncRNAs and miRNAs in Exosome-Mediated Macrophage Polarization: Implications for Age-Related Macular Degeneration.,"Mai Jieying, Liu Tingting, Yao Yufan",Journal of visualized experiments : JoVE,2026-08-20,"Age-related macular degeneration (AMD) is a progressive and multifactorial retinal disease that represents a leading cause of irreversible vision loss among the elderly. Increasing evidence suggests that exosomes, small extracellular vesicles that mediate intercellular communication, play a critical role in regulating immune and angiogenic signaling in the retina. These vesicles transport diverse ",https://pubmed.ncbi.nlm.nih.gov/42612071/,PubMed
Protective Effect of lncRNA FGD5-AS1 Against Brain Injury After Intracerebral Hemorrhage by Targeting miR-93-5p.,"Wang Wei, Wu Xinxia, Rao Zhijuan",Journal of visualized experiments : JoVE,2026-08-20,Intracerebral hemorrhage (ICH) is a neurological disorder associated with high mortality and disability rates and can lead to severe neurological injury. This study investigated the role and underlying mechanism of FGD5-AS1 in ICH. In vitro and in vivo models of ICH were established. Reverse transcription-quantitative polymerase chain reaction (RT-qPCR) was used to measure FGD5-AS1 and miR-93-5p e,https://pubmed.ncbi.nlm.nih.gov/42612047/,PubMed
An Evaluation on the Role of Non-Coding RNA in HIV Transcription and Latency: A Review,Xiangshuai Liu,arXiv,2026-08-20,"The existence of latent cellular reservoirs is recognized as the major barrier to an HIV cure. Reactivating and eliminating ""shock and kill"" or permanently silencing ""block and lock"" the latent HIV reservoir, as well as gene editing, remain promising approaches, but so far have proven to be only partially successful. Moreover, using latency reversing agents or ""block and lock"" drugs pose additiona",http://arxiv.org/abs/2502.06107v1,arXiv
"Blood-derived lncRNAs as potential biomarkers for early cancer diagnosis: The Good, the Bad and the Beauty","Cedric Badowski, Bing He, Lana X Garmire",arXiv,2026-08-20,Cancer ranks as one of the deadliest diseases worldwide. The high mortality rate associated with cancer is partially due to the lack of reliable early detection methods and/or inaccurate diagnostic tools such as certain protein biomarkers. Cell-free nucleic acids (cfNA) such as circulating long non-coding RNAs (lncRNAs) have recently been proposed as a new class of potential biomarkers that could ,http://arxiv.org/abs/2109.11746v1,arXiv
BPPart and BPMax: RNA-RNA Interaction Partition Function and Structure Prediction for the Base Pair Counting Model,"Ali Ebrahimpour-Boroojeny, Sanjay Rajopadhye, Hamidreza Chitsaz",arXiv,2026-08-20,"RNA-RNA interaction (RRI) is ubiquitous and has complex roles in the cellular functions. In human health studies, miRNA-target and lncRNAs are among an elite class of RRIs that have been extensively studied. Bacterial ncRNA-target and RNA interference are other classes of RRIs that have received significant attention. In recent studies, mRNA-mRNA interaction instances have been observed, where bot",http://arxiv.org/abs/1904.01235v2,arXiv
Engineering RNA-guided bridge recombinases for precise large-scale genome editing.,"Gao Rui, Wei Jingjing, Sun Chao",Trends in biotechnology,2026-08-20,"Precise manipulation of large DNA fragments in eukaryotic genomes remains limited by the low efficiency and delivery constraints of current multicomponent editing systems. In this study, we engineered an RNA-guided bridge recombinase system through rational mutagenesis and AI-assisted directed evolution, enabling programmable chromosomal rearrangements in both plant and mammalian cells and achievi",https://pubmed.ncbi.nlm.nih.gov/42618444/,PubMed
"Cell-specific epigenetic editing in cardiovascular disease: Mechanisms, therapeutic potential, and translational challenges.","Alsulami Majed, Rasool Mahmood, Masoud Ahmed N",Cardiology,2026-08-20,"Cell-specific epigenetic editing provides a new approach to the therapy of cardiovascular disease (CVD) by rewriting pathological chromatin and RNA marks in exactly those cell populations responsible for causing disease. CVD is caused by interactions of genetics and environment on cell-type-specific epigenomic programs. Interventions that alter DNA methylation, histone marks, or RNA modifications ",https://pubmed.ncbi.nlm.nih.gov/42616698/,PubMed
Applications of synthetic biology in biomedicine.,"Li Chen-Xuan, Liu Zi-Xuan, Lin Yu-Fan",Molecular biomedicine,2026-08-20,"Based on the principles of engineering reconstruction and programmable design, synthetic biology is driving a paradigm shift in biomedical diagnosis and therapy from conventional models toward intelligent and precision medicine. By constructing artificial genetic circuits, functional cells, and biomaterial systems both in vitro and in vivo, synthetic biology markedly enhances diagnostic sensitivit",https://pubmed.ncbi.nlm.nih.gov/42616280/,PubMed
"Exosomes and lung cancer: Biogenesis, pathogenic mechanisms, biomarkers, and therapeutic applications.","Wu Liang, Huang Lan, Li Junchuan",The Journal of international medical research,2026-08-20,"Lung cancer remains a global health crisis characterized by high mortality rates and pervasive therapeutic resistance. Recent advances in molecular oncology have identified exosomes, nanoscale extracellular vesicles with diameters of 30-150 nm, as pivotal mediators of the lateral transmission of bioactive molecular signals. This review provides a high-level synthesis of exosomal biogenesis and the",https://pubmed.ncbi.nlm.nih.gov/42615693/,PubMed
Facile Siderophore Assembly Enables Bacterial Delivery of Nucleic Acid Therapeutics.,"Ramu Harshitha, Kuijken Peter, Poulladofonou Georgia",ACS chemical biology,2026-08-20,"Antibiotic resistance is an increasing threat to modern medicine that calls for the discovery of new antibiotics. RNA targeting is a promising approach for antibiotic development. In particular, antisense antibiotics, dubbed ASObiotics, are an exciting class of oligomers that show promise as powerful antibiotic agents. However, limited bacterial uptake has hampered their widespread use. Exploiting",https://pubmed.ncbi.nlm.nih.gov/42615608/,PubMed
Optimized Reverse Transfection Protocol for Telomerase mRNA Delivery to Early-Senescent Human Fibroblasts.,"Jash Sukanta, Sedivy John",Journal of visualized experiments : JoVE,2026-08-20,"Cellular senescence is associated with profound alterations in cellular physiology, including reduced membrane fluidity, impaired endosomal trafficking, diminished endocytic capacity, and increased extracellular RNase activity, all of which hinder efficient mRNA delivery. These barriers have limited the application of RNA-based approaches in senescent cells, particularly for delivering large thera",https://pubmed.ncbi.nlm.nih.gov/42615532/,PubMed
Macrophage polarization in Sjögren's syndrome: from mechanisms to therapeutic translation.,"Zhu Ke-Ying, Li Xi-Meng, Xu Qian-Lei",Frontiers in immunology,2026-08-20,"Sjögren's syndrome (SS) is a chronic systemic autoimmune disease characterized by damage to exocrine glands, and no effective treatment is currently available to reverse glandular fibrosis. As core effector cells of innate immunity, macrophages play a pivotal role in the dynamic imbalance of polarization states, which critically influences inflammation initiation, tissue injury, and irreversible f",https://pubmed.ncbi.nlm.nih.gov/42614678/,PubMed
Evaluation of CPP and LDH nanocarriers for dsRNA efficiency in ,"Kallavus Triin, Porosk Ly, Soonvald Liina",Frontiers in insect science,2026-08-20,"This study evaluates two nanocarrier systems, clay-based magnesium-aluminum layered double hydroxide (MgAl-LDH) and the cell-penetrating peptide PepFect14 (PF14), for delivering double-stranded RNA (dsRNA) targeting the ",https://pubmed.ncbi.nlm.nih.gov/42614463/,PubMed
The miR-1260b-NFAT5 axis regulates inflammasome priming and M1 macrophage polarization in periodontitis.,"Hayashi Chikako, Fukuda Takao, Shida Miyu",Frontiers in immunology,2026-08-20,"Macrophage-driven inflammatory programs and NOD-like receptor family pyrin domain-containing 3 (NLRP3) inflammasome plays a critical role for periodontal tissue destruction; however, the transcriptional regulators that mediate these responses remain unclear. This study therefore examined the role of the microRNA-1260b (miR-1260b)-nuclear factor of activated T-cells 5 (NFAT5) axis in inflammatory m",https://pubmed.ncbi.nlm.nih.gov/42614407/,PubMed
Effect of thin-film freezing process parameters and excipient composition on mRNA lipid nanoparticles in inhalable powders.,"Sandoval Michael A, Li Qin, Shi Ruiqi",International journal of pharmaceutics,2026-08-20,Inhalable messenger RNA (mRNA) therapeutics provide direct access to the respiratory tract but liquid mRNA-lipid nanoparticle (LNP) formulations often require frozen storage and can be destabilized during nebulization. Thin-film freeze-drying (TFFD) offers a viable manufacturing approach to convert mRNA-LNP suspensions into stable dry powders with desirable aerosol performance. Our prior work focu,https://pubmed.ncbi.nlm.nih.gov/42612848/,PubMed
"""Hair Vaccine: Myth or Future Therapeutic Reality? Immunopharmacological Perspectives on Immune-Regenerative Strategies for Hair Loss"".","Shome Debraj, Mishra Mamata, Kapoor Rinky",European journal of pharmacology,2026-08-20,"Androgenetic alopecia (AGA) and alopecia areata (AA) are among the most prevalent hair loss disorders and continue to present significant therapeutic challenges, as currently available treatments primarily delay disease progression rather than achieve sustained hair follicle regeneration. Recent advances in immunopharmacology, regenerative medicine, and targeted drug-delivery technologies have ren",https://pubmed.ncbi.nlm.nih.gov/42612767/,PubMed
p21 Inhibition Rescues Radiation-Induced Osteogenic Dysfunction and Promotes Bone Regeneration in Osteoradionecrosis of the Jaw via the Rb-Smad2/3-Runx2 Axis.,"Shi Jiaying, Lin Shuxian, Yan Jiayu",Oral diseases,2026-08-20,"Osteoradionecrosis of the jaw (ORNJ) is a severe radiotherapy complication with unclear molecular drivers. CDKN1A/p21 is upregulated by radiation-induced DNA damage, but its role in ORNJ remains unknown. An ORNJ mouse model was established. Single-cell RNA-sequencing of irradiated mandibles was analyzed and validated in vivo. Irradiated jaw bone marrow mesenchymal stem cells (JBMMSCs) were charact",https://pubmed.ncbi.nlm.nih.gov/42612232/,PubMed
Genome Editing in Primary Mammalian Cells via Electroporation of Editor RNA.,"Viskadourou Maria, Workman J Noah, Burke Emma V",Journal of visualized experiments : JoVE,2026-08-20,"CRISPR editors including nucleases, base editors, and prime editors can efficiently correct disease-causing genetic variants or disrupt target genes. Editing outcomes are commonly evaluated in cultured primary cells, patient-derived cells, or engineered cell lines to study the impact of genetic variation or as a first step before initiating animal studies or clinical translation. Delivery of edito",https://pubmed.ncbi.nlm.nih.gov/42612103/,PubMed
Hydrogels and nanogels based on 2Nap-capped cationic tripeptides: influence of lysine position and siRNA delivery properties.,"Rosa Mariangela, Hallam Stewart Fin, Diaferia Carlo",Biomaterials science,2026-08-20,"The delivery of therapeutic short interfering RNA (siRNA) is hindered by biological barriers such as rapid degradation and poor cellular uptake. This study investigates peptide-based nanogels (NGs) as potential delivery platforms using three N-capped tripeptides, 2NapKFF, 2NapFKF, and 2NapFFK, designed to load siRNA ",https://pubmed.ncbi.nlm.nih.gov/42612058/,PubMed
In Situ Generation of Claudin18.2-Specific CAR-T Cells via Lipid Nanoparticle-Mediated mRNA Delivery.,"Li Henghui, Li Jingyao, Wang Ying",Journal of visualized experiments : JoVE,2026-08-20,"Chimeric antigen receptor (CAR) T-cell therapy has achieved remarkable clinical success in hematological malignancies; however, its broader application is limited by high manufacturing costs and insufficient efficacy against solid tumors. To overcome these challenges, an in situ CAR-T cell generation strategy was developed based on lipid nanoparticle (LNP)-mediated delivery of CAR mRNA targeting C",https://pubmed.ncbi.nlm.nih.gov/42611631/,PubMed
Manganese-Functionalized GelMA Hydrogels for MRI-Guided Immunotheranostics in Precision Oncology,"Motahareh Nazari, Keyvan Alavi",arXiv,2026-08-20,"Precision oncology requires multifunctional platforms capable of integrating accurate tumor diagnosis, localized therapeutic delivery, immune modulation, and real-time monitoring of treatment response. Gelatin methacryloyl (GelMA) hydrogels have emerged as versatile biomaterials for biomedical engineering because of their biocompatibility, extracellular matrix-like structure, tunable mechanical pr",http://arxiv.org/abs/2606.29599v1,arXiv
Reinforcement-guided generative protein language models enable de novo design of highly diverse AAV capsids,"Lucas Ferraz, Ana F. Rodrigues, Pedro Giesteira Cotovio",arXiv,2026-08-20,"Adeno-associated viral (AAV) vectors are widely used delivery platforms in gene therapy, and the design of improved capsids is key to expanding their therapeutic potential. A central challenge in AAV bioengineering, as in protein design more broadly, is the vast sequence design space relative to the scale of feasible experimental screening. Machine-guided generative approaches provide a powerful m",http://arxiv.org/abs/2603.19473v1,arXiv
Integrin beta 1 and fibronectin mediate extracellular vesicle uptake and functional RNA delivery,"Omnia Elsharkasy, Willemijn S. de Voogt, Maria-Laura Tognoli",Journal of Biological Chemistry,2025-02-01,"Extracellular vesicles (EVs) are cell-derived vesicles secreted by all cell types into the extracellular spaces. EVs comprise a heterogenous population of vesicles that carry bioactive molecules, such as proteins, lipids, and RNAs, which they can deliver to recipient cells. Over the past few years, EVs have been recognized for their vital role in intercellular communication, and thereby in various",https://www.semanticscholar.org/paper/03ab38d01bdb511a15cac0440de984b6d2e760e4,Semantic Scholar
Smart Nanoarchitectures for Precision RNA Delivery: Harnessing Endogenous and Exogenous Stimuli in Cancer Treatment,"Jintao Hao, Yue Li, Lu Huang",Theranostics,2025-07-02,"RNA therapy holds great potential for cancer treatment owing to its ability to regulate gene expression precisely, thereby inhibiting tumor growth and metastasis. However, RNA delivery faces several physiological challenges, including rapid degradation by nucleases, limited cellular uptake, and inefficient intracellular release. To address these limitations, stimuli-responsive nanocarriers have be",https://www.semanticscholar.org/paper/3963227ce70b9d2fae66a194e45e1e6543e666ed,Semantic Scholar
Systemic RNA delivery to dendritic cells exploits antiviral defence for cancer immunotherapy,"L. Kranz, M. Diken, H. Haas",Nature,2016-06-01,,https://www.semanticscholar.org/paper/90807faae7e0f1ee33eb41d0b9bbd3bded077f70,Semantic Scholar
RNA delivery by extracellular vesicles in mammalian cells and its applications,"Killian O’Brien, K. Breyne, S. Ughetto",Nature reviews. Molecular cell biology,2020-05-26,"The term ‘extracellular vesicles’ refers to a heterogeneous population of vesicular bodies of cellular origin that derive either from the endosomal compartment (exosomes) or as a result of shedding from the plasma membrane (microvesicles, oncosomes and apoptotic bodies). Extracellular vesicles carry a variety of cargo, including RNAs, proteins, lipids and DNA, which can be taken up by other cells,",https://www.semanticscholar.org/paper/a6f6f1aded4cf0a055d7468814b913d508fa190d,Semantic Scholar
Chemistry of Lipid Nanoparticles for RNA Delivery.,"Yulia Eygeris, Mohit Gupta, Jeonghwan Kim",Accounts of Chemical Research,2021-12-01,"ConspectusLipid nanoparticles (LNPs) are a type of lipid vesicles that possess a homogeneous lipid core. These vesicles are widely used in small-molecule drug and nucleic acid delivery and recently gained much attention because of their remarkable success as a delivery platform for COVID-19 mRNA vaccines. Nonetheless, the utility of transient protein expression induced by mRNA extends far beyond v",https://www.semanticscholar.org/paper/a39710a85d73cca0d990f4778ceb565b6f96b97f,Semantic Scholar
Recent advances in nanoparticulate RNA delivery systems,"Jacob Witten, Yizong Hu, R. Langer",Proceedings of the National Academy of Sciences of the United States of America,2024-03-04,"Nanoparticle-based RNA delivery has shown great progress in recent years with the approval of two mRNA vaccines for Severe Acute Respiratory Syndrome Coronavirus 2 (SARS-CoV-2) and a liver-targeted siRNA therapy. Here, we discuss the preclinical and clinical advancement of new generations of RNA delivery therapies along multiple axes. Improvements in cargo design such as RNA circularization and da",https://www.semanticscholar.org/paper/a797546712119a7bb5ca52f9bc770fdb24c5e576,Semantic Scholar
Tumor‐Tailored Ionizable Lipid Nanoparticles Facilitate IL‐12 Circular RNA Delivery for Enhanced Lung Cancer Immunotherapy,"Shufen Xu, Yue Xu, Nicholas C Solek",Advances in Materials,2024-04-24,"The advancement of message RNA (mRNA) ‐based immunotherapies for cancer is highly dependent on the effective delivery of RNA (Ribonucleic) payloads using ionizable lipid nanoparticles (LNPs). However, the clinical application of these therapies is hindered by variable mRNA expression among different cancer types and the risk of systemic toxicity. The transient expression profile of mRNA further co",https://www.semanticscholar.org/paper/594b08d8523899d9153741be67ad91ea02c5d150,Semantic Scholar
Therapeutic potential of RNA-enriched Extracellular Vesicles 1: The next generation in RNA delivery via biogenic nanoparticles.,"Muskan Muskan, Pevindu Abeysinghe, Riccardo Cecchin",Molecular Therapy,2024-02-01,"Exosomes are extracellular vesicles (EVs) (∼50-150 nm) have emerged as promising vehicles for therapeutic applications and drug delivery. These membrane-bound particles, released by all actively dividing cells have the ability to transfer effector molecules, including proteins, RNA, and even DNA, from donor cells to recipient cells, thereby modulating cellular responses. RNA-based therapeutics, in",https://www.semanticscholar.org/paper/1f4490a511f95b55849c3127fbd926f7a2ff8153,Semantic Scholar
Comprehensive analysis of lipid nanoparticle formulation and preparation for RNA delivery,"Md. Anamul Haque, Archana Shrestha, Constantinos M. Mikelis",International Journal of Pharmaceutics: X,2024-09-01,"Nucleic acid-based therapeutics are a common approach that is increasingly popular for a wide spectrum of diseases. Lipid nanoparticles (LNPs) are promising delivery carriers that provide RNA stability, with strong transfection efficiency, favorable and tailorable pharmacokinetics, limited toxicity, and established translatability. In this review article, we describe the lipid-based delivery syste",https://www.semanticscholar.org/paper/c108b791de087a4773c395c3975141814ed7221f,Semantic Scholar
Advances and prospects of RNA delivery nanoplatforms for cancer therapy,"M. Attia, Gregor Kijanka, Nam‐Trung Nguyen",Acta Pharmaceutica Sinica B,2024-09-01,"Modern oncology is rapidly evolving, driven by recent advances in RNA-based therapeutics. As new emerging cutting-edge technology, mRNA vaccines hold excellent promise for encoding immunostimulatory molecules, tumor-associated antigens, neoantigens, and chimeric antigen receptors for T-cell reprogramming. RNA interference tools enable highly effective post-transcriptional gene silencing that has r",https://www.semanticscholar.org/paper/c0421f35da663530677e75e0cd29aad57a351cd8,Semantic Scholar
A perspective of lipid nanoparticles for RNA delivery,"Yutian Ma, Shiyao Li, Xin Lin",Exploration,2024-04-15,"Over the last two decades, lipid nanoparticles (LNPs) have evolved as an effective biocompatible and biodegradable RNA delivery platform in the fields of nanomedicine, biotechnology, and drug delivery. They are novel bionanomaterials that can be used to encapsulate a wide range of biomolecules, such as mRNA, as demonstrated by the current successes of COVID‐19 mRNA vaccines. Therefore, it is impor",https://www.semanticscholar.org/paper/c0ff32cf26cc8e221711435795495d3237a67472,Semantic Scholar
Lipid nanoparticles for RNA delivery: Self-assembling vs driven-assembling strategies.,"V. Nele, Virginia Campani, Seyedeh Alia Moosavian",Advanced Drug Delivery Reviews,2024-03-01,"Among non-viral vectors, lipid nanovectors are considered the gold standard for the delivery of RNA therapeutics. The success of lipid nanoparticles for RNA delivery, with three products approved for human use, has stimulated further investigation into RNA therapeutics for different pathologies. This requires decoding the pathological intracellular processes and tailoring the delivery system to th",https://www.semanticscholar.org/paper/f63a27443117b94e3b628f838f12b275ed1f686c,Semantic Scholar
Dynamic carriers for therapeutic RNA delivery,"Simone Berger, Ulrich Lächelt, Ernst Wagner",Proceedings of the National Academy of Sciences of the United States of America,2024-03-04,"Carriers for RNA delivery must be dynamic, first stabilizing and protecting therapeutic RNA during delivery to the target tissue and across cellular membrane barriers and then releasing the cargo in bioactive form. The chemical space of carriers ranges from small cationic lipids applied in lipoplexes and lipid nanoparticles, over medium-sized sequence-defined xenopeptides, to macromolecular polyca",https://www.semanticscholar.org/paper/0d35d81b69e4a911877d03bfcae365ed8be73646,Semantic Scholar
Tuning lipid nanoparticles for RNA delivery to extrahepatic organs,"Donghui Song, Yu Zhao, Zeyu Wang",Advances in Materials,2024-09-05,"RNA therapeutics have been successfully transitioned into clinical applications. Lipid nanoparticles (LNPs) are widely employed as nonviral delivery vehicles for RNA therapeutics in commercial vaccine and gene therapy products. However, the bottleneck in expanding the clinical applications of LNP‐based RNA therapeutics lies in the tendency of these nanoparticles to preferentially accumulate in the",https://www.semanticscholar.org/paper/bff1aeeb5ef3a5f896b052ff0bb0cb5c1afa3b34,Semantic Scholar
Navigating the landscape of RNA delivery systems in cardiovascular disease therapeutics.,"Paula Gil-Cabrerizo, T. Simon-Yarza, E. Garbayo",Advanced Drug Delivery Reviews,2024-04-01,"Cardiovascular diseases (CVDs) stand as the leading cause of death worldwide, posing a significant global health challenge. Consequently, the development of innovative therapeutic strategies to enhance CVDs treatment is imperative. RNA-based therapies, encompassing non-coding RNAs, mRNA, aptamers, and CRISPR/Cas9 technology, have emerged as promising tools for addressing CVDs. However, inherent ch",https://www.semanticscholar.org/paper/a3b9647cb0d77cf7f9ceea8fe14e81d9fc73ad0f,Semantic Scholar
Hydrogels for RNA delivery,"Ruibo Zhong, S. Talebian, Bárbara B. Mendes",Nature Materials,2023-03-20,"RNA-based therapeutics hold promise for the treatment of several diseases. This Review provides an overview of hydrogels for RNA delivery, discussing how the chemical nature and physical properties of hydrogels can be explored for tailored RNA loading and release, and highlighting the use of these materials in biomedical applications. RNA-based therapeutics have shown tremendous promise in disease",https://www.semanticscholar.org/paper/be9f3fe488e2b51b0892c66063defdf906cc81c1,Semantic Scholar
Lipids and Lipid Derivatives for RNA Delivery,"Yuebao Zhang, Changzhen Sun, Chang Wang",Chemical Reviews,2021-07-19,"RNA-based therapeutics have shown great promise in treating a broad spectrum of diseases through various mechanisms including knockdown of pathological genes, expression of therapeutic proteins, and programmed gene editing. Due to the inherent instability and negative-charges of RNA molecules, RNA-based therapeutics can make the most use of delivery systems to overcome biological barriers and to r",https://www.semanticscholar.org/paper/da989341518aa8714e341e7f7bb3427b5548ea13,Semantic Scholar
Non-viral vectors for RNA delivery,"Yi Yan, Xiao-Yu Liu, An Lu",Journal of Controlled Release,2022-01-08,"RNA-based therapy is a promising and potential strategy for disease treatment by introducing exogenous nucleic acids such as messenger RNA (mRNA), small interfering RNA (siRNA), microRNA (miRNA) or antisense oligonucleotides (ASO) to modulate gene expression in specific cells. It is exciting that mRNA encoding the spike protein of COVID-19 (coronavirus disease 2019) delivered by lipid nanoparticle",https://www.semanticscholar.org/paper/83fda9c083fc1e7441683c3fe5e44c7be71f1a7f,Semantic Scholar
Tumor Microenvironment‐Responsive Polymer‐Based RNA Delivery Systems for Cancer Treatment,"Yahan Zhang, Ming Zhang, Haiqin Song",Small Methods,2024-05-28,"Ribonucleic acid (RNA) therapeutics offer a broad prospect in cancer treatment. However, their successful application requires overcoming various physiological barriers to effectively deliver RNAs to the target sites. Currently, a number of RNA delivery systems based on polymeric nanoparticles are developed to overcome these barriers in RNA delivery. This work provides an overview of the existing ",https://www.semanticscholar.org/paper/78694410323b89e38b295753148b918df7b14b7e,Semantic Scholar
Microfluidic technologies and devices for lipid nanoparticle-based RNA delivery,"Masatoshi Maeki, S. Uno, Ayuka Niwa",Journal of Controlled Release,2022-02-01,"In 2021, mRNA vaccines against COVID-19 were approved by the Food and Drug Administration. mRNA vaccines are important for preventing severe COVID-19 and returning to normal life. The development of RNA-delivery technology, including mRNA vaccines, has been investigated worldwide for ~30 years. Lipid nanoparticles (LNPs) are a breakthrough technology that stably delivers RNA to target organs, and ",https://www.semanticscholar.org/paper/96c2b0e0e2d96e9dcdb7e3e30a5e9d57badd664d,Semantic Scholar
RNA structures regulate norovirus life cycle and enable rational attenuation in vivo.,"Hann Tanja, Ökten Arya B, Filler Renata B",Cell,2026-08-20,"Viral genomes encode regulatory RNA structures that orchestrate key steps of viral replication and gene expression. Although these structures are increasingly recognized as critical regulators of viral function, their systematic characterization in an infection context and roles in regulating viral fitness and immune recognition in vivo remain limited. Here, we systematically map and functionally ",https://pubmed.ncbi.nlm.nih.gov/42617594/,PubMed
"Beyond the hallmarks of cancer: enabling technologies reshaping cancer diagnosis, prevention, and treatment.",Niazi Sarfaraz K,Oncology reviews,2026-08-20,"Cancer biology has been organized for 2 decades by the hallmarks framework, articulated in 2000 and most recently revised in 2026. The pace of technological change in oncology now requires reframing how cancer is detected, prevented, and treated. This review argues that the hallmarks framework, while historically essential, is no longer sufficient on its own to capture contemporary cancer care, an",https://pubmed.ncbi.nlm.nih.gov/42614645/,PubMed
Single-cell multi-omics reveals circulating B cell heterogeneity across diverse disease contexts.,"Gan Rui, Zhong Yunshan",Frontiers in cell and developmental biology,2026-08-20,"B cells play essential roles in adaptive immunity by producing antigen-specific antibodies and interacting with T cells. Single-cell RNA and BCR sequencing technologies have enabled high-resolution dissection of B cell heterogeneity across diverse disease contexts. Atypical B cells (ABCs) display complex and critical functions in human immunity, yet their transcriptional heterogeneity, BCR diversi",https://pubmed.ncbi.nlm.nih.gov/42614346/,PubMed
"From pathogen defence to precision health infrastructure: mRNA vaccines beyond infectious disease in preventive health, chronic disease management, and population wellbeing.","Ugwu Okechukwu Paul-Chima, Ugwu Chinyere Nneoma, Anyanwu Godson Emeka",Frontiers in bioengineering and biotechnology,2026-08-20,"Messenger RNA (mRNA) vaccine technology is often portrayed as a pandemic-era innovation for infectious disease control, but this perspective no longer reflects its expanding clinical and societal significance. Although global attention intensified during the SARS-CoV-2 pandemic, mRNA platforms are founded on more than three decades of pre-pandemic research in cancer immunotherapy and experimental ",https://pubmed.ncbi.nlm.nih.gov/42614300/,PubMed
A tolerogenic mRNA-LNP vaccine alleviates neuroinflammation and demyelination in experimental autoimmune encephalomyelitis.,"Song Yi, Dongye Zhangchi, Yao Jiaxi",Science bulletin,2026-08-20,"Multiple sclerosis (MS) is an autoimmune demyelinating disease of the central nervous system (CNS). Current non-specific immunosuppressive therapies carry risks of infection and malignancy. Antigen-specific tolerance induction presents a promising alternative. Here, we developed a messenger RNA-lipid nanoparticle (mRNA-LNP) vaccine (LiH-LNPs) encoding a tandem fusion of epitopes from three MS-asso",https://pubmed.ncbi.nlm.nih.gov/42613282/,PubMed
FcBP-HFQ lipid-mediated trastuzumab modification of mRNA-loaded lipid nanoparticles enhances delivery to HER2-expressing cancer cells.,"Matsumoto Makoto, Takayama Riku, Matsuguchi Chiemi",European journal of pharmaceutical sciences : official journal of the European Federation for Pharmaceutical Sciences,2026-08-20,"Lipid nanoparticles (LNPs) have emerged as a key delivery platform for mRNA therapeutics, as demonstrated by the clinical success of mRNA vaccines against SARS-CoV-2. LNPs are now being investigated for various applications, such as cancer immunotherapy and the treatment of genetic disorders. However, LNPs tend to accumulate predominantly in the liver and lack intrinsic cell-type specificity. Modi",https://pubmed.ncbi.nlm.nih.gov/42612711/,PubMed
Measuring Live-Cell mRNA Translational Dynamics with Split Luminescent Tagging in HEK293 Cells.,"Batho Christopher A P, Ascanelli Camilla, Maple Megan L",Journal of visualized experiments : JoVE,2026-08-20,"The swift vaccine development to combat COVID-19 illustrated the potential for messenger RNA (mRNA) therapeutics to transform drug development. Like mature mRNA, in vitro transcribed mRNA possesses the same elements including a 5' cap, untranslated regions (UTRs), coding sequence and a poly(A) tail. Previous work studying the effects these components have on mRNA translation has primarily utilized",https://pubmed.ncbi.nlm.nih.gov/42611746/,PubMed
Polymeric Nanoparticles for Precision Tumor Immunotherapy: Rational Design Strategies and Spatiotemporal Immune Activation.,"Li Dongqi, Hu Jia, Cui Yingshu",International journal of nanomedicine,2026-08-20,"Malignant tumors remain one of the most serious challenges to global health. Although chemotherapy and targeted therapy are available treatment options, their effectiveness is often limited by the complexity of the tumor microenvironment (TME). In recent years, immunotherapy has demonstrated significant potential in harnessing the immune system to combat cancer. Polymeric nanoparticles (PNPs) have",https://pubmed.ncbi.nlm.nih.gov/42609883/,PubMed
PRMT5-mediated intron retention triggers innate and adaptive immunity against cancer.,"Blaszczak Wiktoria, Barczak Wojciech, Zhang Chuyue",EMBO molecular medicine,2026-08-20,"PRMT5 is expressed at high levels in many cancers, where it regulates diverse cellular pathways that contribute to oncogenesis. Here, we have defined a new role for PRMT5 in regulating and coordinating the interplay between the innate and adaptive immune response. This occurs, in part, through the influence of PRMT5 and E2F1 on RNA splicing and the presence of retained introns (RIs). We found that",https://pubmed.ncbi.nlm.nih.gov/42608565/,PubMed
PASTA: versatile tyramide-oligonucleotide amplification for multimodal spatial biology.,"Michel Hendrik A, McCallum Paige, Wu Wenrui",Nature methods,2026-08-20,"Spatial proteomics is limited by detection sensitivity, multiplexing and multimodal integration, leaving a gap between discovery and clinical assays. Here we present protein and nucleic acid serial tyramide amplification (PASTA), using horseradish peroxidase-mediated oligonucleotide deposition and cyclical imaging for high-plex, multimodal spatial profiling. Compatible with conjugated antibodies a",https://pubmed.ncbi.nlm.nih.gov/42608461/,PubMed
An integrated nanopore-microfluidic platform for low-voltage electroporation of delivering self-amplifying RNA into dendritic cells.,"Zhang Bowen, Cai Yijing, Deng Caiguanxi",Microsystems & nanoengineering,2026-08-20,"Efficient delivery of large, negatively charged self-amplifying RNA (saRNA) into dendritic cells (DCs) is critical for next-generation cancer vaccines. However, this remains challenging due to the high sensitivity of DCs to chemical carriers and high-voltage electroporation. In this study, an integrated nanopore-electroporation (NEP) microdevice was developed by combining 200 nm track-etched polyc",https://pubmed.ncbi.nlm.nih.gov/42608396/,PubMed
Respiratory Syncytial Virus in Adults in India: An Under-recognized Public Health Concern Demanding Urgent Immunization Action.,"Garg Rahul, Gupta Ekta",Indian journal of medical microbiology,2026-08-20,"Respiratory syncytial virus (RSV) is an important global cause of acute respiratory tract infection, contributing substantially to illness, hospitalization, and deaths across all age groups worldwide. While RSV has long been associated with severe disease in infants and young children, its impact on older adults is increasingly recognized, with evidence suggesting that mortality in elderly populat",https://pubmed.ncbi.nlm.nih.gov/42607930/,PubMed
Adverse Effects of Carbon Black Nanoparticles on Maternal and Fetal Lungs in Pregnant Mice: Insights From a Metabolomics Perspective.,"Li Jing, Gao Biling, Chang Hao",FASEB journal : official publication of the Federation of American Societies for Experimental Biology,2026-08-20,"Previous studies have linked prenatal exposure to carbon black nanoparticles (CBNPs), a key constituent of air pollution and tobacco smoke, to respiratory abnormalities. However, the distinct impacts of particle size on the maternal-fetal lung axis remain poorly understood. This study investigated the maternal-to-fetal lung toxicological effects and metabolic shifts following exposure to 30 nm (CB",https://pubmed.ncbi.nlm.nih.gov/42606525/,PubMed
Immunological Evaluation of mRNA-LNP Vaccines Targeting Conserved S2 and NSP3 Domains of SARS-CoV-2.,"Begum Feroza, Mallik Md Hasan, Ghora Subhadip",Biotechnology journal,2026-08-20,"The evolution of SARS-CoV-2 necessitates next-generation vaccine strategies targeting conserved viral elements to ensure broad and durable protection. In this study, we designed and evaluated novel mRNA-based vaccines encoding conserved domains of SARS-CoV-2, including the spike S2 subunit, NSP3 Macrodomain I (Mac I), and papain-like protease (PLpro). These mRNAs were synthesized, cloned, and enca",https://pubmed.ncbi.nlm.nih.gov/42605164/,PubMed
Projected lives saved and economic value of mRNA cancer immunotherapies in the United States.,"Wells Chad R, Pandey Abhishek, Bawden Carolyn",Lancet regional health. Americas,2026-08-20,"Messenger RNA (mRNA) technology helped prevent millions of deaths during the COVID-19 pandemic and is emerging as a promising cancer treatment modality. Early-phase trials suggest mRNA immunotherapies can improve overall and recurrence-free survival. However, the U.S. Department of Health and Human Services has terminated investment in this transformative platform. Although the funding cuts target",https://pubmed.ncbi.nlm.nih.gov/42604060/,PubMed
In the age of mRNA vaccines: Linear or circular mRNA?,Lundstrom Kenneth,Molecular therapy. Nucleic acids,2026-08-20,,https://pubmed.ncbi.nlm.nih.gov/42602892/,PubMed
"Antiviral strategies against human norovirus: Molecular targets, therapeutics, and vaccine development.","Islam Sadia, Zia Sabbir Alam, Mirza Simonto",Therapeutic advances in infectious disease,2026-08-20,"Human norovirus (HuNoV) is a leading cause of acute viral gastroenteritis worldwide and represents a major unmet challenge in antiviral drug and vaccine development. HuNoV is a non-enveloped, positive-sense RNA virus characterized by extensive genetic diversity and rapid evolution, which contribute to recurrent outbreaks in the absence of effective licensed therapeutics. Despite substantial progre",https://pubmed.ncbi.nlm.nih.gov/42602140/,PubMed
"In silico, in vitro, and in vivo evaluation of the antiviral potential of glycyrrhizic acid and chitosan nanoparticles against foot and mouth disease virus.","Eweis Asmaa R F, Hassan Khodeir M, Shoman Sahar A H",Virology journal,2026-08-20,"Foot-and-mouth disease (FMD) considers as one of the extremely infectious diseases with major economic impact on cloven-hoofed animals globally. The causative agent of the disease, Foot and Mouth Disease Virus (FMDV), comprises seven serotypes designated as; O, A, SAT1, SAT2, SAT3, C, and Asia1. Over the past decades, studies have shown that glycyrrhizic acid, the primary bioactive compound of lic",https://pubmed.ncbi.nlm.nih.gov/42601612/,PubMed
Transformer-Based Active Learning for Data-Efficient Vaccine Epitope Selection in PRRS,"Aspen Erlandsson Brisebois, Zahed Khatooni, Connor Burbridge",arXiv,2026-08-20,"High-fidelity molecular docking simulations can produce biologically relevant estimates of epitope-receptor binding affinity but are computationally expensive and therefore limit the number of candidates that can be screened for vaccine design. In this work, we evaluate machine learning (ML) approaches where variants of active learning are used to classify instances of high binding affinity betwee",http://arxiv.org/abs/2606.28659v1,arXiv
Exploring the Effects of Entanglement on Quantum Machine Learning of Pathogen Epitope-Receptor Binding,"Aspen Erlandsson Brisebois, Luis Pablo Gonzalez Dominguez, Shivansi Prajapati",arXiv,2026-08-20,"Parameterized quantum circuits (PQCs) provide a flexible substrate for hybrid quantum machine learning (QML), but their practical value on Noisy Intermediate-Scale Quantum (NISQ) devices remains an empirical question, especially because training depth and scale can introduce optimization challenges such as barren plateaus. Here we study how the number and topology of two-qubit entangling gates in ",http://arxiv.org/abs/2606.28655v1,arXiv
Clade 2.3.4.4b but not historical clade 1 HA replicating RNA vaccine protects against bovine H5N1 challenge in mice,"David W. Hawman, Thomas Tipih, Edgar A Hodge",Nature Communications,2025-01-14,"The ongoing circulation of influenza A H5N1 in the United States has raised concerns of a pandemic caused by highly pathogenic avian influenza. Although the United States has stockpiled and is prepared to produce millions of vaccine doses to address an H5N1 pandemic, currently circulating H5N1 viruses contain multiple mutations within the immunodominant head domain of hemagglutinin (HA) compared t",https://www.semanticscholar.org/paper/821d2fab28b8dbce51c6f8632266e3661b873042,Semantic Scholar
Phase I/II study of COVID-19 RNA vaccine BNT162b1 in adults,"M. Mulligan, Kirsten E. Lyke, N. Kitchin",Nature,2020-08-12,,https://www.semanticscholar.org/paper/afe4cc71f4814fce21031c3f15998576c7175b1a,Semantic Scholar
An RNA vaccine drives immunity in checkpoint-inhibitor-treated melanoma,"U. Şahin, P. Oehm, E. Derhovanessian",Nature,2020-07-29,,https://www.semanticscholar.org/paper/4114cc7dc2faed7f0cba4bece628827023d6d9a7,Semantic Scholar
A single-dose circular RNA vaccine prevents Zika virus infection without enhancing dengue severity in mice,"Xinglong Liu, Zhengfeng Li, Xiaoxia Li",Nature Communications,2024-10-16,"Antibody-dependent enhancement (ADE) is a potential concern for the development of Zika virus (ZIKV) vaccines. Cross-reactive but poorly neutralizing antibodies, usually targeting viral pre-membrane or envelope (E) proteins, can potentially enhance dengue virus (DENV) infection. Although E domain III (EDIII) contains ZIKV-specific epitopes, its immunogenicity is poor. Here, we show that dimeric ED",https://www.semanticscholar.org/paper/0994107d2c3126bc8175fcb814759f22aa879e71,Semantic Scholar
CLDN6-specific CAR-T cells plus amplifying RNA vaccine in relapsed or refractory solid tumors: the phase 1 BNT211-01 trial,"A. Mackensen, J. Haanen, C. Koenecke",Nature Medicine,2023-10-23,"The oncofetal antigen Claudin 6 (CLDN6) is highly and specifically expressed in many solid tumors, and could be a promising treatment target. We report dose escalation results from the ongoing phase 1/2 BNT211-01 trial evaluating the safety and feasibility of chimeric antigen receptor (CAR) T cells targeting the CLDN6 with or without a CAR-T cell-amplifying RNA vaccine (CARVac) at two dose levels ",https://www.semanticscholar.org/paper/c89c242b594c5436e9ccf6bb055d4a82a9f3d7ac,Semantic Scholar
Immunogenicity of a Single Dose of SARS-CoV-2 Messenger RNA Vaccine in Solid Organ Transplant Recipients.,"B. Boyarsky, William Werbel, R. Avery",Journal of the American Medical Association (JAMA),2021-03-15,"Immunogenicity of a Single Dose of SARS-CoV-2 Messenger RNA Vaccine in Solid Organ Transplant Recipients Immunocompromised individuals have been excluded from studies of SARS-CoV-2 messenger RNA (mRNA) vaccines. In such patients, the immune response to vaccination may be blunted. To better understand the immunogenicity of mRNA vaccines in immunocompromised individuals, we quantified the humoral re",https://www.semanticscholar.org/paper/e5ff6b04229043e1f4926af585923c6f606cad17,Semantic Scholar
Circular RNA vaccine in disease prevention and treatment,"Dun Niu, Yaran Wu, J. Lian",Signal Transduction and Targeted Therapy,2023-09-11,"CircRNAs are a class of single-stranded RNAs with covalently linked head-to-tail topology. In the decades since its initial discovery, their biogenesis, regulation, and function have rapidly disclosed, permitting a better understanding and adoption of them as new tools for medical applications. With the development of biotechnology and molecular medicine, artificial circRNAs have been engineered a",https://www.semanticscholar.org/paper/f2d7ccee08508c5211e77e035c0fcf5b58b341bf,Semantic Scholar
A self-amplifying RNA vaccine prevents enterovirus D68 infection and disease in preclinical models,"N. Warner, Jacob Archer, Stephanie Park",Science Translational Medicine,2024-08-07,"The recent emergence and rapid response to severe acute respiratory syndrome coronavirus 2 was enabled by prototype pathogen and vaccine platform approaches, driven by the preemptive application of RNA vaccine technology to the related Middle East respiratory syndrome coronavirus. Recently, the National Institutes of Allergy and Infectious Diseases identified nine virus families of concern, eight ",https://www.semanticscholar.org/paper/062bad8d56c9e1c0a11093c67a88c07449f30d3a,Semantic Scholar
A replicating RNA vaccine confers protection in a rhesus macaque model of Crimean-Congo hemorrhagic fever,"David W. Hawman, Shanna S. Leventhal, Kimberly Meade-White",npj Vaccines,2024-05-20,"Crimean-Congo hemorrhagic fever (CCHF) is a tick-borne febrile illness with a wide geographic distribution. In recent years the geographic range of Crimean-Congo hemorrhagic fever virus (CCHFV) and its tick vector have increased, placing an increasing number of people at risk of CCHFV infection. Currently, there are no widely available vaccines, and although the World Health Organization recommend",https://www.semanticscholar.org/paper/75b0ab72c2fd67513a03ee1af9e0eba13768c568,Semantic Scholar
Controlling reactogenicity while preserving immunogenicity from a self-amplifying RNA vaccine by modulating nucleocytoplasmic transport,"Jason A Wojcechowskyj, Robyn M. Jong, Imre Mäger",bioRxiv,2024-12-29,"Self-amplifying RNA (saRNA)-based vaccines have emerged as a potent and durable RNA vaccine platform. However, RNA vaccine platforms trigger undesirable side effects at protective doses, underscoring the need for improved tolerability. To address this, we leveraged the Cardiovirus leader protein, which is well-characterized to dampen host innate signaling by modulating nucleocytoplasmic transport ",https://www.semanticscholar.org/paper/95add8df14c1a8592a3ebaa29f1c2137a0b5c7e0,Semantic Scholar
Self-Amplifying RNA: Advantages and Challenges of a Versatile Platform for Vaccine Development,"T. Vallet, Marco Vignuzzi",Viruses,2025-04-01,"Self-amplifying RNA is synthetic nucleic acid engineered to replicate within cells without generating viral particles. Derived from alphavirus genomes, saRNA retains the non-structural elements essential for replication while replacing the structural elements with an antigen of interest. By enabling efficient intracellular amplification, saRNA offers a promising alternative to conventional mRNA va",https://www.semanticscholar.org/paper/9d4c82b05e2938b9c2650b7f3e821c0c0b171ec4,Semantic Scholar
Circular RNA vaccine induces potent T cell responses,"Laura Amaya, Lilit Grigoryan, Zhijian Li",Proceedings of the National Academy of Sciences of the United States of America,2023-05-08,"Significance Circular RNAs (circRNAs) are a unique class of RNAs that are highly stable compared to linear mRNAs and can be engineered to provide durable protein expression. This study demonstrates that circRNA encoding antigenic protein sequences delivered by a charge-altering releasable transporter can effectively serve as both an adjuvant and an immunogen, inducing potent cellular immunity and ",https://www.semanticscholar.org/paper/4da3053c70133b6d1982a7101c8ddabd8d9caa8c,Semantic Scholar
An RNA vaccine drives expansion and efficacy of claudin-CAR-T cells against solid tumors,"Katharina Reinhard, B. Rengstl, P. Oehm",Science,2020-01-02,"A one-two, CAR-T cell punch Chimeric antigen receptor (CAR)–T cells have been clinically effective in killing certain hematological malignancies, but achieving long-term patient responses for solid tumors remains a challenge. Reinhard et al. describe a two-part “CARVac” strategy to overcome poor CAR-T cell stimulation and responses in vivo. They introduce the tight junction protein claudin 6 (CLDN",https://www.semanticscholar.org/paper/33f5cffb55ec96290c0bac540e4f3b1747ba4bb9,Semantic Scholar
Self-Amplifying RNA Vaccine Candidates: Alternative Platforms for mRNA Vaccine Development,"C. Schmidt, B. Schnierle",Pathogens,2023-01-01,"The present use of mRNA vaccines against COVID-19 has shown for the first time the potential of mRNA vaccines for infectious diseases. Here we will summarize the current knowledge about improved mRNA vaccines, i.e., the self-amplifying mRNA (saRNA) vaccines. This approach may enhance antigen expression by amplification of the antigen-encoding RNA. RNA design, RNA delivery, and the innate immune re",https://www.semanticscholar.org/paper/42263e5bcbeb1261df345d01b5196557ceb15e30,Semantic Scholar
Vaccines’ New Era-RNA Vaccine,"Wenshuo Zhou, Linglei Jiang, Shimiao Liao",Viruses,2023-08-01,"RNA vaccines, including conventional messenger RNA (mRNA) vaccines, circular RNA (circRNA) vaccines, and self-amplifying RNA (saRNA) vaccines, have ushered in a promising future and revolutionized vaccine development. The success of mRNA vaccines in combating the COVID-19 pandemic caused by the SARS-CoV-2 virus that emerged in 2019 has highlighted the potential of RNA vaccines. These vaccines poss",https://www.semanticscholar.org/paper/edfd3ac0b8e7021f08fc73a0d3324058bcb13c00,Semantic Scholar
"Safety and immunogenicity of SARS-CoV-2 self-amplifying RNA vaccine expressing an anchored RBD: A randomized, observer-blind phase 1 study","W. Akahata, T. Sekida, T. Nogimori",Cell Reports Medicine,2023-08-01,Summary VLPCOV-01 is a lipid nanoparticle-encapsulated self-amplifying RNA (saRNA) vaccine that expresses a membrane-anchored receptor-binding domain (RBD) derived from the severe acute respiratory syndrome coronavirus 2 (SARS-CoV-2) spike protein. A phase 1 study of VLPCOV-01 is conducted (jRCT2051210164). Participants who completed two doses of the BNT162b2 mRNA vaccine previously are randomized,https://www.semanticscholar.org/paper/2167ba7126a190c7f7b4055adb084e4ed37f67c7,Semantic Scholar
Safety and Immunogenicity of Two RNA-Based Covid-19 Vaccine Candidates,"E. Walsh, R. Frenck, A. Falsey",New England Journal of Medicine,2020-10-14,"Abstract Background Severe acute respiratory syndrome coronavirus 2 (SARS-CoV-2) infections and the resulting disease, coronavirus disease 2019 (Covid-19), have spread to millions of persons worldwide. Multiple vaccine candidates are under development, but no vaccine is currently available. Interim safety and immunogenicity data about the vaccine candidate BNT162b1 in younger adults have been repo",https://www.semanticscholar.org/paper/6dbd3d5dddc9708185a64e539ed0aa37b52690a6,Semantic Scholar
Carditis After COVID-19 Vaccination With a Messenger RNA Vaccine and an Inactivated Virus Vaccine,"F. Lai, Xue Li, Kuan-hao Peng",Annals of Internal Medicine,2022-01-25,"Cases of carditis after the use of a messenger RNA (mRNA) COVID-19 vaccine have been reported in various populations worldwide. However, few studies have directly evaluated this association. Furthermore, it is unclear whether this potential risk involves vaccine platforms other than mRNA vaccines. This case–control study from Hong Kong aimed to examine the association between COVID-19 vaccination ",https://www.semanticscholar.org/paper/94da2455d0ed10791e0dec9954e0f9b02b7dd6fb,Semantic Scholar
A replicon RNA vaccine can induce durable protective immunity from SARS-CoV-2 in nonhuman primates after neutralizing antibodies have waned,"Megan A. O’Connor, David W. Hawman, Kimberly Meade-White",PLoS Pathogens,2023-04-01,"The global SARS-CoV-2 pandemic prompted rapid development of COVID-19 vaccines. Although several vaccines have received emergency approval through various public health agencies, the SARS-CoV-2 pandemic continues. Emergent variants of concern, waning immunity in the vaccinated, evidence that vaccines may not prevent transmission and inequity in vaccine distribution have driven continued developmen",https://www.semanticscholar.org/paper/57863723066e77b51e468792ae55513c6034b265,Semantic Scholar
"Safety and immunogenicity of a self-amplifying RNA vaccine against COVID-19: COVAC1, a phase I, dose-ranging trial","K. Pollock, H. Cheeseman, A. Szubert",EClinicalMedicine,2022-01-14,"Summary Background Lipid nanoparticle (LNP) encapsulated self-amplifying RNA (saRNA) is a novel technology formulated as a low dose vaccine against COVID-19. Methods A phase I first-in-human dose-ranging trial of a saRNA COVID-19 vaccine candidate LNP-nCoVsaRNA, was conducted at Imperial Clinical Research Facility, and participating centres in London, UK, between 19th June to 28th October 2020. Pa",https://www.semanticscholar.org/paper/1a26b3a23a29a8f98b09c53fa36bb06bec38c2a9,Semantic Scholar
Ketogenic diet attenuates seizures by promoting lipid droplet formation via peroxisome proliferator-activated receptor gamma signaling pathway.,"Xi Zhiyu, Zhang Wang, Liu Qiang",Life sciences,2026-08-20,"The ketogenic diet (KD) is an established therapy for drug-resistant epilepsy, yet its antiseizure mechanisms remain unclear. This study investigates whether KD modulates lipid metabolism-related genes to exert antiseizure effects in a mouse model of temporal lobe epilepsy. Chronic epilepsy was induced in adult mice via systemic kainic acid (KA). Epileptic mice were fed either a standard chow diet",https://pubmed.ncbi.nlm.nih.gov/42617797/,PubMed
Multi-omics integration identifies VIM and LGALS3 as apoptosis-associated genes in astrocytes after traumatic brain injury.,"Wang Binyang, Wang Yuxue, Cao Wenqi",Neuroscience,2026-08-20,"Apoptosis contributes substantially to neurological deficits after traumatic brain injury (TBI), yet the molecular drivers and cellular regulation of astrocyte-associated apoptosis remain poorly defined. We integrated bulk RNA-seq, single-cell RNA-seq, and spatial transcriptomics to identify apoptosis-related hub genes in TBI. Differentially expressed genes were intersected with apoptosis-related ",https://pubmed.ncbi.nlm.nih.gov/42617790/,PubMed
Efferocytosis inhibition enhances the anticancer immune response of hybrid cell membrane-coated nanoparticles.,"Huang Tao, Qiu Zhibin, Yang Xuewei",Acta biomaterialia,2026-08-20,"The immunogenic cell death (ICD) of tumor cells generates abundant damage-associated molecular patterns (DAMPs) to induce efficient anti-tumor immune responses. However, dysregulated efferocytosis causes rapid clearance of DAMPs, thereby impeding immunotherapy progression. It has been revealed that the externalization of phosphatidylserine (PS) on apoptotic tumor cells serves as a key signal that ",https://pubmed.ncbi.nlm.nih.gov/42617779/,PubMed
A novel polysaccharide from Ligusticum chuanxiong attenuates cardiac hypertrophy by targeting ferroptosis through the SIRT3-mediated deacetylation of Foxo3a.,"Chen Lei, Chen Zhuang, Song Chengjie",Phytomedicine : international journal of phytotherapy and phytopharmacology,2026-08-20,"Pathological cardiac hypertrophy is a maladaptive response to pressure overload that frequently leads to heart failure, highlighting the urgent need for effective therapies. Plant-derived polysaccharides are promising bioactive candidates due to their safety and pleiotropic effects. Although Ligusticum chuanxiong has long been used for cardiovascular diseases, the structural features and mechanism",https://pubmed.ncbi.nlm.nih.gov/42617522/,PubMed
Hcp1 mediates multinucleated giant cell formation through redirecting arginine metabolism during Burkholderia pseudomallei infection.,"Wu Pan, Fu Beibei, Nan Dongqi",Cell reports,2026-08-20,"Melioidosis is a life-threatening infectious disease caused by Burkholderia pseudomallei with limited therapeutic options. Multinucleated giant cell (MNGC) formation is known to facilitate B. pseudomallei dissemination and melioidosis progression, yet the underlying mechanism remains unclear. Here, we show that the type VI secretion system effector Hcp1 promotes MNGC formation by targeting host ar",https://pubmed.ncbi.nlm.nih.gov/42616642/,PubMed
Ginsenoside Rg1 Attenuates Neuroinflammation in Parkinson's Disease Models via Concomitant Modulation of Canonical and Noncanonical Wnt Pathways in Microglial M1/M2 Polarization.,"Li Wenshan, Yu Xinlang, Zhang Zhiying",Journal of agricultural and food chemistry,2026-08-20,"Microglial-mediated neuroinflammation is a core driver of brain disorders. Thus, modulating microglial activity is a critical therapeutic goal. In this study, we explored how Ginsenoside Rg1 (Rg1) protects against the inflammation seen in Parkinson's disease (PD). Our experiments utilized MPTP-challenged mice and lipopolysaccharide (LPS)-stimulated BV2 cells. Our data show that Rg1 restores motor ",https://pubmed.ncbi.nlm.nih.gov/42616454/,PubMed
Plozasiran: a small interfering RNA therapy for hypertriglyceridemia and familial chylomicronemia syndrome.,"Rodriguez-Montes Jennifer, Hale Genevieve, Benny Tina","Daru : journal of Faculty of Pharmacy, Tehran University of Medical Sciences",2026-08-20,"Plozasiran (Redemplo Plozasiran (Redemplo®) is a small interfering RNA that reduces hepatic production of apolipoprotein C-III and circulating triglycerides. Across completed clinical studies, plozasiran demonstrated a generally favorable safety profile, with a low incidence of thrombocytopenia and adverse events primarily limited to abdominal pain, nasopharyngitis, headache, and nausea. Compared ",https://pubmed.ncbi.nlm.nih.gov/42616276/,PubMed
RNA Size and Structure Modulate the Apparent pKa of Ionizable Lipid Nanoparticles.,"Priss Anastasiia, Lytvynenko Olha, Vanek Vaclav",Bioconjugate chemistry,2026-08-20,"Ionizable lipid nanoparticles (LNPs) underpin today's RNA medicines by shielding nucleic acids in the bloodstream and transforming into membrane-active cationic nanoparticles inside acidifying endosomes. This behavior critically depends on the apparent pKa of LNPs, which can be tuned by altering the chemistry of lipids/lipidoids and the ratios of helper lipids. However, formulators typically assum",https://pubmed.ncbi.nlm.nih.gov/42615507/,PubMed
STAT3 ablation in keratinocytes ameliorates allergic contact dermatitis in DNCB-induced mice model.,"Chen Lu, Zhang Cai, Li Liming",Iranian journal of basic medical sciences,2026-08-20,"Allergic contact dermatitis (ACD) is a T cell-mediated type IV hypersensitivity reaction to haptens. Its pathogenesis involves keratinocyte dysfunction and dysregulation of the Signal Transducer and Activator of Transcription 3 (STAT3)-signaling pathway. However, the specific role of keratinocyte produced STAT3 in ACD remains unclear. To investigate the effect of keratinocyte (KC)-specific STAT3 c",https://pubmed.ncbi.nlm.nih.gov/42614992/,PubMed
Integrative single-nucleus transcriptomic analysis identifies UBE2C+ proliferative tumor cells and immune-stromal regulatory crosstalk in small cell lung cancer.,"Jia Hongling, An Yongxuan, Chen Bing",Frontiers in immunology,2026-08-20,"Small cell lung cancer (SCLC) is an aggressive neuroendocrine malignancy characterized by rapid proliferation, early dissemination, and limited durable benefit from current chemoimmunotherapy. Although immune checkpoint blockade has modestly improved clinical outcomes, the regulatory logic linking malignant cell states to the tumor immune microenvironment remains incompletely understood. Here, we ",https://pubmed.ncbi.nlm.nih.gov/42614523/,PubMed
"Exploring the causal role and mechanism of galanin in glioblastoma: integration of mendelian randomization, network analysis, molecular docking and experimental validation.","Song Haimin, Jia Yuxuan, Qiu Xiaofen",Frontiers in pharmacology,2026-08-20,"Glioblastoma (GBM) is a highly malignant central nervous system tumor with an exceptionally poor prognosis. The neuropeptide Galanin is implicated in GBM development, but its specific molecular mechanisms and therapeutic potential remain unclear. In this study, we integrate Mendelian randomization (MR) and network toxicology approaches to systematically characterize the pharmacological activity an",https://pubmed.ncbi.nlm.nih.gov/42614515/,PubMed
Systematic discovery of novel ribozymes with gene silencing properties from global deep-sea RNA viromes.,"Zhang Yuan, Zhang Xiaobo",Frontiers in microbiology,2026-08-20,"Deep-sea ecosystems harbor extraordinary viral diversity, yet their potential as reservoirs of catalytic RNAs remains unexplored. Here, we systematically analyzed RNA viromes from 291 globally distributed deep-sea sediment samples, spanning seven distinct ecosystems across three oceans, and identified 1,305 distinct hammerhead ribozymes (485 type I, 561 type II, and 259 type III). Functional chara",https://pubmed.ncbi.nlm.nih.gov/42614413/,PubMed
Integrative single-cell transcriptomic and epitranscriptomic analysis of the RBM15-m6A-IL10 regulatory axis in psoriatic keratinocytes.,"Li Mo, Jiang Yuyao, Zhu Chengcheng",Frontiers in cell and developmental biology,2026-08-20,"Psoriasis is a chronic immune-mediated inflammatory skin disorder hallmarked by keratinocyte hyperproliferation and impaired apoptosis. N6-methyladenosine (m6A) RNA modification is emerging as a critical regulator of inflammatory gene expression. RNA-binding motif protein 15 (RBM15), a core m6A methyltransferase complex adaptor, promotes oncogenic processes across tissue types; however, its role i",https://pubmed.ncbi.nlm.nih.gov/42614367/,PubMed
Multi-Omics-Guided Design and Safety Engineering of Nucleic Acid Therapeutics: From Molecular Perturbation to Predictive Toxicology and Precision Translation.,"Bhatti Gurjit Kaur, Verma Anushka, Devi Komal",Chemical biology & drug design,2026-08-20,"Nucleic Acid Therapeutics (NATs), including Antisense oligonucleotides (ASOs), small interfering RNAs (siRNAs), and messenger RNAs (mRNAs), are a rapidly developing class of therapeutics capable of specifically regulating previously considered undruggable and inaccessible genes and pathways for modification by small molecules and antibodies. Despite promising results, the utilization of NATs in cl",https://pubmed.ncbi.nlm.nih.gov/42614051/,PubMed
Blocking the Phase Separation of hnRNP L Attenuates Pulmonary Fibrogenesis by Inhibiting Fibroblast-to-myofibroblast Differentiation.,"Wang Mingze, Yang Huiling, Wang Yujie",Current gene therapy,2026-08-20,"Pulmonary fibrosis is an interstitial lung disease characterized by diverse etiologies and unknown mechanisms. Phase separation has been implicated in the development of numerous diseases, but its role in the pathogenesis of pulmonary fibrogenesis remains unclear. In this study, we explored whether heterogeneous nuclear ribonucleoprotein L (hnRNP L) can form phase-separation condensates that contr",https://pubmed.ncbi.nlm.nih.gov/42613704/,PubMed
An Innovative Strategy for Treating Neurodegenerative Disorders through Exosome-based Smart Delivery Systems: A Comprehensive Review.,"Abubakar M D, Dahiya Ritu, Nama Lokesh",CNS & neurological disorders drug targets,2026-08-20,"Alzheimer's and Parkinson's diseases are devastating brain disorders. The complex pathophysiology of the diseases and the lack of effective treatments have left them almost unexplored and untreatable. One potential approach to PD and AD therapy development is through exosomes, a delivery system that can be translated from innovative delivery techniques into clinical use. These exosome-based therap",https://pubmed.ncbi.nlm.nih.gov/42613696/,PubMed
DeepSilencer: A Novel Deep Learning Model for Predicting siRNA Knockdown Efficiency,"Wangdan Liao, Weidong Wang",arXiv,2026-08-20,"Background: Small interfering RNA (siRNA) is a promising therapeutic agent due to its ability to silence disease-related genes via RNA interference. While traditional machine learning and early deep learning methods have made progress in predicting siRNA efficacy, there remains significant room for improvement. Advanced deep learning techniques can enhance prediction accuracy, reducing the relianc",http://arxiv.org/abs/2503.04200v1,arXiv
Maturation of siRNA by strand separation: Steered Molecular dynamics study,"Rakesh K Mishra, Sanchita Mukherjee, Dhananjay Bhattacharyya",arXiv,2026-08-20,"RNA interference, particularly siRNA induced gene silencing is becoming an important avenue of modern therapeutics. The siRNA is delivered to the cells as short double helical RNA which becomes single stranded for forming the RISC complex. Significant experimental evidence is available for most of the steps except the process of the separation of the two strands. We have attempted to understand th",http://arxiv.org/abs/1910.03778v1,arXiv
Using a hydrogen-bond index to predict the gene-silencing efficiency of siRNA based on the local structure of mRNA,"Kathy Q. Luo, Donald C. Chang",arXiv,2026-08-20,The gene silencing effect of short interfering RNA (siRNA) is known to vary strongly with the targeted position of the mRNA. A number of hypotheses have been suggested to explain this phenomenon. We would like to test if this positional effect is mainly due to the secondary structure of the mRNA at the target site. We proposed that this structural factor can be characterized by a single parameter ,http://arxiv.org/abs/1710.07413v1,arXiv
Unraveling siRNA Unzipping Kinetics with Graphene,"Santosh Mogurampelly, Swati Panigrahi, Dhananjay Bhattacharyya",arXiv,2026-08-20,"Using all atom molecular dynamics simulations, we report spontaneous unzipping and strong binding of small interfering RNA (siRNA) on graphene. Our dispersion corrected density functional theory based calculations suggest that nucleosides of RNA have stronger attractive interactions with graphene as compared to DNA residues. These stronger interactions force the double stranded siRNA to spontaneou",http://arxiv.org/abs/1207.4569v1,arXiv
Unzipping and binding of small interfering RNA with single walled Carbon Nanotube: a platform for small interfering RNA delivery,"Mogurampelly Santosh, Swati Panigrahi, Dhananjay Bhattacharyya",arXiv,2026-08-20,"In an effort to design efficient platform for siRNA delivery, we combine all atom classical and quantum simulations to study the binding of small interfering RNA (siRNA) by pristine single wall carbon nanotube (SWCNT). Our results show that siRNA strongly binds to SWCNT surface via unzipping its base-pairs and the propensity of unzipping increases with the increase in the diameter of the SWCNTs. T",http://arxiv.org/abs/1203.2409v1,arXiv
Nanodiamond as a vector for siRNA delivery to Ewing sarcoma cells,"Anna Alhaddad, Marie-Pierre Adam, Jacques Botsoa",arXiv,2026-08-20,"We investigated the ability of diamond nanoparticles (nanodiamonds, NDs) to deliver small interfering RNA (siRNA) in Ewing sarcoma cells, in the perspective of in vivo anti-cancer nucleic acid drug delivery. siRNA was adsorbed onto NDs previously coated with cationic polymer. Cell uptake of NDs has been demonstrated by taking advantage of NDs intrinsic fluorescence coming from embedded color cente",http://arxiv.org/abs/1106.2252v2,arXiv
Target prediction and a statistical sampling algorithm for RNA-RNA interaction,"F. W. D. Huang, J. Qin, C. M. Reidys",arXiv,2026-08-20,"It has been proven that the accessibility of the target sites has a critical influence for miRNA and siRNA. In this paper, we present a program, rip2.0, not only the energetically most favorable targets site based on the hybrid-probability, but also a statistical sampling structure to illustrate the statistical characterization and representation of the Boltzmann ensemble of RNA-RNA interaction st",http://arxiv.org/abs/0908.0597v1,arXiv
In silico evidence of the relationship between miRNAs and siRNAs,"Ludovica Montanucci, Piero Fariselli, Pier Luigi Martelli",arXiv,2026-08-20,"Both short interfering RNAs (siRNAs) and microRNAs (miRNAs) mediate the repression of specific sequences of mRNA through the RNA interference pathway. In the last years several experiments have supported the hypothesis that siRNAs and miRNAs may be functionally interchangeable, at least in cultured cells. In this work we verify that this hypothesis is also supported by a computational evidence. We",http://arxiv.org/abs/0705.2355v1,arXiv
