title,authors,journal,date,abstract,link,source
Metabolic programs associated with GDSC2-inferred oxaliplatin sensitivity are favorably prognostic in gastric cancer: transcriptomic and single-cell evidence.,"Wei Lingyun, Li Chengnv, Wang Cong",Frontiers in genetics,2026-10-07,"Oxaliplatin is widely used in gastric cancer (GC), yet molecular features associated with sensitivity are heterogeneous and incompletely defined. Pharmacogenomic models trained in cancer cell lines can generate hypotheses about drug-response biology, but their transfer to patient tumors requires cautious interpretation. We, therefore, integrated bulk transcriptomic, pharmacogenomic, prognostic, an",https://pubmed.ncbi.nlm.nih.gov/42841136/,PubMed
Epitranscriptomic profiling of VSMC phenotypes reveals uridine modifications linked to post-transcriptional regulation.,"Reinberger Tobias, Ismail Ayat, Falk Torben",Biochemistry and biophysics reports,2026-10-07,"The phenotypic plasticity of vascular smooth muscle cells (VSMCs) can modulate atherosclerosis progression. Although several gene regulatory steps towards pro-inflammatory phenotypes have been well-studied, epitranscriptomic changes during this transition and their regulatory roles remain unexplored. Primary human VSMCs were stimulated with TGF-β1 to induce a contractile, matrix-producing state an",https://pubmed.ncbi.nlm.nih.gov/42840959/,PubMed
Integrated analysis of autophagy and ferroptosis mediating aristolochic acid A-induced nephrotoxicity via transcriptome and m6A epigenetic transcriptome in HK-2 cells.,"Ye Peichun, Bao Wenqiang, Zhang Dongcheng",Frontiers in genetics,2026-10-07,"Aristolochic acid A possesses anti-inflammatory, antispasmodic and diuretic pharmacological activities, while exerting strong toxic effects that cause irreversible renal tubular injury, renal fibrosis and malignant tumors such as urothelial carcinoma. This study aimed to elucidate the relationship between m6A methylation and AAA-induced nephrotoxicity. HK-2 cells were treated with AAA. Cell viabil",https://pubmed.ncbi.nlm.nih.gov/42840910/,PubMed
Reforming pedagogy in biotechnology pharmaceutics education: a narrative review of emerging teaching strategies.,"Liu Xiao-Huan, Liu Fei, Xu Na",Frontiers in psychology,2026-10-07,"The rapid expansion of the biopharmaceutical industry, driven by monoclonal antibodies, cell and gene therapies, and mRNA vaccines, demands a workforce equipped with interdisciplinary knowledge, practical competence, and critical thinking. Traditional lecture-based instruction in Biotechnology Pharmaceutics usually falls short in cultivating these attributes. This narrative review, drawing on a st",https://pubmed.ncbi.nlm.nih.gov/42840827/,PubMed
Isolated A1-domain ,"Li Zhengping, Chen Zhenping, Zhang Jialu",Research and practice in thrombosis and haemostasis,2026-10-07,"Large  To evaluate the association between the location of  This single-center, retrospective cohort included 34 children with severe hemophilia A,  Thirteen patients achieved ITI success or partial success, and 21 experienced ITI failure. Success or partial success was more frequent with isolated A1-domain than nonisolated A1-domain deletions (8/9 vs 5/25;  Intragenic location of ",https://pubmed.ncbi.nlm.nih.gov/42840794/,PubMed
"Dysregulated mRNA Translation in Alzheimer's Disease: Mechanisms, Therapeutic Opportunities, and Challenges for Clinical Translation.","Li Ling, Dai Fangyu, Liu Haipeng",Clinical interventions in aging,2026-10-07,"Alzheimer's disease (AD) is a progressive neurodegenerative disorder and a growing public health concern. Its core pathological features include cerebral amyloid-β deposition and tau aggregation. mRNA translation is a tightly regulated process essential for gene expression and protein synthesis. It plays critical roles in neural development, synaptogenesis, and synaptic plasticity. In recent years",https://pubmed.ncbi.nlm.nih.gov/42840727/,PubMed
hnRNPs in immunity: from nucleic acid sensing to lymphocyte fate determination.,"Zhang Daiquan, Lei Jingwen, Tang Shaohui",Frontiers in immunology,2026-10-07,"Heterogeneous nuclear ribonucleoproteins (hnRNPs) constitute a family of RNA-binding proteins long recognized for their roles in pre-mRNA processing. However, accumulating evidence has established hnRNPs as central and versatile regulators of immunity. In innate immunity, some hnRNP family members recognize nucleic acids and metabolites to either promote or constrain inflammatory gene expression i",https://pubmed.ncbi.nlm.nih.gov/42840684/,PubMed
Lian-Jia-San-Jie formula suppresses non-small cell lung cancer via FTO-dependent m,"Wang Qian, Chen Cheng-Yu, Liu Cheng-Yong",Biochemistry and biophysics reports,2026-10-07,"Dysregulation of the epitranscriptome is implicated in the aberrant expression of oncogenes during oncogenesis. In this study, we sought to elucidate the therapeutic mechanisms of Lian-Jia-San-Jie-Fang (LJSJF), a traditional Chinese medicinal formula composed of 14 herbs with  We employed a zebrafish xenograft model of lung cancer to quantify cell proliferation and migration. Utilizing bioinformat",https://pubmed.ncbi.nlm.nih.gov/42840559/,PubMed
Bioactive compounds from ,"Balela Williams Balela, Konde Olivier Mpungi, Mianda Sephora Mutombo",Frontiers in pharmacology,2026-10-07,"Oxidative stress has been implicated in the pathogenesis of African trypanosomiasis. Therefore, plant-derived antioxidants have been investigated as potential therapeutic agents, as they may not only reduce oxidative damage by scavenging reactive oxygen species but also impair parasite survival. The present study investigates the antioxidant activity and phytochemical composition of two Central Af",https://pubmed.ncbi.nlm.nih.gov/42840544/,PubMed
Modulatory effects of interferon-γ and interleukin-13 on tumor necrosis factor-α-induced chemokine gene expression in canine keratinocytes.,"Hasegawa Takehiro, Kaida Yuzuki, Takahashi Kaho",Veterinary and animal science,2026-10-07,"Keratinocytes play a crucial role in the pathogenesis of canine atopic dermatitis (cAD). Tumor necrosis factor (TNF)-α, a proinflammatory cytokine, is highly expressed in the lesional skin of dogs with atopic dermatitis. Additionally, interferon (IFN)-γ, a T-helper (Th)1-type cytokine, and interleukin (IL)-13, a Th2-type cytokine, are also detected in the lesional skin during the acute and/or chro",https://pubmed.ncbi.nlm.nih.gov/42840476/,PubMed
Intranasal Netrin-1 modRNA-Loaded Extracellular Vesicles Reduce Neuronal Apoptosis after Ischemic Stroke.,"Cao Shanshan, Ren Anmin, Geng Yanqin",Biomaterials research,2026-10-07,"Ischemic stroke remains a leading cause of mortality and long-term neurological disability worldwide, while effective neuroprotective therapies remain limited. Netrin-1 is a multifunctional guidance molecule with neuroprotective properties, and chemically modified mRNA (modRNA) offers a promising platform for transient therapeutic protein expression. However, safe and efficient delivery of modRNA ",https://pubmed.ncbi.nlm.nih.gov/42840189/,PubMed
Kainate-induced ATP release contributes to spinal excitotoxicity that is attenuated by purinergic blockade.,"Zylberberg Benjamín, Coronel M Florencia, Mazzone Graciela L",Frontiers in neurology,2026-10-07,Severe spinal cord injury (SCI) is characterized by irreversible neuronal loss and permanent motor/sensory dysfunction with very limited treatment. This study aimed to assess the role of purinergic signalling at a very early stage of SCI following focal chemical injury induced by kainate (KA). Male and female C57BL/6J and BALB/c mice were used in a SCI model. Real-time biosensor recordings were em,https://pubmed.ncbi.nlm.nih.gov/42840001/,PubMed
An SPP1-centered immune-parenchymal communication axis links macrophage heterogeneity to ovarian cancer prognosis.,"Liu Xiangyu, Xia Li, Sheng Jindong",Frontiers in immunology,2026-10-07,"Immune and malignant epithelial cells shape each other through ligand-receptor signaling in ovarian cancer. SPP1 interacts with CD44 and several integrins, but its cellular organization and clinical relevance remain unclear. We integrated GSE184880 scRNA-seq data with TCGA-OV and three independent cohorts. Single-cell clustering, CNV inference, and cell communication analysis were used to characte",https://pubmed.ncbi.nlm.nih.gov/42839972/,PubMed
Expression status transition of  ,"Watabe Yoshitoku, Kobayashi Sakurako, Nakayama Takahiro",F1000Research,2026-10-07,"Notch signaling, especially via the Notch1 receptor, is involved in normal eye development by maintaining retinal progenitor cell state before their differentiation, although the regulatory mechanism of fine-tuned Notch1 expression is unclear. We re-analyzed publicly available human fetal retina single-cell RNA/ATAC-seq data at days 59, 74, and 78, using Seurat/Signac pipelines. We observed  By an",https://pubmed.ncbi.nlm.nih.gov/42839969/,PubMed
Non-Invasive Visualization of Cells Expressing Unmodified Target mRNA Using a Programmable RNA-Mediated BiFC Platform.,"Yamamoto Naoki, Takase-Yoden Sayaka",Genes to cells : devoted to molecular & cellular mechanisms,2026-10-07,"Real-time visualization of specific mRNA expression in living cells is essential for understanding diverse biological processes; however, many existing approaches require modifications to target genes. In this study, we developed a programmable RNA-mediated bimolecular fluorescence complementation (RmBiFC) system by fusing split Venus fluorescent protein fragments with the Pumilio homology domain ",https://pubmed.ncbi.nlm.nih.gov/42839781/,PubMed
β-Adducin Restrains PLA2G4A-Dependent Lysosomal Membrane Permeabilization and Neuronal Death in Ischemic Stroke.,"Li Hui-Qin, Liu Pin-Yi, Wu Dan","Advanced science (Weinheim, Baden-Wurttemberg, Germany)",2026-10-07,"Failure to preserve vulnerable neurons in the ischemic penumbra remains a barrier in ischemic stroke. Lysosomal membrane permeabilization (LMP) is increasingly recognized as a critical event in ischemic neuronal death, yet the endogenous mechanisms that preserve lysosomal integrity remain poorly defined. Here, we identify β-adducin (Add2) as an endogenous protector of lysosomal homeostasis in isch",https://pubmed.ncbi.nlm.nih.gov/42839583/,PubMed
"Rapid Motility Arrest of the Lyme Disease Spirochete, Borrelia burgdorferi, by Vaccine-Induced OspA Antibodies.","Bhattacharyya Ankita, Yau Raymond, Bartlett Thomas M",Molecular microbiology,2026-10-07,"Outer surface protein A (OspA)-based Lyme disease vaccines elicit antibodies that inhibit transmission of infectious Borrelia burgdorferi spirochetes from ticks to humans, although the mechanism by which this occurs is unclear. Here we demonstrate using high-resolution, single-cell fluorescence video microscopy that B. burgdorferi motility is arrested within minutes by human OspA-specific monoclon",https://pubmed.ncbi.nlm.nih.gov/42839382/,PubMed
Chronic Postnatal Chemogenetic Activation of Forebrain Excitatory Neurons Modulates Astrocyte-Associated Function and Metabolism in Adult Male Mice.,"Pradhan Amartya, Pati Sthitapranjya, Saba Kamal",The European journal of neuroscience,2026-10-07,"Early adversity increases vulnerability for adult psychopathology. Across multiple preclinical models of early adversity, there are reports of astrocyte dysfunction and disrupted amino acid neurotransmission, along with maladaptive behavioral responses in adulthood. Disrupted G protein-coupled receptor signaling is known to phenocopy specific consequences of early-life adversity. Enhanced Gq signa",https://pubmed.ncbi.nlm.nih.gov/42839377/,PubMed
Discovery of the Novel KIR2DL1*00406 Allele Identified in a Chinese Han Individual.,"Li Yunan, Zhang Quanfu, Zhen Jianxin",HLA,2026-10-07,The novel KIR2DL1*00406 allele differs from the closest allele KIR2DL1*00401 by a single synonymous mutation.,https://pubmed.ncbi.nlm.nih.gov/42839225/,PubMed
Suppression of TRIM33 and SMAD4 Indicates a Possible Tumor-Suppressive Role in Esophageal Squamous Cell Carcinoma.,"Kumar Arun, Nimisha, Sharma Abhay Kumar",Digestive diseases and sciences,2026-10-07,"TRIM33, a transcriptional regulator, and SMAD4, a central mediator of TGF-β signaling, have been implicated in Esophageal Squamous Cell Carcinoma (ESCC), but their combined role remains unclear. We evaluated the expression and methylation status of TRIM33 and SMAD4 and their interaction with clinico-pathological parameters in ESCC. We assessed the expression and promoter methylation patterns of TR",https://pubmed.ncbi.nlm.nih.gov/42839155/,PubMed
Optimizing RNA yield using deep neural networks coupled to massively parallel screening,"Dinghai Zheng, Justin Hong, Jun Wang",arXiv,2026-10-07,"Messenger RNA (mRNA)-based therapeutics have emerged as a powerful platform for vaccines, protein replacement therapies, and cancer immunotherapy. A critical bottleneck in mRNA development is manufacturing large quantities of RNA economically, as measured by RNA yield emerging from an in vitro transcription (IVT) reaction. However, how promoter-adjacent DNA sequences influence RNA yield remains po",http://arxiv.org/abs/2608.23722v1,arXiv
Energy-efficient codon optimization on thermodynamic hardware,"Andraz Jelincic, Ross C. Walker",arXiv,2026-10-07,"The growing energy demand for computation is becoming increasingly unsustainable. Thermodynamic computing, which harnesses physical thermal fluctuations as a computational resource rather than suppressing them, offers orders-of-magnitude energy savings for probabilistic and combinatorial tasks. Pharmaceutical R&D, heavily reliant on computational optimization and sampling, is a natural application",http://arxiv.org/abs/2606.17327v1,arXiv
mRNAutilus: Multi-Objective-Guided Discrete Generation of mRNA with Optimized Therapeutic Properties,"Sawan Patel, Sophia Tang, Yesol Kim",arXiv,2026-10-07,"Therapeutic mRNA design requires coordinating multiple interacting sequence features across the full transcript, where codon usage, untranslated regions (UTRs), and their coupling jointly determine stability, translation efficiency, and protein expression. Here, we present mRNA generation via unrolled trajectories and informed latent updates (mRNAutilus), a framework for simultaneous codon optimiz",http://arxiv.org/abs/2605.31296v1,arXiv
Sampling-based Continuous Optimization for Messenger RNA Design,"Feipeng Yue, Ning Dai, Wei Yu Tang",arXiv,2026-10-07,"Designing messenger RNA (mRNA) sequences for a fixed target protein requires searching an exponentially large synonymous space while optimizing properties that affect stability and downstream performance. This is challenging because practical mRNA design involves multiple coupled objectives beyond classical folding criteria, and different applications prefer different trade-offs. We propose a gene",http://arxiv.org/abs/2603.06559v1,arXiv
Drug-like antibodies with low immunogenicity in human panels designed with Latent-X2," Latent Labs Team, Henry Kenlay, Daniella Pretorius",arXiv,2026-10-07,"Drug discovery has long sought computational systems capable of designing drug-like molecules directly: developable and non-immunogenic from the start. Here we introduce Latent-X2, a frontier generative model that achieves this goal through zero-shot design of antibodies with strong binding affinities, drug-like properties, and, for the first time for any de novo generated antibody, confirmed low ",http://arxiv.org/abs/2512.20263v1,arXiv
"RNAGenScape: Property-Guided, Optimized Generation of mRNA Sequences with Manifold Langevin Dynamics","Danqi Liao, Chen Liu, Xingzhi Sun",arXiv,2026-10-07,"Generating property-optimized mRNA sequences is central to applications such as vaccine design and protein replacement therapy, but remains challenging due to limited data, complex sequence-function relationships, and the narrow space of biologically viable sequences. Generative methods that drift away from the data manifold can yield sequences that fail to fold, translate poorly, or are otherwise",http://arxiv.org/abs/2510.24736v3,arXiv
The proportional scaling of mRNA and ribosome concentrations controls eukaryotic cell growth,"Xin Gao, Michael Lanz, Rosslyn Grosely",arXiv,2026-10-07,"Cell growth underlies nearly all eukaryotic physiology, yet its quantitative principles remain unclear. Using single-molecule ribosome tracking, spike-in RNA sequencing, and quantitative proteomics across 15 nutrient-limited conditions in budding yeast, we define how growth is controlled in the budding yeast Saccharomyces cerevisiae. Ribosome concentration scales linearly with growth rate, while p",http://arxiv.org/abs/2508.14997v2,arXiv
mRNA Folding Algorithms for Structure and Codon Optimization,"Max Ward, Mary Richardson, Mihir Metkar",arXiv,2026-10-07,"mRNA technology has revolutionized vaccine development, protein replacement therapies, and cancer immunotherapies, offering rapid production and precise control over sequence and efficacy. However, the inherent instability of mRNA poses significant challenges for drug storage and distribution, particularly in resource-limited regions. Co-optimizing RNA structure and codon choice has emerged as a p",http://arxiv.org/abs/2503.19273v1,arXiv
Generative Model for Synthesizing Ionizable Lipids: A Monte Carlo Tree Search Approach,"Jingyi Zhao, Yuxuan Ou, Austin Tripp",arXiv,2026-10-07,"Ionizable lipids are essential in developing lipid nanoparticles (LNPs) for effective messenger RNA (mRNA) delivery. While traditional methods for designing new ionizable lipids are typically time-consuming, deep generative models have emerged as a powerful solution, significantly accelerating the molecular discovery process. However, a practical challenge arises as the molecular structures genera",http://arxiv.org/abs/2412.00807v1,arXiv
Machine learning framework to predict the performance of lipid nanoparticles for nucleic acid delivery,"Gaurav Kumar, Arezoo M. Ardekani",arXiv,2026-10-07,"Lipid nanoparticles (LNPs) are highly effective carriers for gene therapies, including mRNA and siRNA delivery, due to their ability to transport nucleic acids across biological membranes, low cytotoxicity, improved pharmacokinetics, and scalability. A typical approach to formulate LNPs is to establish a quantitative structure-activity relationship (QSAR) between their compositions and in vitro/in",http://arxiv.org/abs/2411.14293v1,arXiv
Joint Design of 5' Untranslated Region and Coding Sequence of mRNA,"Yang Liu, Jie Gao, Xiaonan Zhang",arXiv,2026-10-07,"Messenger RNA (mRNA) vaccines and therapeutics are emerging as powerful tools against a variety of diseases, including infectious diseases and cancer. The design of mRNA molecules, particularly the untranslated region (UTR) and coding sequence (CDS) is crucial for optimizing translation efficiency and stability. Current design approaches generally focus solely on either the 5' UTR or the CDS, whic",http://arxiv.org/abs/2410.20781v1,arXiv
Bacterial stress granule protects mRNA through ribonucleases exclusion,"Linsen Pei, Yujia Xian, Xiaodan Yan",arXiv,2026-10-07,"Membraneless droplets formed through liquid-liquid phase separation (LLPS) play a crucial role in mRNA storage, enabling organisms to swiftly respond to environmental changes. However, the mechanisms underlying mRNA integration and protection within droplets remain unclear. Here, we unravel the role of bacterial aggresomes as stress granules (SGs) in safeguarding mRNA during stress. We discovered ",http://arxiv.org/abs/2404.17873v2,arXiv
"Hypolipidemic effect of brown seaweed (Sargassum crassifolium) extract in vivo (Study of histopathology, mRNA expression, and immunohistochemistry (IHC) with VCAM-1, ICAM-1, and MCP-1 parameters)","Sarah Zaidan, Syamsudin Abdillah, Nur Arfian",arXiv,2026-10-07,The purpose of this study was to obtain natural drugs from brown seaweed (Sargassum crassifolium) as antiatherosclerosis candidates through the study of hypolipidemic mechanisms of action. Modeling of dyslipidemia rats was carried out by feeding high-fat (HFF) and doses of crude fucoidan 100. 200. 400mg / KgBB. in both treatments measured blood lipid profile levels taken from the orbital sinuses. ,http://arxiv.org/abs/2402.07497v1,arXiv
Machine Learning Modeling Of SiRNA Structure-Potency Relationship With Applications Against Sars-Cov-2 Spike Gene,Damilola Oshunyinka,arXiv,2026-10-07,"The pharmaceutical Research and development (R&D) process is lengthy and costly, taking nearly a decade to bring a new drug to the market. However, advancements in biotechnology, computational methods, and machine learning algorithms have the potential to revolutionize drug discovery, speeding up the process and improving patient outcomes. The COVID-19 pandemic has further accelerated and deepened",http://arxiv.org/abs/2401.12232v1,arXiv
Messenger RNA Design via Expected Partition Function and Continuous Optimization,"Ning Dai, Wei Yu Tang, Tianshuo Zhou",arXiv,2026-10-07,"The tasks of designing RNAs are discrete optimization problems, and several versions of these problems are NP-hard. As an alternative to commonly used local search methods, we formulate these problems as continuous optimization and develop a general framework for this optimization based on a generalization of classical partition function which we call ""expected partition function"". The basic idea ",http://arxiv.org/abs/2401.00037v2,arXiv
Machine Learning-guided Lipid Nanoparticle Design for mRNA Delivery,"Daisy Yi Ding, Yuhui Zhang, Yuan Jia",arXiv,2026-10-07,"While RNA technologies hold immense therapeutic potential in a range of applications from vaccination to gene editing, the broad implementation of these technologies is hindered by the challenge of delivering these agents effectively. Lipid nanoparticles have emerged as one of the most widely used delivery agents, but their design optimization relies on laborious and costly experimental methods. W",http://arxiv.org/abs/2308.01402v2,arXiv
Corrected Hill Function in Stochastic Gene Regulatory Networks,"Manuel Eduardo Hernández-García, Jorge Velázquez-Castro",arXiv,2026-10-07,"Describing reaction rates in stochastic bio-circuits is commonly done by directly introducing the deterministically deduced Hill function into the master equation. However, when fluctuations in enzymatic reaction rates are not neglectable, the Hill function must be derived, considering all the involved stochastic reactions. In this work, we derived the stochastic version of the Hill function from ",http://arxiv.org/abs/2307.03057v4,arXiv
Stochastic dynamics and ribosome-RNAP interactions in Transcription-Translation Coupling,"Xiangting Li, Tom Chou",arXiv,2026-10-07,"Under certain cellular conditions, transcription and mRNA translation in prokaryotes appear to be ""coupled,"" in which the formation of mRNA transcript and production of its associated protein are temporally correlated. Such transcription-translation coupling (TTC) has been evoked as a mechanism that speeds up the overall process, provides protection during the transcription, and/or regulates the t",http://arxiv.org/abs/2207.04568v1,arXiv
Coronavirus RNA Sensor Using Single-Stranded DNA Bonded to Sub-Percolated Gold Films on Monolayer Graphene Field-Effect Transistors,"Nicholas E. Fuhr, Mohamed Azize, David J. Bishop",arXiv,2026-10-07,"Electrical detection of messenger ribonucleic acid (mRNA) is a promising approach to enhancing transcriptomics and disease diagnostics because of its sensitivity, rapidity, and modularity. Reported here is a fast SARS-CoV-2 mRNA biosensor (<1 minute) with a limit of detection of 1 aM, and dynamic range of 4 orders of magnitude and a linear sensitivity of 22 mV per molar decade. These figures of me",http://arxiv.org/abs/2205.05143v1,arXiv
Deep learning models for predicting RNA degradation via dual crowdsourcing,"Hannah K. Wayment-Steele, Wipapat Kladwang, Andrew M. Watkins",arXiv,2026-10-07,"Messenger RNA-based medicines hold immense potential, as evidenced by their rapid deployment as COVID-19 vaccines. However, worldwide distribution of mRNA molecules has been limited by their thermostability, which is fundamentally limited by the intrinsic instability of RNA molecules to a chemical degradation reaction called in-line hydrolysis. Predicting the degradation of an RNA molecule is a ke",http://arxiv.org/abs/2110.07531v2,arXiv
CTCF-associated chromatin changes between HOXD1 and HOXD8 contribute to TNBC progression.,"Oh Ji Hoon, Jeong Da Som, Kim Clara Yuri",Experimental & molecular medicine,2026-10-07,"Homeobox (HOX) genes and their encoded DNA-binding homeoproteins are important regulators of developmental processes and have been implicated in cancer pathogenesis. Here, we investigated the roles of HOXD1 and HOXD8 across different molecular subtypes of human breast cancer (BC) using a combination of in silico analyses of large-scale patient datasets, in vitro RNA interference (RNAi) phenotyping",https://pubmed.ncbi.nlm.nih.gov/42839017/,PubMed
α7 integrin co-regulates chromatin accessibility and gene expression in HPV-negative head and neck cancer.,"Borodins Olegs, Vehlow Anne, Sameith Katrin",Signal transduction and targeted therapy,2026-10-07,"Epigenetic regulation and gene transcription are dynamically modulated by extracellular signals, including focal adhesions; however, the role of integrins in these processes remains poorly understood. In this study in HPV-negative head and neck squamous cell carcinoma, (HNSCC), we combined investigations in physiological three-dimensional, matrix-embedded cell models and patient-derived organoids ",https://pubmed.ncbi.nlm.nih.gov/42838963/,PubMed
Photoperiodic control of metamorphic timing via a myoglianin-allatotropin signaling pathway in the cricket Svercacheta siamensis.,"Shinohara Tsugumichi, Goto Shin G",Journal of insect physiology,2026-10-07,"Photoperiodic regulation of insect development depends on interactions between environmental cues and endocrine signaling systems. In the cricket Svercacheta siamensis, the photoperiodic transition from the juvenile form to the adult form is a major developmental event controlled by juvenile hormone (JH), with long-day conditions promoting early metamorphosis and short-day conditions delaying meta",https://pubmed.ncbi.nlm.nih.gov/42838276/,PubMed
Recent advances in hypertension genomics and RNA interference-based therapeutics: the key to future management?,"Anyfanti Panagiota, Antza Christina, Korki Eleni",Expert review of cardiovascular therapy,2026-10-07,"Hypertension is a major contributor to cardiovascular morbidity and mortality. Given the suboptimal control rates with conventional antihypertensive medication, novel approaches are warranted. In the era of precision medicine, integrating hypertension genomics into diagnostic and therapeutic approaches may greatly advance hypertension management. This narrative review summarizes recent advances in",https://pubmed.ncbi.nlm.nih.gov/42837221/,PubMed
Chlorogenic Acid Derivative B11 Inhibits Glioma Proliferation by Targeting MST4 to Regulate Oxidative Stress.,"Liu Yongqi, Zou Lulu, Zhan Chengpeng",Molecular carcinogenesis,2026-10-07,"This study focuses on the mechanism of action of chlorogenic acid derivative B11 on glioma. Although chlorogenic acid exhibits certain anti-tumor activity, it has limitations such as low bioavailability, broad action targets, and insufficient specificity, which restrict its practical application in tumor treatment. Therefore, chlorogenic acid derivative B11 was obtained through structural modifica",https://pubmed.ncbi.nlm.nih.gov/42836847/,PubMed
"Targeting lipocalin-2 in atherosclerosis: biological functions, pathogenic mechanisms, and therapeutic potential.","Gong Zhixiang, Jia Haoyue, Zhang Hao",Frontiers in cardiovascular medicine,2026-10-07,"Atherosclerosis, the principal pathological underpinning of cardiovascular diseases, is a multifaceted process encompassing dysregulated lipid metabolism, chronic inflammation, oxidative stress, aberrant vascular smooth muscle cells (VSMCs) proliferation, and plaque destabilization. Lipocalin-2 (LCN-2), a pivotal member of the lipocalin superfamily, serves as a critical nexus integrating lipid met",https://pubmed.ncbi.nlm.nih.gov/42835684/,PubMed
"siRNA therapeutics for metabolic dysfunction-associated Steatohepatitis: Targets, delivery, clinical evidence, and translational challenges.","Guo Yanan, Yao Qunyan",Biochemistry and biophysics reports,2026-10-07,"Metabolic dysfunction-associated steatotic liver disease (MASLD) is the most prevalent chronic liver disease worldwide. Its progressive inflammatory form, metabolic dysfunction-associated steatohepatitis (MASH), is driven by interacting genetic, metabolic, inflammatory, and fibrogenic processes that complicate therapeutic development. Small interfering RNA (siRNA) is an emerging modality for seque",https://pubmed.ncbi.nlm.nih.gov/42835273/,PubMed
Hope or hype: novel disease-modifying treatments for Huntington disease.,"Garg Surabhi, Mestre Tiago A",Parkinsonism & related disorders,2026-10-07,"Huntington disease research is living a gilded age for experimental disease-modifying therapies (DMTs), unique in the field of neurodegenerative movement disorders. Several studies are evaluating huntingtin-lowering approaches, using a multitude of molecules from antisense oligonucleotides, RNA interference therapies, and small molecule splicing modifiers. In parallel, somatic instability occurrin",https://pubmed.ncbi.nlm.nih.gov/42833925/,PubMed
What Is the Role of Cohesin in Transcription Regulation?,"Ulianov Sergey V, Razin Sergey V",Biochemistry. Biokhimiia,2026-10-07,"Available experimental data do not yet permit an unambiguous or comprehensive answer to the question posed in the title. A conventional approach to determining the role of a particular protein in cellular processes is to remove or inactivate it. However, transcriptome analyses following cohesin depletion have yielded markedly different results depending on the used experimental strategy, including",https://pubmed.ncbi.nlm.nih.gov/42830100/,PubMed
Plant-mediated RNAi via Panonychus citri-derived miRNAs disrupts adult emergence and confers mite resistance.,"Li Chuanzhen, Li Yuchuang, Zhang Jingyao",Journal of genetics and genomics = Yi chuan xue bao,2026-10-07,"MicroRNAs (miRNAs), small non-coding RNAs that trigger RNA interference (RNAi), are promising candidates for pest control, yet their efficacy against non-insect pests remains poorly explored. This study evaluates endogenous mite-derived miRNAs as transgenes for crop resistance against Panonychus citri, a major pest with rapid acaricide resistance that severely damages citrus, soybean, and other ca",https://pubmed.ncbi.nlm.nih.gov/42829199/,PubMed
Identification of potential target genes of the trematode transport RNA-derived small RNAs among differentially expressed genes of human monocytes.,"Lishai E A, Pakharukova M Y",Vavilovskii zhurnal genetiki i selektsii,2026-10-07,"RNA interference is an evolutionarily conserved mechanism of post-transcriptional gene expression regulation present in all living organisms. It is highly relevant to multiple areas of molecular medicine, including diagnostics and novel immunomodulatory approaches. Recent studies have increasingly highlighted the role of extracellular vesicles and their cargo in parasite-host interactions. The tre",https://pubmed.ncbi.nlm.nih.gov/42824084/,PubMed
Long-acting RNAi therapeutics in hypertension: limitations of single-target AGT silencing and rational multi-target synergistic strategies.,"Lan Yi, Ye Xiaoxia, Zeng Qingwei",Frontiers in pharmacology,2026-10-07,"Hypertension affects over 1.3 billion people worldwide, fewer than 20% achieve adequate blood pressure (BP) control. Poor long-term BP management accelerates irreversible damage to target organs, highlighting the urgent need for novel therapeutic approaches. Small interfering RNAs (siRNAs) are synthetic oligonucleotides that harness endogenous RNA interference machinery to silence specific disease",https://pubmed.ncbi.nlm.nih.gov/42824052/,PubMed
Pushing the Boundaries of Knowledge in Alpha-1 Antitrypsin Deficiency.,"Hernández-Pérez José María, Castillo-Corullón Silvia, Ferrarotti Ilaria",Archivos de bronconeumologia,2026-10-07,"Alpha-1 antitrypsin deficiency (AATD) is a rare inherited disorder caused by mutations in the SERPINA1 gene. AATD is one of the leading causes of emphysema in young adults and of liver cirrhosis in children and adults. Despite significant underdiagnosis and high clinical variability, recent research is rapidly transforming the field. Advances in molecular biology and translational medicine have id",https://pubmed.ncbi.nlm.nih.gov/42823318/,PubMed
Male reproductive genes influencing mating and fertility: enhancing the sterile insect technique and genetic control of Diptera pests.,"Chen Dong, Smagghe Guy, Jiang Hong-Bo",Insect biochemistry and molecular biology,2026-10-07,"Diptera include major agricultural pests and disease vectors, underscoring the need for species-specific population-control strategies. The sterile insect technique (SIT) relies on sterile males that remain sufficiently viable and competitive to mate successfully with wild females without producing viable offspring. This review synthesizes male reproductive genes and regulatory pathways in Diptera",https://pubmed.ncbi.nlm.nih.gov/42822702/,PubMed
Identification and functional characterization of Of-FADD in Ostrinia furnacalis infected with bacteria.,"Bi Honglun, Liu Yulin, Guo Wenlong",Developmental and comparative immunology,2026-10-07,"Fas-associated protein with death domain (FADD) is a crucial adaptor protein in the insect Immune Deficiency (IMD) signaling pathway. Although its role in regulating antimicrobial peptide (AMP) synthesis has been established in Drosophila, its function in Ostrinia furnacalis remains unclear. In this study, we identified a FADD (designated Of-FADD) with a full-length cDNA of 971 bp, containing a 66",https://pubmed.ncbi.nlm.nih.gov/42822653/,PubMed
The Expanding Spectrum of DICER1-Associated Gynecologic Neoplasms.,"Kim Hyun-Soo, Kommoss Felix K F, Turashvili Gulisa",Advances in anatomic pathology,2026-10-07,"DICER1 tumor predisposition syndrome is a rare autosomal-dominant disorder resulting from heterozygous germline pathogenic variants in DICER1, a critical regulator of microRNA biogenesis and RNA interference. The syndrome predisposes individuals to a broad spectrum of benign and malignant neoplasms, primarily affecting pediatric and young adult populations. Gynecologic manifestations are notably h",https://pubmed.ncbi.nlm.nih.gov/42817922/,PubMed
Effect of liposome rigidity on corona formation and its implications for uptake by cells.,"Ma Xinyu, Zhao Feng, Cantero-Reviejo Miguel",Nature communications,2026-10-07,"Nanoparticle rigidity influences cellular uptake and in vivo behavior, yet the underlying mechanisms remain unclear. Here we used lipids with identical head groups but different acyl chains to prepare liposomes with comparable surface composition, size and zeta potential, but distinct mechanical properties. Rigid liposomes showed much higher uptake than soft ones, mediated by distinct endocytic me",https://pubmed.ncbi.nlm.nih.gov/42816504/,PubMed
Prostaglandin E,"Morakabati Payam, Globig Philipp, Babina Magda",The Journal of allergy and clinical immunology,2026-10-07,"Hypersensitivity reactions, including anaphylaxis, can be triggered via the MRGPRX2 pathway and its murine ortholog, Mrgprb2. Acetylsalicylic acid (ASA) is known to exacerbate anaphylaxis due to the reduction of the homeostatic lipid mediator prostaglandin E This study aimed to investigate the regulatory role of PGE A murine model of systemic Mrgprb2-mediated anaphylaxis was employed. Mice were tr",https://pubmed.ncbi.nlm.nih.gov/42815781/,PubMed
Uncovering the importance of lipofection for aptamer-mediated therapeutic oligonucleotide delivery in a HER2,"O'Grady Joshua, Collak Filiz K, Reynolds Matthew",Bioorganic & medicinal chemistry letters,2026-10-07,"The human epidermal growth factor receptor 2 (HER2) plays an important role as a transmembrane receptor, contributing to signaling activities implicated in cellular proliferation, differentiation, and survival. Across select tumor types, HER2 is pro-oncogenic, facilitating cancer initiation, progression and metastatic spread, leading towards treatment resistance. Further, cell surface presentation",https://pubmed.ncbi.nlm.nih.gov/42815653/,PubMed
RNADyn: A Benchmark for Generating and Understanding RNA Dynamics,"Yiming Huang, Lennart Bastian, Hanqun Cao",arXiv,2026-10-07,"Ribonucleic acid (RNA) functions through conformational changes that are not fully captured by static structures. However, large-scale standardized RNA dynamics data remain limited, and existing approaches typically treat trajectory generation and dynamics understanding as separate objectives. Here, we introduce RNADynBench, a standardized RNA molecular dynamics (MD) benchmark with 2585 quality-co",http://arxiv.org/abs/2610.03712v1,arXiv
Leveraging secondary-structure information for accurate nucleic acid structure prediction with OFoldNA, Valhalla Team,arXiv,2026-10-07,"Recent advances in biomolecular structure prediction have enabled accurate modelling of increasingly complex molecular systems. However, nucleic acid structure prediction remains challenging because of conformational flexibility and the limited availability of high-quality 3D structural data. Secondary structure (SS) provides a more readily available layer of structural information that captures b",http://arxiv.org/abs/2609.37414v1,arXiv
RNA Design via Conditioned Flow Matching and Finite-Policy Reinforcement Learning,"Zefeng Lin, Xianyong Fang, Tianfan Fu",arXiv,2026-10-07,"RNA design aims to identify sequences that fold into specified secondary structures. Existing methods formulate the task as target-specific search or conditional generation. However, natural RNA evolution proceeds through sequence variation and selection, with compensatory substitutions, whereas these methods do not explicitly model this process. To address this limitation, we propose a two-stage ",http://arxiv.org/abs/2609.36885v1,arXiv
ProteoEM: probabilistic protein abundance estimation from iterative affinity traces,Narayanan Raghupathy,arXiv,2026-10-07,"Single-molecule affinity mapping enables measurement of individual proteins and proteoforms, but imperfect and nonspecific probe binding means that affinity traces may be compatible with multiple proteoforms. Accurate abundance estimation therefore requires probabilistically weighting ambiguous traces rather than assigning each trace to a single candidate. We developed ProteoEM, an expectation-max",http://arxiv.org/abs/2609.29155v2,arXiv
Sequence-Informed Geometric Evaluation of RNA 3D Structures,"Andrea Zerio, Yighua Yao, Alessandro Micheli",arXiv,2026-10-07,"Computational RNA structure pipelines generate many candidate conformations for the same sequence. Reliable evaluation therefore requires more than recognising plausible geometry, it requires determining whether that geometry is compatible with the sequence. We introduce SIRGE, a sequence-informed geometric evaluator that conditions structural representations on nucleotide embeddings from a pretra",http://arxiv.org/abs/2609.10644v1,arXiv
Advancing Alzheimer's Disease Treatment: Synergistic Ligand Combinations Targeting BACE1 via Multi-Ligand Simultaneous Docking,"Pronama Biswas, Surya Shanbhog, Merla Sudha",arXiv,2026-10-07,"Alzheimer's disease is a progressive neurodegenerative disorder characterized by memory loss, cognitive decline, and behavioral changes, primarily affecting the elderly. Current treatments focus on symptom management as no therapies effectively halt or reverse disease progression. Newer therapies targeting BACE1, a key enzyme in amyloid plaque formation, have shown promise in clinical trials, thou",http://arxiv.org/abs/2609.04301v1,arXiv
From static structures to dynamic landscapes: cryo-EM redefines RNA biology,"Shekhar Jadhav, Spandan Saha, Qingbin Shang",arXiv,2026-10-07,RNA molecules perform diverse biological functions by dynamically exploring multiple conformational states rather than adopting a single static structure. Capturing these ensembles is a challenge in molecular biology. Recent advances in cryoEM are now transforming this landscape by enabling the visualization of RNA molecules across a broad spectrum of functionally relevant conformations at near at,http://arxiv.org/abs/2609.01132v1,arXiv
Designability of RNA Targets with Up to Two Length-2 Helices,Ashutosh S. Jogalekar,arXiv,2026-10-07,"RNA inverse folding asks for an RNA sequence whose prescribed secondary structure is the unique maximum-base-pair compatible fold. In the four-letter Watson-Crick model (A-U and C-G pairs only, no pseudoknots, and zero minimum base-pair span), Hales et al. introduced a separated-coloring certificate and an even-odd device, while Boury et al. generalized this to modulo-$m$ separability, gave an $O(",http://arxiv.org/abs/2608.25194v1,arXiv
Leveraging generative hallucination and biophysics-informed modeling for unified biomolecular sequence-structure co-design,"Xuefeng Liu, Mingxuan Cao, Xiao Luo",arXiv,2026-10-07,"Biomolecular design underpins applications from molecular recognition to therapeutics and synthetic biology, yet de novo interaction design remains challenging-especially for DNA/RNA, underexplored non-protein modalities with scarce, heterogeneous complex data and sharper geometric and chemical constraints. We introduce MCTH (Monte Carlo Tree Hallucination), an inference-only framework that casts ",http://arxiv.org/abs/2608.17381v1,arXiv
"MultiStructRNA: a Python package for multi-algorithm RNA secondary structure prediction, ensemble analysis, and visualization","Yashrajsinh Jadeja, Haining Lin, Mihir Metkar",arXiv,2026-10-07,"We introduce MultiStructRNA, a unified Python toolkit for RNA secondary structure prediction, ensemble analysis, and visualization. Although RNA secondary structure is central to RNA biology and therapeutic design, practical adoption is often hindered by fragmented tooling, incompatible input and output formats, and limited visualization support. MultiStructRNA addresses these challenges through a",http://arxiv.org/abs/2608.14846v1,arXiv
Evolutionary Curriculum Learning Improves Biological Sequence Modeling,"Richard Zhu, Kento Nishi",arXiv,2026-10-07,"Variational autoencoders (VAEs) trained on multiple sequence alignments (MSAs) have emerged as powerful generative models for biological sequences, with applications ranging from disease variant prediction to functional RNA design. However, standard biological VAE training treats all sequences as exchangeable, ignoring the rich evolutionary structure that organizes homologous sequences from evolut",http://arxiv.org/abs/2608.00697v2,arXiv
Engineering T7 RNA Polymerase for High-Purity In Vitro Transcription,"Pauline Hermans, Youlia Serikova, José Castillo",arXiv,2026-10-07,"In vitro transcription using bacteriophage T7 RNA polymerase (T7 RNAP) is the gold-standard platform for RNA production in both research and therapeutic applications. Despite its high processivity and promoter specificity, T7 RNAP generates multiple RNA by-products, including double-stranded RNA, 3'-extended transcripts, abortive RNAs, and prematurely terminated products. These impurities reduce R",http://arxiv.org/abs/2607.18468v1,arXiv
Enhanced sampling and cryo-EM data resolve magnesium binding to RNA,"Olivier Languin-Cattoën, Elisa Posani, Giovanni Bussi",arXiv,2026-10-07,"Magnesium ions are essential for RNA structure but difficult to model due to slow binding kinetics and experimental limitations. We present an enhanced-sampling strategy that accelerates Mg$^{2+}$ inner-shell binding by orders of magnitude, enabling quantitative exploration of ion-binding motifs in a large ribozyme. The method combines a barrier-flattening bias with Hamiltonian replica exchange to",http://arxiv.org/abs/2607.07186v1,arXiv
Bayesian Sampling of Structural Ensembles: The Role of Ensemble-Counting Measures,"Ivan Gilardoni, Giovanni Bussi",arXiv,2026-10-07,"Structural ensemble refinement is widely used to integrate molecular simulations with experimental measurements. While most applications focus on the maximum-a-posteriori (MAP) ensemble, Bayesian sampling of the posterior distribution can provide uncertainty estimates and posterior averages for arbitrary observables. A notable step in this direction was introduced by the Bayesian Energy Landscape ",http://arxiv.org/abs/2606.18495v1,arXiv
MultiMolecule: a modular ecosystem for biomolecular sequence-model workflows,Zhiyuan Chen,arXiv,2026-10-07,"Biomolecular sequence models are increasingly reused outside the studies in which they were introduced, but public checkpoints rarely preserve the execution context needed to inspect source-defined behavior, adapt models to new assays, compare models under shared task definitions or deploy biological predictions. MultiMolecule is an open-source Python ecosystem that turns heterogeneous RNA, DNA an",http://arxiv.org/abs/2606.16540v1,arXiv
The Montparnasse Algorithm for RNA Design,Tristan Cazenave,arXiv,2026-10-07,"RNA design consists of discovering a nucleotide sequence that optimizes predefined criteria, such as secondary structure. It is useful for synthetic biology, medicine, and nanotechnology. We propose Montparnasse, a Monte Carlo search framework based on Generalized Nested Rollout Policy Adaptation, augmented with a problem-specific prior, slow and long adaptation at level 1, and a lexicographic mul",http://arxiv.org/abs/2606.07562v1,arXiv
Multimodal Alignment and Preference Optimization for Zero-Shot Conditional RNA Generation,"Roman Klypa, Alberto Bietti, Sergei Grudinin",arXiv,2026-10-07,"The design of RNA molecules that interact with specific proteins is a critical challenge in experimental and computational biology. Despite recent progress in natural language modeling and deep learning-based protein design, there remains significant room to improve the frequency of successful interactions and the authenticity of generated sequences for functional applications. In this work, we fr",http://arxiv.org/abs/2605.23961v1,arXiv
"GoForth: Language Models for RNA Design under Structure, Sequence, and Coding Constraints",Michael Lindsey,arXiv,2026-10-07,"RNA inverse sequence design has broad biological and engineering applications, but computational methods for practical design queries remain limited. Such queries may impose several constraints at once, including target folds or motifs, fixed bases, and coding restrictions, while leaving arbitrary sequence and structure in unspecified regions. Because these constraints may permit many acceptable s",http://arxiv.org/abs/2605.07608v1,arXiv
Bayesian Rate Inference for Sequence Motif Dynamics in Systems of Reactive Nucleic Acids,"Johannes Harth-Kitzerow, Ulrich Gerland, Torsten A. Enßlin",arXiv,2026-10-07,"The RNA world hypothesis suggests a pathway of how life emerged on early earth. It assumes that life started with RNA based systems, capable of storing, transmitting and replicating information, envisioning that monomers and short RNA oligomers interact to form longer strands, eventually becoming catalytically active ribozymes. Key reactions in RNA pools are hybridization, dehybridization, templat",http://arxiv.org/abs/2604.25701v2,arXiv
Targeting lncRNA PVT1/miR-145-5p/ABCC-1 Pathway Enhances Paclitaxel Sensitivity and Suppresses Melanoma Progression.,"Pedram Negar, Safaralizadeh Reza, Feizi Mohammad Ali Hosseinpour",International journal of genomics,2026-10-07,"As a highly aggressive type of skin cancer, melanoma cells show significant resistance against a variety of chemotherapeutics, such as paclitaxel, which limits the efficacy of the treatment. Studies have highlighted the potential role of noncoding RNA dysregulation in melanoma, affecting tumor progression and drug response, including lncRNA PVT1. This study investigated whether simultaneous modula",https://pubmed.ncbi.nlm.nih.gov/42840833/,PubMed
"Non-coding RNAs in tumor-educated platelets: emerging roles in cancer progression, biomarker discovery, and therapeutic targeting.","Liu Yaning, Zhang Yucheng, Li Dongni",Frontiers in oncology,2026-10-07,"Non-coding RNAs (ncRNAs) in tumor-educated platelets (TEPs) play an important role in cancer progression. Tumor cells can ""educate"" platelets, thereby enabling them to participate in multiple stages of tumor development and progression. The ncRNAs carried by TEPs, including microRNAs (miRNAs), circular RNAs (circRNAs), and long non-coding RNAs (lncRNAs), may regulate tumor cell behavior and influe",https://pubmed.ncbi.nlm.nih.gov/42840730/,PubMed
Non-coding RNAs at the intersection of epigenetics and cancer metabolism.,"Mangraviti Nicolò, Castelli Serena",Frontiers in epigenetics and epigenomics,2026-10-07,"Cancer cells are primarily characterized by uncontrolled proliferation, which is closely linked to an increased energy demand. According to this, cancer cells preferentially utilize the glycolytic pathway for energy production. Metabolic regulation in cancer occurs at multiple levels, including post-translational modifications, which are rapid and energy-efficient, as they do not require enzyme de",https://pubmed.ncbi.nlm.nih.gov/42840540/,PubMed
The impact of epigenetics on tumor metabolism: Friend or foe in drug response?,"Castelli Serena, Franchini Melania, Ferraro Luigi",Frontiers in epigenetics and epigenomics,2026-10-07,"Cancer cells exhibit remarkable plasticity, enabling them to survive therapeutic pressure by dynamically rewiring both their epigenetic landscape and metabolic circuitry. Emerging evidence reveals that epigenetic mechanisms, including DNA methylation, histone modifications, chromatin remodeling, and non-coding RNAs, are tightly coupled to metabolic pathways through key metabolites that function as",https://pubmed.ncbi.nlm.nih.gov/42840418/,PubMed
Epigenetic dysregulation in pancreatic cancer: emerging biomarkers and clinical applications.,"Sultana Hina, Solomon Abhishikt David, Wani Atif Khurshid",Frontiers in epigenetics and epigenomics,2026-10-07,"Pancreatic cancer, in particular pancreatic ductal adenocarcinoma (PDAC), is one of the most lethal malignancies with delayed diagnosis, aggressive nature, and profound therapeutic resistance. Recent research has emphasized epigenetic dysregulation not as a bystander but as a driving force in pancreatic tumorigenesis, progression, metastasis, and immune evasion. This review presents a detailed ana",https://pubmed.ncbi.nlm.nih.gov/42840291/,PubMed
Environmental epigenetic modifiers in neurodegenerative diseases: a systematic review of epigenomic mechanisms and therapeutic targets.,"Wal Pranay, Mishra Sunita, Pradhan Debashish",Frontiers in epigenetics and epigenomics,2026-10-07,"Environmental contaminants and neurotoxicants are becoming more widely acknowledged as major causes of neurodegenerative illnesses due to systemic biological disruption including oxidative stress, mitochondrial dysfunction, chronic neuroinflammation, and chromatin remodeling-associated epigenetic dysregulation epigenetic modification. According to new research, exposures to heavy metals, gaseous p",https://pubmed.ncbi.nlm.nih.gov/42839983/,PubMed
The Role of Noncoding RNA in MGMT-Positive Glioblastoma: A Narrative Review.,"Zhao Junfeng, Chen Jiaxuan, Bai Yingrui",Cancer medicine,2026-10-07,"Glioblastoma (GBM) is the most aggressive primary malignant tumor of the central nervous system and is characterized by rapid progression, frequent recurrence, and poor survival outcomes. The current standard of care, comprising maximal safe surgical resection followed by radiotherapy with concomitant and adjuvant temozolomide (TMZ), has improved clinical management; however, the therapeutic benef",https://pubmed.ncbi.nlm.nih.gov/42839557/,PubMed
Non-coding RNAs in cerebral cavernous malformation: Regulatory roles and therapeutic implication.,"Rao Yiqing, Yang Yang, Wang Rong",International journal of biological macromolecules,2026-10-07,"Cerebral cavernous malformation (CCM) is a vascular lesion of the central nervous system. CCM lesions involve multiple pathological processes including cell junction disruption, inflammation and immune dysregulation, and are modulated by several signaling pathways such as MEKK and PI3K. A subset of CCM cases also presents with genetic susceptibility. Non-coding RNAs (ncRNAs) are transcripts that r",https://pubmed.ncbi.nlm.nih.gov/42838163/,PubMed
Novel hybrid salicylaldehyde-sulfonamide schiff bases elicit an ISR-associated transcriptomic response and suppress cancer cell survival.,"Eltokhy Mohamed A, Abusaif Moustafa S, Fayed Eman A",Bioorganic chemistry,2026-10-07,"In this study, we describe the rational design, synthesis, and biological evaluation of a novel series of salicylaldehyde-derived sulfonamide Schiff base hybrids. Eight compounds (C3-C10) were synthesized via condensation of 3-formyl-4-hydroxybenzenesulfonyl chloride with diverse primary amines and extensively characterized using IR, NMR, and MS/MS. Synthesized compounds were evaluated for their c",https://pubmed.ncbi.nlm.nih.gov/42837737/,PubMed
Late-onset preeclampsia is characterized by accelerated placental aging.,"Arthurs Anya L, Bhattacharjee Rudrarup, Smith Melanie D",Proceedings of the National Academy of Sciences of the United States of America,2026-10-07,"Late-onset preeclampsia (LOPE) is a major pregnancy complication characterized by hypertension and placental dysfunction, resolving only upon delivery. Here, we show that LOPE placentae undergo accelerated molecular aging, marked by telomere attrition, DNA damage, and trophoblast senescence. Using primary placental tissue and trophoblast organoids, we demonstrate oxidative stress as a driver of te",https://pubmed.ncbi.nlm.nih.gov/42837445/,PubMed
The Role of Exosomal Biomarkers in the Monitoring of Bioactivation and Metabolite Clearance of Chemotherapeutics in Cancer Patients.,"Satheesh S, Sekar V, Kaarnika V S",Current drug metabolism,2026-10-07,"Bioactivation and clearance of anticancer agents are crucial factors in the efficacy and toxicity of anticancer drugs. Exosomes are membrane-bound vesicles secreted by tumor cells and the tumor microenvironment. These vesicles contain drug-metabolizing enzymes, transporters, and RNA. Exosomes can be non-invasively collected from the blood. This article has been prepared by combining the evidence o",https://pubmed.ncbi.nlm.nih.gov/42836503/,PubMed
[Retracted] Knockdown of lncRNA CCEPR suppresses colorectal cancer progression.,"Duan Yuxia, Fang Zhixue, Shi Zeya",Experimental and therapeutic medicine,2026-10-07,[This retracts the article DOI: 10.3892/etm.2019.7942.].,https://pubmed.ncbi.nlm.nih.gov/42835746/,PubMed
LAMTOR5-AS1 predicts poor prognosis and regulates glioma progression via miR-4653-5p/TCF7 axis.,"Li Jiayi, Li Jing, Yu Lin",Neoplasma,2026-10-07,"Gliomas, the most prevalent primary malignant brain tumors, are characterized by highly invasive growth patterns. Emerging evidence indicates that long non-coding RNAs are essential for regulating key oncogenic pathways. This study focuses on lncRNA LAMTOR5 antisense RNA AS1 (LAMTOR5-AS1, also known as SLC16A4-AS1), seeking to elucidate its regulatory functions in gliomas and assess its potential ",https://pubmed.ncbi.nlm.nih.gov/42834663/,PubMed
nHOTAIRM1 scaffolds ANXA11-dependent assemblies to drive axonal mRNA localization in human motor neurons.,"Tollis Paolo, Santini Tiziana, Setti Adriano",Cell death and differentiation,2026-10-07,"Long noncoding RNAs (lncRNAs) are well recognized as regulators of neuronal development and function, yet their integration into canonical axonal transport pathways, an essential component of spatial gene regulation in highly polarized cells, remains incompletely defined. It is still unclear to what extent individual lncRNAs confer cargo selectivity and couple discrete mRNA cohorts to established ",https://pubmed.ncbi.nlm.nih.gov/42834117/,PubMed
Discovery of the TGCB microprotein translated from the lncRNA CHASERR.,"Bonilauri Bernardo, Yang Xiaochun",Biochimie,2026-10-07,"Long noncoding RNAs (lncRNAs) are key regulators of gene expression, and an increasing number have been found to contain small open reading frames (smORFs) that can be translated into functional microproteins. CHASERR is a conserved cis-regulatory lncRNA positioned upstream of CHD2, where it fine-tunes CHD2 dosage. Deletions spanning the CHASERR gene were recently identified in children with a syn",https://pubmed.ncbi.nlm.nih.gov/42833609/,PubMed
Silnr1 promotes pluripotent induction by coordinating Cohesin SMC1-mediated nuclear remodeling.,"Zhang Wenxin, Chen Jingcheng, Wen Xue",Biomaterials,2026-10-07,Epigenetic reprogramming of somatic cells into pluripotent cells provides a versatile and ethical methodology to create patient-specific pluripotent stem cells (iPSCs) for use in regenerative medicine. The Cohesin complex is a vital component that is needed to maintain the 3-dimensional structure of the genome. The formation of transcriptional activation chromatin loops represents a critical epige,https://pubmed.ncbi.nlm.nih.gov/42832974/,PubMed
"A novel repurposing opportunity for valsartan: angiotensin II type 1 receptor blockade dampens muscle-to-brain sensitization in fibromyalgia by targeting lncRNA H19/miR-29a-3p, inflammatory mediators, AKT/CREB signaling, neurotrophic factors, and amyloid-Tau pathology.","Mohamed Reem A, Abdallah Dalaal M, El-Abhar Hanan S",International immunopharmacology,2026-10-07,Fibromyalgia (FM) is a debilitating nociplastic pain disorder increasingly recognized to involve skeletal muscle as an active contributor to peripheral nociception and central sensitization rather than a passive target of disease. Although angiotensin II promotes pain signaling through angiotensin type-1 (AT,https://pubmed.ncbi.nlm.nih.gov/42832841/,PubMed
Screening of early radiation-responsive long non-coding RNAs in human lymphoblastoid cells AHH-1 and a preliminary investigation of their potential for biodosimetry.,"Zhang Ting-Ting, Li Shuang, Liu Qiang",International journal of radiation biology,2026-10-07,"In nuclear and radiological emergencies, rapid and high-throughput screening of victims is essential for effective medical treatment. The biodosimeter based on transcriptomics holds great promise in triaging vast casualties fast by microarray and PCR. We aimed to screen early radiation-responsive long non-coding RNAs (lncRNAs) and preliminarily explore their potential for biodosimetry. We screened",https://pubmed.ncbi.nlm.nih.gov/42832691/,PubMed
"H19 and the PD-1/PD-L1 Axis in hepatocellular carcinoma and colorectal cancer: emerging evidence, mechanistic links, and therapeutic perspectives.","Nami Mohammad Taha, EmamiPari Fatemeh, Farrokhi Nooshin",Clinical and experimental medicine,2026-10-07,"Hepatocellular carcinoma (HCC) and colorectal cancer (CRC) are major causes of cancer-related mortality, yet responses to immune checkpoint inhibitors (ICIs) remain heterogeneous. Although programmed death-ligand 1 (PD-L1) is a key component of immune checkpoint biology, antitumor immunity is shaped by multiple tumor-intrinsic and microenvironmental factors, and the contribution of the long non-co",https://pubmed.ncbi.nlm.nih.gov/42831944/,PubMed
An Evaluation on the Role of Non-Coding RNA in HIV Transcription and Latency: A Review,Xiangshuai Liu,arXiv,2026-10-07,"The existence of latent cellular reservoirs is recognized as the major barrier to an HIV cure. Reactivating and eliminating ""shock and kill"" or permanently silencing ""block and lock"" the latent HIV reservoir, as well as gene editing, remain promising approaches, but so far have proven to be only partially successful. Moreover, using latency reversing agents or ""block and lock"" drugs pose additiona",http://arxiv.org/abs/2502.06107v1,arXiv
"Blood-derived lncRNAs as potential biomarkers for early cancer diagnosis: The Good, the Bad and the Beauty","Cedric Badowski, Bing He, Lana X Garmire",arXiv,2026-10-07,Cancer ranks as one of the deadliest diseases worldwide. The high mortality rate associated with cancer is partially due to the lack of reliable early detection methods and/or inaccurate diagnostic tools such as certain protein biomarkers. Cell-free nucleic acids (cfNA) such as circulating long non-coding RNAs (lncRNAs) have recently been proposed as a new class of potential biomarkers that could ,http://arxiv.org/abs/2109.11746v1,arXiv
BPPart and BPMax: RNA-RNA Interaction Partition Function and Structure Prediction for the Base Pair Counting Model,"Ali Ebrahimpour-Boroojeny, Sanjay Rajopadhye, Hamidreza Chitsaz",arXiv,2026-10-07,"RNA-RNA interaction (RRI) is ubiquitous and has complex roles in the cellular functions. In human health studies, miRNA-target and lncRNAs are among an elite class of RRIs that have been extensively studied. Bacterial ncRNA-target and RNA interference are other classes of RRIs that have received significant attention. In recent studies, mRNA-mRNA interaction instances have been observed, where bot",http://arxiv.org/abs/1904.01235v2,arXiv
"Exosomes in hypertension: mechanisms, biomarkers, and therapeutic opportunities.","Li Dexiu, Ma Dongyue, Qiu Ziyi",Frontiers in immunology,2026-10-07,"Exosomes have emerged as important mediators in the pathophysiology of hypertension, facilitating intercellular communication through the transfer of bioactive molecules such as microRNAs. This review synthesizes current evidence on the multifaceted roles of exosomes in hypertensive vascular damage, highlighting their involvement in endothelial dysfunction, vascular smooth muscle cell phenotypic s",https://pubmed.ncbi.nlm.nih.gov/42840979/,PubMed
MicroRNA-driven periodontal immune homeostasis and tissue regeneration: from regulatory networks to engineering translation.,"Wu Xiaonan, Wang Yujia, Xu Yingjie",Frontiers in immunology,2026-10-07,"Periodontitis is a chronic immune-inflammatory disease induced by dental plaque biofilms. Persistent host immune dysregulation disrupts the dynamic balance between local tissue repair and pathological destruction, ultimately leading to irreversible damage to the periodontal supporting tissues, including the alveolar bone, periodontal ligament, and cementum. As key post-transcriptional regulators, ",https://pubmed.ncbi.nlm.nih.gov/42840907/,PubMed
Multi-tissue miRNA networks in preterm birth: from molecular mechanisms to precision medicine.,"Zhou Pei, Song Bin, Yan Ping",Frontiers in immunology,2026-10-07,"Preterm birth (PTB) remains the leading cause of neonatal mortality and long-term complications worldwide, yet its molecular pathogenesis-particularly the coordinated regulation across different gestational tissues-is poorly understood. MicroRNAs (miRNAs) are key regulators of gene expression and exhibit tissue-specific patterns in pregnancy-related tissues, including the cervix, placenta, and amn",https://pubmed.ncbi.nlm.nih.gov/42840439/,PubMed
Engineering TnpB as a compact RNA-guided genome editor from molecular constraints to design principles.,"Ma Bin, Li Yimiao, Zhang Dongsheng",Frontiers in genome editing,2026-10-07,"Recent discoveries of non-CRISPR RNA-guided nucleases have expanded the landscape of programmable genome editing beyond canonical Cas systems. Among these, TnpB proteins derived from IS200/IS605-family transposable elements are ultra-compact RNA-guided DNA endonucleases with potential for delivery-constrained genome engineering. Here, we review the structural and mechanistic basis of TnpB function",https://pubmed.ncbi.nlm.nih.gov/42840375/,PubMed
Supramolecular Pretargeting Lipid Nanoparticles Based on Host-Guest Recognition Potentiate Cancer Immunotherapy by Reprogramming Tumor Microenvironment.,"Gan Jinqun, Wang Yangfan, Li Mengyao",Angewandte Chemie (International ed. in English),2026-10-07,"Lipid nanoparticles (LNPs) have emerged as a promising platform for gene/drug delivery in cancer therapy, however their nonspecific biodistribution and extensive hepatosplenic sequestration result in insufficient intratumoral accumulation, thereby undermining the therapeutic efficacy. Here, we establish a sequential pretargeting strategy exploiting the high-affinity host-guest recognition between ",https://pubmed.ncbi.nlm.nih.gov/42839730/,PubMed
Modulation of Presynaptic Inhibitory Retinal Circuits for Retinal Ganglion Cell Neuroprotection in Glaucoma.,"Hong Eunji, Lin Chen, Long Wenjie","Advanced science (Weinheim, Baden-Wurttemberg, Germany)",2026-10-07,"Glaucoma is a leading cause of irreversible blindness, yet the circuit-level mechanisms contributing to retinal ganglion cell (RGC) degeneration remain incompletely defined. Although multiple neuroprotective strategies have been explored, clinical translation remains limited. Here, we identify early dysfunction of inner retinal inhibitory circuitry as a modifiable contributor to RGC vulnerability ",https://pubmed.ncbi.nlm.nih.gov/42839614/,PubMed
Single-cell study of human ovarian response to phthalate exposure reveals glial cell susceptibility and disruption of adhesion and mitochondrial pathways.,"Panagiotou Eleftheria Maria, Méar Loren, Rooda Ilmatar",EBioMedicine,2026-10-07,"Phthalates are known male endocrine disruptors and reproductive toxicants. Despite growing evidence of female effects, mechanistic knowledge in key reproductive organs remains limited, hindering regulations. Here, we conducted an experimental study to map the impact of mono(2-ethylhexyl) phthalate (MEHP), the primary metabolite of di(2-ethylhexyl) phthalate (DEHP), on adult human ovarian tissue at",https://pubmed.ncbi.nlm.nih.gov/42838884/,PubMed
Reactive Polymer-Engineered Dual-Targeting Fluorescent Lipid Nanoparticles for Enhanced saRNA Delivery.,"Wang Wenxuan, Liu Haoyan, Tang Weijia",ACS applied bio materials,2026-10-07,"Lipid nanoparticles (LNPs) are widely explored as delivery vehicles for self-amplifying RNA (saRNA); however, incorporation of surface functionalities, such as fluorescent dyes for imaging and ligands for targeted delivery, remains challenging. In this study, we introduce a reactive poly(pentafluorophenyl acrylate) (PPFPA)-based copolymer platform containing a terminal C12 alkyl chain for LNP inco",https://pubmed.ncbi.nlm.nih.gov/42837631/,PubMed
Impact of the physico-chemical properties of surface-initiated polymer brushes on siRNA binding and transfection efficiency.,"Neri-Cruz Carlos E, Carta Davide, Gautrot Julien E",Biomaterials science,2026-10-07,"Rational design of polycationic gene delivery vectors requires understanding how polymer chemistry governs RNA complexation, cellular uptake, and intracellular release kinetics. Poly(dimethylaminoethyl methacrylate) brushes were found to display striking potential for the delivery of siRNA, with high knockdown efficiency and low cytotoxicity. However, the impact of the physico-chemistry of a broad",https://pubmed.ncbi.nlm.nih.gov/42836338/,PubMed
"Polymeric Nanomedicines for siRNA Delivery in Hepatocellular Carcinoma: Emerging Therapeutic Strategies, Combination Approaches, and Translational Perspectives.","Thalij Karkaz M, You Huay Woon, Habeeb Mohammad",International journal of nanomedicine,2026-10-07,"Hepatocellular carcinoma is the sixth most common cancer worldwide and a leading cause of cancer related mortality. Risk factors include chronic hepatitis B/C, obesity, alcohol abuse, diabetes and metabolic disorders. In advanced stages, normal treatments such as surgery, transplantation and chemotherapy are not as effective as tumors develop resistance and do not target oncogenic pathways well. S",https://pubmed.ncbi.nlm.nih.gov/42836161/,PubMed
Targeted delivery platforms for ,"Rachamala Hari Krishnareddy, Atla Sandeep, Angom Ramcharan Singh",Frontiers in pharmacology,2026-10-07,"Cancer immunotherapy is a transformative technology allowing for the elimination of malignant cells through immune system stimulation; however, the large-scale clinical application of adoptive cellular therapy technologies is limited due to difficulties in ",https://pubmed.ncbi.nlm.nih.gov/42835670/,PubMed
High-Throughput DNA Barcoding Identifies Lipid Nanoparticles for Lung Delivery of TRAIL-mRNA to Induce Tumor Cell Death in Experimental Metastasis Model.,"Rodrigues Alves Marco Túllio, Da Silva Walison Nunes, Azevedo Gabriel Vieira",International journal of nanomedicine,2026-10-07,"Lipid nanoparticles (LNPs) have enabled the clinical translation of nucleic acid therapeutics, and their composition plays a critical role in organ targeting and route-specific delivery. Intranasal (IN) administration offers direct access to the lungs, while reducing systemic exposure. However, designing LNPs capable of overcoming respiratory tract barriers remains a challenge. We used DNA barcodi",https://pubmed.ncbi.nlm.nih.gov/42835618/,PubMed
Tetrahedral Framework Nucleic Acid-Based Small RNA Delivery: Prospects and Challenges in Bone and Cartilage Regeneration.,"Fu Liwei, Ding Zhengang, Wu Jiang",Advanced healthcare materials,2026-10-07,"Bone and cartilage defects represent major clinical challenges, with an increasingly urgent need for effective repair and regeneration. In recent years, small RNA-based regulatory strategies, such as microRNAs (miRNAs) and small interfering RNAs (siRNAs), have emerged as promising candidates for promoting bone and cartilage regeneration. However, achieving efficient and safe targeted delivery rema",https://pubmed.ncbi.nlm.nih.gov/42834782/,PubMed
CRISPR-Cas Tools for Dissecting and Engineering Environmental Responses in Microalgae.,"Zhao Wenyu, Li Xinyi, Hu Zhangli","Plant, cell & environment",2026-10-07,"Microalgae are photosynthetic eukaryotes that need to maintain productivity under variable light, temperature, nutrient and CO",https://pubmed.ncbi.nlm.nih.gov/42834671/,PubMed
Budget Impact Model of a Novel cfRNA Test-and-Treat Strategy for Preeclampsia in Advanced Maternal Age Pregnancies Compared with Current Guidelines.,"Zambelli-Weiner April, Nathanson Brian, Hahn Susan",PharmacoEconomics - open,2026-10-07,"Preeclampsia (PE) affects 8% of United States (US) pregnancies, driving substantial maternal and neonatal morbidity, costs, and mortality. Current United States Preventive Services Task Force (USPSTF) risk-based stratification has limited specificity, which may reduce the ability to effectively target preventive interventions and optimize PE prevention. We evaluated the budget impact of adopting a",https://pubmed.ncbi.nlm.nih.gov/42834327/,PubMed
Nucleoside antitumor drugs: From molecular mechanisms and adaptive resistance to clinical translation.,"Gan Chunyuan, Xiang Jingheng, Liu Yao",Biochemical pharmacology,2026-10-07,"Nucleoside-based anticancer drugs are still needed to treat solid tumours and blood cancers, but due to systemic toxicity and the emergence of resistance, they have performed poorly in clinical practice. These agents inhibit deoxyribonucleic acid (DNA) synthesis, disrupt ribonucleic acid (RNA) metabolism, or deplete nucleotide pools in the past. However, a large number of studies have also found t",https://pubmed.ncbi.nlm.nih.gov/42833300/,PubMed
Single-Cell RNA Sequencing deciphers the imbalance of Microenvironment of the Maternal-Fetal Interface in Cesarean Scar Pregnancy.,"Wang Tingting, Wei Jingshu, Yan Jie",Biology of reproduction,2026-10-07,"Cesarean scar pregnancy (CSP) has posed a serious threat to women's reproductive health. The view on its mechanism remained controversial. Here, we performed a single-cell sequencing on villi and decidua from three normal and three cesarean scar pregnancies in patients with a history of cesarean delivery. Enrichment analysis was performed to elucidate the functional roles of various cell types. Ps",https://pubmed.ncbi.nlm.nih.gov/42831676/,PubMed
A recombinant Newcastle disease virus-vectored multi-epitope vaccine confers protection against QX-like infectious bronchitis virus in chickens.,"Wang Fei, Xie Jianan, Wen Guoyuan",Frontiers in immunology,2026-10-07,"Infectious bronchitis virus (IBV) QX-like (GI-19) genotype dominates global poultry flocks, yet Mass-type vaccines fail to confer cross-protection. We developed a recombinant Newcastle disease virus (NDV) LaSota vector expressing conserved IBV S1 B-cell hotspots paired with S1-derived BF2-restricted CTL epitopes (rNDV-IBV-T/B). Specific-pathogen-free chickens received single or booster ocular-nasa",https://pubmed.ncbi.nlm.nih.gov/42840969/,PubMed
PTM-associated condensation of homopolymeric (poly A) RNA by MDP1.,"Shoukat Nadia, Nishiyama Akihito, Nakamoto Kaho",Biophysics and physicobiology,2026-10-07,Mycobacterial DNA-binding protein 1 (MDP1) is a histone-like protein which carries endogenous post-translational modifications (PTMs) and contributes to nucleic acid organization in ,https://pubmed.ncbi.nlm.nih.gov/42840266/,PubMed
"COVID-19 outcomes in patients with inflammatory rheumatic diseases: associations with disease subtypes, treatments, and vaccination status.","Ak Feyza, Kaya Zeynep",Frontiers in public health,2026-10-07,"Patients with inflammatory rheumatic diseases (IRDs) may be at increased risk for adverse COVID-19 outcomes because of immune dysregulation, comorbidities, and immunomodulatory treatments. However, the effects of specific rheumatic disease subsets, treatment patterns, and vaccine types remain incompletely understood. To evaluate clinical characteristics and factors associated with COVID-19 infecti",https://pubmed.ncbi.nlm.nih.gov/42840118/,PubMed
Metal-organic framework nanovaccines for systemic tumour regression.,"Jiang Xiaomin, Wang Chaoyu, Yang Kaiting",Nature biomedical engineering,2026-10-07,"Cancer vaccines can elicit antigen-specific antitumour immunity, but their clinical efficacy is often limited by their inability to sustain T-cell activation in tumours. Here we report MOF-Vac, a nanoscale metal-organic framework (MOF)-based therapeutic vaccine platform that co-delivers peptide antigens and STING agonists with high loading capacity and phosphate-triggered intracellular release. Th",https://pubmed.ncbi.nlm.nih.gov/42839014/,PubMed
Brain Tumor Vaccines: Next Steps.,"Santos Andres, Chiocca E Antonio",Hematology/oncology clinics of North America,2026-10-07,"High-grade gliomas remain among the most challenging malignancies despite extensive advances in molecular characterization and immunotherapy. This review highlights that while cancer vaccines consistently induce robust systemic immune responses, their clinical efficacy is limited by profound tumor heterogeneity and a highly immunosuppressive tumor microenvironment. Across peptide, dendritic cell, ",https://pubmed.ncbi.nlm.nih.gov/42838832/,PubMed
Maternal edible THC consumption alters offspring neurodevelopment and emotional behavior in rhesus macaques.,"D'Mello Rahul J, Shorey-Kendrick Lyndsey E, Karpf Joshua A",Neurobiology of disease,2026-10-07,"Prenatal cannabis exposure is associated with adverse offspring outcomes including altered neurodevelopment. However, there is insufficient evidence to establish a direct association. We sought to determine the impact of chronic prenatal delta-9-tetrahydrocannabinol (THC) exposure on offspring neurodevelopment and emotional behavior in a translational rhesus macaque model. Animals were divided int",https://pubmed.ncbi.nlm.nih.gov/42838264/,PubMed
Reconciling Conflicting Evidence on Peri-Immune Checkpoint Inhibitor COVID-19 mRNA Vaccination in Lung Cancer: A Time-Aligned Target Trial Emulation-Informed Landmark Study.,"Lin Shih-Sen, Liu Ju-Fang, Hsu Pei-Sung",Value in health : the journal of the International Society for Pharmacoeconomics and Outcomes Research,2026-10-07,"Recent reports suggest that peri-immune checkpoint inhibitor (ICI) COVID-19 mRNA vaccination may improve survival in lung cancer, but time-related and calendar-time biases may inflate real-world estimates. We evaluated vaccination timing and outcomes using a target trial emulation-informed, time-aligned design. This retrospective cohort study used deidentified electronic health record data from th",https://pubmed.ncbi.nlm.nih.gov/42838253/,PubMed
"Elimination of a NADC30/NADC34/JX recombinant PRRSV strain from a 5,000-sow breeding herd: a longitudinal intervention study.","Jiang Lei, Xu Zhen, Wang Lei",Tropical animal health and production,2026-10-07,Porcine reproductive and respiratory syndrome (PRRS) remains one of the most economically devastating diseases affecting the global swine industry. This case report describes the successful elimination of a recombinant porcine reproductive and respiratory syndrome virus (PRRSV) strain from a 5000-sow PRRS-naïve breeding herd in China. The emergent strain was identified as a recombinant of NADC30-l,https://pubmed.ncbi.nlm.nih.gov/42837030/,PubMed
A digitally immune-optimized influenza vaccine broadly neutralizes swine and human H1N1 influenza viruses and protects from heterologous challenge.,"Del Rosario Joanne Marie M, van Diemen Pauline M, Frost Simon D W",Journal of virology,2026-10-07,"Influenza A virus (IAV) zoonotic transmission and continuous evolution in multiple host species heighten the risk of emerging novel strains at the human-animal interface. Digitally immune-optimized hemagglutinin (HA), neuraminidase (NA), and matrix-2 (M2) vaccine antigens were engineered and combined as a single DNA expression construct (DVX-H1N1) to maximize immune responses to human seasonal, pa",https://pubmed.ncbi.nlm.nih.gov/42836655/,PubMed
Deletion of ,"Guo Tz-Chun, Seto Shintaro, Hijikata Minako",Microbiology spectrum,2026-10-07,"Mycobacterial infection induces dynamic transcriptional changes in both the host and pathogen. In slow-growing mycobacteria, the ESX-5 secretion system plays a crucial role in virulence by exporting Pro-Glu (PE) and Pro-Pro-Glu (PPE) proteins, which modulate host immune responses and contribute to pathogenesis. Previous studies demonstrated that ",https://pubmed.ncbi.nlm.nih.gov/42836644/,PubMed
TLR3-TRIF signaling in villus-like enterocytes drives type III interferon responses to enteroviruses.,"Hare David N, Coyne Carolyn B",Journal of virology,2026-10-07,"Enteroviruses initiate infection at the intestinal epithelium but can spread systemically to cause severe disease. Although both MDA5 and TLR3 have been implicated in enterovirus sensing, the mechanisms by which the intestinal epithelium detects these viruses remain poorly defined. To address this, we infected human intestinal organoids (enteroids) with the group B enterovirus echovirus 11 (E11) a",https://pubmed.ncbi.nlm.nih.gov/42836642/,PubMed
Personalized messenger RNA therapy for melanoma and the challenge of global implementation.,"Shaikh Umayr R, Gai Jessica, Chopra Sakshi",JAAD international,2026-10-07,,https://pubmed.ncbi.nlm.nih.gov/42835554/,PubMed
Identification of SARS-CoV-2-specific cytotoxic lymphocytes in cerebrospinal fluid of a patient with cerebral demyelination Post mRNA vaccination.,"Kitano Takaya, Ishikawa Masakazu, Kinoshita Makoto",Frontiers in immunology,2026-10-07,"Some cerebral demyelinating lesions occur after vaccination. We aimed to elucidate the precise roles of vaccine-activated immune cells and antigen-specific lymphocytes in the central nervous system of a patient who developed cerebral demyelination after vaccination. Using comprehensive single-cell RNA sequencing and immune repertoire analysis combined with a lymphocyte stimulation assay, we charac",https://pubmed.ncbi.nlm.nih.gov/42834940/,PubMed
Multi-antigen coronavirus vaccine induces potent and durable cross-protection against multiple SARS-CoV-2 variants.,"Prakash Swayam, Dhanushkodi Nisha R, Quadiri Afshana",NPJ vaccines,2026-10-07,"The first-generation Spike-based COVID-19 vaccines reduced the risk of hospitalization, serious illness, and death from SARS-CoV-2 infections. However, waning immunity failed to prevent immune escape, resulting in multiple variants of concern (VOCs) and prolonging the pandemic. We hypothesize that next-generation CoV vaccines incorporating highly conserved SARS-CoV-2 T cell antigens would confer p",https://pubmed.ncbi.nlm.nih.gov/42834091/,PubMed
Temporary Cessation of DMARD Therapy and COVID-19 Supplemental Dose Vaccine Immunogenicity in Patients With Inflammatory Arthritis: The COVER Randomized Clinical Trial.,"Curtis Jeffrey R, Mudano Amy S, Cutter Gary",JAMA internal medicine,2026-10-07,The COVID-19 pandemic disproportionately affected patients with autoimmune and rheumatic diseases. Understanding whether certain medications affect the response to a SARS-CoV-2 supplemental dose vaccination is critical for counseling and treating patients receiving targeted immunomodulatory medications. The effect of holding these medications around the time of COVID-19 vaccination on immunogenici,https://pubmed.ncbi.nlm.nih.gov/42832241/,PubMed
Molecular diversity and detection of pestiviruses across ruminant species in Türkiye.,"Ülgenalp Onur, Erdem-Şahinkesen Eda, Oğuzoğlu Tuba Çiğdem",Tropical animal health and production,2026-10-07,"Pestiviruses have historically been described using host-associated disease names, such as Bovine Viral Diarrhoea Virus (BVDV) in cattle and Border Disease Virus (BDV) in small ruminants, and are important pathogens causing abortions, congenital anomalies, reproductive failure, and reduced productivity, resulting in substantial economic losses in livestock. This study investigated pestivirus infec",https://pubmed.ncbi.nlm.nih.gov/42831961/,PubMed
[Nucleoside analogues in etiotropic therapy of hantavirus fevers].,"Vetrova A N, Kurashova S S, Egorova M S",Voprosy virusologii,2026-10-07,"Hantavirus fevers (HF) are caused by pathogenic orthohantaviruses and are classified into two clinical forms: hemorrhagic fever with renal syndrome (HFRS), reported in Eurasia, and hantavirus pulmonary syndrome (HPS), reported in the Americas. HF are characterised by an acute course with predominant involvement of internal organs: HFRS is mainly associated with kidney damage, while HPS is characte",https://pubmed.ncbi.nlm.nih.gov/42831803/,PubMed
Subtype-specific differences in susceptibility to monoclonal antibodies and vaccines among contemporary RSV-A and RSV-B isolates.,"Silva Marinho Paula Eillanny, Ghimire Dibya, Tsai Silva João",Journal of virology,2026-10-07,Respiratory syncytial virus (RSV) continues to circulate at high levels despite the introduction of new monoclonal antibodies (mAbs) and vaccines targeting the pre-fusion F (pre-F) protein. We analyzed the viral genome sequences of 133 RSV clinical samples collected during the 2022-2023 and 2023-2024 seasons and selected representative isolates for phenotypic testing. We selected four RSV-A and fo,https://pubmed.ncbi.nlm.nih.gov/42831627/,PubMed
An Integrative Computational Approach to Predict Viral Epitopes by Targeting the MHC-TCR Complexation,"Jaya Vasavi Pamidimukkala, Roshan Balaji, Nirav Pravinbhai Bhatt",arXiv,2026-10-07,"T-cell immunity acts as a major defense system against controlling viral infections in vertebrates. During viral entry, innate immune cells degrade the viral proteins (antigens) and present them on their surface via Major Histocompatibility (MHC) proteins. T-cell receptors (TCRs) recognize these antigens/peptides presented by MHC (pMHC), initiating a T-cell mediated immune response. Despite its si",http://arxiv.org/abs/2609.03182v1,arXiv
Transformer-Based Active Learning for Data-Efficient Vaccine Epitope Selection in PRRS,"Aspen Erlandsson Brisebois, Zahed Khatooni, Connor Burbridge",arXiv,2026-10-07,"High-fidelity molecular docking simulations can produce biologically relevant estimates of epitope-receptor binding affinity but are computationally expensive and therefore limit the number of candidates that can be screened for vaccine design. In this work, we evaluate machine learning (ML) approaches where variants of active learning are used to classify instances of high binding affinity betwee",http://arxiv.org/abs/2606.28659v1,arXiv
Exploring the Effects of Entanglement on Quantum Machine Learning of Pathogen Epitope-Receptor Binding,"Aspen Erlandsson Brisebois, Luis Pablo Gonzalez Dominguez, Shivansi Prajapati",arXiv,2026-10-07,"Parameterized quantum circuits (PQCs) provide a flexible substrate for hybrid quantum machine learning (QML), but their practical value on Noisy Intermediate-Scale Quantum (NISQ) devices remains an empirical question, especially because training depth and scale can introduce optimization challenges such as barren plateaus. Here we study how the number and topology of two-qubit entangling gates in ",http://arxiv.org/abs/2606.28655v1,arXiv
FANCD2 knockdown suppresses malignant phenotypes and is associated with caspase/PARP-mediated apoptosis in NCI-H2052 pleural mesothelioma cells.,"Xiang YingFang, Su Pu, Zhang RuiYing",Frontiers in genetics,2026-10-07,"Malignant pleural mesothelioma (PM) is a highly aggressive thoracic malignancy with an extremely poor prognosis and limited effective therapeutic strategies, representing a critical unmet clinical need. Fanconi anemia complementation group D2 (FANCD2) is a critical effector of the cellular DNA damage response system and plays a central role in maintaining genomic integrity. While the genoprotectiv",https://pubmed.ncbi.nlm.nih.gov/42841130/,PubMed
Transcriptomic Identification and Validation of NDUFS2 in Acute Rat TMJ Synovitis and Its Functional Role in LPS-Induced Synovial Fibroblast Inflammation.,"Li Jinghan, Zuo Jingpeng, Liang Jianduan",Journal of inflammation research,2026-10-07,"Temporomandibular joint (TMJ) synovitis persistently drives TMJ osteoarthritis (TMJOA) progression. Aberrant reactive oxygen species (ROS) accumulation triggers chronic oxidative stress, amplifying synovial inflammation. This study aimed to identify candidate ROS-related genes through transcriptomic screening and explore their potential functional involvement in TMJ synovitis. Acute TMJ synovitis ",https://pubmed.ncbi.nlm.nih.gov/42841081/,PubMed
Mobile small RNAs as mediators of stress-induced epigenomic remodeling and systemic stress adaptation.,"Junaid Muhammad Daniyal, Iqbal Muhammad Shahzad, Nasir Muhammad Waqar",Frontiers in epigenetics and epigenomics,2026-10-07,"Plants rely on sophisticated long-distance communication networks to coordinate adaptive responses to changing environmental conditions. Among these, mobile small RNAs (sRNAs), including microRNAs (miRNAs) and small interfering RNAs (siRNAs), function as critical systemic signaling molecules that move between tissues through plasmodesmata and the phloem. While their roles in post-transcriptional g",https://pubmed.ncbi.nlm.nih.gov/42840526/,PubMed
A Regulator SNP Affecting the Transcription Factor ,"Miao Long, Zhou Jiaxuan, Qu Man",Human mutation,2026-10-07,"Noise-induced hearing loss (NIHL) is a key occupational hazard, and its specific pathogenic mechanism is not fully elucidated. Here, we performed this study to explore the potential role of single nucleotide polymorphisms (SNPs) located in the  A case-control study including 688 NIHL patients and 667 normal subjects was conducted. Genotype analysis was tested by multiplex polymerase chain reaction",https://pubmed.ncbi.nlm.nih.gov/42840318/,PubMed
Yiqihuoxue formula improves atherosclerosis by regulating macrophage polarization associated with enhanced STAT6/PPARγ pathway.,"Xie Quan, Wang Binding, Zhuang Jinli",Frontiers in cardiovascular medicine,2026-10-07,"Atherosclerosis (AS) is a major contributor to deaths from cardiovascular diseases. Yiqihuoxue Formula (YQHXF) reflects the traditional Chinese medicine principle of ""Qi-invigorating and blood-activating."" This study investigates the anti-atherosclerotic effects and mechanism of YQHXF through the signal transducer and activator of transcription 6 (STAT6)/ peroxisome proliferator-activated receptor",https://pubmed.ncbi.nlm.nih.gov/42839935/,PubMed
Efficacy and tolerability of targeted lipoprotein(a)-lowering therapies: A systematic review.,"Alebna Pamela L, Campbell Matthew K, Harley Kayla",Journal of clinical lipidology,2026-10-07,"Elevated plasma concentrations of lipoprotein(a) [Lp(a)] have been established as an independent risk factor for atherosclerotic cardiovascular disease, including coronary artery disease, myocardial infarction, and calcific aortic valve disease. To systematically evaluate the efficacy and safety of emerging Lp(a)-lowering therapies. A systematic search of PubMed, Embase, and ClinicalTrials.gov was",https://pubmed.ncbi.nlm.nih.gov/42838767/,PubMed
TEAD4 Regulates apical domain homeostasis and cell-positioning to maintain the trophectoderm lineage during mouse blastocyst development.,"Collier Rebecca, Bohuslavová Martina, Vaškovičová Michaela",Open biology,2026-10-07,"In mammalian preimplantation embryos, distinct cell lineages occupy defined spatial niches. The outer trophectoderm (TE) forms an epithelial monolayer surrounding the inner cell mass (ICM) and blastocyst cavity. In mice, the Tead4 gene encodes a polarity-dependent transcription factor required for TE specification. Here, we demonstrate that Tead4 also preserves TE integrity during blastocyst matur",https://pubmed.ncbi.nlm.nih.gov/42838532/,PubMed
Elevated expression of olfactory receptor 51T1 is associated with malignant potential of bladder cancer.,"Mochizuki Taku, Ishiguro Yukari, Takeshima Teppei",Cancer treatment and research communications,2026-10-07,The olfactory receptor gene (OR) superfamily is the largest in the human genome. ORs are expressed not only in the neurons of the olfactory epithelium but also in various other tissues in which their functions are largely unknown. We investigated the association between OR51T1 expression in bladder cancer and its malignant potential. We immunohistochemically examined the expression of OR51T1 in a ,https://pubmed.ncbi.nlm.nih.gov/42837703/,PubMed
Shenling Qige Granules inhibit esophageal squamous cell carcinoma progression in TE-1 xenograft and cell-based models by modulating the DCN-TGF-β/Smad signaling axis.,"Liu Zihui, Gu Yiting, Fan Huanfang",PloS one,2026-10-07,"Shenling Qige Granules (SLQG), derived from the Qing Dynasty formula Qige San recorded in Yi Xue Xin Wu, has been used in clinical practice in China as an adjuvant traditional Chinese medicine preparation for esophageal squamous cell carcinoma (ESCC), but its molecular basis remains unclear. This study investigated the antitumor effects and mechanisms of SLQG using TE-1 xenograft mice and SLQG-con",https://pubmed.ncbi.nlm.nih.gov/42837419/,PubMed
Targeting the Cav1.2-KCa1.1 axis prevents rabies virus internalization and protects against lethal infection.,"Sun Ziruo, Wang Jinqiu, Wen Zhiyuan",PLoS pathogens,2026-10-07,"Rabies is an almost always fatal disease caused by rabies virus (RABV). Once RABV enters the central nervous system, the mortality rate is almost 100%. Therefore, preventing RABV from entering the nervous system is crucial for the development of anti-RABV therapeutics. Here, we found that the L-type calcium channel Cav1.2 pore-forming subunit (Cav1.2) and potassium calcium-activated channel subfam",https://pubmed.ncbi.nlm.nih.gov/42837418/,PubMed
The dynamics of piRNA expression in Blattella germanica ovaries.,"Pujal David, Ylla Guillem, Pascual Agustina",PloS one,2026-10-07,"The cockroach Blattella germanica possesses panoistic ovaries, in which oocytes lack nurse cells and therefore need to rely on their own transcriptional activity to support embryogenesis. Ovarian development in this species involves the development of a single basal ovarian follicle (BOF) per gonadotropic cycle, a process strictly regulated by endocrine signals, primarily juvenile hormone and ecdy",https://pubmed.ncbi.nlm.nih.gov/42837347/,PubMed
Correction: Co-delivery of doxorubicin and siRNA using octreotide-conjugated gold nanorods for targeted neuroendocrine cancer therapy.,"Xiao Yuling, Jaskula-Sztul Renata, Javadi Alireza",Nanoscale,2026-10-07,Correction for 'Co-delivery of doxorubicin and siRNA using octreotide-conjugated gold nanorods for targeted neuroendocrine cancer therapy' by Yuling Xiao ,https://pubmed.ncbi.nlm.nih.gov/42837163/,PubMed
The Autophagic Interaction Between p97/VCP and ABP Protein Expressions in Sertoli Cell Line: the Effects of Chloroquine and Rapamycin.,"Corumluoglu Ilkay, Cayli Sevil","Reproductive sciences (Thousand Oaks, Calif.)",2026-10-07,"Sertoli cells play a pivotal role in spermatogenesis by providing structural support and delivering essential nutrients and signaling molecules to developing germ cells. A key function of these cells is the regulation of androgen-binding protein (ABP), which maintains the high intratesticular testosterone levels necessary for proper spermatogenic progression. Despite the critical nature of ABP, th",https://pubmed.ncbi.nlm.nih.gov/42837046/,PubMed
Pathogenic Properties of Human Endometriotic Epithelial Cells Require Steroid Receptor Coactivator-2.,"Maurya Vineet K, Gunasekaran Sivagami, Misra Nisha","Reproduction (Cambridge, England)",2026-10-07,"Commonly diagnosed in reproductive-age women, endometriosis is causally linked to subfertility, infertility, and chronic pelvic pain. Although theories exist on the etiopathogenesis of endometriosis, our understanding of its cellular and molecular underpinnings remain incomplete. We report that steroid receptor coactivator-2 (SRC-2), a member of the p160/SRC family of transcriptional coregulators,",https://pubmed.ncbi.nlm.nih.gov/42836692/,PubMed
Cinnamaldehyde combined with 18β-glycyrrhetinic acid promotes the differentiation of C3H10T1/2 MSCs into thermogenic adipocytes through PGC1α/FNDC5/UCP1 pathway.,"Lai Tingting, Lin Yi, Ding Fuping",Adipocyte,2026-10-07,Finding bioactive substances that can promote the ,https://pubmed.ncbi.nlm.nih.gov/42836659/,PubMed
"Kaempferide Promotes Neuroprotection and Functional Recovery After Spinal Cord Injury and is Associated with Differential Regulation of ARG1, CA4, CYP1B1, and OAT.","Meng Zhichao, Yu Wenchong, Ma Ao",Neuropsychiatric disease and treatment,2026-10-07,"Spinal cord injury (SCI) is a severe neurological disorder that often causes long-term motor dysfunction, and effective neuroprotective treatments remain limited. Kaempferide has anti-inflammatory and neuroprotective activities, but its effects and associated targets in SCI remain unclear. Kaempferide-related targets were intersected with differentially expressed genes and SCI-associated modules f",https://pubmed.ncbi.nlm.nih.gov/42836098/,PubMed
Pannexin 3-mediated adenosine triphosphate release from pre-osteoblasts promotes osteoblast differentiation through P2X4 receptor activation.,"Kito Hiroaki, Niwa Ayano, Ryu Takusei",Frontiers in physiology,2026-10-07,"Increased pre-osteoblast cell density within bone resorption areas is a key factor in promoting osteoblast differentiation; however, the molecular mechanisms underlying this process remain poorly understood. In this study, we investigated the role of ATP release and purinergic receptor P2X4 signaling in osteoblast differentiation using the murine pre-osteoblastic cell line MC3T3-E1. Under high cel",https://pubmed.ncbi.nlm.nih.gov/42835090/,PubMed
DeepSilencer: A Novel Deep Learning Model for Predicting siRNA Knockdown Efficiency,"Wangdan Liao, Weidong Wang",arXiv,2026-10-07,"Background: Small interfering RNA (siRNA) is a promising therapeutic agent due to its ability to silence disease-related genes via RNA interference. While traditional machine learning and early deep learning methods have made progress in predicting siRNA efficacy, there remains significant room for improvement. Advanced deep learning techniques can enhance prediction accuracy, reducing the relianc",http://arxiv.org/abs/2503.04200v1,arXiv
Maturation of siRNA by strand separation: Steered Molecular dynamics study,"Rakesh K Mishra, Sanchita Mukherjee, Dhananjay Bhattacharyya",arXiv,2026-10-07,"RNA interference, particularly siRNA induced gene silencing is becoming an important avenue of modern therapeutics. The siRNA is delivered to the cells as short double helical RNA which becomes single stranded for forming the RISC complex. Significant experimental evidence is available for most of the steps except the process of the separation of the two strands. We have attempted to understand th",http://arxiv.org/abs/1910.03778v1,arXiv
Using a hydrogen-bond index to predict the gene-silencing efficiency of siRNA based on the local structure of mRNA,"Kathy Q. Luo, Donald C. Chang",arXiv,2026-10-07,The gene silencing effect of short interfering RNA (siRNA) is known to vary strongly with the targeted position of the mRNA. A number of hypotheses have been suggested to explain this phenomenon. We would like to test if this positional effect is mainly due to the secondary structure of the mRNA at the target site. We proposed that this structural factor can be characterized by a single parameter ,http://arxiv.org/abs/1710.07413v1,arXiv
Unraveling siRNA Unzipping Kinetics with Graphene,"Santosh Mogurampelly, Swati Panigrahi, Dhananjay Bhattacharyya",arXiv,2026-10-07,"Using all atom molecular dynamics simulations, we report spontaneous unzipping and strong binding of small interfering RNA (siRNA) on graphene. Our dispersion corrected density functional theory based calculations suggest that nucleosides of RNA have stronger attractive interactions with graphene as compared to DNA residues. These stronger interactions force the double stranded siRNA to spontaneou",http://arxiv.org/abs/1207.4569v1,arXiv
Unzipping and binding of small interfering RNA with single walled Carbon Nanotube: a platform for small interfering RNA delivery,"Mogurampelly Santosh, Swati Panigrahi, Dhananjay Bhattacharyya",arXiv,2026-10-07,"In an effort to design efficient platform for siRNA delivery, we combine all atom classical and quantum simulations to study the binding of small interfering RNA (siRNA) by pristine single wall carbon nanotube (SWCNT). Our results show that siRNA strongly binds to SWCNT surface via unzipping its base-pairs and the propensity of unzipping increases with the increase in the diameter of the SWCNTs. T",http://arxiv.org/abs/1203.2409v1,arXiv
Nanodiamond as a vector for siRNA delivery to Ewing sarcoma cells,"Anna Alhaddad, Marie-Pierre Adam, Jacques Botsoa",arXiv,2026-10-07,"We investigated the ability of diamond nanoparticles (nanodiamonds, NDs) to deliver small interfering RNA (siRNA) in Ewing sarcoma cells, in the perspective of in vivo anti-cancer nucleic acid drug delivery. siRNA was adsorbed onto NDs previously coated with cationic polymer. Cell uptake of NDs has been demonstrated by taking advantage of NDs intrinsic fluorescence coming from embedded color cente",http://arxiv.org/abs/1106.2252v2,arXiv
Target prediction and a statistical sampling algorithm for RNA-RNA interaction,"F. W. D. Huang, J. Qin, C. M. Reidys",arXiv,2026-10-07,"It has been proven that the accessibility of the target sites has a critical influence for miRNA and siRNA. In this paper, we present a program, rip2.0, not only the energetically most favorable targets site based on the hybrid-probability, but also a statistical sampling structure to illustrate the statistical characterization and representation of the Boltzmann ensemble of RNA-RNA interaction st",http://arxiv.org/abs/0908.0597v1,arXiv
In silico evidence of the relationship between miRNAs and siRNAs,"Ludovica Montanucci, Piero Fariselli, Pier Luigi Martelli",arXiv,2026-10-07,"Both short interfering RNAs (siRNAs) and microRNAs (miRNAs) mediate the repression of specific sequences of mRNA through the RNA interference pathway. In the last years several experiments have supported the hypothesis that siRNAs and miRNAs may be functionally interchangeable, at least in cultured cells. In this work we verify that this hypothesis is also supported by a computational evidence. We",http://arxiv.org/abs/0705.2355v1,arXiv
