title,authors,journal,date,abstract,link,source
RETRACTION: ,Oncology Journal Of,Journal of oncology,2026-07-02,[This retracts the article DOI: 10.1155/2022/3472745.].,https://pubmed.ncbi.nlm.nih.gov/42389761/,PubMed
"Shao-Ma-Zhi-Jing granules alleviate Tourette Syndrome by modulating the cAMP/PI3K/AKT/NF-κB signaling pathway, T cell differentiation, microglia, and gut microbiota.","Xue Xin, Luo Lin-Ying, Wang Jing",Frontiers in physiology,2026-07-02,"Shao-Ma-Zhi-Jing Granules (SMZJ) is clinically used for Tourette syndrome (TS). This study aimed to investigate the regulatory effects of SMZJ on the immune system and gut microbiota of the 3,3'-iminodipropionitrile (IDPN)-induced TS rat model. Immune-related indicators were detected by flow cytometry, western blotting, ELISA and qRT-PCR. Gut microbiota composition was analyzed via 16S rDNA sequen",https://pubmed.ncbi.nlm.nih.gov/42389750/,PubMed
Beyond The Nucleus: Translating Engineered Protein Localization To Chromatin Modifying Enzymes.,"Hirani Zanir, Tirouvanziam Rabindra, Haynes Karmella A",Current opinion in biomedical engineering,2026-07-02,"Chromatin-modifying enzymes (CMEs) have traditionally been studied in their nuclear context for regulating gene expression. However, recent evidence points to the significant non-canonical functions that they perform in the cytoplasm, mitochondria, and plasma membrane, which can contribute to disease progression and alter cell phenotypes. This review surveys emerging engineering approaches to cont",https://pubmed.ncbi.nlm.nih.gov/42389724/,PubMed
Role and mechanism of quercetin via the TLR4/MyD88/IRAK4 signaling pathway in the treatment of allergic rhinitis.,"Kang Chenglin, Liu Jiangqi, Qiu Shuqi",Experimental and therapeutic medicine,2026-07-02,"Although quercetin has anti-allergic and anti-inflammatory properties, its role in allergic rhinitis (AR) and its potential molecular mechanism, especially whether it acts through the Toll-like receptor 4 (TLR4)/myeloid differentiation primary response 88 (MyD88)/interleukin-1 receptor-associated kinase 4 (IRAK4) signaling pathway, is currently unclear. Therefore, an ovalbumin (OVA)-induced AR mou",https://pubmed.ncbi.nlm.nih.gov/42389453/,PubMed
Human iPSCs derived from cryopreserved testicular somatic cells enable germline regeneration in childhood cancer survivors.,"Macedo Tiago, De Guidi Claudia, Nic Aodha Leah",Human reproduction open,2026-07-02,Can cryopreserved primary testicular somatic cells from childhood cancer survivors with severely decreased fertility potential be reprogrammed into human-induced pluripotent stem cells (hiPSCs) competent for efficient specification into early human germ cells? Primary testicular somatic cells from cryopreserved testicular samples with severely compromised spermatogonial pools can be reprogrammed i,https://pubmed.ncbi.nlm.nih.gov/42389191/,PubMed
BPA-induced differential methylation of the androgen receptor promoter CpG island in medaka germline and somatic cells.,"Giri Anjana, Nath Jayasree, Bhandari Ramji K",Environmental epigenetics,2026-07-02,"The androgen receptors (Ar) are fundamental mediators of androgen signaling, critical for male fertility. Environmental endocrine disruptors (EEDs) can impair male fertility; however, it remains unclear whether EED-induced fertility impairments are linked to DNA methylation alterations in the ",https://pubmed.ncbi.nlm.nih.gov/42389074/,PubMed
"Potential Anticancer Effects of Limonene Associated with Reactive Oxygen Species Generation, Apoptosis Induction, and NF-κB Modulation in Papillary Renal Cell Carcinoma: A Preliminary Study.","Ghanbari Mahshad, Deyhimfar Roham, Khatami Fatemeh",Current developments in nutrition,2026-07-02,"Tumor recurrence and progression occur in many patients with renal cell carcinoma, highlighting a clinical demand for safe and effective treatment options, particularly by employing plant-derived bioactive compounds. Limonene, an aromatic monoterpene commonly found in citrus peels, has been shown to possess anticancer effects in malignancies such as prostate and bladder cancers. This study aimed t",https://pubmed.ncbi.nlm.nih.gov/42388892/,PubMed
Large distant deletion disrupts CDKN2A enhancer and predisposes to melanoma.,"Johansson Peter A, Brooks Kelly, Palmer Jane M",medRxiv : the preprint server for health sciences,2026-07-02,Deleterious ,https://pubmed.ncbi.nlm.nih.gov/42388889/,PubMed
MCM8 variants in two patients with primary ovarian insufficiency: clinical findings and ,"Wang Fei, Zang Shaolian, Li Pin",Frontiers in endocrinology,2026-07-02,"Pediatric-onset primary ovarian insufficiency (POI) presents distinct clinical challenges, including delayed puberty or growth retardation. Previously, we reported a Chinese family with POI harboring compound heterozygous variants (p.C242R and p.S445*) in  This study describes clinical findings of pediatric-onset POI patients with compound heterozygous  HeLa cell models were used to overexpress do",https://pubmed.ncbi.nlm.nih.gov/42388858/,PubMed
16S ribosomal RNA modification drives transcript-specific translation efficiency.,"Park Zachory M, Savage Christina R, Decker-Farrell Amanda R",bioRxiv : the preprint server for biology,2026-07-02,"Bacterial ribosomal RNAs (rRNAs) are decorated with conserved nucleotide modifications, but the functionality of these modifications is often underexplored. MraW (RsmH) is a 16S rRNA methyltransferase that fine-tunes ribosomal function. We identified a loss-of-function allele in  A conserved 16S rRNA modification enhances translation of structured mRNAsEarly mRNA stem-loops impose translational co",https://pubmed.ncbi.nlm.nih.gov/42388804/,PubMed
Activation of the mRNA Decay-Associated DEAD-Box ATPase Dhh1 Requires Deadenylation and Decapping Factors.,"Braun Gabriel A, Kumar Rakesh, Hinnebusch Alan G",bioRxiv : the preprint server for biology,2026-07-02,"The DEAD-box ATPase Dhh1 (DDX6 in humans) is a general activator of 5'-3' mRNA decay that acts between the deadenylation and decapping steps of the pathway, although the exact mechanism of its action remains unclear. Dhh1 has been shown to interact with the MIF4G domain of the central scaffold protein of the Ccr4-Not deadenylase complex, Not1, as well as the decapping activator Edc3. Although stru",https://pubmed.ncbi.nlm.nih.gov/42388790/,PubMed
Mechanisms of obesogenic adipocyte signaling in mouse 3T3-L1 cells in response to plasma from C57BL/6 mice exposed to traffic-generated emissions and high-fat diet.,"Suwannasual U, Lund A K",Toxicology reports,2026-07-02,"Recent studies have demonstrated a strong correlation between exposure to traffic-generated air pollutants and the development of metabolic disorders, including obesity. We have reported that exposure to a mixture of vehicle emissions (MVE) promotes increased angiotensin II (Ang II) levels, associated with adipocyte hypertrophy and lipid accumulation in C57BL/6 mice; and this effect is further exa",https://pubmed.ncbi.nlm.nih.gov/42388457/,PubMed
A Subset of Folliculo-Stellate Cells Expresses Gpr37l1 in The Adult Rat Anterior Pituitary.,"Suzuki Taichi, Horiguchi Kotaro, Fujiwara Yoko",Acta histochemica et cytochemica,2026-07-02,"G protein-coupled receptor 37 (GPR37) and GPR37-like 1 (GPR37L1) are orphan G protein-coupled receptors enriched in the central nervous system. However, their cellular distribution in pituitary tissue remains unclear. Here, we mapped ",https://pubmed.ncbi.nlm.nih.gov/42388356/,PubMed
N,"Giri Bikash Ranjan, Zhang Zihao, Liu Lu","Research (Washington, D.C.)",2026-07-02,"Schistosomiasis, a neglected tropical disease, affects more than 250 million people worldwide. The pathology and transmission of schistosomiasis rely on the parasite's extended survival and massive egg output. While N",https://pubmed.ncbi.nlm.nih.gov/42388352/,PubMed
Biodegradable lipid nanoparticles for genome editing in the brain via intrathecal administration.,"Dong Songtao, Healy Lauren, Gong Fanglin","Materials today (Kidlington, England)",2026-07-02,"Messenger RNA (mRNA)-based nonviral delivery of gene editors offers transformative potential for therapeutic genome editing in neurological diseases, but efficient and safe delivery to the brain remains a formidable challenge due to the restrictive blood-brain barrier. Intrathecal administration provides a clinically validated route to bypass this barrier, yet the design principles for biodegradab",https://pubmed.ncbi.nlm.nih.gov/42388231/,PubMed
Epigenetic regulation of the hepcidin gene expression in hepatoma cells.,"Yasuda Akari, Hayashi Kohei, Sakota Shotaro",The FEBS journal,2026-07-02,"Hepcidin negatively regulates systemic iron levels. In response to iron overload, the bone morphogenetic protein (BMP) pathway is activated, leading to stimulation of hepcidin transcription in hepatocytes. Here, we evaluated epigenetic regulation of hepcidin expression in low-hepcidin-expressing hepatoma cell lines. The CpGs were hypomethylated at the proximal and distal regions of hepcidin promot",https://pubmed.ncbi.nlm.nih.gov/42387979/,PubMed
Generation of Regulatory T Cells Against Islet Neoantigen.,"Den Hollander Nicoline H M, Gootjes Chelsea, Staal Maurits G",European journal of immunology,2026-07-02,"Type 1 diabetes (T1D) results from T cell-mediated destruction of insulin-producing pancreatic beta-cells. Recently, the immune-provoking role of stress-related neoantigens has become evident. Neoantigens unlikely contribute to central tolerance and therefore hold strong immunogenic potential, but their role in peripheral immune regulation is unknown. Here, we sought proof of concept that Tregs ca",https://pubmed.ncbi.nlm.nih.gov/42387939/,PubMed
The Full Genomic Sequence of the HLA-DQB1*06:524 Allele Identified Using PacBio Sequencing.,"Li Zhiling, Hu Shasha, Yang Shuo",HLA,2026-07-02,We report the full genomic sequence of the HLA-DQB1*06:524 allele.,https://pubmed.ncbi.nlm.nih.gov/42387876/,PubMed
Integrative Identification of Anti-Photoaging Peptides From Stress-Tolerant Microorganisms via Machine Learning and KEAP1-NRF2 Docking.,"Lee Hanui, Jeong Gyeong Han, Choi Ji Wan",Journal of peptide science : an official publication of the European Peptide Society,2026-07-02,Excess reactive oxygen species generated by ultraviolet exposure cause photoaging by degrading collagen and inhibiting its synthesis. This study presents a comprehensive strategy connecting the biological stress responses of γ-irradiated microorganisms to the discovery of novel anti-photoaging peptides. We profiled the radiation-regulated transcriptomes of Deinococcus radiodurans and Cryptococcus ,https://pubmed.ncbi.nlm.nih.gov/42387605/,PubMed
Energy-efficient codon optimization on thermodynamic hardware,"Andraz Jelincic, Ross C. Walker",arXiv,2026-07-02,"The growing energy demand for computation is becoming increasingly unsustainable. Thermodynamic computing, which harnesses physical thermal fluctuations as a computational resource rather than suppressing them, offers orders-of-magnitude energy savings for probabilistic and combinatorial tasks. Pharmaceutical R&D, heavily reliant on computational optimization and sampling, is a natural application",http://arxiv.org/abs/2606.17327v1,arXiv
mRNAutilus: Multi-Objective-Guided Discrete Generation of mRNA with Optimized Therapeutic Properties,"Sawan Patel, Sophia Tang, Yesol Kim",arXiv,2026-07-02,"Therapeutic mRNA design requires coordinating multiple interacting sequence features across the full transcript, where codon usage, untranslated regions (UTRs), and their coupling jointly determine stability, translation efficiency, and protein expression. Here, we present mRNA generation via unrolled trajectories and informed latent updates (mRNAutilus), a framework for simultaneous codon optimiz",http://arxiv.org/abs/2605.31296v1,arXiv
Sampling-based Continuous Optimization for Messenger RNA Design,"Feipeng Yue, Ning Dai, Wei Yu Tang",arXiv,2026-07-02,"Designing messenger RNA (mRNA) sequences for a fixed target protein requires searching an exponentially large synonymous space while optimizing properties that affect stability and downstream performance. This is challenging because practical mRNA design involves multiple coupled objectives beyond classical folding criteria, and different applications prefer different trade-offs. We propose a gene",http://arxiv.org/abs/2603.06559v1,arXiv
Drug-like antibodies with low immunogenicity in human panels designed with Latent-X2," Latent Labs Team, Henry Kenlay, Daniella Pretorius",arXiv,2026-07-02,"Drug discovery has long sought computational systems capable of designing drug-like molecules directly: developable and non-immunogenic from the start. Here we introduce Latent-X2, a frontier generative model that achieves this goal through zero-shot design of antibodies with strong binding affinities, drug-like properties, and, for the first time for any de novo generated antibody, confirmed low ",http://arxiv.org/abs/2512.20263v1,arXiv
"RNAGenScape: Property-Guided, Optimized Generation of mRNA Sequences with Manifold Langevin Dynamics","Danqi Liao, Chen Liu, Xingzhi Sun",arXiv,2026-07-02,"Generating property-optimized mRNA sequences is central to applications such as vaccine design and protein replacement therapy, but remains challenging due to limited data, complex sequence-function relationships, and the narrow space of biologically viable sequences. Generative methods that drift away from the data manifold can yield sequences that fail to fold, translate poorly, or are otherwise",http://arxiv.org/abs/2510.24736v3,arXiv
Yeast growth is controlled by the proportional scaling of mRNA and ribosome concentrations,"Xin Gao, Michael Lanz, Rosslyn Grosely",arXiv,2026-07-02,"Despite growth being fundamental to all aspects of cell biology, we do not yet know its organizing principles in eukaryotic cells. Classic models derived from the bacteria E. coli posit that protein-synthesis rates are set by mass-action collisions between charged tRNAs produced by metabolic enzymes and mRNA-bound ribosomes. These models show that faster growth is achieved by simultaneously raisin",http://arxiv.org/abs/2508.14997v1,arXiv
mRNA Folding Algorithms for Structure and Codon Optimization,"Max Ward, Mary Richardson, Mihir Metkar",arXiv,2026-07-02,"mRNA technology has revolutionized vaccine development, protein replacement therapies, and cancer immunotherapies, offering rapid production and precise control over sequence and efficacy. However, the inherent instability of mRNA poses significant challenges for drug storage and distribution, particularly in resource-limited regions. Co-optimizing RNA structure and codon choice has emerged as a p",http://arxiv.org/abs/2503.19273v1,arXiv
Generative Model for Synthesizing Ionizable Lipids: A Monte Carlo Tree Search Approach,"Jingyi Zhao, Yuxuan Ou, Austin Tripp",arXiv,2026-07-02,"Ionizable lipids are essential in developing lipid nanoparticles (LNPs) for effective messenger RNA (mRNA) delivery. While traditional methods for designing new ionizable lipids are typically time-consuming, deep generative models have emerged as a powerful solution, significantly accelerating the molecular discovery process. However, a practical challenge arises as the molecular structures genera",http://arxiv.org/abs/2412.00807v1,arXiv
Machine learning framework to predict the performance of lipid nanoparticles for nucleic acid delivery,"Gaurav Kumar, Arezoo M. Ardekani",arXiv,2026-07-02,"Lipid nanoparticles (LNPs) are highly effective carriers for gene therapies, including mRNA and siRNA delivery, due to their ability to transport nucleic acids across biological membranes, low cytotoxicity, improved pharmacokinetics, and scalability. A typical approach to formulate LNPs is to establish a quantitative structure-activity relationship (QSAR) between their compositions and in vitro/in",http://arxiv.org/abs/2411.14293v1,arXiv
Joint Design of 5' Untranslated Region and Coding Sequence of mRNA,"Yang Liu, Jie Gao, Xiaonan Zhang",arXiv,2026-07-02,"Messenger RNA (mRNA) vaccines and therapeutics are emerging as powerful tools against a variety of diseases, including infectious diseases and cancer. The design of mRNA molecules, particularly the untranslated region (UTR) and coding sequence (CDS) is crucial for optimizing translation efficiency and stability. Current design approaches generally focus solely on either the 5' UTR or the CDS, whic",http://arxiv.org/abs/2410.20781v1,arXiv
Bacterial stress granule protects mRNA through ribonucleases exclusion,"Linsen Pei, Yujia Xian, Xiaodan Yan",arXiv,2026-07-02,"Membraneless droplets formed through liquid-liquid phase separation (LLPS) play a crucial role in mRNA storage, enabling organisms to swiftly respond to environmental changes. However, the mechanisms underlying mRNA integration and protection within droplets remain unclear. Here, we unravel the role of bacterial aggresomes as stress granules (SGs) in safeguarding mRNA during stress. We discovered ",http://arxiv.org/abs/2404.17873v2,arXiv
"Hypolipidemic effect of brown seaweed (Sargassum crassifolium) extract in vivo (Study of histopathology, mRNA expression, and immunohistochemistry (IHC) with VCAM-1, ICAM-1, and MCP-1 parameters)","Sarah Zaidan, Syamsudin Abdillah, Nur Arfian",arXiv,2026-07-02,The purpose of this study was to obtain natural drugs from brown seaweed (Sargassum crassifolium) as antiatherosclerosis candidates through the study of hypolipidemic mechanisms of action. Modeling of dyslipidemia rats was carried out by feeding high-fat (HFF) and doses of crude fucoidan 100. 200. 400mg / KgBB. in both treatments measured blood lipid profile levels taken from the orbital sinuses. ,http://arxiv.org/abs/2402.07497v1,arXiv
Machine Learning Modeling Of SiRNA Structure-Potency Relationship With Applications Against Sars-Cov-2 Spike Gene,Damilola Oshunyinka,arXiv,2026-07-02,"The pharmaceutical Research and development (R&D) process is lengthy and costly, taking nearly a decade to bring a new drug to the market. However, advancements in biotechnology, computational methods, and machine learning algorithms have the potential to revolutionize drug discovery, speeding up the process and improving patient outcomes. The COVID-19 pandemic has further accelerated and deepened",http://arxiv.org/abs/2401.12232v1,arXiv
Messenger RNA Design via Expected Partition Function and Continuous Optimization,"Ning Dai, Wei Yu Tang, Tianshuo Zhou",arXiv,2026-07-02,"The tasks of designing RNAs are discrete optimization problems, and several versions of these problems are NP-hard. As an alternative to commonly used local search methods, we formulate these problems as continuous optimization and develop a general framework for this optimization based on a generalization of classical partition function which we call ""expected partition function"". The basic idea ",http://arxiv.org/abs/2401.00037v2,arXiv
Machine Learning-guided Lipid Nanoparticle Design for mRNA Delivery,"Daisy Yi Ding, Yuhui Zhang, Yuan Jia",arXiv,2026-07-02,"While RNA technologies hold immense therapeutic potential in a range of applications from vaccination to gene editing, the broad implementation of these technologies is hindered by the challenge of delivering these agents effectively. Lipid nanoparticles have emerged as one of the most widely used delivery agents, but their design optimization relies on laborious and costly experimental methods. W",http://arxiv.org/abs/2308.01402v2,arXiv
Corrected Hill Function in Stochastic Gene Regulatory Networks,"Manuel Eduardo Hernández-García, Jorge Velázquez-Castro",arXiv,2026-07-02,"Describing reaction rates in stochastic bio-circuits is commonly done by directly introducing the deterministically deduced Hill function into the master equation. However, when fluctuations in enzymatic reaction rates are not neglectable, the Hill function must be derived, considering all the involved stochastic reactions. In this work, we derived the stochastic version of the Hill function from ",http://arxiv.org/abs/2307.03057v4,arXiv
Stochastic dynamics and ribosome-RNAP interactions in Transcription-Translation Coupling,"Xiangting Li, Tom Chou",arXiv,2026-07-02,"Under certain cellular conditions, transcription and mRNA translation in prokaryotes appear to be ""coupled,"" in which the formation of mRNA transcript and production of its associated protein are temporally correlated. Such transcription-translation coupling (TTC) has been evoked as a mechanism that speeds up the overall process, provides protection during the transcription, and/or regulates the t",http://arxiv.org/abs/2207.04568v1,arXiv
Coronavirus RNA Sensor Using Single-Stranded DNA Bonded to Sub-Percolated Gold Films on Monolayer Graphene Field-Effect Transistors,"Nicholas E. Fuhr, Mohamed Azize, David J. Bishop",arXiv,2026-07-02,"Electrical detection of messenger ribonucleic acid (mRNA) is a promising approach to enhancing transcriptomics and disease diagnostics because of its sensitivity, rapidity, and modularity. Reported here is a fast SARS-CoV-2 mRNA biosensor (<1 minute) with a limit of detection of 1 aM, and dynamic range of 4 orders of magnitude and a linear sensitivity of 22 mV per molar decade. These figures of me",http://arxiv.org/abs/2205.05143v1,arXiv
Deep learning models for predicting RNA degradation via dual crowdsourcing,"Hannah K. Wayment-Steele, Wipapat Kladwang, Andrew M. Watkins",arXiv,2026-07-02,"Messenger RNA-based medicines hold immense potential, as evidenced by their rapid deployment as COVID-19 vaccines. However, worldwide distribution of mRNA molecules has been limited by their thermostability, which is fundamentally limited by the intrinsic instability of RNA molecules to a chemical degradation reaction called in-line hydrolysis. Predicting the degradation of an RNA molecule is a ke",http://arxiv.org/abs/2110.07531v2,arXiv
Coagulapathies after vaccination against SARS-CoV-2 may be derived from a combination effect of SARS-CoV-2 spike protein and adenovirus vector-triggered signaling pathways,Ralf Kircheis,arXiv,2026-07-02,"The novel coronavirus SARS-CoV-2 has resulted in a global pandemic with worldwide 6-digital infection rates and thousands death tolls daily. Enormeous effords are undertaken to achieve high coverage of immunization in order to reach herd immunity to stop spreading of SARS-CoV-2 infection. Several SARS-CoV-2 vaccines, based either on mRNA, viral vectors, or inactivated SARS-CoV-2 virus have been ap",http://arxiv.org/abs/2109.00089v1,arXiv
A class of deep intronic ,"Silverstein Sarah, Nguyen Andrew D, Orbach Rotem",medRxiv : the preprint server for health sciences,2026-07-02,Biallelic disease-causing variants in  Intron 8 of ,https://pubmed.ncbi.nlm.nih.gov/42388886/,PubMed
AAV-Delivered RNAi Targeting Mutant LDB3 Prevents and Reverses Myofibrillar Myopathy through Mechanosignaling Restoration.,"Pathak Pankaj, Palmeri Jessica, Hale Jessica",bioRxiv : the preprint server for biology,2026-07-02,"The autosomal dominant p.Ala165Val mutation in LIM Domain Binding Protein 3 (LDB3) causes myofibrillar myopathy marked by Z-disc disruption, accumulation of filamin-C (FLNc) and chaperone proteins, and progressive muscle weakness. We previously showed that this mutation interferes with the LDB3-protein kinase C alpha (PKCα)-FLNc mechanosensing axis and impairs chaperone-assisted selective autophag",https://pubmed.ncbi.nlm.nih.gov/42388791/,PubMed
Identification of long non-coding RNAs involved in leukemogenesis and venetoclax response in acute myeloid leukemia through functional CRISPR-dCas9 interference screens.,"Cozzi Elisabetta, Neddermeyer Anne, Miliara Sophia",Non-coding RNA research,2026-07-02,"Acute myeloid leukemia (AML) is a malignant hematologic disease with poor prognosis, and improved understanding of its biology is critical for patient outcomes. While protein-coding genes in AML are well characterized, the role of long non-coding RNAs (lncRNAs) remains largely unexplored. Here, we investigated how lncRNAs contribute to AML biology and treatment resistance. Three high-throughput ln",https://pubmed.ncbi.nlm.nih.gov/42388349/,PubMed
Insect phototransduction: illuminating pathways to precision Pest management.,"Chai Shuxin, Chen Yuwen, Pan Xingrun",Pest management science,2026-07-02,"Insects rely on their visual systems to perform critical behaviors such as host location and phototaxis, and phototransduction, the conversion of photons into electrical signals, constitutes the core mechanism underlying visual function. Most research focuses on model insects like fruit flies, while common agricultural pests remain underexplored. This review integrates current knowledge of insect ",https://pubmed.ncbi.nlm.nih.gov/42387629/,PubMed
KIAA0101 in human cancers: From biomarker discovery to therapeutic targeting.,"Cao He, Yang Shanshan, Sun Wenjia",Biochimica et biophysica acta. Reviews on cancer,2026-07-02,"KIAA0101, also known as proliferating cell nuclear antigen (PCNA) clamp-associated factor (PCLAF), is a small PCNA-interacting protein linking DNA replication, DNA damage tolerance, cell-cycle progression, and genome maintenance. Aberrant KIAA0101 expression occurs across multiple human malignancies and is frequently associated with aggressive clinicopathological features, therapy resistance, and ",https://pubmed.ncbi.nlm.nih.gov/42385916/,PubMed
PyWRKY48 directly activates PyMTP10 to confer cadmium tolerance and accumulation in poplar.,"Chen Xiaoxi, Liu Meng, Yang Jie",Tree physiology,2026-07-02,"Cadmium (Cd) contamination is a major environmental concern that threatens plant growth and human health. Poplar (Populus spp.) is a promising candidate for phytoremediation due to its high biomass, extensive root system, and strong capacity for heavy metal tolerance and accumulation. Here, transcriptomic profiling identified PyMTP10 as a critical metal tolerance protein gene that was activated by",https://pubmed.ncbi.nlm.nih.gov/42384935/,PubMed
Partial Depletion of SART1 Selectively Induces Mitotic Defects and Cell Death in Cancer Cells.,"Yokoyama Hideki, Akatsu Saito, Hayakawa Kotaro",Genes to cells : devoted to molecular & cellular mechanisms,2026-07-02,"Cancer cells proliferate uncontrollably, and a major challenge in cancer research is to identify strategies that selectively eliminate cancer cells while sparing normal cells. Squamous cell carcinoma antigen recognized by T cells 1 (SART1) was originally identified as a carcinoma-associated antigen and is frequently overexpressed in cancer cells. Recently, SART1 has been identified as a microtubul",https://pubmed.ncbi.nlm.nih.gov/42383300/,PubMed
Neutrophil membrane-mediated biomimetic nanoparticle for co-delivery of icariin and siORMDL3 attenuates asthma exacerbated by respiratory syncytial virus.,"Zhang Xudong, Luan Ting, Zhao Chenyu",Journal of nanobiotechnology,2026-07-02,"Asthma is a chronic inflammatory disorder, and respiratory syncytial virus (RSV) is a major trigger of asthma exacerbation. This study aimed to improve therapeutic efficacy against RSV-exacerbated asthma using neutrophil membrane (NM)-coated nanoparticles (NPs) for co-delivery of orosomucoid-like 3 (ORMDL3)-targeting small interfering RNA (siRNA) and icariin. A biomimetic dual-drug delivery system",https://pubmed.ncbi.nlm.nih.gov/42381004/,PubMed
Lineage-restricted dependency on an oncofetal SNHG29-IGF2BP1 RNA axis in acute megakaryoblastic leukemia.,"Winkler Robert, Griesler Bruno, Sippl Wolfgang",Leukemia,2026-07-02,"Acute megakaryoblastic leukemia (AMKL) is a rare, aggressive subtype of acute myeloid leukemia with developmental origins in early childhood. To uncover long noncoding RNAs (lncRNAs) sustaining this high-risk malignancy, we conducted CRISPR interference screens targeting lncRNAs overexpressed in primary AMKL samples. This analysis identified SNHG29 as a previously unrecognized lineage-specific dep",https://pubmed.ncbi.nlm.nih.gov/42380666/,PubMed
Advancements in RNA-based therapies from bench to bedside.,"Singh Amrita, Tekade Muktika, Nagaraja Sreeharsha",npj drug discovery,2026-07-02,"RNA research has advanced rapidly, becoming a key component of modern therapeutics. This review outlines key milestones and innovations from antisense oligonucleotides and RNA interference to mRNA therapies and aptamers that have enabled targeted treatments for diverse diseases. The success of COVID-19 mRNA vaccines highlighted the remarkable clinical potential of RNA-based technologies. Emphasis ",https://pubmed.ncbi.nlm.nih.gov/42380588/,PubMed
Metabolic inhibition of glutamate-cysteine ligase increases dendritic cell-mediated antitumor immunity in melanoma.,"Dieckmann Sophie Marie, Tripp Christoph H, Strandt Helen",Journal for immunotherapy of cancer,2026-07-02,"Metabolic competition and nutrient restriction in the tumor microenvironment (TME) shape the immune infiltrate in tumors and subsequently tumor immunity. In this study we used the transgenic melanoma mouse model tg(Grm1)EPv, which spontaneously develops melanoma due to the ectopic expression of the metabotropic glutamate receptor 1 ( We performed liquid chromatography-tandem mass spectrometry (LC-",https://pubmed.ncbi.nlm.nih.gov/42379703/,PubMed
Long-term antigen reduction does not achieve durable HBV control in mice but enhances therapeutic vaccine efficacy.,"Michler Thomas, Kosinska Anna, Merdan Osman",JHEP reports : innovation in hepatology,2026-07-02,"Chronic hepatitis B virus (HBV) infection has an increasing death toll, but curative therapies are lacking. The study aimed to determine whether long-term suppression of viral antigens using RNA interference restores HBV-specific immunity and achieves durable virus control, and how long HBV antigens must be suppressed to enable therapeutic vaccination to restore immunity. HBV-transgenic or AAV-HBV",https://pubmed.ncbi.nlm.nih.gov/42379305/,PubMed
Dual-engine amplification: Integrating catalytic hairpin assembly with CRISPR-Cas12a for ultrasensitive point-of-care testing of Chikungunya virus RNA.,"Chen Yafang, Liu Sicong, Yuan Ziwen",Talanta,2026-07-02,"Chikungunya virus (CHIKV) has emerged as a globally important arthropod-borne pathogen with rapid geographical expansion, urging high-performance yet simple diagnostic tools. Herein, we develop an isothermal dual-engine amplification biosensor by integrating catalytic hairpin assembly (CHA) with CRISPR-Cas12a for ultrasensitive and rapid detection of CHIKV RNA. This strategy combines the enzyme-fr",https://pubmed.ncbi.nlm.nih.gov/42379036/,PubMed
ChSCL9 negatively regulates citric acid accumulation via repressing PH4-PH5 module in kumquat.,"Sun Juan, Zhao Anqi, Lu Zhihao",Plant physiology,2026-07-02,"Citric acid is the major organic acid affecting citrus fruit taste, which varies widely in the citrus family. An acidless kumquat, a small-fruited citrus species (Citrus crassifolia), has been developed and has become popular on the market. To investigate the molecular basis of the acidless phenotype in Huapi (HP) kumquat, it was crossed with early-flowering, high-acid Hong Kong (HK) kumquat to ge",https://pubmed.ncbi.nlm.nih.gov/42378656/,PubMed
Delta-Class Glutathione S-Transferase Modulates the Susceptibility of Myzus persicae to λ-Cyhalothrin.,"Shen Wang-Xi, Yu Jia-Min, Liu Xin-Yi",Archives of insect biochemistry and physiology,2026-07-02,"Glutathione S-transferases (GSTs) constitute a critical enzyme superfamily responsible for xenobiotic detoxification in insects. The green peach aphid, Myzus persicae, is a globally significant agricultural pest that has exhibited declining field susceptibility to λ-cyhalothrin (LCT), a widely applied pyrethroid insecticide. While elevated GST activity has been correlated with LCT tolerance in var",https://pubmed.ncbi.nlm.nih.gov/42378389/,PubMed
"Molecular links between reelin downregulation, topoisomerase IIβ alterations, and proteins involved in Alzheimer pathology in human SH-SY5Y neuroblastoma cell line.","Terzioglu-Usak Sule, Zaim Merve, Beker Merve",Experimental brain research,2026-07-02,"Reelin signaling regulates multiple pathways in neurodegenerative conditions, including neuronal migration, synaptic plasticity, tau phosphorylation, and amyloidogenic processing of amyloid precursor protein (APP). This study aimed to investigate the impact of reelin downregulation on the expression of topoisomerase IIβ (topo IIβ), given its crucial role in neuronal differentiation and its establi",https://pubmed.ncbi.nlm.nih.gov/42377581/,PubMed
Working So Hard: Double-Stranded RNAs That Can Perform Both Gene Activation and Gene Silencing.,"Chiu Virginia Wing-Nam, Hammill Matthew Lawrence, Elabed Marwah",Chembiochem : a European journal of chemical biology,2026-07-02,"Double-stranded RNAs (dsRNAs) are powerful tools with therapeutic potential because they can upregulate or downregulate proteins of interest within biological systems. Small activating RNAs (saRNAs) are a type of dsRNA, identical in structure and composition to small interfering RNAs (siRNAs). We previously observed that RNA duplexes with modifications such as 2'-O-methyl (2'-O-Me), 2'-fluoro (2'-",https://pubmed.ncbi.nlm.nih.gov/42376686/,PubMed
A transgenic rotifer-based RNA interference approach for antiviral protection against ,"Ge Ming, Xu Fang, Tan Jinrui",Frontiers in microbiology,2026-07-02,"Viral diseases inflict severe economic losses on global aquaculture, driving the urgent need for sustainable and effective disease management strategies. In this study, we developed a feeding-based RNA interference (RNAi) strategy, utilizing the rotifer ",https://pubmed.ncbi.nlm.nih.gov/42376576/,PubMed
RNAi-based functional genomics tools for the beet leafhopper using microinjection and nanoparticle-based topical spray.,"Han Jinlong, Alonzo Maria Paula Mejia, Cui Meihua",Insect science,2026-07-02,"The beet leafhopper (BLH), Neoaliturus tenellus, is a major agricultural pest and vector of beet curly top virus (BCTV), a pathogen responsible for severe economic losses in vegetable and field crops in the Western U.S. Despite its economic importance, the genetic basis of BLH survival, reproduction, and virus-vector interactions remains unexplored mainly due to the lack of functional genomics too",https://pubmed.ncbi.nlm.nih.gov/42374844/,PubMed
Retraction Note: Targeting 17q23 amplicon to overcome the resistance to anti-HER2 therapy in HER2+ breast cancer.,"Liu Yunhua, Xu Jiangsheng, Choi Hyun Ho",Nature communications,2026-07-02,,https://pubmed.ncbi.nlm.nih.gov/42373631/,PubMed
Bayesian Sampling of Structural Ensembles: The Role of Ensemble-Counting Measures,"Ivan Gilardoni, Giovanni Bussi",arXiv,2026-07-02,"Structural ensemble refinement is widely used to integrate molecular simulations with experimental measurements. While most applications focus on the maximum-a-posteriori (MAP) ensemble, Bayesian sampling of the posterior distribution can provide uncertainty estimates and posterior averages for arbitrary observables. A notable step in this direction was introduced by the Bayesian Energy Landscape ",http://arxiv.org/abs/2606.18495v1,arXiv
MultiMolecule: a modular ecosystem for biomolecular sequence-model workflows,Zhiyuan Chen,arXiv,2026-07-02,"Biomolecular sequence models are increasingly reused outside the studies in which they were introduced, but public checkpoints rarely preserve the execution context needed to inspect source-defined behavior, adapt models to new assays, compare models under shared task definitions or deploy biological predictions. MultiMolecule is an open-source Python ecosystem that turns heterogeneous RNA, DNA an",http://arxiv.org/abs/2606.16540v1,arXiv
The Montparnasse Algorithm for RNA Design,Tristan Cazenave,arXiv,2026-07-02,"RNA design consists of discovering a nucleotide sequence that optimizes predefined criteria, such as secondary structure. It is useful for synthetic biology, medicine, and nanotechnology. We propose Montparnasse, a Monte Carlo search framework based on Generalized Nested Rollout Policy Adaptation, augmented with a problem-specific prior, slow and long adaptation at level 1, and a lexicographic mul",http://arxiv.org/abs/2606.07562v1,arXiv
Multimodal Alignment and Preference Optimization for Zero-Shot Conditional RNA Generation,"Roman Klypa, Alberto Bietti, Sergei Grudinin",arXiv,2026-07-02,"The design of RNA molecules that interact with specific proteins is a critical challenge in experimental and computational biology. Despite recent progress in natural language modeling and deep learning-based protein design, there remains significant room to improve the frequency of successful interactions and the authenticity of generated sequences for functional applications. In this work, we fr",http://arxiv.org/abs/2605.23961v1,arXiv
"GoForth: Language Models for RNA Design under Structure, Sequence, and Coding Constraints",Michael Lindsey,arXiv,2026-07-02,"RNA inverse sequence design has broad biological and engineering applications, but computational methods for practical design queries remain limited. Such queries may impose several constraints at once, including target folds or motifs, fixed bases, and coding restrictions, while leaving arbitrary sequence and structure in unspecified regions. Because these constraints may permit many acceptable s",http://arxiv.org/abs/2605.07608v1,arXiv
Bayesian Rate Inference for Sequence Motif Dynamics in Systems of Reactive Nucleic Acids,"Johannes Harth-Kitzerow, Ulrich Gerland, Torsten A. Enßlin",arXiv,2026-07-02,"The RNA world hypothesis suggests a pathway of how life emerged on early earth. It assumes that life started with RNA based systems, capable of storing, transmitting and replicating information, envisioning that monomers and short RNA oligomers interact to form longer strands, eventually becoming catalytically active ribozymes. Key reactions in RNA pools are hybridization, dehybridization, templat",http://arxiv.org/abs/2604.25701v2,arXiv
VARIANT: Web Server for Decoding and Analyzing Viral Mutations at Genome and Protein Levels,"Rui Wang, Xuhang Dai, Xin Cao",arXiv,2026-07-02,"A comprehensive analysis of viral mutations is essential for understanding viral evolution, disease epidemiology, diagnosis, drug resistance, etc. However, challenges remain in capturing complex mutation patterns and supporting diverse viral families with varying genome architectures. To address these needs, we present VARIANT, an web server for mutational analysis of RNA viral genomes and associa",http://arxiv.org/abs/2604.20942v1,arXiv
Interfacial Potential Transduction for Diagnostics,"Hyun-June Jang, Peuli Nath, Yuqin Wang",arXiv,2026-07-02,"A major barrier to decentralized, near-patient diagnostics is the lack of a signal transduction modality that is both analytically precise and accessible at the point of care. Optical readouts remain instrument-dependent and difficult to miniaturize, while compact electrochemical readouts are prone to matrix-derived signal distortion, limiting their biomarker coverage in real clinical settings. He",http://arxiv.org/abs/2603.23775v1,arXiv
ZeroFold: Protein-RNA Binding Affinity Predictions from Pre-Structural Embeddings,"Josef Hanke, Sebastian Pujalte Ojeda, Shengyu Zhang",arXiv,2026-07-02,"The accurate prediction of protein-RNA binding affinity remains an unsolved problem in structural biology, limiting opportunities in understanding gene regulation and designing RNA-targeting therapeutics. A central obstacle is the structural flexibility of RNA, as, unlike proteins, RNA molecules exist as dynamic conformational ensembles. Thus, committing to a single predicted structure discards in",http://arxiv.org/abs/2603.23583v1,arXiv
Computational modeling of RNA-protein binding interactions under an external force,"Danielle Wampler, Ralf Bundschuh",arXiv,2026-07-02,"RNA binding proteins play a crucial role in post-transcriptional gene regulation by controlling the transport, processing, and translation of their target RNAs. Post-transcriptional gene regulation leads to the differential expression of genetic material and loss of regulation or over-regulation relates to a large range of cancers and diseases - many of which have directly been associated with RNA",http://arxiv.org/abs/2603.22269v1,arXiv
Fair splits flip the leaderboard: CHANRG reveals limited generalization in RNA secondary-structure prediction,"Zhiyuan Chen, Zhenfeng Deng, Pan Deng",arXiv,2026-07-02,"Accurate prediction of RNA secondary structure underpins transcriptome annotation, mechanistic analysis of non-coding RNAs, and RNA therapeutic design. Recent gains from deep learning and RNA foundation models are difficult to interpret because current benchmarks may overestimate generalization across RNA families. We present the Comprehensive Hierarchical Annotation of Non-coding RNA Groups (CHAN",http://arxiv.org/abs/2603.22330v1,arXiv
Reverse Distillation: Consistently Scaling Protein Language Model Representations,"Darius Catrina, Christian Bepler, Samuel Sledzieski",arXiv,2026-07-02,"Unlike the predictable scaling laws in natural language processing and computer vision, protein language models (PLMs) scale poorly: for many tasks, models within the same family plateau or even decrease in performance, with mid-sized models often outperforming the largest in the family. We introduce Reverse Distillation, a principled framework that decomposes large PLM representations into orthog",http://arxiv.org/abs/2603.07710v1,arXiv
Fast and Versatile RNA Design via Motif-level Divide-and-Conquer and Structure-level Rival Search,"Tianshuo Zhou, David H. Mathews, Liang Huang",arXiv,2026-07-02,"RNA design aims to identify RNA sequences that fold into a target secondary structure. This task is challenging in terms of computational efficiency. Most existing methods focus on either minimum free energy (MFE)-based or ensemble-based metrics, leaving a gap for a unified approach that performs well across both. We introduce a fast and versatile RNA design algorithm inspired by our previous work",http://arxiv.org/abs/2603.02283v1,arXiv
CryoNet.Refine: A One-step Diffusion Model for Rapid Refinement of Structural Models with Cryo-EM Density Map Restraints,"Fuyao Huang, Xiaozhu Yu, Kui Xu",arXiv,2026-07-02,"High-resolution structure determination by cryo-electron microscopy (cryo-EM) requires the accurate fitting of an atomic model into an experimental density map. Traditional refinement pipelines such as Phenix.real_space_refine and Rosetta are computationally expensive, demand extensive manual tuning, and present a significant bottleneck for researchers. We present CryoNet.Refine, an end-to-end dee",http://arxiv.org/abs/2602.22263v2,arXiv
CPTCs Drive Somatic-Visceral Communication via the Wnt Axis in Somatic Mechanotherapy: A Single-Cell Deep Learning Study,"Haixiang Huang, Zhenwei Zhang, BingBing Shen",arXiv,2026-07-02,"Somatic mechanical stimulation (e.g., acupuncture) exerts systemic immunomodulatory effects, yet the cellular bridge translating peripheral physical force into visceral repair remains elusive. Here, employing a custom interpretable deep learning framework (CARSS) on single-cell RNA sequencing data, we identify CD34$^{+}$PDGFR$α$$^{+}$ telocytes (CPTCs) as the primary mechanosensors in both fascia ",http://arxiv.org/abs/2602.05451v2,arXiv
Tensor-DTI: Enhancing Biomolecular Interaction Prediction with Contrastive Embedding Learning,"Manel Gil-Sorribes, Júlia Vilalta-Mor, Isaac Filella-Mercè",arXiv,2026-07-02,"Accurate drug-target interaction (DTI) prediction is essential for computational drug discovery, yet existing models often rely on single-modality predefined molecular descriptors or sequence-based embeddings with limited representativeness. We propose Tensor-DTI, a contrastive learning framework that integrates multimodal embeddings from molecular graphs, protein language models, and binding-site",http://arxiv.org/abs/2601.05792v1,arXiv
MERGE-RNA: a physics-based model to predict RNA secondary structure ensembles with chemical probing,"Giuseppe Sacco, Jianhui Li, Redmond P. Smyth",arXiv,2026-07-02,"RNA function is tied to secondary structure, operating through dynamic and heterogeneous structural ensembles. While current analysis tools typically output single static structures or averaged contact maps, chemical probing methods like DMS capture nucleotide-resolution signals representing the full structural ensemble, which remain difficult to interpret structurally. To address this, we present",http://arxiv.org/abs/2512.20581v3,arXiv
Methods for Analyzing RNA Pseudoknots via Chord Diagrams and Intersection Graphs,"Rayan Ibrahim, Allison H. Moore",arXiv,2026-07-02,"RNA molecules are known to form complex secondary structures including pseudoknots. A systematic framework for the enumeration, classification and prediction of secondary structures is critical to determine the biological significance of the molecular configurations of RNA. Chord diagrams are mathematical objects widely used to represent RNA secondary structures and to analyze structural motifs, h",http://arxiv.org/abs/2512.19939v1,arXiv
Machine learning for RNA-targeting drug design,"Wissam Karroucha, Carlos Oliver, Veronique Stoven",arXiv,2026-07-02,"Targeting RNA with small molecules offers significant therapeutic potential.
  Machine learning could substantially accelerate preclinical drug discovery, from hit identification to lead optimization.
  Yet a fundamental limitation emerges: drug design machine learning models, tailored for proteins, are not readily applicable to RNAs because of fundamental differences between RNAs and proteins in ",http://arxiv.org/abs/2512.15645v1,arXiv
Emerging roles of the long non-coding RNAs MALAT1 and TUG1 during differentiation of adipose tissue-derived mesenchymal stem cells towards insulin-producing cells.,"Sanad Eman F, Saad Alaa Ahmed, Rafeek Joy",Stem cell research & therapy,2026-07-02,"Generation of insulin-producing cells (IPCs) from stem cells provides great hope for patients with diabetes mellitus (DM). Long non-coding RNAs (lncRNAs) ignited much interest regarding their role in determining the fate of stem cells. The lncRNAs MALAT1 and TUG1 have been reported to be interrelated with β-cell dysfunction and/or DM. However, their role during generation of IPCs from stem cells h",https://pubmed.ncbi.nlm.nih.gov/42387613/,PubMed
LFPM inhibition of RING1-mediated p53,"Li Xingkai, Wang Bing, Wang Zhen",Cell death and differentiation,2026-07-02,The p53,https://pubmed.ncbi.nlm.nih.gov/42387064/,PubMed
"Long Non-Coding RNAs in Triple-Negative Breast Cancer: Emerging Drivers of Tumor Biology, Prognosis, and Drug Resistance.","Piccolo Franciska, Bagni Giacomo, Arcangeli Annarosa",Critical reviews in oncology/hematology,2026-07-02,"Triple-negative breast cancer (TNBC) represents a highly aggressive and therapeutically challenging subtype of breast cancer, characterized by the absence of estrogen receptor, progesterone receptor and HER2 expression. Recent advances in transcriptomics have highlighted the pivotal role of long non-coding RNAs (lncRNAs) in the regulation of gene expression, tumor progression and therapeutic resis",https://pubmed.ncbi.nlm.nih.gov/42386137/,PubMed
Sevoflurane preconditioning alleviates hypoxia-reoxygenation-induced myocardial injury via regulating the MIR210HG/miR-377-3p/PUM2 axis.,"Gan Lu, Du Xiaobing, Lu Lu",Archives of biochemistry and biophysics,2026-07-02,"Sevoflurane preconditioning (SPC) is a common protective strategy against myocardial ischemia-reperfusion injury (MI/RI). MIR210HG is a hypoxia-induced long non-coding RNA and involves multiple molecular pathways. The study investigated the role of MIR210HG in the improvement of MI/RI by SPC. In vitro, AC16 cells underwent hypoxia-reoxygenation (H/R). Cell viability was tested via CCK-8. Inflammat",https://pubmed.ncbi.nlm.nih.gov/42385928/,PubMed
Integrated Whole-Transcriptome Analysis Reveals ceRNA Network Dysregulation underlying Methcathinone-induced Synaptic Damage and Cognitive Impairment.,"Zhou Rukui, Xu Chunming, Chen Zhe",Food and chemical toxicology : an international journal published for the British Industrial Biological Research Association,2026-07-02,"Methcathinone (MCAT), a synthetic cathinone structurally analogous to amphetamine, poses substantial public health concerns due to its high addictive liability and pronounced neurotoxicity. In the present study, rat models of MCAT-induced neurotoxicity were established using low (0.5 mg/kg), medium (5 mg/kg), and high (20 mg/kg) doses. Cognitive function was assessed using the Morris water maze, w",https://pubmed.ncbi.nlm.nih.gov/42385887/,PubMed
Advancing paternal age: Effects on sperm quality and offspring health.,"Cannarella Rossella, Guadagnino Luca, Crafa Andrea",Maturitas,2026-07-02,"Over recent decades, socioeconomic and cultural changes have led to a progressive increase in paternal age at conception, prompting growing concern regarding its potential effects on male reproductive function, pregnancy outcomes, and offspring health. In contrast to the extensive literature on female reproductive aging, the biological and clinical consequences of paternal aging have received less",https://pubmed.ncbi.nlm.nih.gov/42385478/,PubMed
Rapid evolution of lncRNAs introduces novel regulatory inputs into ancestral cancer pathways.,"Sun Li, Dong Chuan, Hong Dandan",Science advances,2026-07-02,"A substantial fraction of human long noncoding RNAs (lncRNAs) are lineage specific and increasingly implicated in cancer, yet the evolutionary origins of their oncogenic relevance remain unclear. It is unknown whether such roles arise through adaptive refinement or as incidental by-products of transcriptomic complexity under weak selection. Here, we show that newly evolved cancer-associated lncRNA",https://pubmed.ncbi.nlm.nih.gov/42384810/,PubMed
Thymidylate synthase inhibitory drugs induce p53-dependent pathways differently.,"Holub Eszter, Szajkó Milda Blanka, Felföldi Anna",PloS one,2026-07-02,"Thymidylate synthase (TS) is a key enzyme in thymidylate biosynthesis and an established target of chemotherapeutics such as 5-fluoro-2'-deoxyuridine (5FdUR) and raltitrexed (RTX). Inhibition of TS disrupts the dUTP:dTTP balance, leading to uracil misincorporation, triggering futile base excision repair cycles, DNA strand breaks, and ultimately cell death. Interestingly, when the main uracil-DNA r",https://pubmed.ncbi.nlm.nih.gov/42384741/,PubMed
A Myocyte-Enriched Long Non-Coding RNA NRMLncR Enhances Myogenesis in Mouse.,"Li Yufen, Zhou Yumei, Li Qing Ying",FASEB journal : official publication of the Federation of American Societies for Experimental Biology,2026-07-02,"Myogenesis is a stepwise process encompassing myogenic progenitor proliferation, lineage commitment, differentiation, myocyte fusion, and myotube maturation, and it is orchestrated by myogenic regulatory factors (MRFs) together with signaling pathways that coordinate these transitions. Long noncoding RNAs (lncRNAs) have emerged as important regulators of muscle development and regeneration, yet ho",https://pubmed.ncbi.nlm.nih.gov/42383557/,PubMed
TRIAGE Toolkit: Streamlined Discovery of Regulatory Genes and Elements.,"Zhao Qiongyi, Shen Sophie, Sun Yuliangzi",Current protocols,2026-07-02,"Efficient discovery of regulatory genes and elements is essential for understanding cell identity, differentiation, and disease mechanisms. The TRIAGE methods are a set of well-established computational approaches that identify context-specific regulatory genes and prioritize regulatory elements across the genome. Previous publications have described the development of these algorithms, their benc",https://pubmed.ncbi.nlm.nih.gov/42383409/,PubMed
Erratum: [Corrigendum] Overexpression of lncRNA AFAP1-AS1 promotes cell proliferation and invasion in gastric cancer.,"Li Zhouxiao, Ding Zhili, Rong Dawei",Oncology letters,2026-07-02,[This corrects the article DOI: 10.3892/ol.2019.10640.].,https://pubmed.ncbi.nlm.nih.gov/42383285/,PubMed
Screening and validating HBV mother-to-child transmission-related lncRNAs based on the lncRNA-mRNA co-expression network.,"He Quan, Zheng Chunyan, Zhang Jiawei",Frontiers in immunology,2026-07-02,"Despite standard immunoprophylaxis with hepatitis B immunoglobulin (HBIG) and hepatitis B vaccination, a proportion of infants born to hepatitis B surface antigen (HBsAg)-positive mothers still experience mother-to-child transmission (MTCT) of hepatitis B virus (HBV). The molecular mechanisms underlying immunoprophylaxis failure remain incompletely understood. Long non-coding RNAs (lncRNAs) are in",https://pubmed.ncbi.nlm.nih.gov/42382761/,PubMed
Sigma-1 receptor agonist SA4503 improves cerebral protective effects in an extracorporeal cardiopulmonary resuscitation rat model.,"Yu Jie, Chen Shuhong, Xue Pingfei",JTCVS open,2026-07-02,"In this study, we applied a selective sigma-1 receptor agonist, SA4503, to an extracorporeal cardiopulmonary resuscitation rat model and investigated its cerebral protective effects and potential mechanisms. Eighteen male adult Sprague-Dawley rats were randomly allocated to 3 groups after anesthesia and identical preparation work, with 6 rats per group. The 2 intervention groups underwent asphyxia",https://pubmed.ncbi.nlm.nih.gov/42381937/,PubMed
Targeting Long Noncoding RNA LUCAT1 Alleviates Insulin Resistance of Ovarian Granulosa Cells in Polycystic Ovary Syndrome by Blocking HMGB1-Mediated Autophagy.,"Pan Jing, Kurban Riyangul, Bo Xiaoli","American journal of reproductive immunology (New York, N.Y. : 1989)",2026-07-02,"Dysfunctional autophagy in ovarian granulosa cells (GCs) represents a key pathological feature of insulin resistance (IR) in polycystic ovary syndrome (PCOS), though regulatory roles of autophagy-associated lncRNAs remain poorly characterized. Comparing GCs from IR-PCOS patients, non-IR PCOS patients, and non-PCOS controls revealed significantly elevated LUCAT1 expression in IR-PCOS. Functional va",https://pubmed.ncbi.nlm.nih.gov/42381638/,PubMed
Correction: Copy number amplification-induced overexpression of lncRNA LOC101927668 facilitates colorectal cancer progression by recruiting hnRNPD to disrupt RBM47/p53/p21 signaling.,"Wang Zaozao, Han Haibo, Zhang Chenghai",Journal of experimental & clinical cancer research : CR,2026-07-02,,https://pubmed.ncbi.nlm.nih.gov/42381075/,PubMed
Diagnostic accuracy of circulating long noncoding RNAs in hepatocellular carcinoma: a systematic review and meta-analysis.,"Babajani Nastaran, Saeedian Behrad, Shirmard Fatemeh Ojaghi",BMC gastroenterology,2026-07-02,"Hepatocellular carcinoma (HCC) remains a leading cause of cancer-related mortality worldwide, largely due to late diagnosis and the limited sensitivity of current screening biomarkers such as alpha-fetoprotein (AFP). Circulating long noncoding RNAs (lncRNAs) have recently emerged as promising, noninvasive biomarkers that may reflect the molecular mechanisms underlying hepatocarcinogenesis. This sy",https://pubmed.ncbi.nlm.nih.gov/42380806/,PubMed
A hypoxia-responsive migrasome-related lncRNA signature predicts prognosis and suggests the MSC-AS1/ITGA5 axis as a potential therapeutic target in head and neck squamous cell carcinoma.,"Liang Sai, Lin Xin, Wang Fubo",Functional & integrative genomics,2026-07-02,"Head and neck squamous cell carcinoma (HNSCC) is an aggressive malignancy associated with dismal prognosis. Migrasomes, a unique class of migration-dependent extracellular vesicles, have emerged as pivotal mediators of intercellular crosstalk within the tumor microenvironment. However, the clinical implications and regulatory mechanisms of migrasome-related long non-coding RNAs (MRLs) in HNSCC rem",https://pubmed.ncbi.nlm.nih.gov/42380675/,PubMed
"Diagnostic biomarkers, prognostic signatures, and therapeutic resistance: shedding light on the dual role of autophagy in glioblastoma.","Aldiqs Mohannad, Aliev Mansur, Gajjar Tushar B",Clinica chimica acta; international journal of clinical chemistry,2026-07-02,"Glioblastoma (GBM) is an exceptionally aggressive brain malignancy with a dismal prognosis, characterized by a median survival of roughly 15 months despite standard radiotherapy and Temozolomide treatment. A primary driver of this therapeutic resistance is autophagy. While initially tumor-suppressive, autophagy transitions into a cytoprotective mechanism in established GBM, acting as a molecular s",https://pubmed.ncbi.nlm.nih.gov/42379463/,PubMed
An Evaluation on the Role of Non-Coding RNA in HIV Transcription and Latency: A Review,Xiangshuai Liu,arXiv,2026-07-02,"The existence of latent cellular reservoirs is recognized as the major barrier to an HIV cure. Reactivating and eliminating ""shock and kill"" or permanently silencing ""block and lock"" the latent HIV reservoir, as well as gene editing, remain promising approaches, but so far have proven to be only partially successful. Moreover, using latency reversing agents or ""block and lock"" drugs pose additiona",http://arxiv.org/abs/2502.06107v1,arXiv
"Blood-derived lncRNAs as potential biomarkers for early cancer diagnosis: The Good, the Bad and the Beauty","Cedric Badowski, Bing He, Lana X Garmire",arXiv,2026-07-02,Cancer ranks as one of the deadliest diseases worldwide. The high mortality rate associated with cancer is partially due to the lack of reliable early detection methods and/or inaccurate diagnostic tools such as certain protein biomarkers. Cell-free nucleic acids (cfNA) such as circulating long non-coding RNAs (lncRNAs) have recently been proposed as a new class of potential biomarkers that could ,http://arxiv.org/abs/2109.11746v1,arXiv
BPPart and BPMax: RNA-RNA Interaction Partition Function and Structure Prediction for the Base Pair Counting Model,"Ali Ebrahimpour-Boroojeny, Sanjay Rajopadhye, Hamidreza Chitsaz",arXiv,2026-07-02,"RNA-RNA interaction (RRI) is ubiquitous and has complex roles in the cellular functions. In human health studies, miRNA-target and lncRNAs are among an elite class of RRIs that have been extensively studied. Bacterial ncRNA-target and RNA interference are other classes of RRIs that have received significant attention. In recent studies, mRNA-mRNA interaction instances have been observed, where bot",http://arxiv.org/abs/1904.01235v2,arXiv
Enhanced endosomal escape for nanoparticle-enabled co-delivery of doxorubicin and siRNA to overcome multidrug resistance.,"Zhai Jin, Surian Allison, Cote Trystin",Materials today. Advances,2026-07-02,"Although co-delivery of small-molecule drugs and siRNAs is a promising platform strategy for combination therapy, current delivery systems fail to achieve efficient endosomal escape, limiting cytosolic siRNA bioavailability and therapeutic efficacy. Conventional lipid nanoparticles (LNPs) can co-encapsulate chemotherapeutics and siRNA, but their poor endosomal escape results in suboptimal siRNA bi",https://pubmed.ncbi.nlm.nih.gov/42388536/,PubMed
Development of Nucleic Acid-Loaded Nanobubbles for Ultrasound-Mediated Therapeutic Applications.,Endo-Takahashi Yoko,Biological & pharmaceutical bulletin,2026-07-02,"Ultrasound has attracted considerable attention not only as a diagnostic imaging modality but also as a physical trigger for drug delivery system (DDS). Ultrasound irradiation applied in combination with gas-filled bubbles can induce cavitation and transiently increase the permeability of cellular membranes, thereby enhancing the intracellular delivery of therapeutic molecules. Our research group ",https://pubmed.ncbi.nlm.nih.gov/42386537/,PubMed
Gene Fusions in Non-small cell lung carcinoma (NSCLC): Expert Perspectives and Practical Considerations for routine testing.,"Bellosillo Beatriz, Freire Javier, Nallib Ihab Abdulkader",Critical reviews in oncology/hematology,2026-07-02,"Non-small cell lung carcinoma (NSCLC) encompasses a diverse range of molecular subtypes that require precise identification to guide therapy selection. Among these molecular alterations, gene fusions involving ALK, ROS1, RET, and NTRK present significant challenges for reliable detection in routine clinical practice, particularly due to formalin fixation and the limited availability of nucleic aci",https://pubmed.ncbi.nlm.nih.gov/42386135/,PubMed
Anti-CCL2-conjugated platelets attenuate early allograft and ischemia-reperfusion injury by inhibiting monocyte infiltration.,"Yi Xuewen, Meng Chaoyang, Zhang Huipeng",Journal of hepatology,2026-07-02,"Immune-inflammatory cascade is a dominant process mediating allograft inflammatory injury and rejection, thereby threatening the survival of both allografts and recipients. However, the primary driver of this progression remains unclear, and targeted intervention remains a critical challenge in the development of effective treatments. Bulk RNA sequencing (RNA-seq) and single-cell RNA-seq (scRNA-se",https://pubmed.ncbi.nlm.nih.gov/42385858/,PubMed
Mitochondrial genome alterations in cancer: From mutations and epigenetics to targeted therapiesack.,"Shetty Sachin, Padmasali Nisarga M, Adiga Divya",Biochemical and biophysical research communications,2026-07-02,"Mitochondria play a central role in cellular energetics, metabolism, and apoptosis, and their dysfunction is increasingly recognized as a hallmark of cancer. The mitochondrial genome encodes essential subunits of oxidative phosphorylation (OXPHOS) complexes, tRNAs, and rRNAs, which are critical for mitochondrial functions. However, mitochondrial DNA (mtDNA) lacks protective histones and efficient ",https://pubmed.ncbi.nlm.nih.gov/42385482/,PubMed
"Analyzing the impact of ionizable lipid identity, purity, and stability on lipid nanoparticle performance.","Rubio-Prego Inés, Beck-Broichsitter Moritz, Samaridou Eleni",Journal of pharmaceutical and biomedical analysis,2026-07-02,"Lipid nanoparticles (LNP) have become the leading platform for nucleic acid delivery. However, achieving reproducible and efficacious LNP formulations remains a challenge. Although ionizable lipids are recognized as key determinant for LNP performance, the factors governing efficient RNA delivery are still not fully understood. In this work, we systematically investigated the influence of ionizabl",https://pubmed.ncbi.nlm.nih.gov/42385332/,PubMed
Application of two-dimensional liquid chromatography as a complementary technique to circular dichroism spectroscopy and high-resolution mass spectrometry for the characterization of GalNAc-siRNA conjugates.,"da Silva Katyeny Manuela, Lippens Jennifer L, Vries Ronald de",Journal of pharmaceutical and biomedical analysis,2026-07-02,"Synthetic small interfering RNA (siRNA) is an emerging class of oligo nucleotide therapeutics. In the last seven years, the approval of new siRNA therapies, particularly those conjugated with N-acetylgalactosamine (GalNAc) for targeted delivery to hepatocyte asialoglycoprotein receptor, has highlighted the growing importance of research into the analytical characterization of modified double-stran",https://pubmed.ncbi.nlm.nih.gov/42385331/,PubMed
Mechanical movements generated by movable lipids break endosomal barriers for enhanced mRNA therapeutics.,"Li Zilu, Qin Jie, Zhang Jiayu",Science advances,2026-07-02,"Lipid nanoparticles (LNPs), composed of ionizable lipids, phospholipids, cholesterol, and PEGylated lipids, have been successfully used in messenger RNA (mRNA) vaccine development. Despite substantial progress, endosomal entrapment after cellular internalization is still a critical bottleneck limiting the vaccine efficacy. While the efforts to optimize lipid p",https://pubmed.ncbi.nlm.nih.gov/42384808/,PubMed
Comparative Investigation of the Impact of Sodium Citrate Buffers on Lipid Nanoparticles of circRNA or Linear mRNA.,"Zhou Shurong, Wang Zitong, Xu You",Molecular pharmaceutics,2026-07-02,"Circular RNAs (circRNAs) are an emerging modality of RNA medicine. By bypassing terminal degradation, circRNA is highly stable with prolonged protein/peptide expression duration relative to its linear mRNA counterpart, which may benefit its disease therapeutic or prophylactic efficacy. Currently, mRNA-delivering ionizable lipid nanoparticles (LNPs) and their formulation conditions, such as buffer,",https://pubmed.ncbi.nlm.nih.gov/42384010/,PubMed
STEMIN- and YAP5SA-induced exosomes prevent cardiomyocyte apoptosis.,"Adeleye Adeniyi, Xiao Siyu, Tetik Altintop Ilkin",iScience,2026-07-02,"Cardiac regeneration strategies increasingly leverage transient reprogramming to restore function in damaged myocardium. Here, we show that delivery of modRNA encoding STEMIN, a modified serum response factor, together with YAP5SA, a constitutively active YAP1 variant, induces coordinated chromatin remodeling and transcriptional reprogramming in cardiomyocytes. Using ATAC-seq and RNA-seq in rat an",https://pubmed.ncbi.nlm.nih.gov/42383000/,PubMed
Bionic black phosphorus nanosheets confer dual protection against nephrocalcinosis-induced kidney injury via ROS scavenging and NETosis inhibition.,"He Yu, Yang Xiaoqi, Bai Yongke",Materials today. Bio,2026-07-02,"Calcium oxalate (CaOx) nephrocalcinosis is a chronic kidney disease marked by CaOx crystal deposition, oxidative stress, neutrophil infiltration, and renal tubular epithelial cell injury. To date, no targeted therapies are clinically available for this condition. Antioxidant nanomaterials capable of scavenging excessive reactive oxygen species (ROS) offer a promising approach for treating CaOx cry",https://pubmed.ncbi.nlm.nih.gov/42382721/,PubMed
Photo-induced proton release of spiropyran-derived nanomaterials for mRNA delivery in hard-to-transfect cells.,"Lu Caiwei, Zhou Zhiwei, Li Leilei",Smart molecules : open access,2026-07-02,"Messenger RNA (mRNA) therapy has been explored as a treatment for various genetic disorders. Significant progress has been made in developing mRNA delivery systems. However, efficient delivery of mRNA in hard-to-transfect cells remains a considerable challenge. Here, we constructed a series of spiropyran-derived lipid-like materials, named SPALs, to enhance mRNA delivery efficiency in cells that a",https://pubmed.ncbi.nlm.nih.gov/42382067/,PubMed
Systematic discovery of immunomodulatory plant-derived nanoparticles reveals RNA-mediated macrophage reprogramming.,"Jung Dokyung, Bae Ju-Hyun, Jung Il-Young",Bioactive materials,2026-07-02,"Plant-derived nanoparticles (PNPs) have emerged as a promising class of bioactive nanomaterials with intrinsic immunomodulatory properties, offering a sustainable and biocompatible alternative to synthetic delivery systems. However, their systematic exploration has been hindered by a fragmented ""one-plant-one-function"" research paradigm. Here, we establish a comprehensive bio-discovery platform by",https://pubmed.ncbi.nlm.nih.gov/42381966/,PubMed
Milk-derived extracellular vesicles loaded with miR-146a-5p as a novel therapeutic strategy for allergic airway inflammation.,"Li Chan-Gu, Sun Qi, Tian Tian",Molecular therapy. Nucleic acids,2026-07-02,"Previous studies have demonstrated that miR-146a-5p can effectively inhibit the function of group 2 innate lymphoid cells (ILC2s), which play a pivotal role in the initiation of allergic airway inflammation (AAI), thereby alleviating AAI. However, the application of miR-146a-5p faces challenges such as susceptibility to degradation and difficulty in crossing the cellular membrane. Extracellular ve",https://pubmed.ncbi.nlm.nih.gov/42381703/,PubMed
Unveiling Aptamers for Targeted Tumour Therapies and Detection: Systematic Evolution of Ligands by Exponential Enrichment (SELEX) Technology in Oncology.,"Jayaprakash Vignesh, SureshKumar Raman",Current pharmaceutical biotechnology,2026-07-02,Aptamers are short single-stranded DNA (ssDNA) or RNA (ssRNA) molecules that bind cancer-associated targets with high specificity and low immunogenicity. Their small size and structural flexibility make them an attractive alternative to antibodies for diagnosing and treating cancer. The way in which the aptamer Selection Method (SELEX) is performed plays a key role in determining whether aptamers ,https://pubmed.ncbi.nlm.nih.gov/42381142/,PubMed
Enhanced B cell priming induces broadly neutralizing HIV-1 apex antibodies.,"Marchitto Lorie, Wagh Kshitij, Roark Ryan S",Nature,2026-07-02,Efficient priming of B cell precursors is a rate-limiting step in the induction of V2 apex broadly neutralizing antibodies (bNAbs),https://pubmed.ncbi.nlm.nih.gov/42380659/,PubMed
High-throughput measurements of protein domain functions using magnetic separation.,"Thurm Abby R, Tycko Josh, Ludwig Connor H",Nature protocols,2026-07-02,"High-throughput screening of protein domains enables the systematic discovery of protein sequences that encode specific cellular functions. Fluorescence-activated cell sorting-based assays have long been the standard readout for such screens but remain time- and resource-intensive, imposing practical limits on library size and coverage. Here we describe a scalable magnetic separation-based workflo",https://pubmed.ncbi.nlm.nih.gov/42380603/,PubMed
Manganese-Functionalized GelMA Hydrogels for MRI-Guided Immunotheranostics in Precision Oncology,"Motahareh Nazari, Keyvan Alavi",arXiv,2026-07-02,"Precision oncology requires multifunctional platforms capable of integrating accurate tumor diagnosis, localized therapeutic delivery, immune modulation, and real-time monitoring of treatment response. Gelatin methacryloyl (GelMA) hydrogels have emerged as versatile biomaterials for biomedical engineering because of their biocompatibility, extracellular matrix-like structure, tunable mechanical pr",http://arxiv.org/abs/2606.29599v1,arXiv
Reinforcement-guided generative protein language models enable de novo design of highly diverse AAV capsids,"Lucas Ferraz, Ana F. Rodrigues, Pedro Giesteira Cotovio",arXiv,2026-07-02,"Adeno-associated viral (AAV) vectors are widely used delivery platforms in gene therapy, and the design of improved capsids is key to expanding their therapeutic potential. A central challenge in AAV bioengineering, as in protein design more broadly, is the vast sequence design space relative to the scale of feasible experimental screening. Machine-guided generative approaches provide a powerful m",http://arxiv.org/abs/2603.19473v1,arXiv
Predicting Early and Complete Drug Release from Long-Acting Injectables Using Explainable Machine Learning,"Karla N. Robles, Manar D. Samad",arXiv,2026-07-02,"Polymer-based long-acting injectables (LAIs) have transformed the treatment of chronic diseases by enabling controlled drug delivery, thus reducing dosing frequency and extending therapeutic duration. Achieving controlled drug release from LAIs requires extensive optimization of the complex underlying physicochemical properties. Machine learning (ML) can accelerate LAI development by modeling the ",http://arxiv.org/abs/2601.02265v1,arXiv
The thermodynamics of pressure activated assembly of supramolecules in isochoric and isobaric systems,Boris Rubinsky,arXiv,2026-07-02,"The efficacy of cryopreservation is constrained by the difficulty of achieving sufficiently high intracellular concentrations of cryoprotective solutes without inducing osmotic injury or chemical toxicity during loading. This thermodynamic study introduces a new conceptual mechanism for cryoprotectant delivery into cells directly or through vascular perfusion. In this framework, effective cryoprot",http://arxiv.org/abs/2601.00599v1,arXiv
Hypoxia-Induced Epas1-Myl9/12 Axis Shapes the Pathology of Pulmonary Hypertension.,"Kuriyama Sachiko, Iwamura Chiaki, Kiuchi Masahiro",Circulation research,2026-07-02,"Pulmonary hypertension (PH) is a progressive cardiopulmonary disorder characterized by vascular remodeling, abnormal vasoconstriction of small lung arteries, and right heart failure. Hypoxia causes vascular damage, leading to vessel stenosis or occlusion by aberrant endothelial cells, hypertrophy of the tunica media, and thrombus formation. But the precise molecular mechanisms underlying the patho",https://pubmed.ncbi.nlm.nih.gov/42389801/,PubMed
Intranasal DNA nanocarrier vaccines with surface-patterned antigens enhance efficacy against respiratory syncytial virus.,"Gao Xiaoyu, Chen Liting, Feng Qingqing",Nature materials,2026-07-02,"Although injectable respiratory syncytial virus (RSV) pre-F vaccines are clinically established, effective intranasal alternatives remain elusive. Geometric and surface antigen display properties are critical for respiratory B cell activation, yet lack strategies for systematic optimization. Here we report a library of DNA nanocarriers with controlled dimensions and sizes, aiming to systemically e",https://pubmed.ncbi.nlm.nih.gov/42387054/,PubMed
"Identification of cross-stage, cross-species malaria CD8","Barbosa Camila R R, de Lacerda Luna B, Bettencourt Paulo J G",Nature,2026-07-02,"A major limitation on the development of a malaria vaccine is the lack of validated T cell epitope targets. Plasmodium falciparum is the most prevalent malaria parasite affecting humans in Africa, whereas Plasmodium vivax is more widespread and is the main species that causes malaria in the Americas and Asia",https://pubmed.ncbi.nlm.nih.gov/42386975/,PubMed
COVID-19 vaccination induces cross-neutralisation of sarbecoviruses related to SARS-CoV-2.,"West Grace E, Morse Rebecca B, Sievers Benjamin L",NPJ vaccines,2026-07-02,"The combined threats of future sarbecovirus zoonosis and continually emerging SARS-CoV-2 VOCs highlight the need to assess the breadth of existing SARS-CoV-2 vaccine-mediated protection. Here, we investigate a cohort of older individuals who received four COVID-19 vaccine doses, for potential cross-neutralisation against lentiviral particles bearing spikes from either Omicron VOCs or other sarbeco",https://pubmed.ncbi.nlm.nih.gov/42386763/,PubMed
Immunogenicity and protective efficacy on non-adjuvanted CD40-targeting SARS-CoV-2 vaccines in non-human primates.,"Marlin Romain, Centlivre Mireille, Bossevot Laetitia",EBioMedicine,2026-07-02,"The emergence of antigenically distinct SARS-CoV-2 variants increases the risk of immune escape and requires continually updated vaccines. In addition, short-lived specific immunity is a limitation faced by current COVID-19 mRNA vaccines against Sarbecoviruses. This underscores the need for new vaccine approaches providing lasting immunity against SARS-CoV-2. Here, we demonstrate the capacity of t",https://pubmed.ncbi.nlm.nih.gov/42385611/,PubMed
Minor differences in the untranslated regions of measles vector additional transcription units are reflected by differential immunogenicity of encoded MERS-CoV Spike antigen.,"Tiwarekar Vishaka, Ebenig Aileen, Predota Yvonne",Journal of virology,2026-07-02,"The recombinant measles virus (MeV) is among those vaccine platform technologies, which are tested for the fast generation of effective vaccines against other pathogens, such as emerging virus diseases. Different live-attenuated vaccine strains have become available as backbones, with few differences. Here, we analyze how minor differences of recombinant Moraten (MV In case of emerging or re-emerg",https://pubmed.ncbi.nlm.nih.gov/42383724/,PubMed
Multiple sclerosis patients under treatment with interferon β1-a or ocrelizumab exhibit different T and B cell responses to SARS-CoV-2 vaccine.,"Liotti Antonietta, Maniscalco Giorgia Teresa, Ferrara Anne Lise",Frontiers in immunology,2026-07-02,"Multiple sclerosis (MS) is a long-term autoimmune disease characterized by inflammation and progressive degeneration of the central nervous system. Disease-modifying therapies (DMTs) have proved to be effective at ameliorating the course of MS. DMTs are immunomodulatory drugs affecting immune response to SARS-CoV-2 and its vaccine efficacy in MS patients (pwMS). In this longitudinal study, we anal",https://pubmed.ncbi.nlm.nih.gov/42382741/,PubMed
Aluminium ammonium sulphate induces epithelial pyroptosis and eosinophilic inflammation under dysbiotic conditions: ameliorative effects of heparin.,"Wakabayashi Ayako, Owaki Atsuko, Iwatsuki Ken",Cell death discovery,2026-07-02,"Aluminium ammonium sulphate (AAS) is a food additive used in some countries, but its effects on intestinal epithelial cells (IECs) remain poorly understood. We investigated whether AAS promotes IEC death and eosinophilic infiltration under dysbiotic conditions and whether heparin suppresses these effects. Mice pretreated with antibiotics or control water were orally administered AAS. IEC death was",https://pubmed.ncbi.nlm.nih.gov/42380118/,PubMed
Toward the Era of Precision Immunotherapy: The Clinical Landscape and Future Directions of mRNA Vaccines for the Treatment of Hepatocellular Carcinoma.,"Zeng Cheng, Jiang Haixiang, Zhong Yanchen",Journal of gastroenterology and hepatology,2026-07-02,,https://pubmed.ncbi.nlm.nih.gov/42380060/,PubMed
Impact of COVID-19 Vaccine Type on the Efficacy and Safety of Nivolumab in Patients With Metastatic Non-small-cell Lung Cancer: A Multicenter Study.,"Karabuga Berkan, Büyükkör Mustafa, Karaçin Cengiz","In vivo (Athens, Greece)",2026-07-02,"The effect of COVID-19 vaccine type on the outcomes of therapy immune checkpoint inhibitors remains unclear, and concerns persist regarding whether mRNA-based vaccines may negatively impact treatment efficacy or increase immune-related toxicity. This study aimed to evaluate the association between COVID-19 vaccination type and the efficacy and safety of nivolumab in patients with metastatic non-sm",https://pubmed.ncbi.nlm.nih.gov/42379805/,PubMed
Loss of internal structural order induced by freezing and Lyophilization correlates with reduced in vitro activity of mRNA lipid nanoparticles.,"Chen Xiaoxia, Fang Jialin, Ge Xue",Journal of controlled release : official journal of the Controlled Release Society,2026-07-02,"mRNA-loaded lipid nanoparticles (mRNA-LNPs) hold promise for vaccines and therapeutics, yet the relationship between their structure and efficacy remains elusive. Here, we generated 58 mRNA-LNP samples with varied structural properties and in vitro cellular activities by freezing and lyophilization to investigate the structure-activity relationship (SAR). Our findings revealed that the intensity o",https://pubmed.ncbi.nlm.nih.gov/42379312/,PubMed
Muscle contribution in lipid nanoparticle mediated mRNA vaccine delivery and efficacy.,"Repellin Mathieu, Ugel Stefano, De Sanctis Francesco",Journal of controlled release : official journal of the Controlled Release Society,2026-07-02,"The remarkable success of mRNA-lipid nanoparticles (LNP) vaccines during the SARS-CoV-2 pandemic have highlighted the critical role of this cutting-edge technology as a cornerstone for contemporary vaccine innovation. Efforts to enhance mRNA-LNP vaccines efficacy have driven specific interest in optimizing nanoparticle design to improve immune cell transfection. Nevertheless, the precise mechanism",https://pubmed.ncbi.nlm.nih.gov/42379311/,PubMed
Safety and efficacy of mRNA vaccines: a mechanistic and public health perspective.,"Blakney Anna K, Top Karina A, Cowling Benjamin J","Lancet (London, England)",2026-07-02,"mRNA vaccines represent a transformative advance in vaccinology, combining rapid development timelines, scalable manufacturing, and strong immunogenicity with a favourable safety profile. Global deployment of mRNA vaccines during the COVID-19 pandemic provided an unprecedented real-world evaluation of this platform, with billions of doses administered across diverse populations. In this Review, we",https://pubmed.ncbi.nlm.nih.gov/42379196/,PubMed
An LNP-encapsulated mRNA vaccine targeting the major capsid protein of largemouth bass virus confers protective immunity and reduces RIG-I pathway activation in Micropterus salmoides.,"Liu Yujun, Zhang Gengrong, Qu Haozhe",Fish & shellfish immunology,2026-07-02,"Largemouth bass virus (LMBV) infection poses a significant threat to largemouth bass farming in China, yet effective and safe vaccines remain scarce. In this study, we designed and evaluated four mRNA vaccine candidates against LMBV, all encoding the viral major capsid protein (MCP). The fully configured construct (LMUM) contained a 5' cap1, untranslated regions (UTRs), and a poly(A) tail, and was",https://pubmed.ncbi.nlm.nih.gov/42379032/,PubMed
Transformer-Based Active Learning for Data-Efficient Vaccine Epitope Selection in PRRS,"Aspen Erlandsson Brisebois, Zahed Khatooni, Connor Burbridge",arXiv,2026-07-02,"High-fidelity molecular docking simulations can produce biologically relevant estimates of epitope-receptor binding affinity but are computationally expensive and therefore limit the number of candidates that can be screened for vaccine design. In this work, we evaluate machine learning (ML) approaches where variants of active learning are used to classify instances of high binding affinity betwee",http://arxiv.org/abs/2606.28659v1,arXiv
Exploring the Effects of Entanglement on Quantum Machine Learning of Pathogen Epitope-Receptor Binding,"Aspen Erlandsson Brisebois, Luis Pablo Gonzalez Dominguez, Shivansi Prajapati",arXiv,2026-07-02,"Parameterized quantum circuits (PQCs) provide a flexible substrate for hybrid quantum machine learning (QML), but their practical value on Noisy Intermediate-Scale Quantum (NISQ) devices remains an empirical question, especially because training depth and scale can introduce optimization challenges such as barren plateaus. Here we study how the number and topology of two-qubit entangling gates in ",http://arxiv.org/abs/2606.28655v1,arXiv
Clade 2.3.4.4b but not historical clade 1 HA replicating RNA vaccine protects against bovine H5N1 challenge in mice,"David W. Hawman, Thomas Tipih, Edgar A Hodge",Nature Communications,2025-01-14,"The ongoing circulation of influenza A H5N1 in the United States has raised concerns of a pandemic caused by highly pathogenic avian influenza. Although the United States has stockpiled and is prepared to produce millions of vaccine doses to address an H5N1 pandemic, currently circulating H5N1 viruses contain multiple mutations within the immunodominant head domain of hemagglutinin (HA) compared t",https://www.semanticscholar.org/paper/821d2fab28b8dbce51c6f8632266e3661b873042,Semantic Scholar
Phase I/II study of COVID-19 RNA vaccine BNT162b1 in adults,"M. Mulligan, Kirsten E. Lyke, N. Kitchin",Nature,2020-08-12,,https://www.semanticscholar.org/paper/afe4cc71f4814fce21031c3f15998576c7175b1a,Semantic Scholar
An RNA vaccine drives immunity in checkpoint-inhibitor-treated melanoma,"U. Şahin, P. Oehm, E. Derhovanessian",Nature,2020-07-29,,https://www.semanticscholar.org/paper/4114cc7dc2faed7f0cba4bece628827023d6d9a7,Semantic Scholar
A single-dose circular RNA vaccine prevents Zika virus infection without enhancing dengue severity in mice,"Xinglong Liu, Zhengfeng Li, Xiaoxia Li",Nature Communications,2024-10-16,"Antibody-dependent enhancement (ADE) is a potential concern for the development of Zika virus (ZIKV) vaccines. Cross-reactive but poorly neutralizing antibodies, usually targeting viral pre-membrane or envelope (E) proteins, can potentially enhance dengue virus (DENV) infection. Although E domain III (EDIII) contains ZIKV-specific epitopes, its immunogenicity is poor. Here, we show that dimeric ED",https://www.semanticscholar.org/paper/0994107d2c3126bc8175fcb814759f22aa879e71,Semantic Scholar
CLDN6-specific CAR-T cells plus amplifying RNA vaccine in relapsed or refractory solid tumors: the phase 1 BNT211-01 trial,"A. Mackensen, J. Haanen, C. Koenecke",Nature Medicine,2023-10-23,"The oncofetal antigen Claudin 6 (CLDN6) is highly and specifically expressed in many solid tumors, and could be a promising treatment target. We report dose escalation results from the ongoing phase 1/2 BNT211-01 trial evaluating the safety and feasibility of chimeric antigen receptor (CAR) T cells targeting the CLDN6 with or without a CAR-T cell-amplifying RNA vaccine (CARVac) at two dose levels ",https://www.semanticscholar.org/paper/c89c242b594c5436e9ccf6bb055d4a82a9f3d7ac,Semantic Scholar
Immunogenicity of a Single Dose of SARS-CoV-2 Messenger RNA Vaccine in Solid Organ Transplant Recipients.,"B. Boyarsky, William Werbel, R. Avery",Journal of the American Medical Association (JAMA),2021-03-15,"Immunogenicity of a Single Dose of SARS-CoV-2 Messenger RNA Vaccine in Solid Organ Transplant Recipients Immunocompromised individuals have been excluded from studies of SARS-CoV-2 messenger RNA (mRNA) vaccines. In such patients, the immune response to vaccination may be blunted. To better understand the immunogenicity of mRNA vaccines in immunocompromised individuals, we quantified the humoral re",https://www.semanticscholar.org/paper/e5ff6b04229043e1f4926af585923c6f606cad17,Semantic Scholar
Circular RNA vaccine in disease prevention and treatment,"Dun Niu, Yaran Wu, J. Lian",Signal Transduction and Targeted Therapy,2023-09-11,"CircRNAs are a class of single-stranded RNAs with covalently linked head-to-tail topology. In the decades since its initial discovery, their biogenesis, regulation, and function have rapidly disclosed, permitting a better understanding and adoption of them as new tools for medical applications. With the development of biotechnology and molecular medicine, artificial circRNAs have been engineered a",https://www.semanticscholar.org/paper/f2d7ccee08508c5211e77e035c0fcf5b58b341bf,Semantic Scholar
A self-amplifying RNA vaccine prevents enterovirus D68 infection and disease in preclinical models,"N. Warner, Jacob Archer, Stephanie Park",Science Translational Medicine,2024-08-07,"The recent emergence and rapid response to severe acute respiratory syndrome coronavirus 2 was enabled by prototype pathogen and vaccine platform approaches, driven by the preemptive application of RNA vaccine technology to the related Middle East respiratory syndrome coronavirus. Recently, the National Institutes of Allergy and Infectious Diseases identified nine virus families of concern, eight ",https://www.semanticscholar.org/paper/062bad8d56c9e1c0a11093c67a88c07449f30d3a,Semantic Scholar
A replicating RNA vaccine confers protection in a rhesus macaque model of Crimean-Congo hemorrhagic fever,"David W. Hawman, Shanna S. Leventhal, Kimberly Meade-White",npj Vaccines,2024-05-20,"Crimean-Congo hemorrhagic fever (CCHF) is a tick-borne febrile illness with a wide geographic distribution. In recent years the geographic range of Crimean-Congo hemorrhagic fever virus (CCHFV) and its tick vector have increased, placing an increasing number of people at risk of CCHFV infection. Currently, there are no widely available vaccines, and although the World Health Organization recommend",https://www.semanticscholar.org/paper/75b0ab72c2fd67513a03ee1af9e0eba13768c568,Semantic Scholar
Circular RNA vaccine induces potent T cell responses,"Laura Amaya, Lilit Grigoryan, Zhijian Li",Proceedings of the National Academy of Sciences of the United States of America,2023-05-08,"Significance Circular RNAs (circRNAs) are a unique class of RNAs that are highly stable compared to linear mRNAs and can be engineered to provide durable protein expression. This study demonstrates that circRNA encoding antigenic protein sequences delivered by a charge-altering releasable transporter can effectively serve as both an adjuvant and an immunogen, inducing potent cellular immunity and ",https://www.semanticscholar.org/paper/4da3053c70133b6d1982a7101c8ddabd8d9caa8c,Semantic Scholar
Controlling reactogenicity while preserving immunogenicity from a self-amplifying RNA vaccine by modulating nucleocytoplasmic transport,"Jason A Wojcechowskyj, Robyn M. Jong, Imre Mäger",bioRxiv,2024-12-29,"Self-amplifying RNA (saRNA)-based vaccines have emerged as a potent and durable RNA vaccine platform. However, RNA vaccine platforms trigger undesirable side effects at protective doses, underscoring the need for improved tolerability. To address this, we leveraged the Cardiovirus leader protein, which is well-characterized to dampen host innate signaling by modulating nucleocytoplasmic transport ",https://www.semanticscholar.org/paper/95add8df14c1a8592a3ebaa29f1c2137a0b5c7e0,Semantic Scholar
Self-Amplifying RNA: Advantages and Challenges of a Versatile Platform for Vaccine Development,"T. Vallet, Marco Vignuzzi",Viruses,2025-04-01,"Self-amplifying RNA is synthetic nucleic acid engineered to replicate within cells without generating viral particles. Derived from alphavirus genomes, saRNA retains the non-structural elements essential for replication while replacing the structural elements with an antigen of interest. By enabling efficient intracellular amplification, saRNA offers a promising alternative to conventional mRNA va",https://www.semanticscholar.org/paper/9d4c82b05e2938b9c2650b7f3e821c0c0b171ec4,Semantic Scholar
An RNA vaccine drives expansion and efficacy of claudin-CAR-T cells against solid tumors,"Katharina Reinhard, B. Rengstl, P. Oehm",Science,2020-01-02,"A one-two, CAR-T cell punch Chimeric antigen receptor (CAR)–T cells have been clinically effective in killing certain hematological malignancies, but achieving long-term patient responses for solid tumors remains a challenge. Reinhard et al. describe a two-part “CARVac” strategy to overcome poor CAR-T cell stimulation and responses in vivo. They introduce the tight junction protein claudin 6 (CLDN",https://www.semanticscholar.org/paper/33f5cffb55ec96290c0bac540e4f3b1747ba4bb9,Semantic Scholar
Self-Amplifying RNA Vaccine Candidates: Alternative Platforms for mRNA Vaccine Development,"C. Schmidt, B. Schnierle",Pathogens,2023-01-01,"The present use of mRNA vaccines against COVID-19 has shown for the first time the potential of mRNA vaccines for infectious diseases. Here we will summarize the current knowledge about improved mRNA vaccines, i.e., the self-amplifying mRNA (saRNA) vaccines. This approach may enhance antigen expression by amplification of the antigen-encoding RNA. RNA design, RNA delivery, and the innate immune re",https://www.semanticscholar.org/paper/42263e5bcbeb1261df345d01b5196557ceb15e30,Semantic Scholar
Vaccines’ New Era-RNA Vaccine,"Wenshuo Zhou, Linglei Jiang, Shimiao Liao",Viruses,2023-08-01,"RNA vaccines, including conventional messenger RNA (mRNA) vaccines, circular RNA (circRNA) vaccines, and self-amplifying RNA (saRNA) vaccines, have ushered in a promising future and revolutionized vaccine development. The success of mRNA vaccines in combating the COVID-19 pandemic caused by the SARS-CoV-2 virus that emerged in 2019 has highlighted the potential of RNA vaccines. These vaccines poss",https://www.semanticscholar.org/paper/edfd3ac0b8e7021f08fc73a0d3324058bcb13c00,Semantic Scholar
Safety and Immunogenicity of Two RNA-Based Covid-19 Vaccine Candidates,"E. Walsh, R. Frenck, A. Falsey",New England Journal of Medicine,2020-10-14,"Abstract Background Severe acute respiratory syndrome coronavirus 2 (SARS-CoV-2) infections and the resulting disease, coronavirus disease 2019 (Covid-19), have spread to millions of persons worldwide. Multiple vaccine candidates are under development, but no vaccine is currently available. Interim safety and immunogenicity data about the vaccine candidate BNT162b1 in younger adults have been repo",https://www.semanticscholar.org/paper/6dbd3d5dddc9708185a64e539ed0aa37b52690a6,Semantic Scholar
"Safety and immunogenicity of SARS-CoV-2 self-amplifying RNA vaccine expressing an anchored RBD: A randomized, observer-blind phase 1 study","W. Akahata, T. Sekida, T. Nogimori",Cell Reports Medicine,2023-08-01,Summary VLPCOV-01 is a lipid nanoparticle-encapsulated self-amplifying RNA (saRNA) vaccine that expresses a membrane-anchored receptor-binding domain (RBD) derived from the severe acute respiratory syndrome coronavirus 2 (SARS-CoV-2) spike protein. A phase 1 study of VLPCOV-01 is conducted (jRCT2051210164). Participants who completed two doses of the BNT162b2 mRNA vaccine previously are randomized,https://www.semanticscholar.org/paper/2167ba7126a190c7f7b4055adb084e4ed37f67c7,Semantic Scholar
A replicon RNA vaccine can induce durable protective immunity from SARS-CoV-2 in nonhuman primates after neutralizing antibodies have waned,"Megan A. O’Connor, David W. Hawman, Kimberly Meade-White",PLoS Pathogens,2023-04-01,"The global SARS-CoV-2 pandemic prompted rapid development of COVID-19 vaccines. Although several vaccines have received emergency approval through various public health agencies, the SARS-CoV-2 pandemic continues. Emergent variants of concern, waning immunity in the vaccinated, evidence that vaccines may not prevent transmission and inequity in vaccine distribution have driven continued developmen",https://www.semanticscholar.org/paper/57863723066e77b51e468792ae55513c6034b265,Semantic Scholar
"Safety and immunogenicity of a self-amplifying RNA vaccine against COVID-19: COVAC1, a phase I, dose-ranging trial","K. Pollock, H. Cheeseman, A. Szubert",EClinicalMedicine,2022-01-14,"Summary Background Lipid nanoparticle (LNP) encapsulated self-amplifying RNA (saRNA) is a novel technology formulated as a low dose vaccine against COVID-19. Methods A phase I first-in-human dose-ranging trial of a saRNA COVID-19 vaccine candidate LNP-nCoVsaRNA, was conducted at Imperial Clinical Research Facility, and participating centres in London, UK, between 19th June to 28th October 2020. Pa",https://www.semanticscholar.org/paper/1a26b3a23a29a8f98b09c53fa36bb06bec38c2a9,Semantic Scholar
Carditis After COVID-19 Vaccination With a Messenger RNA Vaccine and an Inactivated Virus Vaccine,"F. Lai, Xue Li, Kuan-hao Peng",Annals of Internal Medicine,2022-01-25,"Cases of carditis after the use of a messenger RNA (mRNA) COVID-19 vaccine have been reported in various populations worldwide. However, few studies have directly evaluated this association. Furthermore, it is unclear whether this potential risk involves vaccine platforms other than mRNA vaccines. This case–control study from Hong Kong aimed to examine the association between COVID-19 vaccination ",https://www.semanticscholar.org/paper/94da2455d0ed10791e0dec9954e0f9b02b7dd6fb,Semantic Scholar
Multidimensional targeting of ischemia-reperfusion injury by genistein: from molecular crosstalk to clinical translation.,"Wang Ruihua, Ya Chunye, He Wei",Frontiers in pharmacology,2026-07-02,"Ischemia-reperfusion injury (IRI) is a convergent pathology driven by oxidative stress, sterile inflammation, mitochondrial dysfunction, and regulated cell death (apoptosis, necroptosis, pyroptosis, ferroptosis), yet validated pharmacotherapies remain scarce. Genistein, a soy-derived isoflavone phytoestrogen, has demonstrated multi-organ protection in preclinical IRI models through coordinated reg",https://pubmed.ncbi.nlm.nih.gov/42389282/,PubMed
Rare variants of ,"Liao Kai, Zhu Yijian, Zhao Yuwei",Frontiers in cell and developmental biology,2026-07-02,"Recurrent spontaneous abortion (RSA) is associated with embryonic chromosomal abnormalities, yet the maternal genetic factors predisposing to the production of aneuploid gametes remain incompletely understood. Identifying germline variants that disrupt meiotic chromosome segregation may elucidate the genetic etiology of RSA. Peripheral blood DNA was collected from 100 RSA patients for whom aneuplo",https://pubmed.ncbi.nlm.nih.gov/42388972/,PubMed
Multi-omics and spatial transcriptomics decode the ZDHHC9-driven hypoxia-immunosuppressive axis in hepatocellular carcinoma.,"Lu Haiyan, Kong Lingzhen, Hu Shidong",Frontiers in oncology,2026-07-02,"Hepatocellular carcinoma (HCC) is a major global health challenge with limited treatment options, highlighting the urgent need for new biomarkers and therapeutic targets. Protein palmitoylation, mediated by ZDHHC enzymes, plays a role in cancer, yet its comprehensive function in HCC development is not fully understood. We conducted a systematic analysis of the ZDHHC family in HCC. Using data from ",https://pubmed.ncbi.nlm.nih.gov/42388616/,PubMed
Exploring the mechanisms of baicalin in diabetic cardiomyopathy: Insights from network pharmacology and experimental validation.,"Zhao Xuyong, Xie Lina, Zhu Ning",Biomedical reports,2026-07-02,"Baicalin has protective effects against a range of cardiovascular conditions, such as myocardial ischemia-reperfusion injury, cardiac dysfunction, and apoptosis in cardiomyocytes. However, the underlying protective mechanisms in diabetic cardiomyopathy (DCM) remain unclear. The present study aimed to investigate the specific molecular mechanism activated by baicalin to ameliorate DCM. The effects ",https://pubmed.ncbi.nlm.nih.gov/42388446/,PubMed
Multiple myeloma: A tale of deregulated transcription factors.,"Gómez-Echarte Nahia, San José-Enériz Edurne, Urizar-Compains Estíbaliz",HemaSphere,2026-07-02,"A comprehensive understanding of the molecular mechanisms underlying multiple myeloma (MM) pathogenesis is essential for developing therapeutic strategies that overcome disease heterogeneity and treatment relapse. In this review, we focus on transcription factors (TFs), key regulators of gene expression that play critical roles in normal hematopoiesis and MM biology. We first discuss the physiolog",https://pubmed.ncbi.nlm.nih.gov/42388417/,PubMed
LL-37 inhibits osteosarcoma progression by suppressing SQLE-mediated cholesterol synthesis via the PTEN/AKT/mTOR pathway.,"Lu Fatai, Liu Zhijun, Jiang Huasheng",Journal of bone oncology,2026-07-02,"Osteosarcoma (OS) is an aggressive primary bone malignancy with poor prognosis for metastatic and recurrent cases, highlighting an urgent need for novel therapeutic strategies. The human cathelicidin peptide LL-37 exerts context-dependent anti-tumor effects, yet its functional role in OS remains largely undefined. This study aimed to explore the anti-OS activity and underlying mechanisms of LL-37.",https://pubmed.ncbi.nlm.nih.gov/42388271/,PubMed
HP1γ promotes the progression of colorectal cancer through interaction with RBPJ of the Notch signaling pathway.,"Zhu Rui-Bao, Xie Yi-Jia, Han Yu-Ting",Cell biology and toxicology,2026-07-02,"Epigenetic dysregulation plays a pivotal role in cancer progression. Unlike HP1α and HP1β, which localize primarily to heterochromatin, HP1γ predominantly occupies euchromatin, suggesting a direct role in transcriptional regulation. Here, we identify HP1γ as a high-risk oncogene in colorectal cancer (CRC). Genome-wide analysis and disease-free survival (DFS) correlation studies revealed that high ",https://pubmed.ncbi.nlm.nih.gov/42387182/,PubMed
FAM234A acts as a switch between Th17 and Treg cell fate decisions that control inflammatory bowel disease.,"Zhang Zhaoqi, Zhao Chenxu, Sun Lingyun",Cellular & molecular immunology,2026-07-02,Appropriate T-cell functional polarization is critical for maintaining immune stability and immune tolerance. The role of Fam234a in the functional polarization of T cells is unknown. In a DSS-induced inflammatory bowel disease model in Rag2,https://pubmed.ncbi.nlm.nih.gov/42386939/,PubMed
Lipid-lowering for people with chronic kidney disease: a narrative review.,"Tunnicliffe David J, Krishnasamy Rathika, Strippoli Giovanni Fm",Drug and therapeutics bulletin,2026-07-02,"Chronic kidney disease (CKD) affects approximately 14% of adults worldwide, and CKD independently contributes to cardiovascular risk. Hereby, we provide a narrative review of cholesterol-lowering therapies for people with CKD. Abnormal levels of cholesterol and triglycerides are common in CKD and contribute to cardiovascular risk beyond common risk factors like older age, hypertension and diabetes",https://pubmed.ncbi.nlm.nih.gov/42386392/,PubMed
Retsat promotes synovial mesenchymal stem cell senescence and aggravates osteoarthritis by inhibiting the PPARγ/RXR heterodimerization pathway.,"Shi Yanbin, Wu Song, Liang Chi",Osteoarthritis and cartilage,2026-07-02,"Osteoarthritis (OA), a prevalent degenerative joint disorder, lacks curative conventional therapies. Stem cell therapy is being subjected to increasing attention in the realm of OA treatment. This study aimed to investigate the metabolic changes in senescent synovial mesenchymal stem cells (SMSCs) and the role and molecular mechanisms of the retinol metabolism pathway enzyme retinol saturase (Rets",https://pubmed.ncbi.nlm.nih.gov/42386116/,PubMed
"4-DMB, a diclofenac derivative, alleviates DSS-induced ulcerative colitis in mice by binding TNFR1 to inhibit inflammation.","Yang Wei, Zhang Wan-Ting, Zhang Ran",Biochemical pharmacology,2026-07-02,"Novel diclofenac (Dic) hybrids with methyl 2-bromobenzoate (2-DMB) and methyl 4-bromobenzoate (4-DMB) modifications via ester linkages have been synthesized and proven to have anti-inflammatory potential in vitro, suggesting that further development of these compounds may lead to a potential anti-inflammatory drug. In this study, the anti-inflammatory activity of these compounds was evaluated both",https://pubmed.ncbi.nlm.nih.gov/42386005/,PubMed
Baicalin downregulates Thromboxane A,"Gao Teng, Li Quanbin, Chen Jiangliang",European journal of pharmacology,2026-07-02,"Cyclosporine A, an immunosuppressant, is clinically limited by its hypertensive and nephrotoxic effects. Baicalin, a bioactive flavonoid derived from Scutellaria baicalensis, effectively alleviates CsA-induced hypertension by downregulating the thromboxane A",https://pubmed.ncbi.nlm.nih.gov/42385976/,PubMed
Selective silencing of placental anti-angiogenic factors in invasive trophoblasts via membrane-fusion divalent siRNA delivery for preeclampsia therapy.,"Qian Wenqiang, Zhang Ying, Yao Yao",Journal of controlled release : official journal of the Controlled Release Society,2026-07-02,"Preeclampsia is a common and severe hypertensive disorder of pregnancy driven by placental dysfunction. In the absence of effective therapies, termination of pregnancy remains the only definitive treatment, resulting in significant maternal and fetal mortality. In this study, single-cell transcriptomic analysis of human placentae identified extravillous trophoblasts as a key pathogenic invasive ce",https://pubmed.ncbi.nlm.nih.gov/42385857/,PubMed
Myeloid HIF-1α Couples Glycolytic Energy Supply with NCF2-Dependent Oxidative Killing to Protect Against Klebsiella pneumoniae Pneumonia.,"Guo Yaqin, Meng Bao, Zhu Rongqin",Free radical biology & medicine,2026-07-02,"Hypervirulent Klebsiella pneumoniae (hvKp) induces severe pneumonia and sepsis. HIF-1α coordinates metabolic and immune responses in myeloid cells, but its role in hvKp-mediated pulmonary defense remains undefined. Monocyte HIF-1α expression was assessed in patients with Klebsiella pneumoniae (K. pneumoniae) pneumonia. Myeloid-specific Hif-1α knockout mice and BMDMs were used to examine survival, ",https://pubmed.ncbi.nlm.nih.gov/42385797/,PubMed
In ovo silencing of SERPINA6 using siRNA alters endocrine responses and embryonic growth in broiler chickens.,"Lafthali O A, Abdulateef S M",Reproductive biology,2026-07-02,A temporary reduction in developmental progression during critical incubation stages may impair embryonic growth and subsequent chick quality. This study evaluated whether in ovo siRNA-mediated silencing of the SERPINA6 gene is associated with changes in endocrine responses and late-stage embryonic development in broiler chickens. A total of 720 Ross 308 eggs were randomly assigned to six treatmen,https://pubmed.ncbi.nlm.nih.gov/42385502/,PubMed
Daphnetin alleviates influenza pneumonia by enhancing chaperone-mediated autophagy of KEAP1 through Heat shock cognate 71 kDa protein.,"Wang Jian, Liu Huan, Pan Xuanhao",Phytomedicine : international journal of phytotherapy and phytopharmacology,2026-07-02,"Inflammatory injury due to viral pneumonia (e.g., influenza A virus [IAV]) is a major cause of death in severe respiratory diseases. Daphnetin, a natural coumarin, has therapeutic potential against viral pneumonia; however, its direct target and mechanism of action remain unclear. Experimental study on the therapeutic effect and mechanism of daphnetin in viral pneumonia. We integrated limited prot",https://pubmed.ncbi.nlm.nih.gov/42385433/,PubMed
"Deficiency of Mitochondrial Fatty Acid Enzyme, CPT1A, Underlies Airway Epithelial Barrier Dysfunction in Severe Asthma.","Wang Muyun, Hu Haiyang, Wang Kun",Allergy,2026-07-02,Mitochondrial fatty acid oxidation through carnitine palmitoyltransferase-1A (CPT1A) leads to ATP generation. We examined its role in regulating permeability and mitochondrial metabolic homeostasis of airway epithelial cells in asthma. Primary nasal epithelial cells (NECs) from healthy controls and severe asthma (SA) patients in air-liquid interface (ALI) were exposed to CPT1A siRNA/CPT1A overexpr,https://pubmed.ncbi.nlm.nih.gov/42385216/,PubMed
DeepSilencer: A Novel Deep Learning Model for Predicting siRNA Knockdown Efficiency,"Wangdan Liao, Weidong Wang",arXiv,2026-07-02,"Background: Small interfering RNA (siRNA) is a promising therapeutic agent due to its ability to silence disease-related genes via RNA interference. While traditional machine learning and early deep learning methods have made progress in predicting siRNA efficacy, there remains significant room for improvement. Advanced deep learning techniques can enhance prediction accuracy, reducing the relianc",http://arxiv.org/abs/2503.04200v1,arXiv
Maturation of siRNA by strand separation: Steered Molecular dynamics study,"Rakesh K Mishra, Sanchita Mukherjee, Dhananjay Bhattacharyya",arXiv,2026-07-02,"RNA interference, particularly siRNA induced gene silencing is becoming an important avenue of modern therapeutics. The siRNA is delivered to the cells as short double helical RNA which becomes single stranded for forming the RISC complex. Significant experimental evidence is available for most of the steps except the process of the separation of the two strands. We have attempted to understand th",http://arxiv.org/abs/1910.03778v1,arXiv
Using a hydrogen-bond index to predict the gene-silencing efficiency of siRNA based on the local structure of mRNA,"Kathy Q. Luo, Donald C. Chang",arXiv,2026-07-02,The gene silencing effect of short interfering RNA (siRNA) is known to vary strongly with the targeted position of the mRNA. A number of hypotheses have been suggested to explain this phenomenon. We would like to test if this positional effect is mainly due to the secondary structure of the mRNA at the target site. We proposed that this structural factor can be characterized by a single parameter ,http://arxiv.org/abs/1710.07413v1,arXiv
Unraveling siRNA Unzipping Kinetics with Graphene,"Santosh Mogurampelly, Swati Panigrahi, Dhananjay Bhattacharyya",arXiv,2026-07-02,"Using all atom molecular dynamics simulations, we report spontaneous unzipping and strong binding of small interfering RNA (siRNA) on graphene. Our dispersion corrected density functional theory based calculations suggest that nucleosides of RNA have stronger attractive interactions with graphene as compared to DNA residues. These stronger interactions force the double stranded siRNA to spontaneou",http://arxiv.org/abs/1207.4569v1,arXiv
Unzipping and binding of small interfering RNA with single walled Carbon Nanotube: a platform for small interfering RNA delivery,"Mogurampelly Santosh, Swati Panigrahi, Dhananjay Bhattacharyya",arXiv,2026-07-02,"In an effort to design efficient platform for siRNA delivery, we combine all atom classical and quantum simulations to study the binding of small interfering RNA (siRNA) by pristine single wall carbon nanotube (SWCNT). Our results show that siRNA strongly binds to SWCNT surface via unzipping its base-pairs and the propensity of unzipping increases with the increase in the diameter of the SWCNTs. T",http://arxiv.org/abs/1203.2409v1,arXiv
Nanodiamond as a vector for siRNA delivery to Ewing sarcoma cells,"Anna Alhaddad, Marie-Pierre Adam, Jacques Botsoa",arXiv,2026-07-02,"We investigated the ability of diamond nanoparticles (nanodiamonds, NDs) to deliver small interfering RNA (siRNA) in Ewing sarcoma cells, in the perspective of in vivo anti-cancer nucleic acid drug delivery. siRNA was adsorbed onto NDs previously coated with cationic polymer. Cell uptake of NDs has been demonstrated by taking advantage of NDs intrinsic fluorescence coming from embedded color cente",http://arxiv.org/abs/1106.2252v2,arXiv
Target prediction and a statistical sampling algorithm for RNA-RNA interaction,"F. W. D. Huang, J. Qin, C. M. Reidys",arXiv,2026-07-02,"It has been proven that the accessibility of the target sites has a critical influence for miRNA and siRNA. In this paper, we present a program, rip2.0, not only the energetically most favorable targets site based on the hybrid-probability, but also a statistical sampling structure to illustrate the statistical characterization and representation of the Boltzmann ensemble of RNA-RNA interaction st",http://arxiv.org/abs/0908.0597v1,arXiv
In silico evidence of the relationship between miRNAs and siRNAs,"Ludovica Montanucci, Piero Fariselli, Pier Luigi Martelli",arXiv,2026-07-02,"Both short interfering RNAs (siRNAs) and microRNAs (miRNAs) mediate the repression of specific sequences of mRNA through the RNA interference pathway. In the last years several experiments have supported the hypothesis that siRNAs and miRNAs may be functionally interchangeable, at least in cultured cells. In this work we verify that this hypothesis is also supported by a computational evidence. We",http://arxiv.org/abs/0705.2355v1,arXiv
