title,authors,journal,date,abstract,link,source
Endothelin-1 overexpression in mice increases vascular Vegfa164 and Vegfa188 alternative splice isoforms via enhanced Khdrbs3 expression.,"Berillo Olga, Coelho Suellen C, Ferreira Nathanne S",Journal of hypertension,2026-06-08,"Mice with tamoxifen-inducible endothelium-restricted human endothelin-1 (ET-1) overexpression (ieET-1) exhibited blood pressure elevation after 3  weeks and 3  months, and vascular injury after 3  months. We hypothesised that ET-1 overexpression-induced vascular injury is mediated by gene expression dysregulation. Male ieET-1 mice and mice expressing a tamoxifen-inducible Cre recombinase in endoth",https://pubmed.ncbi.nlm.nih.gov/42253124/,PubMed
Characterization of the m,"Abdelmohsen Kotb, Banskota Nirad, Rossi Martina",Molecular and cellular biology,2026-06-08,"A critical developmental process affecting aging and age-associated disease, cell senescence is characterized by persistent growth arrest and adaptive gene expression patterns. A common RNA modification, N6-methyladenosine (m",https://pubmed.ncbi.nlm.nih.gov/42253020/,PubMed
The Role of Macrophage M1/M2 Polarization Imbalance in the Pathogenesis of Immune Associated Diffuse Alveolar Hemorrhage: Evidence From the Study of Human Clinical Specimens.,"Wei Qing, Chen Xun, Lu Fuce",Pediatric pulmonology,2026-06-08,"An imbalance in M1/M2 macrophage polarization has been shown to play a critical role in the pathogenesis of diffuse alveolar hemorrhage (DAH) in mouse models. However, its contribution to immune-associated DAH in humans remains unclear. This study aimed to investigate the role of macrophage M1/M2 polarization imbalance in the pathogenesis of immune-associated DAH in children. A total of 24 childre",https://pubmed.ncbi.nlm.nih.gov/42252953/,PubMed
PRP8 regulates chromatin organization to enforce transcriptional gene silencing independent of DNA methylation.,"Qi Lijuan, Zhuo Wanqing, Chen Guanyu",The Plant cell,2026-06-08,"Transcriptional gene silencing (TGS) is critical in maintaining genome integrity in plants, during which DNA methylation plays a fundamental role. The establishment and maintenance of DNA methylation are well characterized, while the downstream events mediating transcriptional repression remain poorly understood. In this study, we performed a forward genetic screen for suppressors of hdp1-induced ",https://pubmed.ncbi.nlm.nih.gov/42252934/,PubMed
ATPIF1 Deficiency Significantly Alleviates ,"Yang Haoyu, Li Ziqi, Yan Dong",Journal of microbiology and biotechnology,2026-06-08,"Mitochondrial ATP synthase inhibitory factor 1 (ATPIF1) regulates cellular energy metabolism and has been implicated in inflammatory disorders. However, its role in infection-associated colitis remains unclear. This study aimed to investigate the effects of ATPIF1 on host susceptibility and inflammation in a ",https://pubmed.ncbi.nlm.nih.gov/42252908/,PubMed
Identification of gingival junctional epithelium-associated genes reflected in periodontal clinical parameters.,"Matsuzaki Misaki, Ochiai Yoshito, Morita Takumi",Journal of periodontal & implant science,2026-06-08,"The expression of gingival junctional epithelium (JE)-associated genes, including amelotin ( The study included patients with chronic periodontitis who were undergoing supportive periodontal therapy (SPT). Saliva samples were collected and analyzed using quantitative real-time polymerase chain reaction. Statistical analyses were performed to determine the associations between the RNA levels of JE-",https://pubmed.ncbi.nlm.nih.gov/42252877/,PubMed
"Utility of ultrasensitive, US Food and Drug Administration-approved κ and λ dual in situ hybridization assay in the diagnosis of Hodgkin lymphomas.","Eltahir Mohamed, Young Kelly, Younes Sheren",American journal of clinical pathology,2026-06-08,"Determination of B-cell clonality in formalin-fixed, paraffin-embedded tissues is challenging, especially in cases where tumor B cells are sparse. Flow cytometry is of limited utility in Hodgkin lymphomas, at least in part due to the rarity and fragility of the malignant cells. We used a recently US Food and Drug Administration-approved, ultrasensitive κ and λ dual in situ hybridization assay (K/L",https://pubmed.ncbi.nlm.nih.gov/42252788/,PubMed
Compositional Optimization of CRISPR/Cas9 Lipid Nanoparticles for Efficient Knockdown of Target Genes.,"Jiang Jiaying, Yan Yunfeng",Chembiochem : a European journal of chemical biology,2026-06-08,"Efficient and safe delivery systems remain a major barrier to the clinical translation of CRISPR/Cas9 gene-editing technologies; among these, formulation optimization of lipid nanoparticles (LNPs) is a key approach to improve delivery performance. Here, we constructed an orthogonal formulation library of LNPs using the ionizable lipids 4A2C2C6-A8 and 4A2C2C8-A8 at varied molar ratios and screened ",https://pubmed.ncbi.nlm.nih.gov/42252785/,PubMed
"Retrospective cohort study of mRNA COVID-19 vaccine-associated enhanced disease in the Vaccine Safety Datalink, 2021-23.","Belongia Edward A, Kieke Burney A, Hanson Kayla E",Human vaccines & immunotherapeutics,2026-06-08,"Vaccine-associated enhanced disease (VAED) was recognized as a theoretical risk when COVID-19 vaccines were authorized. Epidemiologic data can identify a signal for VAED if vaccine effectiveness (VE) is negative for preventing serious illness. In 2021, we initiated a cohort study to examine VAED indirectly by estimating VE against COVID-19 hospitalization and severe illness in the Vaccine Safety D",https://pubmed.ncbi.nlm.nih.gov/42252746/,PubMed
"Dietary L-Tyrosine Sustains Egg Production and Quality by Modulating Promoter CpG Methylation, Gene Expression, and Hormone Profiles in Reproductive Signalling Pathways of Aged Laying Hens.",İpçak Hasan Hüseyin,Journal of animal physiology and animal nutrition,2026-06-08,"Managing prolactin (PRL)-mediated reproductive suppression is critical for maintaining egg production in commercial laying hens. L-tyrosine (TYR), a precursor of dopamine (DA), may counteract age-related reproductive decline by suppressing PRL, thereby sustaining productivity and egg quality in late-phase laying hens. The present study evaluated the effects of dietary L-tyrosine supplementation on",https://pubmed.ncbi.nlm.nih.gov/42252734/,PubMed
Quantitative RNA spatial profiling using single-molecule RNA FISH on plant tissue cryosections.,"Zhang Xue, Fonseca Alejandro, Kutashev Konstantin",Plant communications,2026-06-08,"Single-molecule fluorescence in situ hybridization (smFISH) has emerged as a powerful tool to study gene expression dynamics with unparalleled precision and spatial resolution in a variety of biological systems. Recent advancements have expanded its application to encompass plant studies, yet a demand persists for a simple and robust smFISH method adapted to plant tissue sections. Here, we present",https://pubmed.ncbi.nlm.nih.gov/42252663/,PubMed
Maternal deprivation and adolescent alcohol exposure induce sex-dependent alterations in stress-related behavior and lipid signaling in rats.,"Sánchez-Marín Laura, Castro-Zavala Adriana, Flores-López María",Biology of sex differences,2026-06-08,"Early-life stress constitutes a major risk factor for the development of neuropsychiatric and substance use disorders, exerting enduring effects on stress responsivity and emotional behavior. Maternal deprivation (MD) is a well-established model of early adversity that induces persistent neurobiological alterations. During adolescence, alcohol exposure presents an additional challenge that may int",https://pubmed.ncbi.nlm.nih.gov/42252467/,PubMed
SARS-CoV-2 mRNA XBB1.5 vaccine immunogenicity in kidney transplant recipients.,"Surénaud Mathieu, Wiedemann Aurélie, Hocini Hakim",Virology journal,2026-06-08,"Despite the reduced clinical severity of Omicron SARS-CoV-2 variants compared to earlier lineages, kidney transplant recipients (KTR) continue to experience higher SARS-CoV-2 mortality rates than the general population. Seroconversion rates following SARS-CoV-2 mRNA vaccination remain lower in KTR after three vaccine injections. We evaluated anti-SARS-CoV-2 neutralizing antibody activity and cellu",https://pubmed.ncbi.nlm.nih.gov/42252436/,PubMed
[WD40 repeat-containing protein 6 aggravates diabetic kidney disease by promoting lipid accumulation in renal tubular cells].,"Xin Peiqing, Sun Lina, Niu Shaona",Zhejiang da xue xue bao. Yi xue ban = Journal of Zhejiang University. Medical sciences,2026-06-08,"To investigate the role of WD40 repeat-containing protein 6 (WDR6) in the regulation of tubular lipid metabolism in diabetic kidney disease (DKD). A total of 97 patients who underwent renal biopsy at Linyi People's Hospital between 2015 and 2023 were enrolled. Based on pathological diagnoses, the patients were divided into three groups: non-DKD ( Compared with the non-DKD group, the DKD group (sta",https://pubmed.ncbi.nlm.nih.gov/42252270/,PubMed
"Retraction notice to ""Applying spectral analysis to the arterial pulse to discriminate cardiovascular side effects following administration of Moderna's mRNA-1273 vaccine"" [Eur. J. Pharmacol. 1007 (2025) 178269].","Chen Chun-Chao, Chang Wen-Ting, Chiu Chun-Chih",European journal of pharmacology,2026-06-08,,https://pubmed.ncbi.nlm.nih.gov/42252246/,PubMed
"Clinical, Genetic, and Functional Characterization of Novel NFKB1 Variants in Chinese Patients with Primary Immunodeficiency.","Zhang Jingyuan, Cai Huacong, Zhu Tienan",Clinical and experimental immunology,2026-06-08,"The nuclear factor κB (NF-κB)-related disorders encompassed not only common variable immunodeficiency but also manifestations of autoinflammation, autoimmunity, and malignancies. While most cases have been reported in European populations, reports in the Chinese population are sparse. Clinical data and genetic variants from four Chinese patients with NFKB1 variants, alongside four previously repor",https://pubmed.ncbi.nlm.nih.gov/42252100/,PubMed
Differential expression of succinylation in lung mitochondria of patients with chronic obstructive pulmonary disease and its correlation with oxidative stress.,"Meng Ting, Zhang Xuelian, Bao Yongjiang",Respiratory medicine,2026-06-08,"Chronic obstructive pulmonary disease (COPD) is a global disease characterized by persistent airflow limitation. Its pathogenesis is complex and there is currently no effective treatment. Although mitochondrial dysfunction and oxidative stress are closely related to the pathological process of COPD, the specific role of succinylation in pulmonary mitochondria of COPD is not clear. To reveal the ex",https://pubmed.ncbi.nlm.nih.gov/42251912/,PubMed
Mixed lineage leukemia 1 regulates haemocyte proliferation by affecting histone H3 lysine 4 trimethylation during immune priming of Eriocheir sinensis.,"Zhao Xinyu, Qiao Xue, Gu Xiaoyu",International journal of biological macromolecules,2026-06-08,"Invertebrate immune priming, characterized by enhanced immune cell proliferation and responsiveness after prior challenge, is epigenetically regulated, mirroring trained immunity in vertebrates. Our previous work has found that pre-exposure of the Chinese mitten crab (Eriocheir sinensis) to Aeromonas hydrophila significantly improves total haemocyte count and survival rate upon subsequent challeng",https://pubmed.ncbi.nlm.nih.gov/42251876/,PubMed
Prognostic influence of small leucine-rich proteoglycans on serous ovarian cancer.,"Surmann H, Bartha A, Győrffy B",Journal of cancer research and clinical oncology,2026-06-08,"Ovarian cancer is one of the most lethal cancers in women worldwide. To be able to offer successful treatment and improve the prognosis, knowledge of factors influencing the tumor microenvironment is indispensable. In this context, the influence of the extracellular matrix on tumor progression is increasingly recognized. Of note, preclinical data in cell line and animal models have suggested that ",https://pubmed.ncbi.nlm.nih.gov/42251619/,PubMed
Integrative multi-omics identifies a glycosylation-based prognostic framework and nominates ALG3 for targeted therapy in bladder cancer.,"Feng Wubing, He Weiyang",Discover oncology,2026-06-08,"Bladder urothelial carcinoma (BLCA) exhibits heterogeneous outcomes, creating an urgent need for reliable prognostic biomarkers. Glycosylation modifications are crucial in cancer but understudied for BLCA stratification. Using clinical and transcriptomic data from The Cancer Genome Atlas (TCGA) and glycosylation-related genes from the Gene Set Enrichment Analysis (GSEA) database, we constructed a ",https://pubmed.ncbi.nlm.nih.gov/42251607/,PubMed
mRNAutilus: Multi-Objective-Guided Discrete Generation of mRNA with Optimized Therapeutic Properties,"Sawan Patel, Sophia Tang, Yesol Kim",arXiv,2026-06-08,"Therapeutic mRNA design requires coordinating multiple interacting sequence features across the full transcript, where codon usage, untranslated regions (UTRs), and their coupling jointly determine stability, translation efficiency, and protein expression. Here, we present mRNA generation via unrolled trajectories and informed latent updates (mRNAutilus), a framework for simultaneous codon optimiz",http://arxiv.org/abs/2605.31296v1,arXiv
Sampling-based Continuous Optimization for Messenger RNA Design,"Feipeng Yue, Ning Dai, Wei Yu Tang",arXiv,2026-06-08,"Designing messenger RNA (mRNA) sequences for a fixed target protein requires searching an exponentially large synonymous space while optimizing properties that affect stability and downstream performance. This is challenging because practical mRNA design involves multiple coupled objectives beyond classical folding criteria, and different applications prefer different trade-offs. We propose a gene",http://arxiv.org/abs/2603.06559v1,arXiv
Drug-like antibodies with low immunogenicity in human panels designed with Latent-X2," Latent Labs Team, Henry Kenlay, Daniella Pretorius",arXiv,2026-06-08,"Drug discovery has long sought computational systems capable of designing drug-like molecules directly: developable and non-immunogenic from the start. Here we introduce Latent-X2, a frontier generative model that achieves this goal through zero-shot design of antibodies with strong binding affinities, drug-like properties, and, for the first time for any de novo generated antibody, confirmed low ",http://arxiv.org/abs/2512.20263v1,arXiv
"RNAGenScape: Property-Guided, Optimized Generation of mRNA Sequences with Manifold Langevin Dynamics","Danqi Liao, Chen Liu, Xingzhi Sun",arXiv,2026-06-08,"Generating property-optimized mRNA sequences is central to applications such as vaccine design and protein replacement therapy, but remains challenging due to limited data, complex sequence-function relationships, and the narrow space of biologically viable sequences. Generative methods that drift away from the data manifold can yield sequences that fail to fold, translate poorly, or are otherwise",http://arxiv.org/abs/2510.24736v3,arXiv
Yeast growth is controlled by the proportional scaling of mRNA and ribosome concentrations,"Xin Gao, Michael Lanz, Rosslyn Grosely",arXiv,2026-06-08,"Despite growth being fundamental to all aspects of cell biology, we do not yet know its organizing principles in eukaryotic cells. Classic models derived from the bacteria E. coli posit that protein-synthesis rates are set by mass-action collisions between charged tRNAs produced by metabolic enzymes and mRNA-bound ribosomes. These models show that faster growth is achieved by simultaneously raisin",http://arxiv.org/abs/2508.14997v1,arXiv
mRNA Folding Algorithms for Structure and Codon Optimization,"Max Ward, Mary Richardson, Mihir Metkar",arXiv,2026-06-08,"mRNA technology has revolutionized vaccine development, protein replacement therapies, and cancer immunotherapies, offering rapid production and precise control over sequence and efficacy. However, the inherent instability of mRNA poses significant challenges for drug storage and distribution, particularly in resource-limited regions. Co-optimizing RNA structure and codon choice has emerged as a p",http://arxiv.org/abs/2503.19273v1,arXiv
Generative Model for Synthesizing Ionizable Lipids: A Monte Carlo Tree Search Approach,"Jingyi Zhao, Yuxuan Ou, Austin Tripp",arXiv,2026-06-08,"Ionizable lipids are essential in developing lipid nanoparticles (LNPs) for effective messenger RNA (mRNA) delivery. While traditional methods for designing new ionizable lipids are typically time-consuming, deep generative models have emerged as a powerful solution, significantly accelerating the molecular discovery process. However, a practical challenge arises as the molecular structures genera",http://arxiv.org/abs/2412.00807v1,arXiv
Machine learning framework to predict the performance of lipid nanoparticles for nucleic acid delivery,"Gaurav Kumar, Arezoo M. Ardekani",arXiv,2026-06-08,"Lipid nanoparticles (LNPs) are highly effective carriers for gene therapies, including mRNA and siRNA delivery, due to their ability to transport nucleic acids across biological membranes, low cytotoxicity, improved pharmacokinetics, and scalability. A typical approach to formulate LNPs is to establish a quantitative structure-activity relationship (QSAR) between their compositions and in vitro/in",http://arxiv.org/abs/2411.14293v1,arXiv
Joint Design of 5' Untranslated Region and Coding Sequence of mRNA,"Yang Liu, Jie Gao, Xiaonan Zhang",arXiv,2026-06-08,"Messenger RNA (mRNA) vaccines and therapeutics are emerging as powerful tools against a variety of diseases, including infectious diseases and cancer. The design of mRNA molecules, particularly the untranslated region (UTR) and coding sequence (CDS) is crucial for optimizing translation efficiency and stability. Current design approaches generally focus solely on either the 5' UTR or the CDS, whic",http://arxiv.org/abs/2410.20781v1,arXiv
Bacterial stress granule protects mRNA through ribonucleases exclusion,"Linsen Pei, Yujia Xian, Xiaodan Yan",arXiv,2026-06-08,"Membraneless droplets formed through liquid-liquid phase separation (LLPS) play a crucial role in mRNA storage, enabling organisms to swiftly respond to environmental changes. However, the mechanisms underlying mRNA integration and protection within droplets remain unclear. Here, we unravel the role of bacterial aggresomes as stress granules (SGs) in safeguarding mRNA during stress. We discovered ",http://arxiv.org/abs/2404.17873v2,arXiv
"Hypolipidemic effect of brown seaweed (Sargassum crassifolium) extract in vivo (Study of histopathology, mRNA expression, and immunohistochemistry (IHC) with VCAM-1, ICAM-1, and MCP-1 parameters)","Sarah Zaidan, Syamsudin Abdillah, Nur Arfian",arXiv,2026-06-08,The purpose of this study was to obtain natural drugs from brown seaweed (Sargassum crassifolium) as antiatherosclerosis candidates through the study of hypolipidemic mechanisms of action. Modeling of dyslipidemia rats was carried out by feeding high-fat (HFF) and doses of crude fucoidan 100. 200. 400mg / KgBB. in both treatments measured blood lipid profile levels taken from the orbital sinuses. ,http://arxiv.org/abs/2402.07497v1,arXiv
Machine Learning Modeling Of SiRNA Structure-Potency Relationship With Applications Against Sars-Cov-2 Spike Gene,Damilola Oshunyinka,arXiv,2026-06-08,"The pharmaceutical Research and development (R&D) process is lengthy and costly, taking nearly a decade to bring a new drug to the market. However, advancements in biotechnology, computational methods, and machine learning algorithms have the potential to revolutionize drug discovery, speeding up the process and improving patient outcomes. The COVID-19 pandemic has further accelerated and deepened",http://arxiv.org/abs/2401.12232v1,arXiv
Messenger RNA Design via Expected Partition Function and Continuous Optimization,"Ning Dai, Wei Yu Tang, Tianshuo Zhou",arXiv,2026-06-08,"The tasks of designing RNAs are discrete optimization problems, and several versions of these problems are NP-hard. As an alternative to commonly used local search methods, we formulate these problems as continuous optimization and develop a general framework for this optimization based on a generalization of classical partition function which we call ""expected partition function"". The basic idea ",http://arxiv.org/abs/2401.00037v2,arXiv
Machine Learning-guided Lipid Nanoparticle Design for mRNA Delivery,"Daisy Yi Ding, Yuhui Zhang, Yuan Jia",arXiv,2026-06-08,"While RNA technologies hold immense therapeutic potential in a range of applications from vaccination to gene editing, the broad implementation of these technologies is hindered by the challenge of delivering these agents effectively. Lipid nanoparticles have emerged as one of the most widely used delivery agents, but their design optimization relies on laborious and costly experimental methods. W",http://arxiv.org/abs/2308.01402v2,arXiv
Corrected Hill Function in Stochastic Gene Regulatory Networks,"Manuel Eduardo Hernández-García, Jorge Velázquez-Castro",arXiv,2026-06-08,"Describing reaction rates in stochastic bio-circuits is commonly done by directly introducing the deterministically deduced Hill function into the master equation. However, when fluctuations in enzymatic reaction rates are not neglectable, the Hill function must be derived, considering all the involved stochastic reactions. In this work, we derived the stochastic version of the Hill function from ",http://arxiv.org/abs/2307.03057v4,arXiv
Stochastic dynamics and ribosome-RNAP interactions in Transcription-Translation Coupling,"Xiangting Li, Tom Chou",arXiv,2026-06-08,"Under certain cellular conditions, transcription and mRNA translation in prokaryotes appear to be ""coupled,"" in which the formation of mRNA transcript and production of its associated protein are temporally correlated. Such transcription-translation coupling (TTC) has been evoked as a mechanism that speeds up the overall process, provides protection during the transcription, and/or regulates the t",http://arxiv.org/abs/2207.04568v1,arXiv
Coronavirus RNA Sensor Using Single-Stranded DNA Bonded to Sub-Percolated Gold Films on Monolayer Graphene Field-Effect Transistors,"Nicholas E. Fuhr, Mohamed Azize, David J. Bishop",arXiv,2026-06-08,"Electrical detection of messenger ribonucleic acid (mRNA) is a promising approach to enhancing transcriptomics and disease diagnostics because of its sensitivity, rapidity, and modularity. Reported here is a fast SARS-CoV-2 mRNA biosensor (<1 minute) with a limit of detection of 1 aM, and dynamic range of 4 orders of magnitude and a linear sensitivity of 22 mV per molar decade. These figures of me",http://arxiv.org/abs/2205.05143v1,arXiv
Deep learning models for predicting RNA degradation via dual crowdsourcing,"Hannah K. Wayment-Steele, Wipapat Kladwang, Andrew M. Watkins",arXiv,2026-06-08,"Messenger RNA-based medicines hold immense potential, as evidenced by their rapid deployment as COVID-19 vaccines. However, worldwide distribution of mRNA molecules has been limited by their thermostability, which is fundamentally limited by the intrinsic instability of RNA molecules to a chemical degradation reaction called in-line hydrolysis. Predicting the degradation of an RNA molecule is a ke",http://arxiv.org/abs/2110.07531v2,arXiv
Coagulapathies after vaccination against SARS-CoV-2 may be derived from a combination effect of SARS-CoV-2 spike protein and adenovirus vector-triggered signaling pathways,Ralf Kircheis,arXiv,2026-06-08,"The novel coronavirus SARS-CoV-2 has resulted in a global pandemic with worldwide 6-digital infection rates and thousands death tolls daily. Enormeous effords are undertaken to achieve high coverage of immunization in order to reach herd immunity to stop spreading of SARS-CoV-2 infection. Several SARS-CoV-2 vaccines, based either on mRNA, viral vectors, or inactivated SARS-CoV-2 virus have been ap",http://arxiv.org/abs/2109.00089v1,arXiv
Analyzing ribosome remodeling in health and disease,"Aleksandra A. Petelski, Nikolai Slavov",arXiv,2026-06-08,"regulation largely unexplored, in part due to methodological limitations. Indeed, we review evidence demonstrating that commonly used methods, such as transcriptomics, are inadequate because the variability in mRNAs coding for ribosomal proteins (RP) does not necessarily correspond to RP variability. Thus protein remodeling of ribosomes should be investigated by methods that allow direct quantific",http://arxiv.org/abs/2007.05839v2,arXiv
Red blood cell-derived extracellular vesicles enable cisplatin and cetuximab combined therapy against triple-negative breast cancer.,"Romano Miriam, Musicò Angelo, Tassoni Selene",Journal of nanobiotechnology,2026-06-08,"Triple-negative breast cancer is an aggressive breast cancer subtype characterized by the absence of human epidermal growth factor receptor 2, estrogen and progesterone receptors, limiting targeted therapy options. Cisplatin, a chemotherapeutic agent, induces DNA damage and exhibits some efficacy against triple-negative breast cancer, but its effectiveness is often reduced by chemoresistance and s",https://pubmed.ncbi.nlm.nih.gov/42252443/,PubMed
Molecular characterization of midgut Peritrophin-44 and Peritrophin-48 and their role in Plasmodium development.,"Dubey Alok, Chauhan Vinod K, Chaitanya R K",Acta tropica,2026-06-08,"The peritrophic matrix (PM) is a semi-permeable, chitin-peritrophin layer lining the insect midgut. It facilitates digestive compartmentalization, maintains midgut homeostasis, mitigates the oxidative cytotoxicity of free heme, and acts as a mechanical barrier impeding the midgut invasion of pathogens like Plasmodium. The specific roles of individual peritrophins during parasite transmission are n",https://pubmed.ncbi.nlm.nih.gov/42252009/,PubMed
Imidazole-Modified Graphene Quantum Dots Enhance RNAi Efficiency in Spodoptera litura (Lepidoptera: Noctuidae): A Study Using Cuticular Protein Gene Silencing.,"Wang Fei-Feng, Huang Yuan-Yuan, Qin Peng",Archives of insect biochemistry and physiology,2026-06-08,"RNA interference (RNAi) serves as a crucial tool for gene function research and pest control. Nevertheless, its application in lepidopteran insects is restricted by the low efficiency of gene silencing. Spodoptera litura (Lepidoptera: Noctuidae), a globally-distributed polyphagous agricultural pest, has developed multiple strategies to resist control measures. This situation highlights the urgent ",https://pubmed.ncbi.nlm.nih.gov/42251729/,PubMed
Structural and chemical properties of insect's chitin-containing extracellular matrices.,"Wegmann Mario, Beck Marius, Cord-Landwehr Stefan",Insect biochemistry and molecular biology,2026-06-08,"Insect's body barriers rely on specialized extracellular matrices that protect against harmful environmental influences. The outer barrier is the cuticle, which is composed of chitin, cuticle proteins and lipids. The peritrophic matrix (PM) serves as an inner barrier lining the midgut epithelium. It is composed of chitin fibers that are organized by PM proteins. While cuticle and PM proteins have ",https://pubmed.ncbi.nlm.nih.gov/42250821/,PubMed
Molecular characterization and differential immunomodulatory functions of TGF-β2 and TGF-β3 following Vibrio challenge in Takifugu obscurus.,"Liang Fenfei, Liu Kun, Zhou Xiaorui",Fish & shellfish immunology,2026-06-08,"Transforming growth factor-β (TGF-β) genes play critical roles in immune regulation, but their functions in teleost fish, particularly TGF-β2 and TGF-β3, remain poorly understood. In this study, two TGF-β genes, namely ToTGF-β2 and ToTGF-β3 were identified in pufferfish, Takifugu obscurus. Bioinformatics analysis revealed that both genes possess conserved TGFb_propeptide and TGFB domains, with ToT",https://pubmed.ncbi.nlm.nih.gov/42250741/,PubMed
Overexpression of novel CYP6ER1 variants mediates the resistance of Nilaparvata lugens to sulfoxaflor and the cross-resistance to neonicotinoid insecticides.,"Lu Wenyu, Zeng Xiaohong, Chen Xingyu",Pest management science,2026-06-08,"Previous field-based resistance monitoring and indoor selection studies by the present authors indicated significant cross-resistance between the sulfoximine insecticide sulfoxaflor and neonicotinoid insecticides in the brown planthopper, Nilaparvata lugens. However, the mechanism of cross-resistance has remained unclear. In this study, we investigated the involvement of cytochrome P450 monooxygen",https://pubmed.ncbi.nlm.nih.gov/42249579/,PubMed
Ago1 is required for the regulation of mitochondrial translation under heat stress in S. pombe.,"Yu Mengling, Xu Yuanqi, Lu Yijing",The Journal of biological chemistry,2026-06-08,"Mitochondrial protein synthesis is a critical component of OXPHOS complexes, vital for both mammals and Schizosaccharomyces pombe. In our study, we investigated the effect of heat stress on mitochondria, analyzed the mitochondrial proteome and found that during heat stress, the translation of all mtDNA-encoded transcripts was impaired, leading to a reduction in the steady-state levels of mtDNA-enc",https://pubmed.ncbi.nlm.nih.gov/42248458/,PubMed
Enteric viral infections promote systemic accelerated aging in ,"González Rubén, Castelló-Sanjuán Mauro, Saleh Maria-Carla",Science advances,2026-06-08,"Do viral infections accelerate aging, and does this acceleration scale with pathogenicity? Using transcriptomic aging clocks, we measured biological age in ",https://pubmed.ncbi.nlm.nih.gov/42247495/,PubMed
Fusion dsRNA targeting ecdysteroid signaling provides efficient and selective RNAi-based control of spider mites.,"Li Zhongyi, Li Zhuo, Cao Zhangguang",Pest management science,2026-06-08,"Tetranychus urticae is a major agricultural pest mite whose rapid evolution of pesticide resistance necessitates innovative control strategies. RNA interference (RNAi) offers a promising alternative to chemical pesticides for its high specificity, efficiency, and environmental safety. Ecdysteroid signaling genes, which regulate molting and development in arthropods, represent potential RNAi target",https://pubmed.ncbi.nlm.nih.gov/42246519/,PubMed
Study of the temperature-related factors that activate the NLRP3 inflammasome in ,"Aimilajiang Kaidiliya, Wang Xiaodong, Ji Mingshuo",Frontiers in cellular and infection microbiology,2026-06-08,To investigate whether the temperature regulatory factor of  Differentially expressed genes under heat stress were enriched in metabolic pathways and heat shock protein-related genes. TRINITY_DN3793_c0_g1 was identified as a temperature regulatory factor.  Increased thermal stress causes severe mycelial damage in ,https://pubmed.ncbi.nlm.nih.gov/42245999/,PubMed
"A high-throughput, streamlined cloning protocol to generate guide RNAs for CRISPR activation.","Zhu Shusen, Tamez González Aura A, Alokda Abdelrahman",Frontiers in genome editing,2026-06-08,"Caenorhabditis elegans is a powerful model for studying gene function and disease pathogenesis. While RNA interference effectively suppresses gene expression, CRISPR activation (CRISPRa) provides a robust tool for upregulating endogenous gene expression in ",https://pubmed.ncbi.nlm.nih.gov/42245821/,PubMed
Understanding and modifying starch metabolism to limit yield losses in field-grown cassava.,"David Laure C, Deslandes-Hérold Gabriel, Hostettler Carmen",Plant physiology,2026-06-08,"The carbohydrate-rich storage roots of cassava (Manihot esculenta) are among the world's most vital staple foods, providing food security and income for hundreds of millions of people-primarily smallholder farmers in tropical and subtropical regions. Cassava is also a major source of starch for both food and industrial applications. Root yield is largely determined by starch content, which acts as",https://pubmed.ncbi.nlm.nih.gov/42243644/,PubMed
HmWRKY22-HmABCG1 regulatory module mediates aluminum tolerance through enhanced translocation and antioxidant defense.,"Ahmad Muhammad Zulfiqar, Chen Shuangshuang, Qi Xiangyu",Journal of hazardous materials,2026-06-08,"Aluminum (Al) toxicity in acidic soils limits crop productivity about 30-40% of the world's arable land. Certain plant species, such as Hydrangea macrophylla, have developed advanced mechanisms for Al tolerance. The HmABCG1, an ATP-binding cassette (ABC) transporter, has been functionally characterized from hydrangea that is crucial for Al tolerance. Phylogenetic analysis classifies HmABCG1 alongs",https://pubmed.ncbi.nlm.nih.gov/42242078/,PubMed
Mitochondrial uncoupling protein SpUCP regulates redox homeostasis and enhances heavy metal tolerance in mud crab (Scylla paramamosain) exposed to copper and cadmium.,"Cheng Chang-Hong, Fan Si-Gang, Ma Hong-Ling",Marine environmental research,2026-06-08,"Heavy metal pollution, particularly copper (Cu) and cadmium (Cd), poses a severe threat to coastal ecosystems and the aquaculture industry of mud crabs (Scylla paramamosain), a commercially important crustacean species. S. paramamosain, a dominant and economically important coastal aquaculture crustacean, is highly sensitive to heavy metal pollution due to its benthic and omnivorous lifestyle, mak",https://pubmed.ncbi.nlm.nih.gov/42241960/,PubMed
Chitosan-Tripolyphosphate Nanoparticles Enhance Foliar dsRNA Delivery and Suppress Turnip Crinkle Virus in Arabidopsis.,"Kim Min-Jae, Kim Nam-Yeon, Jeong Rae-Dong",The plant pathology journal,2026-06-08,"Topically applied double-stranded RNA (dsRNA) can trigger antiviral RNA interference in plants, but naked dsRNA is unstable and poorly taken up after foliar application. Here, we developed an eco-friendly chitosan- tripolyphosphate (CS-TPP) nanocarrier to enhance dsRNA delivery using turnip crinkle virus (TCV) as a model and tested it in Arabidopsis thaliana. A dsRNA targeting the TCV-coat protein",https://pubmed.ncbi.nlm.nih.gov/42237611/,PubMed
RNAi targeting ABCB1-like efflux transporters improves miticide efficacy in resistant Varroa mites.,"Ricigliano Vincent A, Fine Julia D, Mueller Rebecca",Parasites & vectors,2026-06-08,"The ectoparasitic mite Varroa destructor is the gravest threat to managed honeybees, and its control relies on a limited number of chemical miticides. Among these, amitraz is widely used because of its strong efficacy against mites and relatively low toxicity to bees. However, increasing resistance to amitraz in Varroa populations threatens its long-term effectiveness. While mutations in the mite'",https://pubmed.ncbi.nlm.nih.gov/42237131/,PubMed
Natural small RNA-based defense informs engineering of host-induced gene silencing in plant disease resistance.,"Koch Benjamin L, Qi Fan, Fang Xiaodong",Current opinion in biotechnology,2026-06-08,"Host-induced gene silencing (HIGS) is a crop protection strategy that exploits RNA interference (RNAi) to silence targeted genes in invading pathogens or pests and reduce disease. Despite some successful examples of HIGS in laboratory settings, its translation into commercial agriculture has been limited. Recent discoveries demonstrating that plants deploy specific endogenous small RNAs (sRNAs) to",https://pubmed.ncbi.nlm.nih.gov/42235105/,PubMed
Bacterial domain fusion drives biomineralization innovation in ,"Wu Keke, Chen Wenyu, Fan Chenghu",mBio,2026-06-08,"Mineralized external structures have evolved independently across unicellular eukaryotes. Within the phylum  Biomineralization is a key ecological trait, yet its genomic basis in early-branching eukaryotes remains largely elusive. Here, we establish the ciliate family ",https://pubmed.ncbi.nlm.nih.gov/42233672/,PubMed
Spray-induced gene silencing for plant disease control: mechanistic basis and deployment-oriented design.,"Mannaa Mohamed, Kil Eui-Joon, Park Inmyoung",Frontiers in plant science,2026-06-08,"Spray-induced gene silencing (SIGS) is a transgene-free, biodegradable RNA-based approach for crop protection in which exogenously applied double-stranded RNA (dsRNA) is taken up and processed by plants or susceptible pathogens to drive the sequence-specific silencing of essential or virulence-associated genes. This review synthesizes advancements in transitioning SIGS from proof-of-concept to fie",https://pubmed.ncbi.nlm.nih.gov/42231891/,PubMed
Multimodal Alignment and Preference Optimization for Zero-Shot Conditional RNA Generation,"Roman Klypa, Alberto Bietti, Sergei Grudinin",arXiv,2026-06-08,"The design of RNA molecules that interact with specific proteins is a critical challenge in experimental and computational biology. Despite recent progress in natural language modeling and deep learning-based protein design, there remains significant room to improve the frequency of successful interactions and the authenticity of generated sequences for functional applications. In this work, we fr",http://arxiv.org/abs/2605.23961v1,arXiv
"GoForth: Language Models for RNA Design under Structure, Sequence, and Coding Constraints",Michael Lindsey,arXiv,2026-06-08,"RNA inverse sequence design has broad biological and engineering applications, but computational methods for practical design queries remain limited. Such queries may impose several constraints at once, including target folds or motifs, fixed bases, and coding restrictions, while leaving arbitrary sequence and structure in unspecified regions. Because these constraints may permit many acceptable s",http://arxiv.org/abs/2605.07608v1,arXiv
Bayesian Rate Inference for Sequence Motif Dynamics in Systems of Reactive Nucleic Acids,"Johannes Harth-Kitzerow, Ulrich Gerland, Torsten A. Enßlin",arXiv,2026-06-08,"The RNA world hypothesis suggests a pathway of how life emerged on early earth. It assumes that life started with RNA based systems, capable of storing, transmitting and replicating information, envisioning that monomers and short RNA oligomers interact to form longer strands, eventually becoming catalytically active ribozymes. Key reactions in RNA pools are hybridization, dehybridization, templat",http://arxiv.org/abs/2604.25701v1,arXiv
VARIANT: Web Server for Decoding and Analyzing Viral Mutations at Genome and Protein Levels,"Rui Wang, Xuhang Dai, Xin Cao",arXiv,2026-06-08,"A comprehensive analysis of viral mutations is essential for understanding viral evolution, disease epidemiology, diagnosis, drug resistance, etc. However, challenges remain in capturing complex mutation patterns and supporting diverse viral families with varying genome architectures. To address these needs, we present VARIANT, an web server for mutational analysis of RNA viral genomes and associa",http://arxiv.org/abs/2604.20942v1,arXiv
Interfacial Potential Transduction for Diagnostics,"Hyun-June Jang, Peuli Nath, Yuqin Wang",arXiv,2026-06-08,"A major barrier to decentralized, near-patient diagnostics is the lack of a signal transduction modality that is both analytically precise and accessible at the point of care. Optical readouts remain instrument-dependent and difficult to miniaturize, while compact electrochemical readouts are prone to matrix-derived signal distortion, limiting their biomarker coverage in real clinical settings. He",http://arxiv.org/abs/2603.23775v1,arXiv
ZeroFold: Protein-RNA Binding Affinity Predictions from Pre-Structural Embeddings,"Josef Hanke, Sebastian Pujalte Ojeda, Shengyu Zhang",arXiv,2026-06-08,"The accurate prediction of protein-RNA binding affinity remains an unsolved problem in structural biology, limiting opportunities in understanding gene regulation and designing RNA-targeting therapeutics. A central obstacle is the structural flexibility of RNA, as, unlike proteins, RNA molecules exist as dynamic conformational ensembles. Thus, committing to a single predicted structure discards in",http://arxiv.org/abs/2603.23583v1,arXiv
Computational modeling of RNA-protein binding interactions under an external force,"Danielle Wampler, Ralf Bundschuh",arXiv,2026-06-08,"RNA binding proteins play a crucial role in post-transcriptional gene regulation by controlling the transport, processing, and translation of their target RNAs. Post-transcriptional gene regulation leads to the differential expression of genetic material and loss of regulation or over-regulation relates to a large range of cancers and diseases - many of which have directly been associated with RNA",http://arxiv.org/abs/2603.22269v1,arXiv
Fair splits flip the leaderboard: CHANRG reveals limited generalization in RNA secondary-structure prediction,"Zhiyuan Chen, Zhenfeng Deng, Pan Deng",arXiv,2026-06-08,"Accurate prediction of RNA secondary structure underpins transcriptome annotation, mechanistic analysis of non-coding RNAs, and RNA therapeutic design. Recent gains from deep learning and RNA foundation models are difficult to interpret because current benchmarks may overestimate generalization across RNA families. We present the Comprehensive Hierarchical Annotation of Non-coding RNA Groups (CHAN",http://arxiv.org/abs/2603.22330v1,arXiv
Reverse Distillation: Consistently Scaling Protein Language Model Representations,"Darius Catrina, Christian Bepler, Samuel Sledzieski",arXiv,2026-06-08,"Unlike the predictable scaling laws in natural language processing and computer vision, protein language models (PLMs) scale poorly: for many tasks, models within the same family plateau or even decrease in performance, with mid-sized models often outperforming the largest in the family. We introduce Reverse Distillation, a principled framework that decomposes large PLM representations into orthog",http://arxiv.org/abs/2603.07710v1,arXiv
Fast and Versatile RNA Design via Motif-level Divide-and-Conquer and Structure-level Rival Search,"Tianshuo Zhou, David H. Mathews, Liang Huang",arXiv,2026-06-08,"RNA design aims to identify RNA sequences that fold into a target secondary structure. This task is challenging in terms of computational efficiency. Most existing methods focus on either minimum free energy (MFE)-based or ensemble-based metrics, leaving a gap for a unified approach that performs well across both. We introduce a fast and versatile RNA design algorithm inspired by our previous work",http://arxiv.org/abs/2603.02283v1,arXiv
CryoNet.Refine: A One-step Diffusion Model for Rapid Refinement of Structural Models with Cryo-EM Density Map Restraints,"Fuyao Huang, Xiaozhu Yu, Kui Xu",arXiv,2026-06-08,"High-resolution structure determination by cryo-electron microscopy (cryo-EM) requires the accurate fitting of an atomic model into an experimental density map. Traditional refinement pipelines such as Phenix.real_space_refine and Rosetta are computationally expensive, demand extensive manual tuning, and present a significant bottleneck for researchers. We present CryoNet.Refine, an end-to-end dee",http://arxiv.org/abs/2602.22263v2,arXiv
CPTCs Drive Somatic-Visceral Communication via the Wnt Axis in Somatic Mechanotherapy: A Single-Cell Deep Learning Study,"Haixiang Huang, Zhenwei Zhang, BingBing Shen",arXiv,2026-06-08,"Somatic mechanical stimulation (e.g., acupuncture) exerts systemic immunomodulatory effects, yet the cellular bridge translating peripheral physical force into visceral repair remains elusive. Here, employing a custom interpretable deep learning framework (CARSS) on single-cell RNA sequencing data, we identify CD34$^{+}$PDGFR$α$$^{+}$ telocytes (CPTCs) as the primary mechanosensors in both fascia ",http://arxiv.org/abs/2602.05451v2,arXiv
Tensor-DTI: Enhancing Biomolecular Interaction Prediction with Contrastive Embedding Learning,"Manel Gil-Sorribes, Júlia Vilalta-Mor, Isaac Filella-Mercè",arXiv,2026-06-08,"Accurate drug-target interaction (DTI) prediction is essential for computational drug discovery, yet existing models often rely on single-modality predefined molecular descriptors or sequence-based embeddings with limited representativeness. We propose Tensor-DTI, a contrastive learning framework that integrates multimodal embeddings from molecular graphs, protein language models, and binding-site",http://arxiv.org/abs/2601.05792v1,arXiv
MERGE-RNA: a physics-based model to predict RNA secondary structure ensembles with chemical probing,"Giuseppe Sacco, Jianhui Li, Redmond P. Smyth",arXiv,2026-06-08,"RNA function is tied to secondary structure, operating through dynamic and heterogeneous structural ensembles. While current analysis tools typically output single static structures or averaged contact maps, chemical probing methods like DMS capture nucleotide-resolution signals representing the full structural ensemble, which remain difficult to interpret structurally. To address this, we present",http://arxiv.org/abs/2512.20581v3,arXiv
Methods for Analyzing RNA Pseudoknots via Chord Diagrams and Intersection Graphs,"Rayan Ibrahim, Allison H. Moore",arXiv,2026-06-08,"RNA molecules are known to form complex secondary structures including pseudoknots. A systematic framework for the enumeration, classification and prediction of secondary structures is critical to determine the biological significance of the molecular configurations of RNA. Chord diagrams are mathematical objects widely used to represent RNA secondary structures and to analyze structural motifs, h",http://arxiv.org/abs/2512.19939v1,arXiv
Machine learning for RNA-targeting drug design,"Wissam Karroucha, Carlos Oliver, Veronique Stoven",arXiv,2026-06-08,"Targeting RNA with small molecules offers significant therapeutic potential.
  Machine learning could substantially accelerate preclinical drug discovery, from hit identification to lead optimization.
  Yet a fundamental limitation emerges: drug design machine learning models, tailored for proteins, are not readily applicable to RNAs because of fundamental differences between RNAs and proteins in ",http://arxiv.org/abs/2512.15645v1,arXiv
Integrating Coarse-Grained Simulations and Deep Learning to Unveil Entropy-Driven dsRNA Unwinding by DDX3X,"Kang Wang, Chun-Lai Ren, Yu-Qiang Ma",arXiv,2026-06-08,"DEAD-box RNA helicases (DDXs) are essential RNA metabolism regulators that typically unwind dsRNA in an ATP-dependent manner. However, recent studies show some DDXs can also unwind dsRNA without ATP, a phenomenon that remains poorly understood. Here, we developed HelixTriad coarse-grained RNA model, incorporating Watson-Crick base pairing, base stacking, and electrostatics within a three-bead-per-",http://arxiv.org/abs/2512.08367v1,arXiv
"MoRSAIK: Sequence Motif Reactor Simulation, Analysis and Inference Kit in Python","Johannes Harth-Kitzerow, Ulrich Gerland, Torsten A. Enßlin",arXiv,2026-06-08,"Origins of life research investigates how life could emerge from prebiotic chemistry only. One possible explanation provides the RNA world hypothesis. It states that life could emerge from RNA strands only, storing and transferring biological information, as well as catalyzing reactions as ribozymes. Before this state could have emerged, however, the prebiotic world was probably a purely chemical ",http://arxiv.org/abs/2512.02204v1,arXiv
DeepPNI: Language- and graph-based model for mutation-driven protein-nucleic acid energetics,"Somnath Mondal, Tinkal Mondal, Soumajit Pramanik",arXiv,2026-06-08,"The interaction between proteins and nucleic acids is crucial for processes that sustain cellular function, including DNA maintenance and the regulation of gene expression and translation. Amino acid mutations in protein-nucleic acid complexes often lead to vital diseases. Experimental techniques have their own specific limitations in predicting mutational effects in protein-nucleic acid complexes",http://arxiv.org/abs/2511.22239v1,arXiv
Quercetin Affects Carcinogenic Phenotype of Breast and Lung Cancer Cells Differentially Through Sterol Regulation Mediated by MALAT1 Perturbation.,"Rakheja Isha, Bharti Vishal, Singh Vandana","Chemistry, an Asian journal",2026-06-08,"Targeting MALAT1 in cancer treatment is an attractive strategy due to the undebatable role of this lncRNA in the disease. Small molecules toward this noncoding RNA have, in fact, entered preclinical trials, without resulting in a robust demonstration in favor of their use in therapy. To test the robustness of this method, we asked how aspects of carcinogenesis get affected when knocking down MALAT",https://pubmed.ncbi.nlm.nih.gov/42251634/,PubMed
"Epigenetic vulnerability in endocrine disruption: bridging mechanisms, models, and environmental inequities.","Lizcano Fernando, Ramírez-Bohorquez María Camila, Ballesteros-Garcia María Camila",Clinical epigenetics,2026-06-08,"This narrative mini-review examines how endocrine-disrupting chemicals (EDCs) induce persistent epigenetic alterations that shape endocrine, metabolic, and developmental trajectories across the lifespan. It addresses the emerging gap in integrating mechanistic epigenetic evidence with population-level vulnerability, particularly in underrepresented regions such as Latin America. These effects are ",https://pubmed.ncbi.nlm.nih.gov/42251462/,PubMed
The gene revisited: historical foundations and postgenomic complexity.,"Maji Megha Rani, Shukla Prashant",Theory in biosciences = Theorie in den Biowissenschaften,2026-06-08,"The gene has remained a central organizing concept in biology for more than a century, yet its definition has become increasingly difficult to reconcile with contemporary molecular and genomic evidence. This article combines a historical review with a conceptual perspective to examine the evolution of the gene concept from Mendelian heredity to postgenomic biology. Early gene concepts assumed disc",https://pubmed.ncbi.nlm.nih.gov/42251240/,PubMed
LncRNA 606938-TFAM axis drives oxidative stress and activates cGAS-STING pathway-mediated antitumor immunity to restrain colorectal cancer progression.,"Du Jin'e, Guo Zhichao, Lu Qiao",Oncogene,2026-06-08,"Colorectal cancer (CRC) remains the third most common malignancy and a leading cause of cancer-related mortality worldwide. Despite immunotherapy advances, most CRCs respond poorly to immune checkpoint inhibitors due to their immunologically ""cold"" phenotype characterized by low immunogenicity and a suppressive tumor microenvironment. Oxidative stress has emerged as a critical determinant of antit",https://pubmed.ncbi.nlm.nih.gov/42251192/,PubMed
lnc122 RNA prevents liver tumorigenesis in MYC-driven liver cancer.,"Jang Hagoon, Zhang Feijie, Suh Bo Kyoung",JHEP reports : innovation in hepatology,2026-06-08,"Extensive research has shown that the microRNA-122 (miR-122) plays an important role in liver homeostasis, and its dysregulation has been implicated in various liver pathologies such as liver cancer and non-alcoholic fatty liver disease. The primary transcript for miR-122, long non-coding RNA 122 (lnc122) has traditionally only been considered an intermediate product for mature miR-122. We used CR",https://pubmed.ncbi.nlm.nih.gov/42250762/,PubMed
"Integrative whole-transcriptome analysis of circRNAs, lncRNAs, miRNAs, and mRNAs reveals regulatory networks in mouse brain during Toxoplasma gondii infection.","Yuan Xiao-Dan, Ma He, Xie Shi-Chen","Veterinary journal (London, England : 1997)",2026-06-08,"Toxoplasmosis, caused by the protozoan Toxoplasma gondii, is a zoonotic parasite that infects humans and animals worldwide. Although RNAs contribute to many vital biological processes within the central nervous system, their involvement in T. gondii infection remains poorly understood. In this study, we investigated the differential expression of three types of noncoding RNAs and mRNAs in the brai",https://pubmed.ncbi.nlm.nih.gov/42250600/,PubMed
Mapping a therapeutic redox ceRNA network in alcohol use disorder: Systems biology insights for drug repurposing.,"Kavousipour Soudabeh, Khodadoust Behnam, Keshavarzi Fatemeh",Biomedicine & pharmacotherapy = Biomedecine & pharmacotherapie,2026-06-08,"Alcohol use disorder (AUD) is a chronic neuropsychiatric condition in which oxidative stress drives ethanol‑induced neurotoxicity and neuroimmune dysregulation. However, the post‑transcriptional roles of non‑coding RNAs (ncRNAs) in redox imbalance remain poorly understood. In this study, we integrated redox‑related gene signatures from published transcriptomic sources (meta‑analyses and original d",https://pubmed.ncbi.nlm.nih.gov/42250388/,PubMed
Molecular interplay between Non-coding RNAs and BDNF in Neurodegenerative Disorders: a systematic review.,"Jalaiei Abbas, Kiani Darabi Amir Hossein, Sakkaki Ehsan",Molecular biology reports,2026-06-08,"Brain-derived neurotrophic factor (BDNF), a member of the neurotrophin family, plays essential roles in nervous system development, neuronal maintenance, and neurogenesis. Aberrant BDNF concentrations, observed both peripherally and within the central nervous system (CNS), have been consistently implicated in the pathogenesis of a spectrum of neurodegenerative disorders (NDDs), including Alzheimer",https://pubmed.ncbi.nlm.nih.gov/42250142/,PubMed
A competitive endogenous RNA network involving RiLinc6978 and miR9474-5p regulates fruit softening in tomato.,"Zhao Xiuming, Li Fujun, Ji Yue",The Plant cell,2026-06-08,"Fruit softening determines fruit quality and influences postharvest storage and transport. Pectin degradation is mediated by a series of cell wall-modifying enzymes and orchestrates cell wall breakdown during ripening. Herein, we identified a competitive endogenous RNA (ceRNA) network that regulates pectin metabolism in tomato (Solanum lycopersicum). This ceRNA network comprises the long, intergen",https://pubmed.ncbi.nlm.nih.gov/42249570/,PubMed
Exploring the functional role of XIST in breast cancer from mechanisms to clinical implications.,"Zyada Nada I, Kamel Mahmoud M, Elzayat Emad M",Discover oncology,2026-06-08,"Long non-coding RNAs (lncRNAs) have emerged as pivotal regulators in cancer biology, with the X-inactive specific transcript (XIST) playing a particularly significant role in breast cancer development and progression. This review summarizes current insights into XIST's mechanistic roles, highlighting its involvement in intricate regulatory networks through interactions with microRNAs, transcriptio",https://pubmed.ncbi.nlm.nih.gov/42249226/,PubMed
LncRNA TUG1 promotes hypertrophic scar formation via the miR-627/IGF1R axis.,"Bai Zeming, Han Ziyang, Kong Xiangzi",Journal of molecular histology,2026-06-08,"Hypertrophic scars (HS) are fibrotic skin disorders driven by abnormal fibroblast activity. The molecular mechanisms underlying HS remain incompletely understood, particularly the role of non-coding RNAs. Expression levels of lncRNA TUG1, miR-627, and IGF1R were measured in HS tissues and fibroblasts using qRT-PCR and Western blotting. Dual-luciferase assays validated direct interactions. Function",https://pubmed.ncbi.nlm.nih.gov/42249209/,PubMed
"The significance of the ketolytic gene OXCT1 in metabolism, intracellular signaling and disease development.","Górecka Karolina, Soboska Kamila, Pacholczyk Marcin",Cellular and molecular life sciences : CMLS,2026-06-08,"OXCT1 (3-oxoacid CoA-transferase 1), encoding the mitochondrial enzyme SCOT (succinyl-CoA:3-ketoacid CoA transferase), is a key enzyme in ketone body utilization. It catalyzes the reversible transfer of CoA from succinyl-CoA to acetoacetate, generating acetoacetyl-CoA, which is subsequently converted into acetyl-CoA for entry into the tricarboxylic acid (TCA) cycle and mitochondrial energy product",https://pubmed.ncbi.nlm.nih.gov/42249126/,PubMed
LncRNA RRP12-AS regulates UCP1-mediated lipid metabolism through hnRNPA1 and the identification of a functionally conserved human homolog.,"Wang Guoze, Wang Yi, Luo Jiaqiang",The Journal of nutritional biochemistry,2026-06-08,"Long non-coding RNAs (lncRNAs) are important regulators of adipogenesis and energy metabolism, but their roles in visceral fat deposition remain incompletely understood. Here, we investigated the function of the rabbit lncRNA RRP12-AS and evaluated the conservation of its human homolog using in vitro and in vivo gain- and loss-of-function models. RRP12-AS promoted rabbit adipocyte proliferation bu",https://pubmed.ncbi.nlm.nih.gov/42248307/,PubMed
Emerging role of interaction between m6A and main ncRNAs in pancreatic cancer.,"Rui Xingkai, Gao Jing, Bi Yerui",Cancer treatment and research communications,2026-06-08,"Pancreatic cancer (PC) is a highly lethal malignancy characterized by its rapid progression and poor prognosis. Despite advancements in understanding its pathogenesis, the intricate interplay of various molecular mechanisms remains to be fully elucidated. In recent years, N6-methyladenosine (m6A) modification has emerged as a significant RNA chemical modification, garnering considerable attention ",https://pubmed.ncbi.nlm.nih.gov/42248052/,PubMed
Investigation of potential associations between four redox-related long non-coding RNAs and glutathione peroxidase in schizophrenia: a combination of bioinformatics and experimental analyses.,"Khaki Mahsa, Massoudifar Ali, Davoodian Nahid",Psychiatry research,2026-06-08,"Glutathione peroxidase (GPx), a key antioxidant enzyme, shows altered activity in individuals with schizophrenia. However, the molecular mechanisms behind this alteration remain incompletely understood. In this study, we combined bioinformatics and experimental approaches to explore potential associations between redox-related long non-coding RNAs (lncRNAs) and GPx activity in schizophrenia. We se",https://pubmed.ncbi.nlm.nih.gov/42247772/,PubMed
Analysis of the whole transcriptome of deep vein thrombosis and immune-metabolic characteristics reveals the lipid metabolism-NETosis coupling axis.,"Xue Ming, Chen Zhongqing, Zheng Xuexun",Thrombosis research,2026-06-08,"Deep vein thrombosis (DVT) is a common venous thrombotic disease associated with substantial morbidity and mortality. Its onset and progression are closely related to coagulation abnormalities and are also profoundly influenced by inflammatory responses and immune regulatory networks. However, the molecular mechanisms underlying DVT in the context of systemic inflammation, particularly the key pro",https://pubmed.ncbi.nlm.nih.gov/42247722/,PubMed
Identification of hub mRNAs and long non-coding RNAs involved in temozolomide-resistant glioblastoma (brain cancer) cell lines.,"Alamholo Mostafa, Tarinejad Alireza",Discover oncology,2026-06-08,Temozolomide (TMZ) is used to treat glioblastoma cancer and it is essential to identify key genes and investigate the molecular mechanisms of glioblastoma cancer cells resistant to temozolomide. Raw RNA-Seq data from glioblastoma cell lines were analyzed by Linux and used to align to the human reference genome GRCh38 using HISAT2 as well as edgeR in the R package was used. KEGG and EnrichR pathway,https://pubmed.ncbi.nlm.nih.gov/42247190/,PubMed
RNA splicing and cardiovascular disease: a guide for cardiologists.,"Hunt Dakota R, Chatterjee Shambhabi, Leinwand Leslie A",European heart journal,2026-06-08,"Alternative splicing (AS) is a fundamental RNA processing mechanism, which generates different RNA transcripts and consequently different protein isoforms from a single gene. This increases the diversity of proteins within an organism and can fine-tune biological processes. This review examines how cardiac-enriched RNA-binding proteins establish heart-specific splicing programs governing aspects o",https://pubmed.ncbi.nlm.nih.gov/42246938/,PubMed
"Human lncRNA, hLinfRNA7 (IDO1-AS) Regulates Cytokine Expression, Tryptophan Catabolism, and Inflammatory Response in Macrophage.","Rishi Ashcharya, Guha Prarthana, Bhat Nagashree",Molecular and cellular biology,2026-06-08,"Noncoding RNAs are emerging players in cell signaling and diseases. Recently, we discovered a series of novel lncRNAs that are critical players in inflammation. Here, we demonstrate that hLinfRNA7, a long human noncoding inflammation-associated RNA 7 (also termed as IDO1-AS6.4) located on the antisense-strand of IDO1 (Indoleamine-2,3 -dioxygenase 1, a tryptophan catabolizing enzyme), plays critica",https://pubmed.ncbi.nlm.nih.gov/42246500/,PubMed
An Evaluation on the Role of Non-Coding RNA in HIV Transcription and Latency: A Review,Xiangshuai Liu,arXiv,2026-06-08,"The existence of latent cellular reservoirs is recognized as the major barrier to an HIV cure. Reactivating and eliminating ""shock and kill"" or permanently silencing ""block and lock"" the latent HIV reservoir, as well as gene editing, remain promising approaches, but so far have proven to be only partially successful. Moreover, using latency reversing agents or ""block and lock"" drugs pose additiona",http://arxiv.org/abs/2502.06107v1,arXiv
"Blood-derived lncRNAs as potential biomarkers for early cancer diagnosis: The Good, the Bad and the Beauty","Cedric Badowski, Bing He, Lana X Garmire",arXiv,2026-06-08,Cancer ranks as one of the deadliest diseases worldwide. The high mortality rate associated with cancer is partially due to the lack of reliable early detection methods and/or inaccurate diagnostic tools such as certain protein biomarkers. Cell-free nucleic acids (cfNA) such as circulating long non-coding RNAs (lncRNAs) have recently been proposed as a new class of potential biomarkers that could ,http://arxiv.org/abs/2109.11746v1,arXiv
BPPart and BPMax: RNA-RNA Interaction Partition Function and Structure Prediction for the Base Pair Counting Model,"Ali Ebrahimpour-Boroojeny, Sanjay Rajopadhye, Hamidreza Chitsaz",arXiv,2026-06-08,"RNA-RNA interaction (RRI) is ubiquitous and has complex roles in the cellular functions. In human health studies, miRNA-target and lncRNAs are among an elite class of RRIs that have been extensively studied. Bacterial ncRNA-target and RNA interference are other classes of RRIs that have received significant attention. In recent studies, mRNA-mRNA interaction instances have been observed, where bot",http://arxiv.org/abs/1904.01235v2,arXiv
Zip14 (Slc39a14) metal transporter dysfunction leads to ,"Jimenez-Rondan Felix R, Ruggiero Courtney H, Cousins Robert J",Gut microbes,2026-06-08,"Zinc is recognized as an important component of immune function in animals, operating through many different mechanisms. Metal transporter Zip14 (Slc39a14) is up-regulated during pro-inflammatory conditions and increases zinc uptake into cells, including enterocytes. As reported here, global ",https://pubmed.ncbi.nlm.nih.gov/42249825/,PubMed
Hydrogen sulfide-mediated protein s-persulfidation: a regulatory mechanism in cardiovascular homeostasis.,"Zhang Luzheng, Gu Ziyi, Xue Song","Molecular medicine (Cambridge, Mass.)",2026-06-08,"Cardiovascular diseases represent a primary cause of global mortality. Hydrogen sulfide operates as a major endogenous gasotransmitter that contributes to cardiovascular homeostasis through multiple biochemical mechanisms, among which protein S-persulfidation, represents a major redox-sensitive post-translational mechanism. This dynamically reversible modification converts cysteine sulfhydryl grou",https://pubmed.ncbi.nlm.nih.gov/42249270/,PubMed
Antisense-Mediated Gene Therapy Targeting DMPK Restores Cardiac Ion Channel Function and Electrical Stability in Myotonic Dystrophy Type 1.,"Pierre Marion, Sourisseau Fabien, Jauvin Dominic",Heart rhythm,2026-06-08,"Myotonic dystrophy type 1 (DM1) is characterized by toxic RNA gain-of-function leading to cardiac conduction defects and life-threatening arrhythmias. Current therapeutic options remain limited. We evaluated the molecular and electrophysiological efficacy of IONIS-486178, an antisense oligonucleotide (ASO) targeting mutant DMPK transcripts in human induced pluripotent stem cell-derived cardiomyocy",https://pubmed.ncbi.nlm.nih.gov/42248312/,PubMed
"Pregnancy and hantavirus infection: maternal, fetal, and neonatal outcomes - a systematic review.","Baradwan Saeed, Alshamrani Nada Mohammed, Hafedh Bandr","European journal of obstetrics, gynecology, and reproductive biology",2026-06-08,"Hantavirus infection is a rare zoonotic disease caused by rodent-borne RNA viruses and may present as hemorrhagic fever with renal syndrome or hantavirus cardiopulmonary syndrome. Evidence regarding its impact during pregnancy remains limited. This systematic review synthesized available data on maternal manifestations, maternal and fetal outcomes, and vertical transmission. A systematic literatur",https://pubmed.ncbi.nlm.nih.gov/42247841/,PubMed
"Functional hydrogels in cardiovascular therapy: Design, applications and clinical challenges (Review).","Yang Zheming, Li Jiayin, Zhao Lingxiao",International journal of molecular medicine,2026-06-08,"Cardiovascular disease (CVD) is the leading cause of mortality worldwide, and conventional treatments (such as pharmacotherapy, stents and bypass surgery) have limited capacity to repair damaged cardiovascular tissue. Hydrogels, as biocompatible three‑dimensional network materials, demonstrate potential for the treatment of CVD. The present review summarizes functional hydrogels for CVD treatment,",https://pubmed.ncbi.nlm.nih.gov/42246172/,PubMed
Middle-aged mice treated with GHK-Cu peptide administered intraperitoneally or intranasally show behavioral rescue but divergent hippocampal aging programs.,"Mazzola Jordan, Rosenfeld Manuela, Tucker Matthew",Research square,2026-06-08,"Age-related cognitive decline (ARCD) is driven by conserved biological mechanisms of aging, yet no gerotherapeutic directly targets these processes in the brain. Glycyl-L-histidyl-L-lysine complexed with copper (GHK-Cu) is an endogenous peptide with regenerative and anti-inflammatory properties that declines with age. Whether its effects on cognitive aging depend on delivery route or exposure dura",https://pubmed.ncbi.nlm.nih.gov/42245779/,PubMed
VTX-PID as a novel recombinant immunoglobulin G-degrading enzyme (IdeS) for efficient AAV-based gene therapy in participants with neutralizing antibodies: results of the phase I first-in-human NAVIgATE study.,"Benichou Bernard, Fuhr Rainard, Vernadal Elodie",Frontiers in immunology,2026-06-08,"Pre-existing anti-adeno-associated virus (AAV) neutralizing antibodies (NAbs) can impair AAV-mediated gene delivery. VTX-PID (imlifidase) is a streptococcal protease that specifically cleaves immunoglobulin G (IgG) antibodies. NAVIgATE was a first-in-human study of VTX-PID. This double-blind controlled study (EUCT number: 2023-503892-83-00) randomized 35 healthy men, stratified by baseline anti-AA",https://pubmed.ncbi.nlm.nih.gov/42245647/,PubMed
In vitro-reconstituted Drosophila Arc capsids deliver gene editors to dystrophic muscle.,"Lash Blake, Strebinger Daniel, Segel Michael",bioRxiv : the preprint server for biology,2026-06-08,The intracellular delivery of therapeutic macromolecules remains a major challenge in biomedicine. Here we reconstitute the ,https://pubmed.ncbi.nlm.nih.gov/42244751/,PubMed
Fully Modified SpyCas9 Guide RNAs Enable Robust Genome Editing In Cells and In Vivo.,"Vu Kim Anh, Zhang Han, Amrani Nadia",bioRxiv : the preprint server for biology,2026-06-08,Precision engineering of CRISPR/Cas9 components has advanced genome editing toward therapeutic applications. Completely chemically stabilized guide RNAs (gRNAs) have the potential to improve ,https://pubmed.ncbi.nlm.nih.gov/42244699/,PubMed
The Research Progress of Tumor-Associated Macrophages in Prostate Cancer.,"Shen Si, Tang Zhonghao, Guo Chen",Journal of immunology research,2026-06-08,"Prostate cancer (PCa) is a major global cancer burden in men, and its treatment is hindered by the immunosuppressive tumor microenvironment. In this context, PCa initially shows a favorable response to immunotherapy. However, as the disease progresses, the tumor gradually develops resistance to immunotherapy, with tumor-associated macrophages (TAMs) being key drivers. TAMs promote inflammation, an",https://pubmed.ncbi.nlm.nih.gov/42244152/,PubMed
Dysregulation of liquid-liquid phase separation: from molecular mechanisms to targeted therapies in cardiovascular diseases.,"Zhang Xiaoyu, Ma Xuejuan, Cao Ning",Journal of nanobiotechnology,2026-06-08,"Liquid-liquid phase separation (LLPS), a fundamental biological process that drives the formation of membraneless organelles (MLOs) through non-covalent interactions, has emerged as a central regulatory mechanism in cellular physiology and stress responses. Increasing evidence links dysregulated LLPS to the pathogenesis of cardiovascular diseases (CVDs). However, the conserved molecular mechanisms",https://pubmed.ncbi.nlm.nih.gov/42243951/,PubMed
Enhancing antitumor immunity in triple-negative breast cancer through reversal of T-cell exhaustion using a CD8-targeted and membrane-camouflaged nanocarrier delivering small interfering RNA against sorting Nexin 9.,"Hu Wei, Chen Qishuai, Ma Yan",Journal of nanobiotechnology,2026-06-08,"T cell exhaustion (Tex) severely limits the efficacy of tumor immunotherapy, yet strategies targeting its upstream regulatory mechanisms remain underexplored. In this study, a targeted nanodelivery system, CD8a-RM-MOF@siSNX9, was developed to preferentially enrich siRNA delivery in CD8",https://pubmed.ncbi.nlm.nih.gov/42243938/,PubMed
Injectable pre-vascularized alginate-collagen hydrogel with sustained delivery of miR-133a-loaded lipid nanoparticles for myocardial repair.,"Gil-Cabrerizo Paula, Simón-Yarza Teresa, Imaz Ane Miren",Drug delivery and translational research,2026-06-08,"Myocardial infarction (MI) remains a leading cause of heart failure, and current therapies fail to prevent cardiomyocyte loss or support effective tissue regeneration. Injectable hydrogels (HGs) have emerged as promising platforms for delivering therapeutic cues and structural support; however, few systems simultaneously integrate vascular guidance and RNA therapeutics. Here, we have developed a t",https://pubmed.ncbi.nlm.nih.gov/42243568/,PubMed
Minimal small RNA precursors unlock virus-based precision RNAi.,"Cisneros Adriana E, Carbonell Alberto",Trends in plant science,2026-06-08,"Artificial small RNAs (art-sRNAs) mediate highly specific RNAi in plants, but their broader use has been constrained by long precursor architectures and dependence on transgenic delivery. Recent work shows that accurate and efficient art-sRNA biogenesis can be achieved using precursors of minimal size rather than full-length endogenous scaffolds, without compromising silencing efficacy. We discuss",https://pubmed.ncbi.nlm.nih.gov/42242948/,PubMed
Emerging Nanotherapy Applications in Cancer Treatment: ,Mahallawi Waleed H,Saudi medical journal,2026-06-08,"This comprehensive review synthesizes recent advances in cancer nanotherapy, focusing on 6 emerging categories: immunomodulation, gene/RNA delivery, theranostics, radiosensitization, biomimetic carriers, and artificial intelligence (AI)-guided formulations. These innovative platforms demonstrate transformative potential by overcoming key limitations of conventional cancer treatments. Immunomodulat",https://pubmed.ncbi.nlm.nih.gov/42239563/,PubMed
Sphingolipid homeostasis and dysregulation in liver function and disease.,"Lan Jianfeng, Pan Zhixiong, Dong Wei",Life metabolism,2026-06-08,"Sphingolipids regulate hepatic lipid homeostasis, cell survival, inflammation, and tissue repair. In the healthy liver, balanced ",https://pubmed.ncbi.nlm.nih.gov/42239544/,PubMed
Engineered transformer base editor with unconstrained PAM requirements.,"Chen Bowen, Tian Yafei, Liang Letong",Molecular therapy. Nucleic acids,2026-06-08,"Canonical base editors (BEs) enable programmable nucleotide conversions without inducing DNA double-strand breaks (DSBs), yet the significant off-target (OT) effects restrict their applications. The transformer BE (tBE), a BE derivative, minimizes DNA and RNA OT mutations, but its dual single-guide RNA (sgRNAs) requirement limits its targeting scope. To address this, we integrated SpRY, a protospa",https://pubmed.ncbi.nlm.nih.gov/42239495/,PubMed
Reinforcement-guided generative protein language models enable de novo design of highly diverse AAV capsids,"Lucas Ferraz, Ana F. Rodrigues, Pedro Giesteira Cotovio",arXiv,2026-06-08,"Adeno-associated viral (AAV) vectors are widely used delivery platforms in gene therapy, and the design of improved capsids is key to expanding their therapeutic potential. A central challenge in AAV bioengineering, as in protein design more broadly, is the vast sequence design space relative to the scale of feasible experimental screening. Machine-guided generative approaches provide a powerful m",http://arxiv.org/abs/2603.19473v1,arXiv
Predicting Early and Complete Drug Release from Long-Acting Injectables Using Explainable Machine Learning,"Karla N. Robles, Manar D. Samad",arXiv,2026-06-08,"Polymer-based long-acting injectables (LAIs) have transformed the treatment of chronic diseases by enabling controlled drug delivery, thus reducing dosing frequency and extending therapeutic duration. Achieving controlled drug release from LAIs requires extensive optimization of the complex underlying physicochemical properties. Machine learning (ML) can accelerate LAI development by modeling the ",http://arxiv.org/abs/2601.02265v1,arXiv
The thermodynamics of pressure activated assembly of supramolecules in isochoric and isobaric systems,Boris Rubinsky,arXiv,2026-06-08,"The efficacy of cryopreservation is constrained by the difficulty of achieving sufficiently high intracellular concentrations of cryoprotective solutes without inducing osmotic injury or chemical toxicity during loading. This thermodynamic study introduces a new conceptual mechanism for cryoprotectant delivery into cells directly or through vascular perfusion. In this framework, effective cryoprot",http://arxiv.org/abs/2601.00599v1,arXiv
Integrative single-cell and spatial transcriptomics analysis reveals a baicalein-responsive 10-gene signature for non-small cell lung cancer.,"Wu Donghao, Liu Cheng, Zhan Longsheng",Translational oncology,2026-06-08,"Non‑small cell lung cancer (NSCLC) remains a leading cause of cancer‑related mortality worldwide. Baicalein, a natural flavonoid, has shown anti‑cancer activity but its molecular targets and cell‑type‑specific effects in the tumor microenvironment (TME) are incompletely understood. We integrated network pharmacology, single‑cell RNA‑seq, bulk transcriptomics, spatial transcriptomics, machine learn",https://pubmed.ncbi.nlm.nih.gov/42251782/,PubMed
"Pathogen-Specific Evasion of Innate Immunity by Alphaviruses (CHIKV, VEEV, and SINV).","Feyzi Kambiz, Mousavi Fatemeh Sadat, Abbasi Samaneh",Reviews in medical virology,2026-06-08,"Alphaviruses, including significant human pathogens like Chikungunya (CHIKV), Venezuelan Equine Encephalitis (VEEV), and the model Sindbis virus (SINV), pose a considerable global health threat. Their ability to establish infection and cause disease is critically dependent on successfully subverting the host's innate immune defenses, particularly the Type I Interferon (IFN-I) system. This review p",https://pubmed.ncbi.nlm.nih.gov/42250266/,PubMed
Comparative Effectiveness of mRNA-1273 Versus Protein-Based NVX-CoV2705 Vaccination on COVID-19-Related Outcomes Among Insured Adults in the United States During 2024-2025: A Retrospective Matched Cohort Study.,"Wilson Amanda, Beck Ekkehard, Hensler Heather",Advances in therapy,2026-06-08,"COVID-19 vaccination with updated compositions remains important as SARS-CoV-2 continues to circulate, cause disease, and evolve. Available COVID-19 vaccines in the 2024-2025 season differed by platform, including mRNA-1273, an mRNA-based vaccine, and NVX-CoV2705, a recombinant protein-based vaccine and antigen composition (KP.2-targeted and JN.1-targeted, respectively). Limited real-world evidenc",https://pubmed.ncbi.nlm.nih.gov/42250078/,PubMed
Multi-epitope mRNA vaccine and protein vaccine protect mice against Toxoplasma gondii.,"Cui Yulin, Qu Hongnan, Zhou Chunxue",Parasites & vectors,2026-06-08,"Toxoplasma gondii, an obligate intracellular protozoan parasite, infects almost one-third of the world's population and all warm-blooded animals, posing a substantial threat to public health. Accordingly, the development of effective vaccines against T. gondii has become an urgent priority. In this study, we constructed a multi-epitope chimeric antigen T-SGR targeting three key protective antigens",https://pubmed.ncbi.nlm.nih.gov/42249505/,PubMed
Early immune events during SARS-CoV-2 infection impact memory T and B cell responses.,"Woloszczuk Kyra, Joyner David, Connors Jennifer",Communications biology,2026-06-08,"Immune responses elicited by natural infection of the coronavirus SARS-CoV-2 (COVID-19) show significant heterogeneity in the magnitude and quality of memory T and B cell responses. However, little is known about the contributing factors. In this study, we investigated the early immune factors that contribute to this variability using RNA-seq, targeted proteomics, and flow cytometry analyses. Spec",https://pubmed.ncbi.nlm.nih.gov/42249109/,PubMed
Immunogenicity and safety of co-administration of a recombinant shingles vaccine with an mRNA COVID-19 or adjuvanted influenza vaccine: a randomised controlled trial.,"Harris Rosie, Thirard Russell, McBrien Claire",The Journal of infection,2026-06-08,"Coverage of the recombinant herpes zoster vaccine (RZV) could be improved by coadministration with seasonal vaccines. We evaluated the immunogenicity and safety of co-administration of the first or second dose of RZV with an adjuvanted quadrivalent influenza vaccine (aQIV), or mRNA COVID-19 vaccine. A multicentre, randomised, controlled, non-inferiority phase 4 trial with masking, across 13 sites.",https://pubmed.ncbi.nlm.nih.gov/42248304/,PubMed
"Metabolism of the ionizable lipid SM-102 in liver microsomes, 2D hepatocytes, and 3D liver spheroids.","Sun Bo, Jin Zihui, Li Xinwei",Drug metabolism and disposition: the biological fate of chemicals,2026-06-08,"Recent advances in lipid nanoparticle (LNP) delivery systems have enabled the development of mRNA vaccines and oligonucleotide therapeutics. Reliable hepatic in vitro systems are essential for the evaluation of the biodegradation of LNP components. SM-102 is an important ionizable lipid used in Moderna's LNP-mRNA vaccine. In this study, we compared the metabolism of SM-102 using 3 in vitro hepatic",https://pubmed.ncbi.nlm.nih.gov/42248122/,PubMed
High-throughput monitoring of free Mg,"Marušič Tjaša, Faganel Tina, Sekirnik Rok",Analytical and bioanalytical chemistry,2026-06-08,"mRNA vaccines and therapeutics are produced with an in vitro transcription reaction (IVT), a condensation of nucleoside triphosphates (NTPs) into a nascent mRNA chain templated by DNA and catalyzed by RNA polymerase. While tools exist to monitor NTP consumption, the role of the essential cofactor Mg",https://pubmed.ncbi.nlm.nih.gov/42247016/,PubMed
A narrative review of COVID-19 epidemiology and mRNA vaccine impact in children < 12 years during the omicron era (November 2021 - December 2025).,"Zheng Zhe, Yousefi Mitra, Marks Morgan",Expert review of vaccines,2026-06-08,"COVID-19 continues to pose a burden in children under 12 years of age during the Omicron era (November 2021 - December 2025). Following Omicron's emergence, SARS-CoV-2 seroprevalence increased rapidly, with most children infected by ages 2-4 years. Pediatric hospitalization rates declined after the initial Omicron wave but remained elevated in children under 2 years and in those with underlying co",https://pubmed.ncbi.nlm.nih.gov/42246405/,PubMed
Low effectiveness of influenza vaccines vis-à-vis mechanism of protection by vaccines - potential causes and recommendations to improve control of influenza.,"Gupta Rajesh K, Alugupalli Kishore R, Cowell James L",Frontiers in immunology,2026-06-08,"Current licensed influenza vaccines primarily protect by eliciting antibodies against the viral hemagglutinin (HA) glycoprotein, thereby blocking viral attachment and fusion with host cells. Unlike most vaccines, influenza vaccines must be administered annually because circulating viruses undergo continuous antigenic drift and population antibody titers wane over time. Despite yearly reformulation",https://pubmed.ncbi.nlm.nih.gov/42245671/,PubMed
CORSA study finds spike-specific blunted immune responses in lymphoma patients after SARS-CoV-2 vaccine.,"Mazzotti Lucia, Musuraca Gerardo, Affaticati Fabio",Frontiers in immunology,2026-06-08,"Hematological patients are at higher risk of severe SARS-CoV-2 infection and exhibit impaired vaccine responses due to disease and therapy. Treatments like Rituximab are known to compromise immune function, reducing the generation of protective antibodies. In the CORSA trial, we evaluated humoral and cellular responses to messenger RNA vaccines against SARS-CoV-2 in 77 patients with hematological ",https://pubmed.ncbi.nlm.nih.gov/42245663/,PubMed
Long-term immune response to mRNA anti-SARS-CoV-2 vaccination in patients with cancer.,"Lobo-Martins Soraia, Martins-Branco Diogo, Padonou Francine",Frontiers in immunology,2026-06-08,"Patients with cancer are at increased risk of morbidity and mortality from COVID-19 but were underrepresented in pivotal vaccine trials. Data on the magnitude and determinants of immune responses to mRNA SARS-CoV-2 vaccination in this population remain limited. I-SPARC is a prospective, phase IV clinical trial evaluating humoral and cellular immune responses to mRNA SARS-CoV-2 vaccination in 115 p",https://pubmed.ncbi.nlm.nih.gov/42245650/,PubMed
Prolonged S-adenosylmethionine exposure is associated with poorer treatment response and adverse outcomes in breast cancer: a retrospective cohort study.,"Gao Jiaru, Lu Yuanxiang, Zhang Zhiyuan",World journal of surgical oncology,2026-06-08,"Hepatoprotective regimens are frequently used during chemotherapy for breast cancer, but their effects on oncologic outcomes remain unclear. S-adenosylmethionine (SAMe), a universal methyl donor, may influence treatment response through epigenetic and epitranscriptomic regulations. We retrospectively analyzed data from 1013 consecutive women with primary breast cancer treated at Zhengzhou Universi",https://pubmed.ncbi.nlm.nih.gov/42243831/,PubMed
Antioxidant lipid nanoparticles enhance mRNA stability for regeneration therapy and gene editing.,"Li Benhao, Zhao Mengyao, Yang Bowei",Nature communications,2026-06-08,"The success of mRNA vaccines has motivated the development of mRNA therapeutics to treat a wide range of diseases, as well as applications in regenerative medicine. However, the inherent instability of mRNA under conditions of oxidative stress renders these applications challenging. Here we report a general approach to shield mRNA from oxidative degradation by incorporating antioxidant lipid withi",https://pubmed.ncbi.nlm.nih.gov/42243120/,PubMed
Multiple monovalent COVID-19 PHH-1V vaccine adaptations elicit homologous and cross-neutralizing antibody responses in mice.,"Moros Alexandra, Deulofeu Meritxell, Ribó Marta",Vaccine,2026-06-08,"As SARS-CoV-2 continues to evolve, rapidly adaptable COVID-19 vaccines remain essential. We evaluated monovalent, variant-adapted PHH-1V-based vaccine constructs in BALB/c mice after two-dose primary vaccination and as heterologous boosters in mRNA-primed animals. Adaptations comprised Omicron XBB.1.16, JN.1, XEC, and LP.8.1 receptor-binding domain (RBD) homodimers (2 μg/dose) in squalene-based ad",https://pubmed.ncbi.nlm.nih.gov/42242009/,PubMed
"Immunogenicity and safety of co-administration of AS01E-adjuvanted respiratory syncytial virus prefusion F protein vaccine and a COVID-19 mRNA vaccine in adults aged ≥50 years: a phase 3, randomized, non-inferiority trial.","Bonten Marc, Essink Brandon, Hanning Nikita",Clinical infectious diseases : an official publication of the Infectious Diseases Society of America,2026-06-08,"This trial evaluated co-administration of the AS01E-adjuvanted respiratory syncytial virus (RSV) prefusion F protein-based vaccine (adjuvanted RSVPreF3) and an Omicron XBB.1.5-based COVID-19 mRNA vaccine in ≥50-year-olds. This phase 3, open-label, multi-center trial randomized ≥50-year-olds 1:1 to co-administration (Co-Ad group) or sequential administration approximately one month apart (Control g",https://pubmed.ncbi.nlm.nih.gov/42240564/,PubMed
Immune response to rotavirus vaccines in low- and middle-income countries: Challenges and perspectives.,"Morandi Elena, Della Peruta Melania, Mancini Francesca",Human vaccines & immunotherapeutics,2026-06-08,"Rotavirus is a highly contagious pathogen and a leading cause of severe diarrhea cases in children under 5 y of age worldwide. Although effective oral rotavirus vaccines have been developed and implemented globally, their performance varies substantially by setting. In high-income countries (HICs), these oral vaccines exhibit 85-90% efficacy in preventing rotavirus-associated hospitalizations, wit",https://pubmed.ncbi.nlm.nih.gov/42240160/,PubMed
Vaccination and hybrid immunity is associated with SARS-CoV-2 protection but not shedding duration in rural Guatemalan households.,"Barrett Bradley S, Lamb Molly M, Guo Kejun",Research square,2026-06-08,"Essential agricultural workers in Central America and their households faced a high force of infection during the COVID-19 pandemic. Here, we evaluated if pre-existing seropositivity and vaccination (hybrid immunity) influenced SARS-CoV-2 infection risk and duration of shedding in an agricultural community in rural Guatemala. Individuals from 70 households were enrolled in a community cohort. From",https://pubmed.ncbi.nlm.nih.gov/42239788/,PubMed
Crimean-Congo hemorrhagic fever virus protein GP38 from isolate M18-China confers broad immunological breadth.,"Wang Albert, Monticelli Stephanie R, Hjorth Christy K",Research square,2026-06-08,"Crimean-Congo hemorrhagic fever virus (CCHFV) is a tick-borne, negative-strand RNA virus that causes outbreaks of lethal hemorrhagic fever. No approved vaccines or specific antiviral treatments are available. CCHFV glycoprotein GP38 is an integral component of the pre-fusion glycoprotein entry complex, plays roles in viral pathogenesis, and is a key target of antibody-mediated protection. Herein, ",https://pubmed.ncbi.nlm.nih.gov/42239768/,PubMed
BeeRNA: tertiary structure-based RNA inverse folding using Artificial Bee Colony,"Mehyar Mlaweh, Tristan Cazenave, Ines Alaya",arXiv,2026-06-08,"The Ribonucleic Acid (RNA) inverse folding problem, designing nucleotide sequences that fold into specific tertiary structures, is a fundamental computational biology problem with important applications in synthetic biology and bioengineering. The design of complex three-dimensional RNA architectures remains computationally demanding and mostly unresolved, as most existing approaches focus on seco",http://arxiv.org/abs/2511.21781v1,arXiv
Compact Artificial Neural Network Models for Predicting Protein Residue -- RNA Base Binding,Stanislav Selitskiy,arXiv,2026-06-08,"Large Artificial Neural Network (ANN) models have demonstrated success in various domains, including general text and image generation, drug discovery, and protein-RNA (ribonucleic acid) binding tasks. However, these models typically demand substantial computational resources, time, and data for effective training. Given that such extensive resources are often inaccessible to many researchers and ",http://arxiv.org/abs/2511.08648v1,arXiv
Astragaloside IV Attenuates Heart Failure by Modulating SCAD/DJ-1/SIRT1/FOXO3a Signaling Axis.,"Cao Yu-Hong, Duan Ya-Xin, Qin Jie-Ye",The American journal of Chinese medicine,2026-06-08,"As the key functioning element of the traditional Chinese medicinal herb Astragalus, Astragaloside IV (AS-IV) has potentially protective effects on heart failure (HF). Short-chain Acyl-CoA dehydrogenase (SCAD) is a critical enzyme in fatty acid [Formula: see text]-oxidation, which negatively regulates cardiomyocyte apoptosis and HF. However, the molecular mechanism by which AS-IV influences myocar",https://pubmed.ncbi.nlm.nih.gov/42252949/,PubMed
Biomimetic lipid nanoparticles mediated metabolic regulation and sonodynamic therapy for glioblastoma immunotherapy.,"Mo Tiezheng, Huang Faming, Tian Yu","Nanomedicine : nanotechnology, biology, and medicine",2026-06-08,"Regulation of the tumor microenvironment (TME) represents a promising strategy to enhance immunotherapy for glioblastoma (GBM) immunotherapy. Lactate dehydrogenase A (LDHA) is an attractive metabolic target for TME modulation. We developed cRGD-decorated, GBM cell membrane biomimetically modified lipid nanoparticles to co-deliver the sonosensitizer Ce6 and LDHA siRNA (Ce6/LDHA siRNA cRGD-BLNPs). T",https://pubmed.ncbi.nlm.nih.gov/42252006/,PubMed
CoCl,"Hsu Shao-Lun, Szentmáry Nóra, Fries Fabian N",BMC ophthalmology,2026-06-08,"Congenital aniridia is a rare disease, accompanied by aniridia associated keratopathy (AAK) in most cases. Oxidative stress and inflammation are involved in the progression of AAK. We aimed to evaluate antioxidative and inflammatory gene and protein expression in a small interfering RNA (siRNA) paired box 6 (PAX6) knockdown limbal epithelial cell (LEC) model of aniridia under cobalt chloride (CoCl",https://pubmed.ncbi.nlm.nih.gov/42251340/,PubMed
UBA1 drives cell cycle to promote malignancy and serves as a therapeutic target in Ewing Sarcoma.,"Yu Shangjiang, Jiang Runyi, Zhou Lei",BMC cancer,2026-06-08,"Ewing sarcoma (ES) is an aggressive malignancy with high metastatic potential and poor prognosis, necessitating novel biomarkers and therapeutic targets. This study investigates the role of the ubiquitin-activating enzyme E1 (UBA1) in ES pathogenesis and its clinical relevance. Bioinformatic analysis of GEO datasets was performed. UBA1 expression was validated in clinical samples and ES cell lines",https://pubmed.ncbi.nlm.nih.gov/42251322/,PubMed
YAP mediates activation of the serine synthesis pathway in the heart during pressure overload.,"Hu Chengchen, Zhai Peiyong, Su Xiaoyang",Journal of molecular and cellular cardiology,2026-06-08,"Activation of YAP during the acute phase of pressure overload induces compensatory cardiac hypertrophy by activating aerobic glycolysis. One potential mechanism mediating the salutary action of YAP is an accumulation of serine, which provides building blocks essential for the growth and survival of cardiomyocytes. We investigated the molecular mechanism through which YAP promotes serine accumulati",https://pubmed.ncbi.nlm.nih.gov/42250625/,PubMed
Hsa_circ_0000231 activates the MAPK pathway via IGF2BP2-mediated CACNA1H mRNA stabilization to promote cervical cancer progression.,"Ma Shaofeng, Lin Jianbiao, Deng Xueli",Discover oncology,2026-06-08,"Circular RNAs (circRNAs) are key regulators in tumorigenesis, including cervical cancer (CC), but their specific roles and molecular mechanisms in CC remain incompletely understood. This study further explored the functional role of hsa_circ_0000231 in CC cells and its underlying molecular mechanisms. The circular nature of circ_0000231 was confirmed using Sanger sequencing, divergent primer PCR, ",https://pubmed.ncbi.nlm.nih.gov/42250082/,PubMed
"Multi-omics and experimental evidence in human chondrocytes identify caspase-8 as a non-apoptotic regulator of inflammatory, senescent, and fibrotic signaling in osteoarthritis.","Mei Jian, Wei Penghui, Schäfer Nicole",Cell communication and signaling : CCS,2026-06-08,"Osteoarthritis (OA) is characterized by chronic inflammation, cellular senescence, and progressive cartilage remodeling, yet effective disease-modifying therapeutic targets remain limited. Caspase-8 has classically been regarded as a key initiator of the extrinsic apoptotic pathway; however, accumulating evidence suggests that it exerts broad non-apoptotic regulatory functions in a highly context-",https://pubmed.ncbi.nlm.nih.gov/42249421/,PubMed
Neuregulin 4-dependent MAPK amplification mediates urate-induced β-cell dysfunction.,"Wang Yunyang, Zhang Kun, Li Zhiyuan",Journal of diabetes investigation,2026-06-08,"Clinical research indicates an association between hyperuricemia (HU) and diabetes; however, the precise impact of soluble serum urate on glucose metabolism is still unclear. Using a novel spontaneous HU mouse model, this study seeks to characterize glucose metabolism and elucidate the associated molecular mechanisms. We employed targeted disruption of the Uricase (Uox) gene and established an ori",https://pubmed.ncbi.nlm.nih.gov/42246644/,PubMed
Association of NLRP3 Inflammasome and Autophagy Pathways With Cytokine Storm and Disease Severity in Dengue Patients.,"Thakur Pryanka, Ratho Radha Kanta, Sharma Navneet",Journal of medical virology,2026-06-08,"Dengue infects approximately 350 million people globally, with 25,000 casualties each year. Dengue infection clinically ranges from mild febrile illness to life-threatening severe dengue with vascular leakage. While dysregulated immune responses are known to drive disease progression, the role of NLRP3 inflammasome activation and autophagy in dengue pathogenesis remains unclear. Among 1,897 suspec",https://pubmed.ncbi.nlm.nih.gov/42246437/,PubMed
Dual targeting of mitochondrial metabolism and Rho GTPase signaling to suppress cancer metastasis (Review).,"Daher Angelina, Assi Zahraa, Kanaan Amjad",Oncology reports,2026-06-08,"Despite the numerous advances in cancer therapy, disseminated neoplastic disease remains largely incurable and the primary cause of cancer‑related deaths. This process demands substantial bioenergetic and mechanical adaptability, orchestrated by two core cellular systems: Mitochondrial metabolism and Rho GTPase‑driven cytoskeletal dynamics. Traditionally studied independently, these systems form a",https://pubmed.ncbi.nlm.nih.gov/42246188/,PubMed
Reciprocal Regulation of GLI1 and GLI3 Fine Tunes the Pathogenic Behavior of Synovial Fibroblasts in Rheumatoid Arthritis.,"Sato Motohiko, Saito Tetsuya, Komiya Yoji",International journal of rheumatic diseases,2026-06-08,"We investigated the role of GLI3, a transcription factor highly expressed in the pathogenic THY1 GLI3 protein levels were quantified in freshly isolated RASF subsets by Western blotting. Bulk RASFs were subjected to siRNA-mediated knockdown (KD) of GLI3 or GLI1, followed by RNA sequencing. The effects of GANT61 on RASF proliferation, cell-cycle progression, migration, viability, and apoptosis were",https://pubmed.ncbi.nlm.nih.gov/42246142/,PubMed
LncRNA H19 drives atherosclerosis progression via the miR-let-7a/ITGB3 axis.,"Hu Zi-Yang, Li Yuan, Liu Long-Yu",Frontiers in physiology,2026-06-08,"Atherosclerosis (AS) is a chronic inflammatory disease and a leading cause of global morbidity and mortality. Dysregulated expression of the long non-coding RNA (lncRNA) H19 has been implicated in AS progression. However, the underlying molecular mechanisms remain unclear. To determine the role of H19 in AS, the AS mouse model was established using ApoE H19 was markedly upregulated in the aortae o",https://pubmed.ncbi.nlm.nih.gov/42245837/,PubMed
Insulin-like growth factor 1 receptor regulates breast cancer cell adhesion through beta-1 integrin.,"Galifi Christopher A, Dogan Elvan, Almansa Luis Fernandez",Frontiers in endocrinology,2026-06-08,"The insulin-like growth factor (IGF-1/IGF1R) pathway has been implicated in breast cancer aggressiveness; however, inhibition of this pathway has not been successful in clinical trials, indicating a lack of understanding about its role in TNBC metastasis. Recent studies have explored IGF1R involvement in integrin function and cancer cell adhesion dynamics. The goal of this study was to test the hy",https://pubmed.ncbi.nlm.nih.gov/42244949/,PubMed
Comparative Effects of Emerging Lp(a)-Lowering Agents and PCSK9-Directed Therapies on Lipoprotein(a): A Network Meta-Analysis of Randomised Clinical Trials.,"Zayed Jihad Abu, Al-Awamleh Nada A, Hamad Mahmoud","Diabetes, obesity & metabolism",2026-06-08,"Elevated lipoprotein(a) [Lp(a)] is a genetic ASCVD risk factor that often persists despite intensive LDL-C lowering. We compared the efficacy and safety of emerging Lp(a)-targeted therapies (siRNAs, antisense oligonucleotides and an oral assembly inhibitor) with PCSK9-directed therapies. We searched PubMed, Embase, Web of Science and Cochrane CENTRAL through December 6, 2025, for randomised trials",https://pubmed.ncbi.nlm.nih.gov/42244216/,PubMed
NR3C1/PRKACG-mediated impairment of mitochondrial quality control underlies stress-induced hypothalamic neuronal injury.,"Zhang Guowei, Cong Jingze, Feng Xiaowei",Communications biology,2026-06-08,"The hypothalamus integrates autonomic, endocrine, and behavioral responses to stress, and stress-induced hypothalamic neuronal injury is implicated in various diseases. However, the underlying molecular mechanisms remain unclear. Mitochondria, as stress-sensitive organelles, play a critical role in cellular injury through structural and functional alterations. Here, we investigate how stress trigg",https://pubmed.ncbi.nlm.nih.gov/42243539/,PubMed
Huoxue Qianyang Qutan Recipe limits cardiac remodeling by regulating FUNDC1/IP3R2 signaling pathway in obese hypertensive rats.,"Hou Chunlei, Zhao Yuxiu, Ma Yulong",Scientific reports,2026-06-08,"Obese hypertension (OBH) increases cardiovascular risk through myocardial remodeling, which is associated with disrupted mitochondrial Ca²⁺ homeostasis and dysfunction of mitochondria-associated endoplasmic reticulum membranes (MAM). Huoxue Qianyang Qutan Recipe (HQQR) has been shown to lower blood pressure in OBH, but its mechanism related to MAM remains unclear. In this study, phenotypic assessm",https://pubmed.ncbi.nlm.nih.gov/42243495/,PubMed
JMJD3 modulates benign prostatic hyperplasia through epigenetic regulation of TGF-β1.,"Chen Bo, Li Jinze, Huang Yin",Cell death & disease,2026-06-08,"Benign prostatic hyperplasia (BPH) is a common chronic disease among elderly men, and its etiology remains unclear. This study aimed to investigate the expression, biological function, and underlying mechanism of JMJD3 in BPH. Here, we identified that JMJD3 is a crucial driver of BPH progression. In this work, both scRNA and bulk sequencing data revealed that JMJD3 is upregulated in BPH, which was",https://pubmed.ncbi.nlm.nih.gov/42243074/,PubMed
DeepSilencer: A Novel Deep Learning Model for Predicting siRNA Knockdown Efficiency,"Wangdan Liao, Weidong Wang",arXiv,2026-06-08,"Background: Small interfering RNA (siRNA) is a promising therapeutic agent due to its ability to silence disease-related genes via RNA interference. While traditional machine learning and early deep learning methods have made progress in predicting siRNA efficacy, there remains significant room for improvement. Advanced deep learning techniques can enhance prediction accuracy, reducing the relianc",http://arxiv.org/abs/2503.04200v1,arXiv
Maturation of siRNA by strand separation: Steered Molecular dynamics study,"Rakesh K Mishra, Sanchita Mukherjee, Dhananjay Bhattacharyya",arXiv,2026-06-08,"RNA interference, particularly siRNA induced gene silencing is becoming an important avenue of modern therapeutics. The siRNA is delivered to the cells as short double helical RNA which becomes single stranded for forming the RISC complex. Significant experimental evidence is available for most of the steps except the process of the separation of the two strands. We have attempted to understand th",http://arxiv.org/abs/1910.03778v1,arXiv
Using a hydrogen-bond index to predict the gene-silencing efficiency of siRNA based on the local structure of mRNA,"Kathy Q. Luo, Donald C. Chang",arXiv,2026-06-08,The gene silencing effect of short interfering RNA (siRNA) is known to vary strongly with the targeted position of the mRNA. A number of hypotheses have been suggested to explain this phenomenon. We would like to test if this positional effect is mainly due to the secondary structure of the mRNA at the target site. We proposed that this structural factor can be characterized by a single parameter ,http://arxiv.org/abs/1710.07413v1,arXiv
Unraveling siRNA Unzipping Kinetics with Graphene,"Santosh Mogurampelly, Swati Panigrahi, Dhananjay Bhattacharyya",arXiv,2026-06-08,"Using all atom molecular dynamics simulations, we report spontaneous unzipping and strong binding of small interfering RNA (siRNA) on graphene. Our dispersion corrected density functional theory based calculations suggest that nucleosides of RNA have stronger attractive interactions with graphene as compared to DNA residues. These stronger interactions force the double stranded siRNA to spontaneou",http://arxiv.org/abs/1207.4569v1,arXiv
Unzipping and binding of small interfering RNA with single walled Carbon Nanotube: a platform for small interfering RNA delivery,"Mogurampelly Santosh, Swati Panigrahi, Dhananjay Bhattacharyya",arXiv,2026-06-08,"In an effort to design efficient platform for siRNA delivery, we combine all atom classical and quantum simulations to study the binding of small interfering RNA (siRNA) by pristine single wall carbon nanotube (SWCNT). Our results show that siRNA strongly binds to SWCNT surface via unzipping its base-pairs and the propensity of unzipping increases with the increase in the diameter of the SWCNTs. T",http://arxiv.org/abs/1203.2409v1,arXiv
Nanodiamond as a vector for siRNA delivery to Ewing sarcoma cells,"Anna Alhaddad, Marie-Pierre Adam, Jacques Botsoa",arXiv,2026-06-08,"We investigated the ability of diamond nanoparticles (nanodiamonds, NDs) to deliver small interfering RNA (siRNA) in Ewing sarcoma cells, in the perspective of in vivo anti-cancer nucleic acid drug delivery. siRNA was adsorbed onto NDs previously coated with cationic polymer. Cell uptake of NDs has been demonstrated by taking advantage of NDs intrinsic fluorescence coming from embedded color cente",http://arxiv.org/abs/1106.2252v2,arXiv
Target prediction and a statistical sampling algorithm for RNA-RNA interaction,"F. W. D. Huang, J. Qin, C. M. Reidys",arXiv,2026-06-08,"It has been proven that the accessibility of the target sites has a critical influence for miRNA and siRNA. In this paper, we present a program, rip2.0, not only the energetically most favorable targets site based on the hybrid-probability, but also a statistical sampling structure to illustrate the statistical characterization and representation of the Boltzmann ensemble of RNA-RNA interaction st",http://arxiv.org/abs/0908.0597v1,arXiv
In silico evidence of the relationship between miRNAs and siRNAs,"Ludovica Montanucci, Piero Fariselli, Pier Luigi Martelli",arXiv,2026-06-08,"Both short interfering RNAs (siRNAs) and microRNAs (miRNAs) mediate the repression of specific sequences of mRNA through the RNA interference pathway. In the last years several experiments have supported the hypothesis that siRNAs and miRNAs may be functionally interchangeable, at least in cultured cells. In this work we verify that this hypothesis is also supported by a computational evidence. We",http://arxiv.org/abs/0705.2355v1,arXiv
