title,authors,journal,date,abstract,link,source
TROP2 expression in head and neck squamous cell carcinoma: association with the tumor immune microenvironment and clinical outcome.,"Brust Lukas A, Kühn Jan Philipp, Körner Sandrina",Frontiers in oncology,2026-08-21,"TROP2 is a transmembrane glycoprotein implicated in tumor progression and immune regulation across epithelial malignancies and serves as a therapeutic target for antibody -drug conjugates. Its role in the tumor immune microenvironment of head and neck squamous cell carcinoma (HNSCC), particularly in the context of PD-1 blockade, remains insufficiently defined. TROP2 protein expression was assessed",https://pubmed.ncbi.nlm.nih.gov/42625594/,PubMed
SIRT6 activation relieves neuropathic pain by restoring Nrf2 signaling and inhibiting NLRP3 inflammasome.,"Hao Xintong, Leng Junkang, Tan Jianjun",Frontiers in physiology,2026-08-21,"Neuropathic pain arises from lesions or dysfunction within the somatosensory system, leading to chronic disability and scarce effective therapies. The NAD⁺-dependent deacetylase SIRT6 participates in aging and inflammatory responses, yet its involvement in neuropathic pain has remained unexplored. Using two selective SIRT6 activators-UBCS039 and MDL-800-in a rat model of chronic constriction injur",https://pubmed.ncbi.nlm.nih.gov/42625583/,PubMed
Towards a safer probiotic: ,"Chen Wei-Ming, Sun Ming-Yang, Ye Ji-Yuan",Frontiers in cellular and infection microbiology,2026-08-21,,https://pubmed.ncbi.nlm.nih.gov/42625563/,PubMed
Characterisation of the Novel HLA-DRB1*14:02:13 Allele by Sequencing-Based Typing.,"Humeau Camille, Pajot Thibault, Elsermans Vincent",HLA,2026-08-21,HLA-DRB1*14:02:13 differs from HLA-DRB1*14:02:01:01 by one nucleotide substitution in codon 214 in Exon 4.,https://pubmed.ncbi.nlm.nih.gov/42625442/,PubMed
ALKBH5 Positively Regulates BMP2 to Influence Endometrial Decidualization in Recurrent Spontaneous Abortion.,"Li Liping, Chen Jin, Zhou Shanshan",FASEB journal : official publication of the Federation of American Societies for Experimental Biology,2026-08-21,"Recurrent spontaneous abortion (RSA) is a distressing disorder affecting numerous women of reproductive age. N6-methyladenosine (m6A) RNA modification is a crucial epigenetic regulator, but its role in RSA remains elusive. ALKBH5 (AlkB homolog 5) is a pivotal m6A demethylase that erases m6A marks to positively regulate target gene expression. This research examines the role of the m6A demethylase ",https://pubmed.ncbi.nlm.nih.gov/42625409/,PubMed
Targeting RASL12 by miR-6791-5p fuels malignant progression in lung adenocarcinoma.,"Zhang Lu, Pang Zhonghao, Zhang Haibo",Hereditas,2026-08-21,"Lung adenocarcinoma (LUAD) poses significant clinical challenges due to its heterogeneity and metastatic potential, necessitating deeper molecular characterization. This study investigated the role of miR-6791-5p and its target RASL12 in LUAD progression. Expression profiles and prognostic relevance were analyzed in 203 LUAD patients, cell lines, and public databases. Biological functions were eva",https://pubmed.ncbi.nlm.nih.gov/42625235/,PubMed
Pirfenidone restores metabolic hormones and cardiac autophagy via p-AMPK in MASH.,"López-Cifuentes Daniel, Sandoval-Rodríguez Ana, Escutia-Gutiérrez Rebeca",Journal of translational medicine,2026-08-21,"Obesity promotes chronic inflammation and insulin resistance, disrupting key metabolic hormones (e.g., insulin and leptin) and triggering metabolic dysfunction-associated steatohepatitis (MASH). Obesity is commonly associated with cardiovascular disease. Autophagy preserves heart function in response to various stresses. Pirfenidone (PFD) is an antifibrotic and anti-inflammatory drug. However, its",https://pubmed.ncbi.nlm.nih.gov/42625194/,PubMed
The miR-338-5p/METTL3 axis regulates m6A modification to inhibit tumor progression in triple-negative breast cancer.,"Chen Wen-Jia, Xu Ya, Lan Yang-Zheng",Clinical & translational oncology : official publication of the Federation of Spanish Oncology Societies and of the National Cancer Institute of Mexico,2026-08-21,"Triple-negative breast cancer (TNBC) is a highly aggressive subtype of breast cancer characterized by poor prognosis and limited therapeutic options. METTL3, a critical m6A RNA methyltransferase, has been implicated in tumor progression. However, its molecular mechanisms in TNBC remain to be fully elucidated. METTL3 expression was analyzed using public databases, cell lines, and clinical samples. ",https://pubmed.ncbi.nlm.nih.gov/42625113/,PubMed
RNA splicing in health and disease.,"Huang Huining, Yu Yao, Zhou Qian",Molecular biomedicine,2026-08-21,"RNA splicing expands the functional output of eukaryotic genomes by enabling individual precursor messenger RNA (pre-mRNA) to generate multiple mature transcripts with protein‑coding and regulatory properties. Its fidelity and plasticity depend on coordinated interactions among the spliceosome, trans-acting splicing factors, cis-regulatory elements, and chromatin- and RNA-associated regulatory mec",https://pubmed.ncbi.nlm.nih.gov/42625101/,PubMed
Antisense oligonucleotide-mediated disruption of mRNA localisation inhibits angiogenesis.,"Augustine Josy, Owuamalam Precious O, Nicell Jennifer",Angiogenesis,2026-08-21,"mRNA localisation is a critical posttranscriptional mechanism that confers a spatiotemporal dimension to the control of gene expression. Among diverse outcomes, this process can result in compartmentalised protein synthesis and consequently, elicit localised cellular responses. Targeting mRNAs to their destination is often determined by localisation elements (LEs) contained in untranslated regions",https://pubmed.ncbi.nlm.nih.gov/42624950/,PubMed
The Arabidopsis tex1-4 mutant exhibits altered mRNA export and hormonal crosstalk in plant immunity against Pseudomonas syringae.,"Uddin Shahab, Silvano Kris John, Chakraborty Rupak",Plant cell reports,2026-08-21,"TEX1 contributes to mRNA export and SA-mediated defense while modulating ABA-driven susceptibility, linking RNA processing to immune regulation in Arabidopsis TEX1, a subunit of the multi-protein THO/TREX complex conserved in eukaryotes, facilitates the synthesis, splicing, and nuclear-cytoplasmic export of mRNAs. However, its mechanism in plants remains to be thoroughly established, particularly ",https://pubmed.ncbi.nlm.nih.gov/42624939/,PubMed
Role of orphan G protein-coupled receptor GPR52 in breast cancer cell multicellular organization and collective invasion.,"Hanif Sarah Z, Kutz Caleb, Au CheukMan Cherie",British journal of cancer,2026-08-21,"G protein-coupled receptors (GPCRs) are the largest class of membrane-bound receptors and are emerging as targets for the effective treatment of cancer. The role of orphan GPCR GPR52 in cancer has not been characterized. Low mRNA expression of GPR52 in breast tumours correlates with reduced overall survival, leading to the hypothesis that loss of GPR52 supports breast cancer progression. CRISPR-Ca",https://pubmed.ncbi.nlm.nih.gov/42624887/,PubMed
Seed pairing between a small regulatory RNA and target mRNA determines cleavage by a RNase E with a minimal C-terminal scaffold.,"Vega Valle Carlos Daniel, Prevost Karine, Lalaouna David","RNA (New York, N.Y.)",2026-08-21,"Small regulatory RNAs (sRNAs) can specifically bind to their target mRNAs to inhibit their expression, either by promoting degradation or by blocking translation. However, the molecular determinants that select which repression mode an sRNA employs remain poorly understood. To investigate this, we used the model target mRNA ",https://pubmed.ncbi.nlm.nih.gov/42624786/,PubMed
"Skeletal muscle decorin, apelin and TRIM72 gene expression in relation to insulin sensitivity.","Szutko Dominika, Straczkowski Marek","Experimental and clinical endocrinology & diabetes : official journal, German Society of Endocrinology [and] German Diabetes Association",2026-08-21,"Skeletal muscle is an essential tissue for insulin-stimulated glucose uptake. Myokines are proteins, peptides, and other metabolites that are released by muscles and exhibit metabolic functions. Decorin, apelin and TRIM72 are myokines with connection to insulin action. The aim of this paper was to study the expression of these selected myokines in skeletal muscle in relation to insulin sensitivity",https://pubmed.ncbi.nlm.nih.gov/42624492/,PubMed
LTBP2 transcriptionally activated by HIF-1α contributes to vascular calcification.,"Li Xiaojun, Liu Xiaoyan, Ding Yanchun",The international journal of biochemistry & cell biology,2026-08-21,"Vascular calcification is a major cardiovascular risk factor in chronic kidney disease (CKD), driven by vascular smooth muscle cell (VSMC) osteogenic differentiation. Latent transforming growth factor-beta binding protein 2 (LTBP2) has been implicated in fibrotic processes, but its role in VC remains unclear. This study aims to investigate the role of LTBP2 in vascular calcification and to elucida",https://pubmed.ncbi.nlm.nih.gov/42624457/,PubMed
Conservation and plasticity in avian prepro-GnRH-I reflect a modular evolutionary architecture.,"Cervantes-Valencia María Eugenia, Fortoul Teresa I, González-Villalva Adriana Elizabeth",General and comparative endocrinology,2026-08-21,"Gonadotropin-releasing hormone type I (GnRH-I) is produced from the GNRH1-encoded prepro-GnRH-I precursor, which comprises a signal peptide (SP), the GnRH-I decapeptide, the Gly-Lys-Arg (GKR) processing motif, and the GnRH-associated peptide (GAP). Here, we evaluated conservation and plasticity across avian prepro-GnRH-I using 61 mRNA sequences representing 32 avian orders through multiple alignme",https://pubmed.ncbi.nlm.nih.gov/42624413/,PubMed
Intrauterine benzophenone-3 exposure alters mammary gland architecture without impairing lactational performance.,"Schierano-Marotti Gonzalo, Altamirano Gabriela A, Gomez Ayelen L","Reproductive toxicology (Elmsford, N.Y.)",2026-08-21,"Recently, we have shown that exposure to the ultraviolet filter benzophenone-3 (BP3) during secretory differentiation disrupts prolactin signaling pathway and milk protein expression in murine mammary organoids. The present study aimed to evaluate whether intrauterine exposure to BP3 modifies the functional differentiation of the lactating mammary gland in F1 female mice. To this end, pregnant mic",https://pubmed.ncbi.nlm.nih.gov/42624387/,PubMed
Targeting Circulating Fatty Acid Binding Protein 4 Ameliorates Obesity-Associated Hepatic Steatosis.,"Jiang Xingshan, Avellino Anthony, Yu Jianyu",JHEP reports : innovation in hepatology,2026-08-21,"Obesity is a major driver of metabolic dysfunction-associated steatotic liver disease (MASLD), yet the molecular mechanisms linking excess adiposity to hepatocellular lipid accumulation remain incompletely defined. We investigated whether circulating fatty acid-binding protein 4 (FABP4) mediates adipocyte-hepatocyte lipid crosstalk in obesity. FABP4 expression and localization were analyzed in hum",https://pubmed.ncbi.nlm.nih.gov/42624369/,PubMed
Cobrotoxin Alleviates Lipopolysaccharide-Induced Depression-like Behavior in mice.,"Qian Jinchun, Lou Juntong, Liu Keke",Toxicon : official journal of the International Society on Toxinology,2026-08-21,"Depression is a debilitating psychiatric disorder closely linked to neuroinflammation. Cobrotoxin (CoTX), an active component of Naja atra venom, exhibits multiple therapeutic effects, including analgesic, anti-inflammatory, and microcirculation-improving properties. However, its role in neuroinflammation-associated depression remains unexplored. This study investigated the effects of CoTX on lipo",https://pubmed.ncbi.nlm.nih.gov/42624297/,PubMed
CCT6B as a candidate chaperonin-related molecule in hepatocellular carcinoma: Bioinformatic analysis and preliminary experimental validation.,"Lianjun Su, Mengsi Wu, Hua Liu",Gene,2026-08-21,"Hepatocellular carcinoma (HCC) is an aggressive malignancy with limited therapeutic options and poor prognosis, highlighting the need for prognostic biomarkers and novel molecular candidates. This study aimed to identify chaperonin-related genes associated with HCC prognosis and to preliminarily explore the biological relevance of CCT6B. The Cancer Genome Atlas (TCGA) database and R were used to i",https://pubmed.ncbi.nlm.nih.gov/42624177/,PubMed
Energy-efficient codon optimization on thermodynamic hardware,"Andraz Jelincic, Ross C. Walker",arXiv,2026-08-21,"The growing energy demand for computation is becoming increasingly unsustainable. Thermodynamic computing, which harnesses physical thermal fluctuations as a computational resource rather than suppressing them, offers orders-of-magnitude energy savings for probabilistic and combinatorial tasks. Pharmaceutical R&D, heavily reliant on computational optimization and sampling, is a natural application",http://arxiv.org/abs/2606.17327v1,arXiv
mRNAutilus: Multi-Objective-Guided Discrete Generation of mRNA with Optimized Therapeutic Properties,"Sawan Patel, Sophia Tang, Yesol Kim",arXiv,2026-08-21,"Therapeutic mRNA design requires coordinating multiple interacting sequence features across the full transcript, where codon usage, untranslated regions (UTRs), and their coupling jointly determine stability, translation efficiency, and protein expression. Here, we present mRNA generation via unrolled trajectories and informed latent updates (mRNAutilus), a framework for simultaneous codon optimiz",http://arxiv.org/abs/2605.31296v1,arXiv
Sampling-based Continuous Optimization for Messenger RNA Design,"Feipeng Yue, Ning Dai, Wei Yu Tang",arXiv,2026-08-21,"Designing messenger RNA (mRNA) sequences for a fixed target protein requires searching an exponentially large synonymous space while optimizing properties that affect stability and downstream performance. This is challenging because practical mRNA design involves multiple coupled objectives beyond classical folding criteria, and different applications prefer different trade-offs. We propose a gene",http://arxiv.org/abs/2603.06559v1,arXiv
Drug-like antibodies with low immunogenicity in human panels designed with Latent-X2," Latent Labs Team, Henry Kenlay, Daniella Pretorius",arXiv,2026-08-21,"Drug discovery has long sought computational systems capable of designing drug-like molecules directly: developable and non-immunogenic from the start. Here we introduce Latent-X2, a frontier generative model that achieves this goal through zero-shot design of antibodies with strong binding affinities, drug-like properties, and, for the first time for any de novo generated antibody, confirmed low ",http://arxiv.org/abs/2512.20263v1,arXiv
"RNAGenScape: Property-Guided, Optimized Generation of mRNA Sequences with Manifold Langevin Dynamics","Danqi Liao, Chen Liu, Xingzhi Sun",arXiv,2026-08-21,"Generating property-optimized mRNA sequences is central to applications such as vaccine design and protein replacement therapy, but remains challenging due to limited data, complex sequence-function relationships, and the narrow space of biologically viable sequences. Generative methods that drift away from the data manifold can yield sequences that fail to fold, translate poorly, or are otherwise",http://arxiv.org/abs/2510.24736v3,arXiv
The proportional scaling of mRNA and ribosome concentrations controls eukaryotic cell growth,"Xin Gao, Michael Lanz, Rosslyn Grosely",arXiv,2026-08-21,"Cell growth underlies nearly all eukaryotic physiology, yet its quantitative principles remain unclear. Using single-molecule ribosome tracking, spike-in RNA sequencing, and quantitative proteomics across 15 nutrient-limited conditions in budding yeast, we define how growth is controlled in the budding yeast Saccharomyces cerevisiae. Ribosome concentration scales linearly with growth rate, while p",http://arxiv.org/abs/2508.14997v2,arXiv
mRNA Folding Algorithms for Structure and Codon Optimization,"Max Ward, Mary Richardson, Mihir Metkar",arXiv,2026-08-21,"mRNA technology has revolutionized vaccine development, protein replacement therapies, and cancer immunotherapies, offering rapid production and precise control over sequence and efficacy. However, the inherent instability of mRNA poses significant challenges for drug storage and distribution, particularly in resource-limited regions. Co-optimizing RNA structure and codon choice has emerged as a p",http://arxiv.org/abs/2503.19273v1,arXiv
Generative Model for Synthesizing Ionizable Lipids: A Monte Carlo Tree Search Approach,"Jingyi Zhao, Yuxuan Ou, Austin Tripp",arXiv,2026-08-21,"Ionizable lipids are essential in developing lipid nanoparticles (LNPs) for effective messenger RNA (mRNA) delivery. While traditional methods for designing new ionizable lipids are typically time-consuming, deep generative models have emerged as a powerful solution, significantly accelerating the molecular discovery process. However, a practical challenge arises as the molecular structures genera",http://arxiv.org/abs/2412.00807v1,arXiv
Machine learning framework to predict the performance of lipid nanoparticles for nucleic acid delivery,"Gaurav Kumar, Arezoo M. Ardekani",arXiv,2026-08-21,"Lipid nanoparticles (LNPs) are highly effective carriers for gene therapies, including mRNA and siRNA delivery, due to their ability to transport nucleic acids across biological membranes, low cytotoxicity, improved pharmacokinetics, and scalability. A typical approach to formulate LNPs is to establish a quantitative structure-activity relationship (QSAR) between their compositions and in vitro/in",http://arxiv.org/abs/2411.14293v1,arXiv
Joint Design of 5' Untranslated Region and Coding Sequence of mRNA,"Yang Liu, Jie Gao, Xiaonan Zhang",arXiv,2026-08-21,"Messenger RNA (mRNA) vaccines and therapeutics are emerging as powerful tools against a variety of diseases, including infectious diseases and cancer. The design of mRNA molecules, particularly the untranslated region (UTR) and coding sequence (CDS) is crucial for optimizing translation efficiency and stability. Current design approaches generally focus solely on either the 5' UTR or the CDS, whic",http://arxiv.org/abs/2410.20781v1,arXiv
Bacterial stress granule protects mRNA through ribonucleases exclusion,"Linsen Pei, Yujia Xian, Xiaodan Yan",arXiv,2026-08-21,"Membraneless droplets formed through liquid-liquid phase separation (LLPS) play a crucial role in mRNA storage, enabling organisms to swiftly respond to environmental changes. However, the mechanisms underlying mRNA integration and protection within droplets remain unclear. Here, we unravel the role of bacterial aggresomes as stress granules (SGs) in safeguarding mRNA during stress. We discovered ",http://arxiv.org/abs/2404.17873v2,arXiv
"Hypolipidemic effect of brown seaweed (Sargassum crassifolium) extract in vivo (Study of histopathology, mRNA expression, and immunohistochemistry (IHC) with VCAM-1, ICAM-1, and MCP-1 parameters)","Sarah Zaidan, Syamsudin Abdillah, Nur Arfian",arXiv,2026-08-21,The purpose of this study was to obtain natural drugs from brown seaweed (Sargassum crassifolium) as antiatherosclerosis candidates through the study of hypolipidemic mechanisms of action. Modeling of dyslipidemia rats was carried out by feeding high-fat (HFF) and doses of crude fucoidan 100. 200. 400mg / KgBB. in both treatments measured blood lipid profile levels taken from the orbital sinuses. ,http://arxiv.org/abs/2402.07497v1,arXiv
Machine Learning Modeling Of SiRNA Structure-Potency Relationship With Applications Against Sars-Cov-2 Spike Gene,Damilola Oshunyinka,arXiv,2026-08-21,"The pharmaceutical Research and development (R&D) process is lengthy and costly, taking nearly a decade to bring a new drug to the market. However, advancements in biotechnology, computational methods, and machine learning algorithms have the potential to revolutionize drug discovery, speeding up the process and improving patient outcomes. The COVID-19 pandemic has further accelerated and deepened",http://arxiv.org/abs/2401.12232v1,arXiv
Messenger RNA Design via Expected Partition Function and Continuous Optimization,"Ning Dai, Wei Yu Tang, Tianshuo Zhou",arXiv,2026-08-21,"The tasks of designing RNAs are discrete optimization problems, and several versions of these problems are NP-hard. As an alternative to commonly used local search methods, we formulate these problems as continuous optimization and develop a general framework for this optimization based on a generalization of classical partition function which we call ""expected partition function"". The basic idea ",http://arxiv.org/abs/2401.00037v2,arXiv
Machine Learning-guided Lipid Nanoparticle Design for mRNA Delivery,"Daisy Yi Ding, Yuhui Zhang, Yuan Jia",arXiv,2026-08-21,"While RNA technologies hold immense therapeutic potential in a range of applications from vaccination to gene editing, the broad implementation of these technologies is hindered by the challenge of delivering these agents effectively. Lipid nanoparticles have emerged as one of the most widely used delivery agents, but their design optimization relies on laborious and costly experimental methods. W",http://arxiv.org/abs/2308.01402v2,arXiv
Corrected Hill Function in Stochastic Gene Regulatory Networks,"Manuel Eduardo Hernández-García, Jorge Velázquez-Castro",arXiv,2026-08-21,"Describing reaction rates in stochastic bio-circuits is commonly done by directly introducing the deterministically deduced Hill function into the master equation. However, when fluctuations in enzymatic reaction rates are not neglectable, the Hill function must be derived, considering all the involved stochastic reactions. In this work, we derived the stochastic version of the Hill function from ",http://arxiv.org/abs/2307.03057v4,arXiv
Stochastic dynamics and ribosome-RNAP interactions in Transcription-Translation Coupling,"Xiangting Li, Tom Chou",arXiv,2026-08-21,"Under certain cellular conditions, transcription and mRNA translation in prokaryotes appear to be ""coupled,"" in which the formation of mRNA transcript and production of its associated protein are temporally correlated. Such transcription-translation coupling (TTC) has been evoked as a mechanism that speeds up the overall process, provides protection during the transcription, and/or regulates the t",http://arxiv.org/abs/2207.04568v1,arXiv
Coronavirus RNA Sensor Using Single-Stranded DNA Bonded to Sub-Percolated Gold Films on Monolayer Graphene Field-Effect Transistors,"Nicholas E. Fuhr, Mohamed Azize, David J. Bishop",arXiv,2026-08-21,"Electrical detection of messenger ribonucleic acid (mRNA) is a promising approach to enhancing transcriptomics and disease diagnostics because of its sensitivity, rapidity, and modularity. Reported here is a fast SARS-CoV-2 mRNA biosensor (<1 minute) with a limit of detection of 1 aM, and dynamic range of 4 orders of magnitude and a linear sensitivity of 22 mV per molar decade. These figures of me",http://arxiv.org/abs/2205.05143v1,arXiv
Deep learning models for predicting RNA degradation via dual crowdsourcing,"Hannah K. Wayment-Steele, Wipapat Kladwang, Andrew M. Watkins",arXiv,2026-08-21,"Messenger RNA-based medicines hold immense potential, as evidenced by their rapid deployment as COVID-19 vaccines. However, worldwide distribution of mRNA molecules has been limited by their thermostability, which is fundamentally limited by the intrinsic instability of RNA molecules to a chemical degradation reaction called in-line hydrolysis. Predicting the degradation of an RNA molecule is a ke",http://arxiv.org/abs/2110.07531v2,arXiv
Coagulapathies after vaccination against SARS-CoV-2 may be derived from a combination effect of SARS-CoV-2 spike protein and adenovirus vector-triggered signaling pathways,Ralf Kircheis,arXiv,2026-08-21,"The novel coronavirus SARS-CoV-2 has resulted in a global pandemic with worldwide 6-digital infection rates and thousands death tolls daily. Enormeous effords are undertaken to achieve high coverage of immunization in order to reach herd immunity to stop spreading of SARS-CoV-2 infection. Several SARS-CoV-2 vaccines, based either on mRNA, viral vectors, or inactivated SARS-CoV-2 virus have been ap",http://arxiv.org/abs/2109.00089v1,arXiv
"The role of opsin genes in mediating phototaxis and color preference in the green peach aphid, Myzus persicae (Sulzer).","Tang Xue, Meng JianYu, Xu NaNa",Pest management science,2026-08-21,"Insect light traps and color sticky traps are widely used to monitor and control pests based on phototaxis, but the role of opsin genes in regulating phototaxis and color preference in Myzus persicae remains poorly understood. The M. persicae showed stronger phototactic response to green light than to yellow light, yet preferred yellow cardboard. Four opsin genes (MpLW, MpUV1, MpUV2, and MpUV-Like",https://pubmed.ncbi.nlm.nih.gov/42625309/,PubMed
Insights into the Role of TLR21 in Innate Immunity of Japanese Flounder (Paralichthys olivaceus).,"Song Yuting, Yang Yuanxin, Zhang Shuo",Fish & shellfish immunology,2026-08-21,"As an essential immune receptor in Japanese flounder (Paralichthys olivaceus), Toll-like receptor 21(TLR21) plays a pivotal role in recognizing pathogen-associated molecular patterns (PAMPs) and activating innate immune signaling pathways. In this study, the functions of Japanese flounder TLR21 (PoTLR21) were studied. Expression pattern analysis revealed that Potlr21 was ubiquitously expressed in ",https://pubmed.ncbi.nlm.nih.gov/42624416/,PubMed
Vutrisiran in Transthyretin Amyloidosis: A Narrative Review.,"Lybeshari Kamela, Pham Huy, Hale Genevieve","American journal of cardiovascular drugs : drugs, devices, and other interventions",2026-08-21,This report describes vutrisiran (Amvuttra,https://pubmed.ncbi.nlm.nih.gov/42623005/,PubMed
SiaRNA: a siamese neural network with bidirectional cross-attention for pairwise siRNA-mRNA efficacy prediction.,"Sapireddy Vaishnavi, Nathi Rajkumar, Meruva Venkata Harshit",Frontiers in bioinformatics,2026-08-21,"Small interfering RNA (siRNA) therapeutics have extraordinary potential for targeted gene silencing. They mediate post-transcriptional gene regulation by binding to complementary messenger RNA (mRNA) sequences and degrading them, thereby preventing the production of unwanted proteins. Recent machine learning and deep learning frameworks for predicting siRNA efficacy have only achieved moderate suc",https://pubmed.ncbi.nlm.nih.gov/42621926/,PubMed
A scalable platform for dumbbell siRNA production using engineered ,"Huang Zhibo, Wang Shaojiao, Liu Jinhao",Molecular therapy. Nucleic acids,2026-08-21,"Despite the clinical success of small interfering RNA (siRNA) therapeutics, limitations including rapid degradation, off-target effects, and high manufacturing costs hinder broader application. Circular siRNAs, particularly dumbbell-shaped variants (db-siRNAs), offer enhanced stability and prolonged activity but lack scalable production methods. Here, we developed a streamlined platform for db-siR",https://pubmed.ncbi.nlm.nih.gov/42621396/,PubMed
Screening and functional analysis of a host membrane protein interacting with the structural protein VP1 of deformed wing virus.,"Liu Di, Xiao Yuting, Li Xu",Frontiers in microbiology,2026-08-21,"Deformed wing virus (DWV) is a major viral pathogen infecting Western honeybees ( The bait plasmid pBT3-STE-VP1, carrying the VP1 gene, was screened against a complementary DNA library of Western honeybee proteins. Among the 22 candidate host proteins identified, a neuropeptide capa (NCR) like G-protein-coupled receptor was selected for further analysis. The interaction between DWV VP1 and NCR-lik",https://pubmed.ncbi.nlm.nih.gov/42620928/,PubMed
Lachesin is a mosquito receptor for multiple arthritogenic alphaviruses.,"Plung Jesse S, Mameli Enzo, Li Wanyu",bioRxiv : the preprint server for biology,2026-08-21,"Arthritogenic alphaviruses cause acute febrile illnesses associated with rash and arthritis when they are transmitted to humans through the bite of infected mosquitoes. Among these, chikungunya virus (CHIKV), transmitted primarily through the bite of infected ",https://pubmed.ncbi.nlm.nih.gov/42619960/,PubMed
New and novel pharmacotherapies for hemophilia A: an update.,"Giuffrida Anna Chiara, Focosi Daniele, Bodini Marco",Expert opinion on pharmacotherapy,2026-08-21,"Hemophilia A (HA) management has progressed significantly, yet standard and extended half-life (EHL) clotting factors present persistent limitations, including intravenous burden and suboptimal trough levels. This narrative review highlights recently approved agents and phase III candidates for HA. In replacement therapy, efanesoctocog alfa maintains normal-to-near-normal factor VIII (FVIII) level",https://pubmed.ncbi.nlm.nih.gov/42619563/,PubMed
Targeting interleukin-6 in immune-mediated inflammatory diseases: Current strategies and emerging technologies.,"Ji Pengyu, Zhao Pengfei, Guo Wei",Chinese medical journal,2026-08-21,"Immune-mediated inflammatory diseases (IMIDs) refer to a heterogeneous group of conditions driven by dysregulated immune responses that affect multiple organs and systems, leading to substantial morbidity and premature mortality. Accumulating evidence indicates that excessive interleukin-6 (IL-6) production and aberrant activation of downstream signaling pathways play central roles in sustaining c",https://pubmed.ncbi.nlm.nih.gov/42619385/,PubMed
Characteristics and functions of a cell adhesion molecule PvCadN in Penaeus vannamei during WSSV infection.,"Huang Zixin, Shi Hong, Yang Zhongming",Fish & shellfish immunology,2026-08-21,"Cell adhesion not only maintains the integrity of the organism, but also plays an important role in the immune system, which serves as a critical gateway for pathogen invasion. In the study, a novel cell adhesion molecule from Penaeus vannamei, designated as PvCadN, was investigated. It had the typical molecular characteristics of cadherin family, with multiple extracellular cadherin repeat domain",https://pubmed.ncbi.nlm.nih.gov/42617765/,PubMed
Leveraging plant virus-vector molecular interactions for innovative vector and disease control.,Bonning Bryony C,Current opinion in virology,2026-08-21,"Although insect-transmitted plant viruses cause substantial global crop losses, knowledge of the molecular mechanisms underlying their transmission is limited. Recent advances in omics technologies, high-resolution tissue-specific profiling, and protein-protein interaction prediction are rapidly improving our ability to identify vector proteins that mediate virus acquisition, retention, and transm",https://pubmed.ncbi.nlm.nih.gov/42617495/,PubMed
ROS-Scavenging Single-Component Polymeric Nanocarriers for Precision siRNA Delivery in Pulmonary Fibrosis Therapy.,"Yang Yuxin, Zhang Hua, Du Jianjun","Advanced materials (Deerfield Beach, Fla.)",2026-08-21,"Idiopathic pulmonary fibrosis (IPF) is a progressive refractory lung disorder with limited effective therapies. Although RNA interference (RNAi) holds promise for IPF treatment, current delivery systems are hampered by complex preparation, redundant components, and an inability to modulate oxidative stress, which severely compromises their therapeutic outcomes. Herein, we design a single-component",https://pubmed.ncbi.nlm.nih.gov/42615483/,PubMed
"A translational framework for early-phase inner-ear gene therapy: clinical trial design, regulatory strategy, and ethical considerations.","Dunn Emma C, Short Spencer H, Samy Ravi N",Current opinion in otolaryngology & head and neck surgery,2026-08-21,"Hereditary hearing loss has historically been approached as a diagnostic category rather than a therapeutically modifiable disease. Recent advances in molecular genetics, cochlear gene delivery, and first-in-human clinical trials are changing that. This review summarizes contemporary progress in the genetics of hearing loss, with emphasis on emerging gene-based therapies, clinical trial design, re",https://pubmed.ncbi.nlm.nih.gov/42614064/,PubMed
Gene Silencing by CRISPR Interference in Fusobacterium nucleatum.,"Xu Shiqi, G C Bibek, Tan Kexin","Methods in molecular biology (Clifton, N.J.)",2026-08-21,"Fusobacterium nucleatum is a strictly anaerobic bacterium associated with periodontal disease and several systemic conditions, including colorectal cancer and adverse pregnancy outcomes. Genetic manipulation in F. nucleatum has been limited by poor transformation efficiency and difficulty studying essential genes. To overcome these challenges, we developed a CRISPR interference (CRISPRi) system th",https://pubmed.ncbi.nlm.nih.gov/42613564/,PubMed
"Transport of cytotoxic cyanine dyes coupled to siRNA into hematopoietic cancer cells with CD20-, CD22- or CD33-targeting ELART nanocarriers.","Krassuski Timo, Bäumer Nicole, Niland Stephan",Scientific reports,2026-08-21,"The efficient and safe transfection of hematopoietic cells is a major hurdle that limits efficacy of therapeutic approaches like RNA-interference. We therefore used our modular ELectrostatic Antibody siRNA Targeted therapy platform (ELART) to develop nanocarriers decorated with antibodies for delivery of siRNA into hematopoietic CD20-, CD22-, or CD33-positive cells. To analyze internalization effi",https://pubmed.ncbi.nlm.nih.gov/42613350/,PubMed
Caenorhabditis elegans: A Versatile In vivo Model for Decoding Conserved Oncogenic Signaling Pathways.,"Chen Jingyi, Yan Tingting",Journal of visualized experiments : JoVE,2026-08-21,"Caenorhabditis elegans (C. elegans) is a genetically tractable, transparent, and cost-effective metazoan model that bridges conventional cell-culture assays and mammalian systems for mechanistic cancer research. This pathway-focused review covers representative studies of conserved RAS/MAPK, Notch, and Wnt signaling and is organized around pathway conservation, mutant strains, quantitative phenoty",https://pubmed.ncbi.nlm.nih.gov/42611627/,PubMed
Reversible Cationic Glycopolymer Hydrogels for RNA Delivery in Ticks.,"Lequeux Zoe A B, Thapa Kundu, Rabiu Musa",ACS polymers Au,2026-08-21,"RNA interference (RNAi) offers a promising approach for vector control in species such as the lone star tick (Amblyomma americanum), but current delivery methods, including microinjection and soaking, are invasive and inefficient for large-scale application. In this work, we developed a series of novel physically cross-linked cationic glycopolymer hydrogels for noninvasive double-stranded RNA (dsR",https://pubmed.ncbi.nlm.nih.gov/42610016/,PubMed
Emerging trends in nanomedicine: The role of RNAi-based therapies and onpattro's clinical journey.,"Singh Dilpreet, Singh Satvir, Tandon Nitin",Iranian journal of basic medical sciences,2026-08-21,"Nanomedicine has transformed therapeutic strategies by enabling precise delivery of nucleic acid-based drugs, including small interfering RNA (siRNA), messenger RNA (mRNA), and antisense oligonucleotides. A landmark achievement is Onpattro (patisiran), the first FDA-approved RNAi therapy, which employs lipid nanoparticles (LNPs) to silence transthyretin in hereditary amyloidosis. Its approval vali",https://pubmed.ncbi.nlm.nih.gov/42609949/,PubMed
RNA-based approaches in the diagnosis and treatment of obesity.,"Parekh Karishma, Sarker Gitalee",Frontiers in pharmacology,2026-08-21,"Obesity is a global, complex, and multifactorial disease, and a major risk factor for diabetes, cardiovascular disease, fatty liver disease, and cancer. Despite its high prevalence, effective diagnostic and therapeutic strategies remain limited. Conventional anthropometric measurements, such as body mass index (BMI) and waist circumference, offer limited accuracy in assessing the impact of excess ",https://pubmed.ncbi.nlm.nih.gov/42609549/,PubMed
Expression and RNAi characterization of neuropeptides underlying developmental regulation in the Colorado potato beetle.,"Terris Emma E, Verkoulen Sophie M, Groves Russell L",Frontiers in insect science,2026-08-21,"Neuropeptides are evolutionarily ancient signaling molecules that act through diverse G protein-coupled receptor (GPCR) pathways to coordinate essential physiological and behavioral processes in insects. Despite their broad functional importance, the specific roles, receptor interactions, and regulatory mechanisms of individual neuropeptides remain underexplored, limiting our understanding of how ",https://pubmed.ncbi.nlm.nih.gov/42609294/,PubMed
Leveraging generative hallucination and biophysics-informed modeling for unified biomolecular sequence-structure co-design,"Xuefeng Liu, Mingxuan Cao, Xiao Luo",arXiv,2026-08-21,"Biomolecular design underpins applications from molecular recognition to therapeutics and synthetic biology, yet de novo interaction design remains challenging-especially for DNA/RNA, underexplored non-protein modalities with scarce, heterogeneous complex data and sharper geometric and chemical constraints. We introduce MCTH (Monte Carlo Tree Hallucination), an inference-only framework that casts ",http://arxiv.org/abs/2608.17381v1,arXiv
"MultiStructRNA: a Python package for multi-algorithm RNA secondary structure prediction, ensemble analysis, and visualization","Yashrajsinh Jadeja, Haining Lin, Mihir Metkar",arXiv,2026-08-21,"We introduce MultiStructRNA, a unified Python toolkit for RNA secondary structure prediction, ensemble analysis, and visualization. Although RNA secondary structure is central to RNA biology and therapeutic design, practical adoption is often hindered by fragmented tooling, incompatible input and output formats, and limited visualization support. MultiStructRNA addresses these challenges through a",http://arxiv.org/abs/2608.14846v1,arXiv
Evolutionary Curriculum Learning Improves Biological Sequence Modeling,"Richard Zhu, Kento Nishi",arXiv,2026-08-21,"Variational autoencoders (VAEs) trained on multiple sequence alignments (MSAs) have emerged as powerful generative models for biological sequences, with applications ranging from disease variant prediction to functional RNA design. However, standard biological VAE training treats all sequences as exchangeable, ignoring the rich evolutionary structure that organizes homologous sequences from evolut",http://arxiv.org/abs/2608.00697v2,arXiv
Engineering T7 RNA Polymerase for High-Purity In Vitro Transcription,"Pauline Hermans, Youlia Serikova, José Castillo",arXiv,2026-08-21,"In vitro transcription using bacteriophage T7 RNA polymerase (T7 RNAP) is the gold-standard platform for RNA production in both research and therapeutic applications. Despite its high processivity and promoter specificity, T7 RNAP generates multiple RNA by-products, including double-stranded RNA, 3'-extended transcripts, abortive RNAs, and prematurely terminated products. These impurities reduce R",http://arxiv.org/abs/2607.18468v1,arXiv
Enhanced sampling and cryo-EM data resolve magnesium binding to RNA,"Olivier Languin-Cattoën, Elisa Posani, Giovanni Bussi",arXiv,2026-08-21,"Magnesium ions are essential for RNA structure but difficult to model due to slow binding kinetics and experimental limitations. We present an enhanced-sampling strategy that accelerates Mg$^{2+}$ inner-shell binding by orders of magnitude, enabling quantitative exploration of ion-binding motifs in a large ribozyme. The method combines a barrier-flattening bias with Hamiltonian replica exchange to",http://arxiv.org/abs/2607.07186v1,arXiv
Bayesian Sampling of Structural Ensembles: The Role of Ensemble-Counting Measures,"Ivan Gilardoni, Giovanni Bussi",arXiv,2026-08-21,"Structural ensemble refinement is widely used to integrate molecular simulations with experimental measurements. While most applications focus on the maximum-a-posteriori (MAP) ensemble, Bayesian sampling of the posterior distribution can provide uncertainty estimates and posterior averages for arbitrary observables. A notable step in this direction was introduced by the Bayesian Energy Landscape ",http://arxiv.org/abs/2606.18495v1,arXiv
MultiMolecule: a modular ecosystem for biomolecular sequence-model workflows,Zhiyuan Chen,arXiv,2026-08-21,"Biomolecular sequence models are increasingly reused outside the studies in which they were introduced, but public checkpoints rarely preserve the execution context needed to inspect source-defined behavior, adapt models to new assays, compare models under shared task definitions or deploy biological predictions. MultiMolecule is an open-source Python ecosystem that turns heterogeneous RNA, DNA an",http://arxiv.org/abs/2606.16540v1,arXiv
The Montparnasse Algorithm for RNA Design,Tristan Cazenave,arXiv,2026-08-21,"RNA design consists of discovering a nucleotide sequence that optimizes predefined criteria, such as secondary structure. It is useful for synthetic biology, medicine, and nanotechnology. We propose Montparnasse, a Monte Carlo search framework based on Generalized Nested Rollout Policy Adaptation, augmented with a problem-specific prior, slow and long adaptation at level 1, and a lexicographic mul",http://arxiv.org/abs/2606.07562v1,arXiv
Multimodal Alignment and Preference Optimization for Zero-Shot Conditional RNA Generation,"Roman Klypa, Alberto Bietti, Sergei Grudinin",arXiv,2026-08-21,"The design of RNA molecules that interact with specific proteins is a critical challenge in experimental and computational biology. Despite recent progress in natural language modeling and deep learning-based protein design, there remains significant room to improve the frequency of successful interactions and the authenticity of generated sequences for functional applications. In this work, we fr",http://arxiv.org/abs/2605.23961v1,arXiv
"GoForth: Language Models for RNA Design under Structure, Sequence, and Coding Constraints",Michael Lindsey,arXiv,2026-08-21,"RNA inverse sequence design has broad biological and engineering applications, but computational methods for practical design queries remain limited. Such queries may impose several constraints at once, including target folds or motifs, fixed bases, and coding restrictions, while leaving arbitrary sequence and structure in unspecified regions. Because these constraints may permit many acceptable s",http://arxiv.org/abs/2605.07608v1,arXiv
Bayesian Rate Inference for Sequence Motif Dynamics in Systems of Reactive Nucleic Acids,"Johannes Harth-Kitzerow, Ulrich Gerland, Torsten A. Enßlin",arXiv,2026-08-21,"The RNA world hypothesis suggests a pathway of how life emerged on early earth. It assumes that life started with RNA based systems, capable of storing, transmitting and replicating information, envisioning that monomers and short RNA oligomers interact to form longer strands, eventually becoming catalytically active ribozymes. Key reactions in RNA pools are hybridization, dehybridization, templat",http://arxiv.org/abs/2604.25701v2,arXiv
VARIANT: Web Server for Decoding and Analyzing Viral Mutations at Genome and Protein Levels,"Rui Wang, Xuhang Dai, Xin Cao",arXiv,2026-08-21,"A comprehensive analysis of viral mutations is essential for understanding viral evolution, disease epidemiology, diagnosis, drug resistance, etc. However, challenges remain in capturing complex mutation patterns and supporting diverse viral families with varying genome architectures. To address these needs, we present VARIANT, an web server for mutational analysis of RNA viral genomes and associa",http://arxiv.org/abs/2604.20942v1,arXiv
Interfacial Potential Transduction for Diagnostics,"Hyun-June Jang, Peuli Nath, Yuqin Wang",arXiv,2026-08-21,"A major barrier to decentralized, near-patient diagnostics is the lack of a signal transduction modality that is both analytically precise and accessible at the point of care. Optical readouts remain instrument-dependent and difficult to miniaturize, while compact electrochemical readouts are prone to matrix-derived signal distortion, limiting their biomarker coverage in real clinical settings. He",http://arxiv.org/abs/2603.23775v1,arXiv
ZeroFold: Protein-RNA Binding Affinity Predictions from Pre-Structural Embeddings,"Josef Hanke, Sebastian Pujalte Ojeda, Shengyu Zhang",arXiv,2026-08-21,"The accurate prediction of protein-RNA binding affinity remains an unsolved problem in structural biology, limiting opportunities in understanding gene regulation and designing RNA-targeting therapeutics. A central obstacle is the structural flexibility of RNA, as, unlike proteins, RNA molecules exist as dynamic conformational ensembles. Thus, committing to a single predicted structure discards in",http://arxiv.org/abs/2603.23583v1,arXiv
Computational modeling of RNA-protein binding interactions under an external force,"Danielle Wampler, Ralf Bundschuh",arXiv,2026-08-21,"RNA binding proteins play a crucial role in post-transcriptional gene regulation by controlling the transport, processing, and translation of their target RNAs. Post-transcriptional gene regulation leads to the differential expression of genetic material and loss of regulation or over-regulation relates to a large range of cancers and diseases - many of which have directly been associated with RNA",http://arxiv.org/abs/2603.22269v1,arXiv
Fair splits flip the leaderboard: CHANRG reveals limited generalization in RNA secondary-structure prediction,"Zhiyuan Chen, Zhenfeng Deng, Pan Deng",arXiv,2026-08-21,"Accurate prediction of RNA secondary structure underpins transcriptome annotation, mechanistic analysis of non-coding RNAs, and RNA therapeutic design. Recent gains from deep learning and RNA foundation models are difficult to interpret because current benchmarks may overestimate generalization across RNA families. We present the Comprehensive Hierarchical Annotation of Non-coding RNA Groups (CHAN",http://arxiv.org/abs/2603.22330v1,arXiv
Reverse Distillation: Consistently Scaling Protein Language Model Representations,"Darius Catrina, Christian Bepler, Samuel Sledzieski",arXiv,2026-08-21,"Unlike the predictable scaling laws in natural language processing and computer vision, protein language models (PLMs) scale poorly: for many tasks, models within the same family plateau or even decrease in performance, with mid-sized models often outperforming the largest in the family. We introduce Reverse Distillation, a principled framework that decomposes large PLM representations into orthog",http://arxiv.org/abs/2603.07710v1,arXiv
Fast and Versatile RNA Design via Motif-level Divide-and-Conquer and Structure-level Rival Search,"Tianshuo Zhou, David H. Mathews, Liang Huang",arXiv,2026-08-21,"RNA design aims to identify RNA sequences that fold into a target secondary structure. This task is challenging in terms of computational efficiency. Most existing methods focus on either minimum free energy (MFE)-based or ensemble-based metrics, leaving a gap for a unified approach that performs well across both. We introduce a fast and versatile RNA design algorithm inspired by our previous work",http://arxiv.org/abs/2603.02283v1,arXiv
CryoNet.Refine: A One-step Diffusion Model for Rapid Refinement of Structural Models with Cryo-EM Density Map Restraints,"Fuyao Huang, Xiaozhu Yu, Kui Xu",arXiv,2026-08-21,"High-resolution structure determination by cryo-electron microscopy (cryo-EM) requires the accurate fitting of an atomic model into an experimental density map. Traditional refinement pipelines such as Phenix.real_space_refine and Rosetta are computationally expensive, demand extensive manual tuning, and present a significant bottleneck for researchers. We present CryoNet.Refine, an end-to-end dee",http://arxiv.org/abs/2602.22263v2,arXiv
SINEUP-mediated enhancement of HNF4α improves metabolic function in Huh7-based bioengineered hepatic microtissues.,"Hashemian Zohreh, Zarrabi Morteza, Nouri Masoumeh",Journal of liver cancer,2026-08-21,"Human liver cell-based drug-screening platforms require stable hepatocyte identity and metabolic competence, but Huh7 cells show reduced hepatic function. We investigated whether SINEUP-mediated enhancement of hepatocyte nuclear factor 4 alpha (HNF4α) could improve the metabolic performance of Huh7-based three-dimensional hepatic microtissues. Decellularized liver extracellular matrix-derived micr",https://pubmed.ncbi.nlm.nih.gov/42625329/,PubMed
"Erratum to ""ANRIL acts as onco-lncRNA by regulation of microRNA-24/c-Myc, MEK/ERK and Wnt/β-catenin pathway in retinoblastoma"" [Int J Biol Macromol 128 (2019) 583-592].","Yu Feifei, Pang Guolong, Zhao Guiqiu",International journal of biological macromolecules,2026-08-21,,https://pubmed.ncbi.nlm.nih.gov/42625318/,PubMed
"Identification and analysis of lncRNA50877, which is involved in KRT8-mediated mitochondrial homeostasis and GCRV replication in grass carp (Ctenopharyngodon idella).","Zhang Yexuan, Liu Shuai, Sun Zhiwei",Developmental and comparative immunology,2026-08-21,"Grass carp (Ctenopharyngodon idella) reovirus (GCRV), the causative agent of hemorrhagic disease, causes substantial economic losses in the grass carp industry every year. However, the biological regulatory roles of long non-coding RNAs (lncRNAs) during GCRV infection remain largely unclear. In this study, high-throughput sequencing technology was used to analyze the expression profiles of lncRNAs",https://pubmed.ncbi.nlm.nih.gov/42624183/,PubMed
An inflammatory bowel disease-linked lncRNA suppresses transcription factor T-BET expression in T cells to limit intestinal inflammation.,"Yang-Fischer Ruxiao, Shearer Alyssa, Zhao Jingyao",Immunity,2026-08-21,"Among the tens of thousands of annotated long noncoding RNAs (lncRNAs) in the human genome, only a small fraction have been functionally characterized. Here, we show that a well-established inflammatory bowel disease (IBD) risk locus encoded a conserved lncRNA, lnc15 (2310015A10Rik/ENSMUSG00000097729), whose structure was destabilized by risk-associated variants, leading to its degradation. Deleti",https://pubmed.ncbi.nlm.nih.gov/42624111/,PubMed
Correction: Transcriptome-wide profiling of cystic and solid vestibular schwannomas reveals candidate long non-coding RNA signatures.,"Teichmann Nele, Subhash Santhilal, Giordano Mario",Molecular biology reports,2026-08-21,,https://pubmed.ncbi.nlm.nih.gov/42622948/,PubMed
Dysfunction of the Neurovascular Unit in Diabetic Retinopathy: Advances from Molecular Mechanisms to Targeted Interventions.,"Zhao Chunning, Qin Leilei, Zhang Jing",Stem cell reviews and reports,2026-08-21,"Diabetic retinopathy (DR) is a leading cause of vision loss and is now increasingly understood as a neurovascular disease rather than a purely microvascular complication of diabetes. The retinal neurovascular unit (NVU), composed of neurons, Müller cells, microglia, astrocytes, endothelial cells, pericytes, and extracellular matrix components, integrates neural activity, vascular perfusion, barrie",https://pubmed.ncbi.nlm.nih.gov/42622757/,PubMed
Noncoding RNAs as Prognostic Biomarkers After Myocardial Infarction: A Scoping Review.,"Wi Niowski Łukasz, Biskupski Maciej, Błaszczyk Robert",Journal of the American Heart Association,2026-08-21,"Prognosis after myocardial infarction (MI) remains heterogeneous despite contemporary reperfusion and secondary prevention, and biomarkers that capture post-MI recovery, treatment response, and long-term risk are still limited. Noncoding RNAs have therefore attracted interest as biomarkers of post-MI risk and recovery. We conducted a scoping review of human studies evaluating circulating or blood-",https://pubmed.ncbi.nlm.nih.gov/42622088/,PubMed
LncPNdeep: A long non-coding RNA classifier based on large language model with peptide and nucleotide embedding.,"Dai Zongrui, Deng Feiyang, Sung Hsiao H",Non-coding RNA research,2026-08-21,"Accurate classification of long non-coding RNAs (lncRNAs) is essential for transcriptome annotation and understanding gene regulation. Existing computational methods predominantly rely on nucleotide sequence features, frequently overlooking biologically relevant peptide signals encoded within lncRNAs. To overcome this limitation, we developed LncPNdeep, an integrative deep learning framework that ",https://pubmed.ncbi.nlm.nih.gov/42621896/,PubMed
LncRNA HOTAIR/miR-9-5p/FOXP1 axis modulates cerebral ischemia-reperfusion injury via NLRP3 inflammasome activation.,"Liu Tingting, Zhu Xiaosong, Zhuo Fengjuan",IBRO neuroscience reports,2026-08-21,This study aimed to investigate the association between the HOTAIR-miR-9-5p axis and the inflammatory response in ischemic stroke (IS) and elucidate the underlying molecular mechanisms. Middle cerebral artery occlusion/reperfusion (MCAO/R) and oxygen-glucose deprivation/reoxygenation (OGD/R) were applied to simulate ischemic/reperfusion conditions  A significant association was observed between th,https://pubmed.ncbi.nlm.nih.gov/42621072/,PubMed
SERHL regulates invasion and metastasis through KLF16-PLCB1/PRKCA signaling in gastric cancer cells.,"Hong Linjie, Peng Siyang, Chen Yidong",Genes & diseases,2026-08-21,"Human SERHL, a pseudogene-derived lncRNA, plays a key role in cancer progression. However, the mechanism by which SERHL modulates gastric cancer (GC) is mostly unknown. This study found that SERHL was down-regulated in GC and inversely related to its malignancy. Overexpression of SERHL inhibited cell growth and metastasis in GC cells. Mechanistically, SERHL interacts with KLF16, promoting the degr",https://pubmed.ncbi.nlm.nih.gov/42620747/,PubMed
Mapping genome-wide RNA-RNA and RNA-DNA interactions in nuclear hubs of male and female ,"Gunasekera Sarah, Carlson Megan, Ray Mukulika",bioRxiv : the preprint server for biology,2026-08-21,"Nuclear bodies are nucleoprotein complexes with established functions that target chromatin at specific locations and regulate specific RNA processing functions, thereby influencing gene expression. However, the mechanisms that define how nuclear bodies are targeted to specific locations within the genome where they function remain poorly understood. One significant challenge is capturing and unde",https://pubmed.ncbi.nlm.nih.gov/42620255/,PubMed
LncTRDMT1-5 promotes chromosomal instability through MSRB3-mediated cell cycle and DNA damage in breast cancer.,"Chen Qi, Chen Yunpeng, Yang Hui",Frontiers in oncology,2026-08-21,"Chromosomal instability (CIN) drives genomic structural variants (such as amplifications and deletions) and promotes tumor progression. Long noncoding RNAs are known to participate in key biological processes and CIN regulation. Our previous study demonstrated that the highly expressed lncTRDMT1-5 serves as a novel prognostic biomarker in breast cancer; however, its underlying mechanisms require f",https://pubmed.ncbi.nlm.nih.gov/42620215/,PubMed
Paternal Metabolic Reversal Remodels Sperm RNA Profiles and Ameliorates Intergenerational Metabolic Disorder in Mice.,"Chen Sheng, Magalhaes Rubens Daniel Miserani, Wang Zhuqing",bioRxiv : the preprint server for biology,2026-08-21,"Paternal obesity increases metabolic risk in offspring, but whether this risk can be reduced by restoring paternal health before conception remains unresolved. We developed a within-sire induction-and-reversal model in outbred CD1 mice in which high-fat diet (HFD)-exposed males generated offspring before and after transition to an ingredient-matched control diet with voluntary exercise. HFD caused",https://pubmed.ncbi.nlm.nih.gov/42620199/,PubMed
"The highly expressed lncRNA TRG-AS1 in serum specifically inhibits miR-139-5p, thereby promoting oxidative stress and inflammation in heart failure.","Shi Ying, Wang Wenhua, Weng Chuanqing",Journal of cardiothoracic surgery,2026-08-21,Patients with chronic heart failure (CHF) have a high mortality rate. The aim of this research is to examine the clinical value and molecular mechanisms of the lncRNA T cell receptor gamma chain-associated AS1 (TRG-AS1) in CHF. The TRG-AS1 expression in 116 CHF patients was assessed by qRT-PCR. The diagnostic and prognostic value of TRG-AS1 was evaluated through ROC and COX survival analysis. The ,https://pubmed.ncbi.nlm.nih.gov/42618935/,PubMed
"Honeybadger, a micropeptide encoded by an alternative ","Paithane Utkarsha, Tiwari Ashutosh, Hall Bryan",Genes & development,2026-08-21,Genomic rearrangements can drive cancer through mechanisms that extend beyond classical oncogenic fusions such as ,https://pubmed.ncbi.nlm.nih.gov/42618324/,PubMed
"Firefox, a protein encoded by circular ","Tiwari Ashutosh, Paithane Utkarsha, Tashiro Kojiro",Genes & development,2026-08-21,MYC-driven (MYC,https://pubmed.ncbi.nlm.nih.gov/42618323/,PubMed
The regulatory role of non-coding RNAs in taxane resistance of breast cancer.,"Sun Cuicui, Lv Lingling, Xu Qinzheng",Biochemical pharmacology,2026-08-21,"Breast cancer remains a major health concern among women, characterized by a high risk and substantial mortality. Chemotherapy is widely employed as a standard treatment modality to eliminate malignant cells and improve patient survival. Nevertheless, recurrence and chemoresistance arising from taxane treatment have emerged as key factors driving the high mortality rates in cancer patients. Non-co",https://pubmed.ncbi.nlm.nih.gov/42617752/,PubMed
Whole-transcriptome analysis reveals key transcriptional and noncoding RNA regulators of skeletal muscle satellite cell differentiation in quail.,"Liu Jing, Jiang Hongxia, Xiao Xiaoyun",Poultry science,2026-08-21,"Skeletal muscle growth in poultry depends on the proliferation and differentiation of skeletal muscle satellite cells (SMSCs), yet the regulatory landscape governing these processes in quail remains poorly defined. In this study, primary SMSCs were isolated from embryonic day 15 quail pectoral muscle and validated by PAX7 immunostaining and MYHC immunostaining following induction of differentiatio",https://pubmed.ncbi.nlm.nih.gov/42617273/,PubMed
Regulatory networks of non-coding RNAs in renal cell carcinogenesis and therapeutic intervention strategies.,"Fu Pengcheng, Shuai Geliu, Wen Dong",World journal of urology,2026-08-21,"This review aims to delineate the multifaceted regulatory networks of non-coding RNAs in renal cell carcinoma and to critically assess their therapeutic relevance and translational potential in precision oncology. We performed a narrative synthesis of the contemporary literature, focusing on microRNAs, long non-coding RNAs, and circular RNAs implicated in renal cell carcinoma pathogenesis, as well",https://pubmed.ncbi.nlm.nih.gov/42616145/,PubMed
An Evaluation on the Role of Non-Coding RNA in HIV Transcription and Latency: A Review,Xiangshuai Liu,arXiv,2026-08-21,"The existence of latent cellular reservoirs is recognized as the major barrier to an HIV cure. Reactivating and eliminating ""shock and kill"" or permanently silencing ""block and lock"" the latent HIV reservoir, as well as gene editing, remain promising approaches, but so far have proven to be only partially successful. Moreover, using latency reversing agents or ""block and lock"" drugs pose additiona",http://arxiv.org/abs/2502.06107v1,arXiv
"Blood-derived lncRNAs as potential biomarkers for early cancer diagnosis: The Good, the Bad and the Beauty","Cedric Badowski, Bing He, Lana X Garmire",arXiv,2026-08-21,Cancer ranks as one of the deadliest diseases worldwide. The high mortality rate associated with cancer is partially due to the lack of reliable early detection methods and/or inaccurate diagnostic tools such as certain protein biomarkers. Cell-free nucleic acids (cfNA) such as circulating long non-coding RNAs (lncRNAs) have recently been proposed as a new class of potential biomarkers that could ,http://arxiv.org/abs/2109.11746v1,arXiv
BPPart and BPMax: RNA-RNA Interaction Partition Function and Structure Prediction for the Base Pair Counting Model,"Ali Ebrahimpour-Boroojeny, Sanjay Rajopadhye, Hamidreza Chitsaz",arXiv,2026-08-21,"RNA-RNA interaction (RRI) is ubiquitous and has complex roles in the cellular functions. In human health studies, miRNA-target and lncRNAs are among an elite class of RRIs that have been extensively studied. Bacterial ncRNA-target and RNA interference are other classes of RRIs that have received significant attention. In recent studies, mRNA-mRNA interaction instances have been observed, where bot",http://arxiv.org/abs/1904.01235v2,arXiv
Long non-coding RNA (LncRNA) and cancer: a new paradigm,"A. Bhan, Milad Soleimani, S. Mandal",Cancer Research,2017-07-12,"In addition to mutations or aberrant expression in the protein coding genes, mutations and misregulation of non-coding RNAs, in particular long noncoding RNAs (lncRNA), appear to play major roles in cancer. Genome-wide association studies (GWAS) of tumor samples have identified a large number of lncRNAs associated with various types of cancer. Alterations in lncRNA expression and their mutations p",https://www.semanticscholar.org/paper/e5156419c49266fe24b0d422f3e4a7e248bbd5c1,Semantic Scholar
LNCcation: lncRNA localization and function,"M. Bridges, Amanda C. Daulagala, A. Kourtidis",Journal of Cell Biology,2021-01-19,"Bridges et al. discuss current knowledge, lingering questions, and emerging themes surrounding lncRNA subcellular localization and its impact on cellular functions.",https://www.semanticscholar.org/paper/7eb1e61fdce6d4579eb564a6a2435cc2cc9b1454,Semantic Scholar
LncRNA-encoded peptides in cancer,Yaguang Zhang,Journal of Hematology & Oncology,2024-08-12,"Long non-coding RNAs (lncRNAs), once considered transcriptional noise, have emerged as critical regulators of gene expression and key players in cancer biology. Recent breakthroughs have revealed that certain lncRNAs can encode small open reading frame (sORF)-derived peptides, which are now understood to contribute to the pathogenesis of various cancers. This review synthesizes current knowledge o",https://www.semanticscholar.org/paper/a753881bf9c86a668e56968e00f894e3e096e26d,Semantic Scholar
Mechanism of LncRNA Gm2044 in germ cell development,"Qinran Zhu, Junpei Sun, Chuangchuang An",Frontiers in Cell and Developmental Biology,2024-07-04,"Germ cell development in mammals is a complex physiological process that involves the proliferation of primordial germ cells, meiosis, and the formation of male and female gametes. Long non-coding RNA (lncRNA) is a type of RNA with more than 200 nucleotides that does not code for proteins. A small number of lncRNAs have been shown to participate in spermatogenesis in the testes and in follicular d",https://www.semanticscholar.org/paper/92733180054e2ad19304182d62caceac54b84b61,Semantic Scholar
Machine learning-based integration develops an immune-derived lncRNA signature for improving outcomes in colorectal cancer,"Zaoqu Liu, Long Liu, Siyuan Weng",Nature Communications,2022-02-10,"Long noncoding RNAs (lncRNAs) are recently implicated in modifying immunology in colorectal cancer (CRC). Nevertheless, the clinical significance of immune-related lncRNAs remains largely unexplored. In this study, we develope a machine learning-based integrative procedure for constructing a consensus immune-related lncRNA signature (IRLS). IRLS is an independent risk factor for overall survival a",https://www.semanticscholar.org/paper/84e7b5a6477033e8ca58e8f015c7027556e664f6,Semantic Scholar
Integrated LncRNA Function Upon Genomic and Epigenomic Regulation,"Allison B Herman, D. Tsitsipatis, M. Gorospe",Molecules and Cells,2022-06-01,"Summary Although some long noncoding (lnc)RNAs are known since the 1950s, the past 25 years have uncovered myriad lncRNAs with diverse sequences, structures, and functions. The advent of high-throughput and sensitive technologies has further uncovered the vast heterogeneity of lncRNA-interacting molecules and patterns of expressed lncRNAs. We propose a unifying functional theme for the expansive f",https://www.semanticscholar.org/paper/69c8661a7817b2212cc72a0ed702c2ce011a53f8,Semantic Scholar
Mechanisms of lncRNA biogenesis as revealed by nascent transcriptomics,"Takayuki Nojima, N. Proudfoot",Nature reviews. Molecular cell biology,2022-01-25,,https://www.semanticscholar.org/paper/3eba950f49e1a3d1b11b62633556f5be6c961930,Semantic Scholar
LncRNA‐mediated posttranslational modifications and reprogramming of energy metabolism in cancer,"Yue Tan, Jin-Fei Lin, Ting Li",Cancer Communications,2020-10-29,"Altered metabolism is a hallmark of cancer, and the reprogramming of energy metabolism has historically been considered a general phenomenon of tumors. It is well recognized that long noncoding RNAs (lncRNAs) regulate energy metabolism in cancer. However, lncRNA‐mediated posttranslational modifications and metabolic reprogramming are unclear at present. In this review, we summarized the current un",https://www.semanticscholar.org/paper/033094e6d7a944eba3f2b1e64d35e0f555d164c6,Semantic Scholar
LncRNA-mediated regulation of cell signaling in cancer,"Wan-Xin Peng, Pratirodh Koirala, Y. Mo",Oncogene,2017-06-12,"To date, a large number of long non-coding RNAs (lncRNAs) have been recently discovered through functional genomics studies. Importantly, lncRNAs have been shown, in many cases, to function as master regulators for gene expression and thus, they can play a critical role in various biological functions and disease processes including cancer. Although the lncRNA-mediated gene expression involves var",https://www.semanticscholar.org/paper/ac6ae0080808b9e98dd9ab38a109af91340188fe,Semantic Scholar
Emerging role of tumor-related functional peptides encoded by lncRNA and circRNA,"Pan Wu, Yongzhen Mo, M. Peng",Molecular Cancer,2020-02-04,"Non-coding RNAs do not encode proteins and regulate various oncological processes. They are also important potential cancer diagnostic and prognostic biomarkers. Bioinformatics and translation omics have begun to elucidate the roles and modes of action of the functional peptides encoded by ncRNA. Here, recent advances in long non-coding RNA (lncRNA) and circular RNA (circRNA)-encoded small peptide",https://www.semanticscholar.org/paper/105a4e7a723e1482c58f9d35dcea2e58eb17ebf3,Semantic Scholar
Predicting the potential human lncRNA-miRNA interactions based on graph convolution network with conditional random field,"Wenya Wang, Li Zhang, Jianqiang Sun",Briefings Bioinform.,2022-10-27,,https://www.semanticscholar.org/paper/c63ec713721aae7d498a7189bc3012067a0a195b,Semantic Scholar
Engineered exosome as targeted lncRNA MEG3 delivery vehicles for osteosarcoma therapy.,"Xin Huang, Wei Wu, Doudou Jing",Journal of Controlled Release,2022-01-01,"Exosomes as nanosized membrane vesicles, could targeted deliver therapeutic agents by modification with target ligands. Exosome-derived non-coding RNAs play a vital role in the development of tumors. Previous evidences reveal that long non-coding RNA maternally expressed gene 3 (lncRNA MEG3) has anti-tumor properties. Whereas, the inhibitory effects of exosome-derived lncRNA MEG3 in osteosarcoma (",https://www.semanticscholar.org/paper/8c5f23d8b9e047e4cdf5ed0362eb07435d851455,Semantic Scholar
The lncRNA Neat1 promotes activation of inflammasomes in macrophages,"Pengfei Zhang, Limian Cao, Rongbin Zhou",Nature Communications,2019-04-02,"The inflammasome has an essential function in innate immune, responding to a wide variety of stimuli. Here we show that the lncRNA Neat1 promotes the activation of several inflammasomes. Neat1 associates with the NLRP3, NLRC4, and AIM2 inflammasomes in mouse macrophages to enhance their assembly and subsequent pro-caspase-1 processing. Neat1 also stabilizes the mature caspase-1 to promote interleu",https://www.semanticscholar.org/paper/3011698601e9267fe18739b25c31c18b6c6e1230,Semantic Scholar
LncRNA-mediated DNA methylation: an emerging mechanism in cancer and beyond,"Wanxu Huang, Hua Li, Qingsong Yu",Journal of experimental & clinical cancer research : CR,2022-03-15,"DNA methylation is one of the most important epigenetic mechanisms to regulate gene expression, which is highly dynamic during development and specifically maintained in somatic cells. Aberrant DNA methylation patterns are strongly associated with human diseases including cancer. How are the cell-specific DNA methylation patterns established or disturbed is a pivotal question in developmental biol",https://www.semanticscholar.org/paper/9398460ec2ef3fe209f36563f807813832f80206,Semantic Scholar
Long non-coding RNA (lncRNA) H19 in human cancer: From proliferation and metastasis to therapy.,"M. Hashemi, MA Moosavi, Hedyeh Maghareh Abed",Pharmacological Research,2022-08-26,"Initiation and development of cancer depend on multiple factors that mutations in genes and epigenetic level can be considered as important drivers. Epigenetic factors include a large family of members and understanding their function in cancer has been a hot topic. LncRNAs are RNA molecules with no capacity in synthesis of proteins, and they have regulatory functions in cells. LncRNAs are localiz",https://www.semanticscholar.org/paper/19370fbdbcec2c5d1947bcfa94776616c26d4ed4,Semantic Scholar
Long Noncoding RNA (lncRNA)-Mediated Competing Endogenous RNA Networks Provide Novel Potential Biomarkers and Therapeutic Targets for Colorectal Cancer,"Liye Wang, Kwang Bog Cho, Yan Li",International Journal of Molecular Sciences,2019-11-01,Colorectal cancer (CRC) is the third most common cancer and has a high metastasis and reoccurrence rate. Long noncoding RNAs (lncRNAs) play an important role in CRC growth and metastasis. Recent studies revealed that lncRNAs participate in CRC progression by coordinating with microRNAs (miRNAs) and protein-coding mRNAs. LncRNAs function as competitive endogenous RNAs (ceRNAs) by competitively occu,https://www.semanticscholar.org/paper/45a115f40a71143c63b7bc1d666e2720cc0dd1c8,Semantic Scholar
A novel Cuproptosis-related LncRNA signature to predict prognosis in hepatocellular carcinoma,"Genhao Zhang, Jianping Sun, Xianwei Zhang",Scientific Reports,2022-07-05,Increased intracellular toxicity due to an imbalance in copper homeostasis caused by copper ion accumulation could regulate the rate of cancer cell growth and proliferation. The goal of this study was to create a novel Cuproptosis-related lncRNA signature that may be utilized to predict survival and immunotherapy in HCC patients. Cuproptosis-associated lncRNAs and differentially expressed lncRNAs ,https://www.semanticscholar.org/paper/48ea9b7ab84a738537e3c45d45119d6991c301dc,Semantic Scholar
LncRNA HEPFAL accelerates ferroptosis in hepatocellular carcinoma by regulating SLC7A11 ubiquitination,"Baofu Zhang, Wenming Bao, Sina Zhang",Cell Death and Disease,2022-08-01,"Ferroptosis is a new type of cell death that has been recognized in recent years and is different from apoptosis, autophagy, and necrosis. It is mainly due to cellular iron homeostasis and lipid peroxidation of iron metabolism caused by large accumulation. There is a close correlation between ferroptosis and hepatocellular carcinoma (HCC). This study shows that the expression of the long noncoding",https://www.semanticscholar.org/paper/e53126b6cb0ee99fdb9e2939d8bd66b3aaaef76f,Semantic Scholar
Biological Function of Long Non-coding RNA (LncRNA) Xist,"Wenlun Wang, Lu Min, Xinyuan Qiu",Frontiers in Cell and Developmental Biology,2021-06-10,"Long non-coding RNAs (lncRNAs) regulate gene expression in a variety of ways at epigenetic, chromatin remodeling, transcriptional, and translational levels. Accumulating evidence suggests that lncRNA X-inactive specific transcript (lncRNA Xist) serves as an important regulator of cell growth and development. Despites its original roles in X-chromosome dosage compensation, lncRNA Xist also particip",https://www.semanticscholar.org/paper/fb79a63f189cec74ab96bdc29ac8325e8d1a16ea,Semantic Scholar
LncRNA-PACERR induces pro-tumour macrophages via interacting with miR-671-3p and m6A-reader IGF2BP2 in pancreatic ductal adenocarcinoma,"Yihao Liu, Minmin Shi, Xingfeng He",Journal of Hematology & Oncology,2022-05-07,"Background LncRNA-PACERR plays critical role in the polarization of tissue-associated macrophages (TAMs). In this study, we found the function and molecular mechanism of PACERR in TAMs to regulate pancreatic ductal adenocarcinoma (PDAC) progression. Methods We used qPCR to analyse the expression of PACERR in TAMs and M1-tissue-resident macrophages (M1-NTRMs) which were isolated from 46 PDAC tissue",https://www.semanticscholar.org/paper/81f75883d7cffce695c17c3fa583d8059eb1f72d,Semantic Scholar
Molecular pathways and emerging therapeutic strategies in advanced thyroid cancer: from targeted therapy to precision oncology.,"Sarkar Tanmoy, Arisha Ruhi, Sengupta Shivam",Clinical & translational oncology : official publication of the Federation of Spanish Oncology Societies and of the National Cancer Institute of Mexico,2026-08-21,"The most prevalent endocrine cancer is thyroid cancer. It may act in a very disparate manner; ranging between slow growing, well differentiated tumours to an aggressive anaplastic subtype. Initial treatment with standard therapy, surgery, radioactive iodine, the thyroid-stimulating hormone inhibition and in some cases, chemotherapy or external-beam radiations are effective with the differentiated ",https://pubmed.ncbi.nlm.nih.gov/42625114/,PubMed
The NE-adrenergic receptor axis drives osteoarthritis progression via neurovascular cross-talk: a dual-responsive hydrogel strategy.,"Zhao Haoyan, Gao Jialu, Zhu Weiwei",Journal of controlled release : official journal of the Controlled Release Society,2026-08-21,"Osteoarthritis (OA) progression is strongly driven by the dysregulated interplay between the sympathetic nerve and abnormal vascularization, severely affecting patients' physical and mental well-being. In this study, temporomandibular joint osteoarthritis (TMJ-OA) was induced in mice using a unilateral anterior crossbite (UAC) model. We found that sympathetic nerve activation promoted pathological",https://pubmed.ncbi.nlm.nih.gov/42624435/,PubMed
"Constrained by Design: Physical Principles Governing MS2 Capsid Organization, Plasticity, and Function.","Rastogi Aakhya, Vishwakarma Pragati, Chang Chia-Yu",Progress in biophysics and molecular biology,2026-08-21,"Viral capsid organization represents a controlled physical self-assembly process in biology. Bacteriophage MS2 has a well-characterized coat protein and a simple RNA-protein interaction network, making it a prime system for studying how physical factors such as geometry, energy, and RNA arrangement influence capsid assembly, flexibility, and function. This review integrates literature on structure",https://pubmed.ncbi.nlm.nih.gov/42624377/,PubMed
Mechanism of neoantigen generation and advances in neoantigen-based immunotherapies in colorectal cancer.,"Wang Na, Xia Yimeng, Wang Ping","Medical oncology (Northwood, London, England)",2026-08-21,"Colorectal cancer (CRC) is a leading cause of cancer-related morbidity and mortality worldwide. Conventional therapeutic modalities-such as surgery, chemotherapy, and radiotherapy-yield suboptimal outcomes in advanced or recurrent disease, while immune checkpoint inhibitors demonstrate durable clinical benefit almost exclusively in the microsatellite instability-high (MSI-H) subset, which constitu",https://pubmed.ncbi.nlm.nih.gov/42622964/,PubMed
Conditioned Media-Derived Tumor Extracellular Vesicles: Bridging Molecular Insights and Therapeutic Applications in Oncology.,"Alkaabi Alaya, Nasrallah Dana, Giordo Roberta",Wiley interdisciplinary reviews. Nanomedicine and nanobiotechnology,2026-08-21,"Tumor-derived extracellular vesicles (EVs) are major mediators of oncogenic intercellular communication. However, many studies using conditioned media (CM) recover operationally defined EV- or small EV-enriched fractions rather than biogenesis-proven exosomes. This review synthesizes evidence from CM-derived tumor EV studies and aligns their biological interpretation with current EV nomenclature, ",https://pubmed.ncbi.nlm.nih.gov/42622361/,PubMed
NADPH oxidase 3 inhibition preserves hearing in mice after stereotactic radiosurgery.,"Daskalou Dimitrios, Rousset Francis, Sgroi Stéphanie",Molecular therapy. Nucleic acids,2026-08-21,"Stereotactic radiosurgery (SRS) is a standard treatment for vestibular schwannoma but is associated with a substantial risk of progressive and irreversible hearing loss. NADPH oxidase 3 (NOX3), an enzyme predominantly expressed in the inner ear, has been identified as a key source of oxidative stress underlying cochlear injury. Using a mouse model of SRS-induced hearing loss, we found that genetic",https://pubmed.ncbi.nlm.nih.gov/42621021/,PubMed
EOLA1 functions in nucleotide salvage through deacetylating free N4-acetylcytidine.,"Relier Sebastien, Schiffers Sarah, Beiki Hamid",bioRxiv : the preprint server for biology,2026-08-21,"RNA-based medicines rely on modified nucleotides to promote immune evasion and in vivo efficacy. Nucleotides generated from RNA degradation are either exported or recycled through metabolically favorable salvage pathways, though whether modified nucleotides are efficiently recycled remains unclear. N ",https://pubmed.ncbi.nlm.nih.gov/42620313/,PubMed
Extracellular matrix targeting peptide functionalized plant-derived lipid nanoparticles for gene therapy in osteoarthritis.,"Iqbal Zoya, Shabbir Maryum, Rasul Faiz",Chinese medical journal,2026-08-21,"The pathogenesis of osteoarthritis (OA) involves the degradation of the extracellular matrix (ECM) of cartilage, which is mainly mediated by matrix metalloproteinases (MMPs). Small interfering RNA (siRNA)-based gene therapy has shown promise in treating various diseases, including OA, but its effectiveness is hindered by poor stability and low uptake efficiency. Additionally, the avascular nature ",https://pubmed.ncbi.nlm.nih.gov/42619364/,PubMed
Intranasal delivery of a vasoactive intestinal peptide-based circRNA vaccine induces systemic and mucosal immunity against RSV in mice.,"Xiang Junqi, Xu Jie, Zhu Jing",Molecular therapy : the journal of the American Society of Gene Therapy,2026-08-21,"Respiratory syncytial virus (RSV) is a major cause of acute lower respiratory tract disease in infants and older adults; however, vaccine strategies capable of inducing robust respiratory mucosal immunity remain limited. Here, we developed a receptor-guided intranasal circular RNA (circRNA) vaccine platform based on a vasoactive intestinal peptide-nucleocapsid fusion protein (VIP-N), which enables",https://pubmed.ncbi.nlm.nih.gov/42619264/,PubMed
Macrophage Lipid Homeostasis Drives IVDD via a Senescence-Dependent Impairment of Efferocytosis.,"Wang Jinyu, Ling Shiyong, Wang Qi",Cell proliferation,2026-08-21,"Intervertebral disc degeneration (IVDD) is a major contributor to low back pain, but the immune-metabolic events that sustain disc inflammation remain poorly defined. Here, we investigated whether disturbed macrophage lipid handling promotes IVDD by coupling cellular senescence to defective efferocytosis. Clinical magnetic resonance imaging and biochemical profiling showed that advanced IVDD was a",https://pubmed.ncbi.nlm.nih.gov/42619249/,PubMed
A Bioorthogonal Desilylation System Potentiates mRNA Therapeutics in Tumors.,"Zhang Mingzhe, Wang Chunhong, Xu Xiaohan",Journal of the American Chemical Society,2026-08-21,"Lipid nanoparticle (LNP)-mediated mRNA delivery has emerged as a powerful therapeutic modality, yet its clinical translation in oncology remains constrained by inherent hepatic tropism and inefficient endosomal escape. These limitations necessitate high-dose administration, which triggers lipid-associated toxicity and off-target protein expression in the liver. To overcome these barriers, we repor",https://pubmed.ncbi.nlm.nih.gov/42619087/,PubMed
Engineering RNA-guided bridge recombinases for precise large-scale genome editing.,"Gao Rui, Wei Jingjing, Sun Chao",Trends in biotechnology,2026-08-21,"Precise manipulation of large DNA fragments in eukaryotic genomes remains limited by the low efficiency and delivery constraints of current multicomponent editing systems. In this study, we engineered an RNA-guided bridge recombinase system through rational mutagenesis and AI-assisted directed evolution, enabling programmable chromosomal rearrangements in both plant and mammalian cells and achievi",https://pubmed.ncbi.nlm.nih.gov/42618444/,PubMed
ReprogRAM nanoplatform for direct conversion of fibroblasts to osteoblasts for bone regeneration.,"Moon Sunghyun, Jeong Kiho, Kim Wijin",Journal of controlled release : official journal of the Controlled Release Society,2026-08-21,"mRNA-based direct conversion offers an integration-free route for osteogenic cell-fate reprogramming, yet efficient reprogramming typically requires sustained expression of reprogramming factors. Here, we developed ReprogRAM (Reprogrammable RNA Assemblies for Multi-factor expression), a self-assembled concatemeric mRNA nanoparticle synthesized by rolling-circle transcription and engineered for cap",https://pubmed.ncbi.nlm.nih.gov/42617699/,PubMed
"Cell-specific epigenetic editing in cardiovascular disease: Mechanisms, therapeutic potential, and translational challenges.","Alsulami Majed, Rasool Mahmood, Masoud Ahmed N",Cardiology,2026-08-21,"Cell-specific epigenetic editing provides a new approach to the therapy of cardiovascular disease (CVD) by rewriting pathological chromatin and RNA marks in exactly those cell populations responsible for causing disease. CVD is caused by interactions of genetics and environment on cell-type-specific epigenomic programs. Interventions that alter DNA methylation, histone marks, or RNA modifications ",https://pubmed.ncbi.nlm.nih.gov/42616698/,PubMed
Applications of synthetic biology in biomedicine.,"Li Chen-Xuan, Liu Zi-Xuan, Lin Yu-Fan",Molecular biomedicine,2026-08-21,"Based on the principles of engineering reconstruction and programmable design, synthetic biology is driving a paradigm shift in biomedical diagnosis and therapy from conventional models toward intelligent and precision medicine. By constructing artificial genetic circuits, functional cells, and biomaterial systems both in vitro and in vivo, synthetic biology markedly enhances diagnostic sensitivit",https://pubmed.ncbi.nlm.nih.gov/42616280/,PubMed
"Exosomes and lung cancer: Biogenesis, pathogenic mechanisms, biomarkers, and therapeutic applications.","Wu Liang, Huang Lan, Li Junchuan",The Journal of international medical research,2026-08-21,"Lung cancer remains a global health crisis characterized by high mortality rates and pervasive therapeutic resistance. Recent advances in molecular oncology have identified exosomes, nanoscale extracellular vesicles with diameters of 30-150 nm, as pivotal mediators of the lateral transmission of bioactive molecular signals. This review provides a high-level synthesis of exosomal biogenesis and the",https://pubmed.ncbi.nlm.nih.gov/42615693/,PubMed
Manganese-Functionalized GelMA Hydrogels for MRI-Guided Immunotheranostics in Precision Oncology,"Motahareh Nazari, Keyvan Alavi",arXiv,2026-08-21,"Precision oncology requires multifunctional platforms capable of integrating accurate tumor diagnosis, localized therapeutic delivery, immune modulation, and real-time monitoring of treatment response. Gelatin methacryloyl (GelMA) hydrogels have emerged as versatile biomaterials for biomedical engineering because of their biocompatibility, extracellular matrix-like structure, tunable mechanical pr",http://arxiv.org/abs/2606.29599v1,arXiv
Reinforcement-guided generative protein language models enable de novo design of highly diverse AAV capsids,"Lucas Ferraz, Ana F. Rodrigues, Pedro Giesteira Cotovio",arXiv,2026-08-21,"Adeno-associated viral (AAV) vectors are widely used delivery platforms in gene therapy, and the design of improved capsids is key to expanding their therapeutic potential. A central challenge in AAV bioengineering, as in protein design more broadly, is the vast sequence design space relative to the scale of feasible experimental screening. Machine-guided generative approaches provide a powerful m",http://arxiv.org/abs/2603.19473v1,arXiv
Superior in-vivo efficacy of integrated tumor neoantigen vaccination with adoptive neoantigen-reactive T-cell therapy in solid tumor.,"Liang Guozheng, Zhang Boyue, Chen Dan",Translational oncology,2026-08-21,"Neoantigens from tumor mutations are key cancer immunotherapy targets. This study evaluated the efficacy of combined immunotherapy (neoantigen vaccines + adoptive neoantigen-reactive T cells, NRT) in solid tumors to lay a foundation for clinical trials. Candidate neoantigens were predicted via whole-exome/transcriptome sequencing of MC38, B16-MO4, and Hepa1-6 tumors, validated by ELISPOT. NRT prep",https://pubmed.ncbi.nlm.nih.gov/42623869/,PubMed
Protective pan-betacoronavirus neutralizing antibodies by vaccination.,"Zhou Panpan, Feng Ziqi, He Wan-Ting",bioRxiv : the preprint server for biology,2026-08-21,"The continued emergence of betacoronaviruses underscores the urgent need for vaccines that provide broadly protective immunity. Here, we present an epitope-focused vaccine strategy targeting the conserved S2 stem-helix region of the spike fusion machinery, a broadly neutralizing antibody-(bnAb) epitope shared across betacoronaviruses yet partially occluded on the native spike. Immunization of non-",https://pubmed.ncbi.nlm.nih.gov/42620419/,PubMed
Enhanced antitumor immunity of mRNA vaccines by bioorthogonal-like delayed activation of exogeneous STING.,"Qin Pengxia, Qin Qiushi, Hao Yanyun",Nature biotechnology,2026-08-21,"The development of cGAS-STING (stimulator of interferon genes) agonists as mRNA vaccine adjuvants has been hampered by widespread STING expression and by the observation that codelivered STING agonists suppress antigen mRNA translation. Here, to address these challenges, we engineer synchronized STING (Syn-STING): a lipid nanoparticle (LNP) codelivering antigen mRNA, mRNA encoding full-length STIN",https://pubmed.ncbi.nlm.nih.gov/42618806/,PubMed
Vaccination-first immune priming shapes a sustained mRNA vaccine-induced IgG4 class switch that associates with SARS-CoV-2 breakthrough infection risk.,"Pongrácz Tamás, Marking Ulrika, Bladh Oscar",Scientific reports,2026-08-21,"Repeated administration of mRNA vaccines against SARS-CoV-2 has been associated with qualitative changes in antibody responses, including the emergence of non-inflammatory IgG4 subclasses and changes in Fc glycosylation. While neutralizing antibody titers remain key correlates of protection, potential functional implications of these structural antibody features warrant further investigation acros",https://pubmed.ncbi.nlm.nih.gov/42618711/,PubMed
RNA structures regulate norovirus life cycle and enable rational attenuation in vivo.,"Hann Tanja, Ökten Arya B, Filler Renata B",Cell,2026-08-21,"Viral genomes encode regulatory RNA structures that orchestrate key steps of viral replication and gene expression. Although these structures are increasingly recognized as critical regulators of viral function, their systematic characterization in an infection context and roles in regulating viral fitness and immune recognition in vivo remain limited. Here, we systematically map and functionally ",https://pubmed.ncbi.nlm.nih.gov/42617594/,PubMed
"Beyond the hallmarks of cancer: enabling technologies reshaping cancer diagnosis, prevention, and treatment.",Niazi Sarfaraz K,Oncology reviews,2026-08-21,"Cancer biology has been organized for 2 decades by the hallmarks framework, articulated in 2000 and most recently revised in 2026. The pace of technological change in oncology now requires reframing how cancer is detected, prevented, and treated. This review argues that the hallmarks framework, while historically essential, is no longer sufficient on its own to capture contemporary cancer care, an",https://pubmed.ncbi.nlm.nih.gov/42614645/,PubMed
Single-cell multi-omics reveals circulating B cell heterogeneity across diverse disease contexts.,"Gan Rui, Zhong Yunshan",Frontiers in cell and developmental biology,2026-08-21,"B cells play essential roles in adaptive immunity by producing antigen-specific antibodies and interacting with T cells. Single-cell RNA and BCR sequencing technologies have enabled high-resolution dissection of B cell heterogeneity across diverse disease contexts. Atypical B cells (ABCs) display complex and critical functions in human immunity, yet their transcriptional heterogeneity, BCR diversi",https://pubmed.ncbi.nlm.nih.gov/42614346/,PubMed
"From pathogen defence to precision health infrastructure: mRNA vaccines beyond infectious disease in preventive health, chronic disease management, and population wellbeing.","Ugwu Okechukwu Paul-Chima, Ugwu Chinyere Nneoma, Anyanwu Godson Emeka",Frontiers in bioengineering and biotechnology,2026-08-21,"Messenger RNA (mRNA) vaccine technology is often portrayed as a pandemic-era innovation for infectious disease control, but this perspective no longer reflects its expanding clinical and societal significance. Although global attention intensified during the SARS-CoV-2 pandemic, mRNA platforms are founded on more than three decades of pre-pandemic research in cancer immunotherapy and experimental ",https://pubmed.ncbi.nlm.nih.gov/42614300/,PubMed
A tolerogenic mRNA-LNP vaccine alleviates neuroinflammation and demyelination in experimental autoimmune encephalomyelitis.,"Song Yi, Dongye Zhangchi, Yao Jiaxi",Science bulletin,2026-08-21,"Multiple sclerosis (MS) is an autoimmune demyelinating disease of the central nervous system (CNS). Current non-specific immunosuppressive therapies carry risks of infection and malignancy. Antigen-specific tolerance induction presents a promising alternative. Here, we developed a messenger RNA-lipid nanoparticle (mRNA-LNP) vaccine (LiH-LNPs) encoding a tandem fusion of epitopes from three MS-asso",https://pubmed.ncbi.nlm.nih.gov/42613282/,PubMed
Hair vaccine: Myth or future therapeutic reality? Immunopharmacological perspectives on immune-regenerative strategies for hair loss.,"Shome Debraj, Mishra Mamata, Kapoor Rinky",European journal of pharmacology,2026-08-21,"Androgenetic alopecia (AGA) and alopecia areata (AA) are among the most prevalent hair loss disorders and continue to present significant therapeutic challenges, as currently available treatments primarily delay disease progression rather than achieve sustained hair follicle regeneration. Recent advances in immunopharmacology, regenerative medicine, and targeted drug-delivery technologies have ren",https://pubmed.ncbi.nlm.nih.gov/42612767/,PubMed
FcBP-HFQ lipid-mediated trastuzumab modification of mRNA-loaded lipid nanoparticles enhances delivery to HER2-expressing cancer cells.,"Matsumoto Makoto, Takayama Riku, Matsuguchi Chiemi",European journal of pharmaceutical sciences : official journal of the European Federation for Pharmaceutical Sciences,2026-08-21,"Lipid nanoparticles (LNPs) have emerged as a key delivery platform for mRNA therapeutics, as demonstrated by the clinical success of mRNA vaccines against SARS-CoV-2. LNPs are now being investigated for various applications, such as cancer immunotherapy and the treatment of genetic disorders. However, LNPs tend to accumulate predominantly in the liver and lack intrinsic cell-type specificity. Modi",https://pubmed.ncbi.nlm.nih.gov/42612711/,PubMed
Measuring Live-Cell mRNA Translational Dynamics with Split Luminescent Tagging in HEK293 Cells.,"Batho Christopher A P, Ascanelli Camilla, Maple Megan L",Journal of visualized experiments : JoVE,2026-08-21,"The swift vaccine development to combat COVID-19 illustrated the potential for messenger RNA (mRNA) therapeutics to transform drug development. Like mature mRNA, in vitro transcribed mRNA possesses the same elements including a 5' cap, untranslated regions (UTRs), coding sequence and a poly(A) tail. Previous work studying the effects these components have on mRNA translation has primarily utilized",https://pubmed.ncbi.nlm.nih.gov/42611746/,PubMed
Polymeric Nanoparticles for Precision Tumor Immunotherapy: Rational Design Strategies and Spatiotemporal Immune Activation.,"Li Dongqi, Hu Jia, Cui Yingshu",International journal of nanomedicine,2026-08-21,"Malignant tumors remain one of the most serious challenges to global health. Although chemotherapy and targeted therapy are available treatment options, their effectiveness is often limited by the complexity of the tumor microenvironment (TME). In recent years, immunotherapy has demonstrated significant potential in harnessing the immune system to combat cancer. Polymeric nanoparticles (PNPs) have",https://pubmed.ncbi.nlm.nih.gov/42609883/,PubMed
PRMT5-mediated intron retention triggers innate and adaptive immunity against cancer.,"Blaszczak Wiktoria, Barczak Wojciech, Zhang Chuyue",EMBO molecular medicine,2026-08-21,"PRMT5 is expressed at high levels in many cancers, where it regulates diverse cellular pathways that contribute to oncogenesis. Here, we have defined a new role for PRMT5 in regulating and coordinating the interplay between the innate and adaptive immune response. This occurs, in part, through the influence of PRMT5 and E2F1 on RNA splicing and the presence of retained introns (RIs). We found that",https://pubmed.ncbi.nlm.nih.gov/42608565/,PubMed
PASTA: versatile tyramide-oligonucleotide amplification for multimodal spatial biology.,"Michel Hendrik A, McCallum Paige, Wu Wenrui",Nature methods,2026-08-21,"Spatial proteomics is limited by detection sensitivity, multiplexing and multimodal integration, leaving a gap between discovery and clinical assays. Here we present protein and nucleic acid serial tyramide amplification (PASTA), using horseradish peroxidase-mediated oligonucleotide deposition and cyclical imaging for high-plex, multimodal spatial profiling. Compatible with conjugated antibodies a",https://pubmed.ncbi.nlm.nih.gov/42608461/,PubMed
An integrated nanopore-microfluidic platform for low-voltage electroporation of delivering self-amplifying RNA into dendritic cells.,"Zhang Bowen, Cai Yijing, Deng Caiguanxi",Microsystems & nanoengineering,2026-08-21,"Efficient delivery of large, negatively charged self-amplifying RNA (saRNA) into dendritic cells (DCs) is critical for next-generation cancer vaccines. However, this remains challenging due to the high sensitivity of DCs to chemical carriers and high-voltage electroporation. In this study, an integrated nanopore-electroporation (NEP) microdevice was developed by combining 200 nm track-etched polyc",https://pubmed.ncbi.nlm.nih.gov/42608396/,PubMed
Transformer-Based Active Learning for Data-Efficient Vaccine Epitope Selection in PRRS,"Aspen Erlandsson Brisebois, Zahed Khatooni, Connor Burbridge",arXiv,2026-08-21,"High-fidelity molecular docking simulations can produce biologically relevant estimates of epitope-receptor binding affinity but are computationally expensive and therefore limit the number of candidates that can be screened for vaccine design. In this work, we evaluate machine learning (ML) approaches where variants of active learning are used to classify instances of high binding affinity betwee",http://arxiv.org/abs/2606.28659v1,arXiv
Exploring the Effects of Entanglement on Quantum Machine Learning of Pathogen Epitope-Receptor Binding,"Aspen Erlandsson Brisebois, Luis Pablo Gonzalez Dominguez, Shivansi Prajapati",arXiv,2026-08-21,"Parameterized quantum circuits (PQCs) provide a flexible substrate for hybrid quantum machine learning (QML), but their practical value on Noisy Intermediate-Scale Quantum (NISQ) devices remains an empirical question, especially because training depth and scale can introduce optimization challenges such as barren plateaus. Here we study how the number and topology of two-qubit entangling gates in ",http://arxiv.org/abs/2606.28655v1,arXiv
Stathmin-2 mediates paracrine hormone regulation of glucagon through lysosomal trafficking in αTC1-6 cells.,"Chang Nelson, Ugulini Samuel, Dhanvantari Savita",The Journal of physiology,2026-08-21,"The secretion of glucagon from the pancreatic alpha (α) cell within the islets of Langerhans is physiologically regulated by nutrients (glucose, amino acids, fatty acids), neurotransmitters and paracrine hormones. Insulin and somatostatin form an intra-islet paracrine network to control glucagon secretion through direct inhibitory effects on α cell secretory granule exocytosis. In a potential new ",https://pubmed.ncbi.nlm.nih.gov/42625306/,PubMed
Roles of Ceramide Glucosyltransferase in Controlling Cerebral Microvascular Endothelial Integrity and Angiogenesis Post-Ischemia/Reperfusion.,"Mohamud Yusuf Ayan, Zafar Maria, Hagemann Nina",Translational stroke research,2026-08-21,"Sphingolipids critically regulate microvascular integrity and function, but the role of glycosphingolipids in endothelial survival and angiogenesis remains poorly defined. Herein, we experimentally deactivated or activated UDP-glucose ceramide glucosyltransferase (UGCG), which converts ceramide to glucosylceramide, by the pharmacological inhibitor D-threo-1-phenyl-2-decanoylamino-3-morpholino-1-pr",https://pubmed.ncbi.nlm.nih.gov/42625084/,PubMed
MicroRNA-155 modulates STAT3 signaling by targeting KPNA1 in chronic chorioamnionitis of human placenta.,"Eom So-Yul, Park Gyeong-Hyeon, Han Yu-Mi",Journal of reproductive immunology,2026-08-21,"Chronic chorioamnionitis (CCA) is a placental inflammatory lesion characterized by maternal T cell infiltration and trophoblast apoptosis, resembling allograft rejection. MicroRNA-155 (miR-155) is a central regulator of immune and inflammatory pathways, but its role in CCA remains unclear. This study investigated whether miR-155 contributes to the pathogenesis of CCA by targeting karyopherin α1 (K",https://pubmed.ncbi.nlm.nih.gov/42623725/,PubMed
LRRN4 Upregulates the IL23A-JAK2-STAT3 Signaling Axis and Drives Colorectal Cancer Metastasis.,"Lin Jiatian, Min Shasha, Li Zesong",Molecular carcinogenesis,2026-08-21,"In colorectal cancer (CRC), metastasis drives fatalities, necessitating the discovery of therapeutic targets modulating its progression. Though the secreted protein-coding gene leucine-rich repeat neuronal 4 (LRRN4) was shown to be highly overexpressed in CRC and linked to decreased survival in the analysis of TCGA-CRC datasets, little is known about its function as well as mechanism in CRC metast",https://pubmed.ncbi.nlm.nih.gov/42623505/,PubMed
Mechanosensitive Piezo Channels Modulate Airway Hyper-reactivity in a Mouse Model of Neonatal CPAP.,"McAllister Shannon L, Mayer Catherine A, Rungsiyaphornratana Panvathu",Neonatology,2026-08-21,Continuous positive airway pressure (CPAP) is a preferred respiratory support modality for preterm infants. Animal studies have shown long-term detrimental effects on lung/airway development such as airway hyper-reactivity (AHR) may be an unfortunate consequence of sustained stretch associated with neonatal CPAP. The objective of the present study is to investigate the role of the mechanosensitive,https://pubmed.ncbi.nlm.nih.gov/42623325/,PubMed
HSPA8 globally modulates transcriptome profile and PI3K/AKT signaling pathway to facilitate malignant progression phenotypes of triple-negative breast cancer.,"Xu Wenting, Li Yongtao, Wang Hu",Science progress,2026-08-21,"ObjectiveTriple-negative breast cancer (TNBC) represents the most aggressive subtype of breast cancer. HSPA8 is a chaperone protein involved in the proper folding or degradation of many proteins that are implicated in various types of cancers, while its role in TNBC remains unclear.MethodsIn this study, we extensively explored the cellular function and molecular targets of HSPA8 in TNBC cells by p",https://pubmed.ncbi.nlm.nih.gov/42622565/,PubMed
Fast activity prediction of chemically modified siRNAs via structure-based energy calculations and inference-augmented tabular deep learning.,"Tan Wenchong, Dong Yiheng, Shi Yuanfang",Molecular therapy. Nucleic acids,2026-08-21,"Chemical modification is essential for the clinical application of small interfering RNAs (siRNAs), as it improves their stability and specificity. However, predicting the activity of chemically modified siRNAs remains challenging owing to the scarcity of high-quality datasets and the computational expense of molecular dynamics (MD) simulations. In this study, we propose fast and robust activity p",https://pubmed.ncbi.nlm.nih.gov/42621929/,PubMed
Lipoprotein (a) fuels EV71 replication by activating p38 MAPK-autophagy axis.,"Deng Lili, Chen Lingbing, Ren Meimei",Frontiers in immunology,2026-08-21,"Enterovirus 71 (EV71) exploits host lipid metabolism and autophagy to establish a cellular environment conducive to viral replication. Although lipoprotein(a) (Lp(a)) has been implicated in metabolic and inflammatory processes, its role and underlying mechanisms in EV71 infection remain poorly understood. This study investigated whether intracellular Lp(a) contributes to EV71 replication and explo",https://pubmed.ncbi.nlm.nih.gov/42621480/,PubMed
PIWIL2 drives stroke progression via modulation of NF-κB signaling.,"Patil Rohan Mahesh, Laudati Giusy, Guida Natascia",Molecular therapy. Nucleic acids,2026-08-21,"PIWILs are RNA-binding proteins whose role in ischemic stroke remains poorly defined. Here, we investigated the contribution of PIWILs to post-ischemic neuroinflammation by using a mouse model of 1 h transient middle cerebral artery occlusion (tMCAo), followed by 6 or 24 h of reperfusion. Brain tissues, blood, and peripheral organs were collected to assess PIWIL expression, inflammatory responses,",https://pubmed.ncbi.nlm.nih.gov/42621097/,PubMed
"Targeting CPSF73, the mRNA 3' end processing endonuclease, moves cancer cells away from the mesenchymal state.","Naseri Marzieh, Liu Huiyun, Wang Luyang",Frontiers in immunology,2026-08-21,"Metastasis significantly contributes to cancer-related mortality and therapeutic failure. Cancer cells acquire metastatic potential by losing epithelial characteristics and gaining mesenchymal properties through the epithelial-mesenchymal transition (EMT). Differential poly(A) site (PAS) usage, known as alternative polyadenylation (APA), generates mRNA isoforms differing in coding sequence, subcel",https://pubmed.ncbi.nlm.nih.gov/42620604/,PubMed
"Prognostic and biological significance of MRPL13 in multiple myeloma: evidence from multi-cohort, single-cell analyses.","Liu Wanyi, Yan Changjian, Wu Huiqiang",Frontiers in oncology,2026-08-21,"Multiple myeloma (MM) is a clonal plasma cell malignancy with high heterogeneity and poor prognosis. Mitochondrial ribosomal protein L13 (MRPL13) has been linked to tumor progression, but its role in MM remains unclear. We analyzed seven datasets comprising 3,117 patient samples from the Multiple Myeloma Research Foundation (MMRF) CoMMpass study (referred to as the TCGA_MMRF cohort) and the Gene E",https://pubmed.ncbi.nlm.nih.gov/42620519/,PubMed
Dual relevance of ,"Hong Xiaoying, Huang Yingying, Wu Wei",Frontiers in oncology,2026-08-21,"Most transcriptomic studies in acute myeloid leukemia (AML) have focused on transcriptional regulation, whereas the clinical and biological relevance of translation initiation factors remains insufficiently defined. Eukaryotic translation initiation factor 2 subunit alpha ( Bulk RNA-seq data from the TCGA-LAML and GTEx cohorts were analyzed to evaluate ",https://pubmed.ncbi.nlm.nih.gov/42620389/,PubMed
A multifunctional DECM/PLMA hydrogel incorporated with engineered PRP-derived exosomes enabling PHD2 silencing for skin wound repair.,"Du Xiangyu, Li Danmei, He Hongpu",Bioactive materials,2026-08-21,"Skin defect repair remains a formidable clinical challenge, characterized by persistent infection risk, compromised angiogenesis, and dysregulated inflammatory responses. Existing hydrogel-based wound dressings fail to simultaneously address structural integrity, antimicrobial efficacy, and spatiotemporal coordination of tissue regeneration. Here, we report the development of a multifunctional bio",https://pubmed.ncbi.nlm.nih.gov/42620350/,PubMed
Beyond Metabolism: Pyruvate Carboxylase Acts as a Sequence-Selective Small RNA Sensor Orchestrating Antiviral Responses.,"Kariyawasam Udeshika, Goswami Suranjana, Hao Ming",bioRxiv : the preprint server for biology,2026-08-21,"Interleukin-27 (IL-27) is an anti-HIV cytokine that induces 14 novel microRNAs (miRNAs) in primary CD4(+) T cells. We previously reported that transfection of two of these miRNA mimics, miRTC10 and miRTC14 into human primary macrophages, differentially induced interferon (IFN)-α2, -α8, -α13, and -λ1 expression. However, the mechanism underlying this activation remains unclear. Here, we demonstrate",https://pubmed.ncbi.nlm.nih.gov/42619935/,PubMed
Splicing Factor SF3B2 Regulates Cardiomyocyte Calcium Handling Through Alternative Splicing of Cardiac Ion Channel Genes.,"Murphy Sean, Wang Hanwen, Zureick Nadine",bioRxiv : the preprint server for biology,2026-08-21,"Alternative splicing is a critical determinant of protein diversity in the heart, where it drives the postnatal functional maturation of cardiomyocytes and specifies the ion-channel and calcium-handling isoforms required for mature contractile function; dysregulated splicing programs have in turn been implicated in cardiomyopathies and arrhythmias. However, the splicing regulators that control car",https://pubmed.ncbi.nlm.nih.gov/42619934/,PubMed
DeepSilencer: A Novel Deep Learning Model for Predicting siRNA Knockdown Efficiency,"Wangdan Liao, Weidong Wang",arXiv,2026-08-21,"Background: Small interfering RNA (siRNA) is a promising therapeutic agent due to its ability to silence disease-related genes via RNA interference. While traditional machine learning and early deep learning methods have made progress in predicting siRNA efficacy, there remains significant room for improvement. Advanced deep learning techniques can enhance prediction accuracy, reducing the relianc",http://arxiv.org/abs/2503.04200v1,arXiv
Maturation of siRNA by strand separation: Steered Molecular dynamics study,"Rakesh K Mishra, Sanchita Mukherjee, Dhananjay Bhattacharyya",arXiv,2026-08-21,"RNA interference, particularly siRNA induced gene silencing is becoming an important avenue of modern therapeutics. The siRNA is delivered to the cells as short double helical RNA which becomes single stranded for forming the RISC complex. Significant experimental evidence is available for most of the steps except the process of the separation of the two strands. We have attempted to understand th",http://arxiv.org/abs/1910.03778v1,arXiv
Using a hydrogen-bond index to predict the gene-silencing efficiency of siRNA based on the local structure of mRNA,"Kathy Q. Luo, Donald C. Chang",arXiv,2026-08-21,The gene silencing effect of short interfering RNA (siRNA) is known to vary strongly with the targeted position of the mRNA. A number of hypotheses have been suggested to explain this phenomenon. We would like to test if this positional effect is mainly due to the secondary structure of the mRNA at the target site. We proposed that this structural factor can be characterized by a single parameter ,http://arxiv.org/abs/1710.07413v1,arXiv
Unraveling siRNA Unzipping Kinetics with Graphene,"Santosh Mogurampelly, Swati Panigrahi, Dhananjay Bhattacharyya",arXiv,2026-08-21,"Using all atom molecular dynamics simulations, we report spontaneous unzipping and strong binding of small interfering RNA (siRNA) on graphene. Our dispersion corrected density functional theory based calculations suggest that nucleosides of RNA have stronger attractive interactions with graphene as compared to DNA residues. These stronger interactions force the double stranded siRNA to spontaneou",http://arxiv.org/abs/1207.4569v1,arXiv
Unzipping and binding of small interfering RNA with single walled Carbon Nanotube: a platform for small interfering RNA delivery,"Mogurampelly Santosh, Swati Panigrahi, Dhananjay Bhattacharyya",arXiv,2026-08-21,"In an effort to design efficient platform for siRNA delivery, we combine all atom classical and quantum simulations to study the binding of small interfering RNA (siRNA) by pristine single wall carbon nanotube (SWCNT). Our results show that siRNA strongly binds to SWCNT surface via unzipping its base-pairs and the propensity of unzipping increases with the increase in the diameter of the SWCNTs. T",http://arxiv.org/abs/1203.2409v1,arXiv
Nanodiamond as a vector for siRNA delivery to Ewing sarcoma cells,"Anna Alhaddad, Marie-Pierre Adam, Jacques Botsoa",arXiv,2026-08-21,"We investigated the ability of diamond nanoparticles (nanodiamonds, NDs) to deliver small interfering RNA (siRNA) in Ewing sarcoma cells, in the perspective of in vivo anti-cancer nucleic acid drug delivery. siRNA was adsorbed onto NDs previously coated with cationic polymer. Cell uptake of NDs has been demonstrated by taking advantage of NDs intrinsic fluorescence coming from embedded color cente",http://arxiv.org/abs/1106.2252v2,arXiv
Target prediction and a statistical sampling algorithm for RNA-RNA interaction,"F. W. D. Huang, J. Qin, C. M. Reidys",arXiv,2026-08-21,"It has been proven that the accessibility of the target sites has a critical influence for miRNA and siRNA. In this paper, we present a program, rip2.0, not only the energetically most favorable targets site based on the hybrid-probability, but also a statistical sampling structure to illustrate the statistical characterization and representation of the Boltzmann ensemble of RNA-RNA interaction st",http://arxiv.org/abs/0908.0597v1,arXiv
In silico evidence of the relationship between miRNAs and siRNAs,"Ludovica Montanucci, Piero Fariselli, Pier Luigi Martelli",arXiv,2026-08-21,"Both short interfering RNAs (siRNAs) and microRNAs (miRNAs) mediate the repression of specific sequences of mRNA through the RNA interference pathway. In the last years several experiments have supported the hypothesis that siRNAs and miRNAs may be functionally interchangeable, at least in cultured cells. In this work we verify that this hypothesis is also supported by a computational evidence. We",http://arxiv.org/abs/0705.2355v1,arXiv
