title,authors,journal,date,abstract,link,source
Current Perspective: The Role of Liquid Biopsy in Diagnosis and Management of Pediatric Rhabdomyosarcomas (RMS).,"Lehovsky Katherine, Putnam Christina, Hall Nigel",Pediatric hematology and oncology,2026-07-14,"Rhabdomyosarcoma is the third most common extracranial solid tumor of childhood. Despite extensive research over the preceding decades, prognosis in children with metastatic or recurrent disease remains very poor with overall 5-year survival rates under 20%. Liquid biopsy is emerging as an effective, clinically applicable, noninvasive adjunct to conventional oncological management. To date, liquid",https://pubmed.ncbi.nlm.nih.gov/42444346/,PubMed
Young Adult Microglial Deletion of C1q Reduces Engulfment of Synapses and Partially Mitigates Cognitive Impairment in an Aggressive Alzheimer's Disease Mouse Model.,"Petrisko Tiffany J, Chu Shu-Hui, Gomez-Arboledas Angela",Glia,2026-07-14,"C1q is a multifunctional protein, including its role as the initiating protein of the classical complement cascade. While classical pathway activation is involved in synaptic pruning during nervous system development, it also contributes to inflammation and cognitive decline in Alzheimer's disease (AD). Constitutive genetic C1q deficiency has been shown to reduce glial activation and attenuate neu",https://pubmed.ncbi.nlm.nih.gov/42444329/,PubMed
Mometasone Furoate Alleviates PM2.5-Induced Pyroptosis of Nasal Mucosa Cells via Blocking JAK2/STAT3/AIM2 Inflammasome.,"Shi Bin, Liu Zhiqi, Le Ge","Immunity, inflammation and disease",2026-07-14,"Mometasone furoate (MF) is a widely used intranasal corticosteroid for the management of allergic and non-allergic rhinitis. Recent evidence suggests that its therapeutic efficacy may involve mechanisms beyond traditional anti-inflammatory actions, including modulation of death in nasal mucosa cells. This study aimed to investigate the therapeutic effects of MF on chronic rhinitis, elucidates the ",https://pubmed.ncbi.nlm.nih.gov/42444306/,PubMed
Discovery of a novel STING-binding peptide associated with reduced cGAMP-induced inflammatory gene expression.,"Lu Junling, Dong Rui, Yang Shudan",Journal of enzyme inhibition and medicinal chemistry,2026-07-14,"cGAMP-induced STING activation contributes to inflammatory and interferon-related signalling, making STING a relevant target for inhibitor development. In this study, a 59,319-sequence peptide library was screened against STING by molecular docking, and four top-ranked peptides were selected for evaluation. MST analysis demonstrated that Peptides 1-4 bound to recombinant STING, with Peptide-1 show",https://pubmed.ncbi.nlm.nih.gov/42444292/,PubMed
Recent Progress in the Rational Design of mRNA Vaccines.,"Guo Zijia, Fu Jiayan, Ran Luna",Molecular therapy : the journal of the American Society of Gene Therapy,2026-07-14,"Messenger RNA (mRNA)-based vaccines, including circular RNA (circRNA) and self-amplifying RNA (saRNA), have emerged as the most transformative platforms, offering tremendous potential in prophylactic and therapeutic medicine, particularly in the prevention of infectious diseases and cancer immunotherapy. Nevertheless, their optimization remains limited by the instability of mRNA, its innate immuno",https://pubmed.ncbi.nlm.nih.gov/42444130/,PubMed
Heart Transplant for Noncompaction Cardiomyopathy in NONO-Related Syndromic Intellectual Disability.,"Singer Julia S, Garczarczyk-Asim Dorota, Michel Miriam",Molecular genetics & genomic medicine,2026-07-14,"Loss-of-function variants in NONO cause an X-linked syndromic neurodevelopmental disorder (MRXS34), characterized by developmental delay, corpus callosum abnormalities, dysmorphic features, feeding difficulties, and congenital heart disease, most commonly left ventricular noncompaction cardiomyopathy (LVNC). Long-term outcome data remain limited. A 14-year-old boy with LVNC and syndromic neurodeve",https://pubmed.ncbi.nlm.nih.gov/42444102/,PubMed
Clinical and molecular characterization of TCF12 variants in an Asian pediatric cohort with craniosynostosis.,"Zhong Rongle, Zheng Lei, Yan Qing",BMC medical genomics,2026-07-14,"Craniosynostosis is a genetically heterogeneous craniofacial disorder caused by the premature fusion of one or more cranial sutures. Pathogenic variants in TCF12, encoding a basic helix-loop-helix (bHLH) transcription factor, represent a major cause of autosomal dominant coronal craniosynostosis and are characterized by incomplete penetrance and marked phenotypic variability. However, clinical and",https://pubmed.ncbi.nlm.nih.gov/42443919/,PubMed
Machine learning-based prognostic model and single-cell transcriptomic integration for identifying brain metastasis-associated malignant subpopulations and potential therapeutic targets in lung adenocarcinoma.,"Pang Jingdan, Wu Wentian, Zhu Peiwen",Cancer cell international,2026-07-14,"Lung adenocarcinoma (LUAD) is a highly prevalent and lethal form of lung cancer. Brain metastasis (BrM) is a major cause of mortality in patients with LUAD. The tumor microenvironment (TME) of LUAD BrM remains incompletely characterized, and there is an urgent need to identify biologically relevant biomarkers and potential therapeutic vulnerabilities. Single-cell transcriptomic data from LUAD BrM ",https://pubmed.ncbi.nlm.nih.gov/42443906/,PubMed
Single-cell and spatial transcriptomic analysis reveal distinct tumor microenvironment signatures in primary and recurrent hypopharyngeal squamous cell carcinoma.,"Cai Zhimou, Zhang Jinhong, Ding Yaodong",Cellular & molecular biology letters,2026-07-14,"Hypopharyngeal squamous cell carcinoma (HPSCC) is a rare, highly aggressive malignancy, with recurrence playing a pivotal role in treatment failure and cancer-related mortality. The tumor microenvironment (TME) characteristics and molecular mechanisms driving recurrence in HPSCC remain poorly defined. Primary HPSCC (P-HPSCC) samples (n = 6) and recurrent HPSCC (R-HPSCC) samples (n = 3) were analyz",https://pubmed.ncbi.nlm.nih.gov/42443752/,PubMed
L-NAME promotes foam cell formation and synthetic phenotype marker changes in vascular smooth muscle cells independent of hemodynamic effects.,"Du Huanhua, Ling Jia, Lu Zheng",BMC molecular and cell biology,2026-07-14,"This study investigated whether L-NAME, a nitric oxide synthase (NOS) inhibitor commonly used to model hypertension-associated endothelial dysfunction, can exert direct pro-atherogenic effects on vascular smooth muscle cells (VSMCs) independent of systemic hemodynamic influences. Mouse aortic VSMCs (MOVAS) were treated with non-cytotoxic concentrations of L-NAME (50 µM) or oxidized low-density lip",https://pubmed.ncbi.nlm.nih.gov/42443749/,PubMed
The Proteins of the TREX-2 mRNA Export Complex Are Involved in Anchoring of the Sgf11 Protein Localized in Proximity to the Nuclear Pore in Drosophila melanogaster.,"Vdovina Y A, Georgieva S G, Kopytova D V",Doklady. Biochemistry and biophysics,2026-07-14,"The SAGA complex is an important player in the regulation of eukaryotic gene transcription. The interaction of SAGA with the TREX-2 mRNA nuclear export complex makes it possible to efficiently transcribe and export mRNA at loci of actively transcribed genes near nuclear pores. However, it remains unclear whether TREX-2 is involved in anchoring the SAGA complex to the nuclear pore. In this work, we",https://pubmed.ncbi.nlm.nih.gov/42443668/,PubMed
On indirect negative inotropic effects of muscarine in the isolated human atrium.,"Neumann Joachim, Hofmann Britt, Hadova Katarina",Naunyn-Schmiedeberg's archives of pharmacology,2026-07-14,"Acetylcholine, the physiological agonist at all muscarinic receptors, alone (""direct effect"") or after pre-stimulation with isoprenaline (""indirect effect""), is known to reduce the force of contraction (FOC) in human atrial preparations (HAP). We hypothesized that muscarine might act similar to acetylcholine. During open heart surgery for severe coronary heart disease, HAP were obtained. Using dig",https://pubmed.ncbi.nlm.nih.gov/42443635/,PubMed
Grape Seed Proanthocyanidin Extract (GSPE) Mitigates Preterm White Matter Injury in Mice Via Improving Mitochondrial Homeostasis and Activity of IMMP2L-Related Signaling Pathway.,"Wang Nina, Lei Zhe, Ge Xinyu",Neurochemical research,2026-07-14,"Grape seed proanthocyanidins extract (GSPE) has demonstrated significant neuroprotective efficacy in various neurodevelopmental disorders, nevertheless its potential beneficial role in preterm white matter injury (PWMI) remains unclear. This study aims to evaluate the therapeutic potential of GSPE against PWMI and the underlying mechanisms. GSPE (20 mg/Kg) was taken orally by the mouse after PWMI ",https://pubmed.ncbi.nlm.nih.gov/42443612/,PubMed
"Identification of RNA binding proteins targeting TP53, RB1 and PTEN in colorectal cancer as potential biomarkers for diagnosis, drug resistance, sensitivity and prognosis.","Asadi Ava, Hashemi Mehrdad, Peymani Maryam",Discover oncology,2026-07-14,"Colorectal cancer (CRC) is a prevalent gastrointestinal malignancy with high incidence and mortality. Dysregulated RNA-binding proteins (RBPs) have been implicated in various cancers, yet their role in regulating tumor suppressors in CRC is underexplored. This study analyzed TCGA gene expression data to identify prognostic markers and used CLIP-seq data to uncover RBPs putatively binding to TP53, ",https://pubmed.ncbi.nlm.nih.gov/42443465/,PubMed
Mapping lncRNAs onto multilevel mRNA co‑expression modules in autism.,"Lee Chen-Ling, Hu Geng-Ming, Li Yi-Pei",Translational psychiatry,2026-07-14,"Autism spectrum disorder (ASD) involves heterogeneous genetic and transcriptomic alterations, but how these changes are organized across hierarchical co-expression scales and linked to long noncoding RNAs (lncRNAs) remains incompletely understood. Here, we present Minimum Span Clustering Network (MSCN), an unsupervised, deterministic framework that constructs traceable multilevel mRNA co-expressio",https://pubmed.ncbi.nlm.nih.gov/42443147/,PubMed
The TENT5A-ATXN2 axis modulates germline and somatic cell survival during heat stress.,"Chi Ru-Pin Alicia, Gupta Ankit, Li Yin",Cell death & disease,2026-07-14,"Stress conditions elicit the formation of different kinds of stress granules (SGs). Although male germ cells are particularly sensitive to heat stress, the composition of heat-induced SGs in the testis remains poorly characterized. Here, we show that ATXN2 is a main component of heat-induced SGs in male germ cells and identify a unique population of ATXN2-positive SGs in leptotene and zygotene spe",https://pubmed.ncbi.nlm.nih.gov/42443145/,PubMed
[Effect of electroacupuncture at front-,"Yin Ling, Li Yuxiang, Zhong Feng",Zhongguo zhen jiu = Chinese acupuncture & moxibustion,2026-07-14,"To explore the effect of electroacupuncture (EA) at front- Thirty-six SD rats were randomly divided into a blank group, a model group, an EA group, a mosapride group, an EA+rapamycin (RAPA) group and an EA+3-methyladenine (3-MA) group, with 6 rats in each group. The STC model was established by intragastric administration with loperamide hydrochloride. In the EA group, the EA+RAPA group and the EA",https://pubmed.ncbi.nlm.nih.gov/42443084/,PubMed
[Effect of ,"Pan Wen, Zhang Daozong, Jiao Shiyi",Zhongguo zhen jiu = Chinese acupuncture & moxibustion,2026-07-14,"To observe the effects of  Thirty-two SPF-grade male SD rats were randomly divided into a normal group (8 rats) and a modeling group (24 rats). The modeling group was subjected to CUMS to establish depression model. After successful modeling, the rats were randomized into a model group, an acupuncture group and a fluoxetine group, with 8 rats in each group. In the acupuncture group,  Compared with",https://pubmed.ncbi.nlm.nih.gov/42443083/,PubMed
Individual ,"Savaheli Sara, Gallotta Ivan, Santonicola Pamela",Life science alliance,2026-07-14,Spinal muscular atrophy is a neuromuscular disorder primarily caused by mutations in the ,https://pubmed.ncbi.nlm.nih.gov/42442954/,PubMed
Histopathologic Characterization of Cutaneous Oxalosis Mimicking Calciphylaxis: Diagnostic Pitfalls and Polarized Light Evaluation.,"Patel Shrina, Graham Brad, Reaves Kaci",Journal of cutaneous pathology,2026-07-14,"Cutaneous oxalosis is an uncommon manifestation of primary hyperoxalosis, which can often resemble other cutaneous manifestations of end stage renal disease (ESRD), particularly calciphylaxis. We report the case of a 46 year old female with primary hyperoxaluria type one (PH1) believed to be well-controlled on lumasiran, a small interfering ribonucleic acid therapy, which targets the mRNA responsi",https://pubmed.ncbi.nlm.nih.gov/42442774/,PubMed
Energy-efficient codon optimization on thermodynamic hardware,"Andraz Jelincic, Ross C. Walker",arXiv,2026-07-14,"The growing energy demand for computation is becoming increasingly unsustainable. Thermodynamic computing, which harnesses physical thermal fluctuations as a computational resource rather than suppressing them, offers orders-of-magnitude energy savings for probabilistic and combinatorial tasks. Pharmaceutical R&D, heavily reliant on computational optimization and sampling, is a natural application",http://arxiv.org/abs/2606.17327v1,arXiv
mRNAutilus: Multi-Objective-Guided Discrete Generation of mRNA with Optimized Therapeutic Properties,"Sawan Patel, Sophia Tang, Yesol Kim",arXiv,2026-07-14,"Therapeutic mRNA design requires coordinating multiple interacting sequence features across the full transcript, where codon usage, untranslated regions (UTRs), and their coupling jointly determine stability, translation efficiency, and protein expression. Here, we present mRNA generation via unrolled trajectories and informed latent updates (mRNAutilus), a framework for simultaneous codon optimiz",http://arxiv.org/abs/2605.31296v1,arXiv
Sampling-based Continuous Optimization for Messenger RNA Design,"Feipeng Yue, Ning Dai, Wei Yu Tang",arXiv,2026-07-14,"Designing messenger RNA (mRNA) sequences for a fixed target protein requires searching an exponentially large synonymous space while optimizing properties that affect stability and downstream performance. This is challenging because practical mRNA design involves multiple coupled objectives beyond classical folding criteria, and different applications prefer different trade-offs. We propose a gene",http://arxiv.org/abs/2603.06559v1,arXiv
Drug-like antibodies with low immunogenicity in human panels designed with Latent-X2," Latent Labs Team, Henry Kenlay, Daniella Pretorius",arXiv,2026-07-14,"Drug discovery has long sought computational systems capable of designing drug-like molecules directly: developable and non-immunogenic from the start. Here we introduce Latent-X2, a frontier generative model that achieves this goal through zero-shot design of antibodies with strong binding affinities, drug-like properties, and, for the first time for any de novo generated antibody, confirmed low ",http://arxiv.org/abs/2512.20263v1,arXiv
"RNAGenScape: Property-Guided, Optimized Generation of mRNA Sequences with Manifold Langevin Dynamics","Danqi Liao, Chen Liu, Xingzhi Sun",arXiv,2026-07-14,"Generating property-optimized mRNA sequences is central to applications such as vaccine design and protein replacement therapy, but remains challenging due to limited data, complex sequence-function relationships, and the narrow space of biologically viable sequences. Generative methods that drift away from the data manifold can yield sequences that fail to fold, translate poorly, or are otherwise",http://arxiv.org/abs/2510.24736v3,arXiv
Yeast growth is controlled by the proportional scaling of mRNA and ribosome concentrations,"Xin Gao, Michael Lanz, Rosslyn Grosely",arXiv,2026-07-14,"Despite growth being fundamental to all aspects of cell biology, we do not yet know its organizing principles in eukaryotic cells. Classic models derived from the bacteria E. coli posit that protein-synthesis rates are set by mass-action collisions between charged tRNAs produced by metabolic enzymes and mRNA-bound ribosomes. These models show that faster growth is achieved by simultaneously raisin",http://arxiv.org/abs/2508.14997v1,arXiv
mRNA Folding Algorithms for Structure and Codon Optimization,"Max Ward, Mary Richardson, Mihir Metkar",arXiv,2026-07-14,"mRNA technology has revolutionized vaccine development, protein replacement therapies, and cancer immunotherapies, offering rapid production and precise control over sequence and efficacy. However, the inherent instability of mRNA poses significant challenges for drug storage and distribution, particularly in resource-limited regions. Co-optimizing RNA structure and codon choice has emerged as a p",http://arxiv.org/abs/2503.19273v1,arXiv
Generative Model for Synthesizing Ionizable Lipids: A Monte Carlo Tree Search Approach,"Jingyi Zhao, Yuxuan Ou, Austin Tripp",arXiv,2026-07-14,"Ionizable lipids are essential in developing lipid nanoparticles (LNPs) for effective messenger RNA (mRNA) delivery. While traditional methods for designing new ionizable lipids are typically time-consuming, deep generative models have emerged as a powerful solution, significantly accelerating the molecular discovery process. However, a practical challenge arises as the molecular structures genera",http://arxiv.org/abs/2412.00807v1,arXiv
Machine learning framework to predict the performance of lipid nanoparticles for nucleic acid delivery,"Gaurav Kumar, Arezoo M. Ardekani",arXiv,2026-07-14,"Lipid nanoparticles (LNPs) are highly effective carriers for gene therapies, including mRNA and siRNA delivery, due to their ability to transport nucleic acids across biological membranes, low cytotoxicity, improved pharmacokinetics, and scalability. A typical approach to formulate LNPs is to establish a quantitative structure-activity relationship (QSAR) between their compositions and in vitro/in",http://arxiv.org/abs/2411.14293v1,arXiv
Joint Design of 5' Untranslated Region and Coding Sequence of mRNA,"Yang Liu, Jie Gao, Xiaonan Zhang",arXiv,2026-07-14,"Messenger RNA (mRNA) vaccines and therapeutics are emerging as powerful tools against a variety of diseases, including infectious diseases and cancer. The design of mRNA molecules, particularly the untranslated region (UTR) and coding sequence (CDS) is crucial for optimizing translation efficiency and stability. Current design approaches generally focus solely on either the 5' UTR or the CDS, whic",http://arxiv.org/abs/2410.20781v1,arXiv
Bacterial stress granule protects mRNA through ribonucleases exclusion,"Linsen Pei, Yujia Xian, Xiaodan Yan",arXiv,2026-07-14,"Membraneless droplets formed through liquid-liquid phase separation (LLPS) play a crucial role in mRNA storage, enabling organisms to swiftly respond to environmental changes. However, the mechanisms underlying mRNA integration and protection within droplets remain unclear. Here, we unravel the role of bacterial aggresomes as stress granules (SGs) in safeguarding mRNA during stress. We discovered ",http://arxiv.org/abs/2404.17873v2,arXiv
"Hypolipidemic effect of brown seaweed (Sargassum crassifolium) extract in vivo (Study of histopathology, mRNA expression, and immunohistochemistry (IHC) with VCAM-1, ICAM-1, and MCP-1 parameters)","Sarah Zaidan, Syamsudin Abdillah, Nur Arfian",arXiv,2026-07-14,The purpose of this study was to obtain natural drugs from brown seaweed (Sargassum crassifolium) as antiatherosclerosis candidates through the study of hypolipidemic mechanisms of action. Modeling of dyslipidemia rats was carried out by feeding high-fat (HFF) and doses of crude fucoidan 100. 200. 400mg / KgBB. in both treatments measured blood lipid profile levels taken from the orbital sinuses. ,http://arxiv.org/abs/2402.07497v1,arXiv
Machine Learning Modeling Of SiRNA Structure-Potency Relationship With Applications Against Sars-Cov-2 Spike Gene,Damilola Oshunyinka,arXiv,2026-07-14,"The pharmaceutical Research and development (R&D) process is lengthy and costly, taking nearly a decade to bring a new drug to the market. However, advancements in biotechnology, computational methods, and machine learning algorithms have the potential to revolutionize drug discovery, speeding up the process and improving patient outcomes. The COVID-19 pandemic has further accelerated and deepened",http://arxiv.org/abs/2401.12232v1,arXiv
Messenger RNA Design via Expected Partition Function and Continuous Optimization,"Ning Dai, Wei Yu Tang, Tianshuo Zhou",arXiv,2026-07-14,"The tasks of designing RNAs are discrete optimization problems, and several versions of these problems are NP-hard. As an alternative to commonly used local search methods, we formulate these problems as continuous optimization and develop a general framework for this optimization based on a generalization of classical partition function which we call ""expected partition function"". The basic idea ",http://arxiv.org/abs/2401.00037v2,arXiv
Machine Learning-guided Lipid Nanoparticle Design for mRNA Delivery,"Daisy Yi Ding, Yuhui Zhang, Yuan Jia",arXiv,2026-07-14,"While RNA technologies hold immense therapeutic potential in a range of applications from vaccination to gene editing, the broad implementation of these technologies is hindered by the challenge of delivering these agents effectively. Lipid nanoparticles have emerged as one of the most widely used delivery agents, but their design optimization relies on laborious and costly experimental methods. W",http://arxiv.org/abs/2308.01402v2,arXiv
Corrected Hill Function in Stochastic Gene Regulatory Networks,"Manuel Eduardo Hernández-García, Jorge Velázquez-Castro",arXiv,2026-07-14,"Describing reaction rates in stochastic bio-circuits is commonly done by directly introducing the deterministically deduced Hill function into the master equation. However, when fluctuations in enzymatic reaction rates are not neglectable, the Hill function must be derived, considering all the involved stochastic reactions. In this work, we derived the stochastic version of the Hill function from ",http://arxiv.org/abs/2307.03057v4,arXiv
Stochastic dynamics and ribosome-RNAP interactions in Transcription-Translation Coupling,"Xiangting Li, Tom Chou",arXiv,2026-07-14,"Under certain cellular conditions, transcription and mRNA translation in prokaryotes appear to be ""coupled,"" in which the formation of mRNA transcript and production of its associated protein are temporally correlated. Such transcription-translation coupling (TTC) has been evoked as a mechanism that speeds up the overall process, provides protection during the transcription, and/or regulates the t",http://arxiv.org/abs/2207.04568v1,arXiv
Coronavirus RNA Sensor Using Single-Stranded DNA Bonded to Sub-Percolated Gold Films on Monolayer Graphene Field-Effect Transistors,"Nicholas E. Fuhr, Mohamed Azize, David J. Bishop",arXiv,2026-07-14,"Electrical detection of messenger ribonucleic acid (mRNA) is a promising approach to enhancing transcriptomics and disease diagnostics because of its sensitivity, rapidity, and modularity. Reported here is a fast SARS-CoV-2 mRNA biosensor (<1 minute) with a limit of detection of 1 aM, and dynamic range of 4 orders of magnitude and a linear sensitivity of 22 mV per molar decade. These figures of me",http://arxiv.org/abs/2205.05143v1,arXiv
Deep learning models for predicting RNA degradation via dual crowdsourcing,"Hannah K. Wayment-Steele, Wipapat Kladwang, Andrew M. Watkins",arXiv,2026-07-14,"Messenger RNA-based medicines hold immense potential, as evidenced by their rapid deployment as COVID-19 vaccines. However, worldwide distribution of mRNA molecules has been limited by their thermostability, which is fundamentally limited by the intrinsic instability of RNA molecules to a chemical degradation reaction called in-line hydrolysis. Predicting the degradation of an RNA molecule is a ke",http://arxiv.org/abs/2110.07531v2,arXiv
Coagulapathies after vaccination against SARS-CoV-2 may be derived from a combination effect of SARS-CoV-2 spike protein and adenovirus vector-triggered signaling pathways,Ralf Kircheis,arXiv,2026-07-14,"The novel coronavirus SARS-CoV-2 has resulted in a global pandemic with worldwide 6-digital infection rates and thousands death tolls daily. Enormeous effords are undertaken to achieve high coverage of immunization in order to reach herd immunity to stop spreading of SARS-CoV-2 infection. Several SARS-CoV-2 vaccines, based either on mRNA, viral vectors, or inactivated SARS-CoV-2 virus have been ap",http://arxiv.org/abs/2109.00089v1,arXiv
Harnessing endogenous CRISPR-Cas9 for inducible genetic engineering of ,"Iyer Mahesh S, Hagström Erik, Näslund Kristina",Applied and environmental microbiology,2026-07-14,"Despite substantial advances in bacterial genome engineering, functional genetic analysis remains challenging in many non-model bacterial species, particularly among host-associated gram-positive bacteria. The fructophilic species  Many ecologically and industrially important bacteria remain genetically recalcitrant, limiting functional genomic studies. As research increasingly extends beyond trad",https://pubmed.ncbi.nlm.nih.gov/42439519/,PubMed
S-allyl cysteine suppresses lipopolysaccharide-induced microglial inflammation accompanied by attenuation of JNK1/2 and STAT3 signaling.,"Eguchi Ryoji, Ishida Ayaka, Suzuki-Yamamoto Toshiko",Nutritional neuroscience,2026-07-14,"S-allyl-L-cysteine (SAC) is a garlic-derived organosulfur compound with reported anti-inflammatory properties. SAC has been detected in the brain after oral administration in animal studies, suggesting relevance to neuroinflammatory processes; however, its direct effects on nutrient-responsive glial cells remain unclear. Previous human studies suggest that SAC-enriched garlic extracts alleviate su",https://pubmed.ncbi.nlm.nih.gov/42439282/,PubMed
Selective Targeting of ApisOBP7 with Indole-2-Carboxylates as a Strategy for Developing Novel Aphid Repellents.,"Zhu Wenya, Zhu Ziwei, Tang Haoyu",Journal of agricultural and food chemistry,2026-07-14,"Targeting odorant-binding proteins (OBPs) is a promising strategy for developing sustainable, behavior-modifying pest control agents. The unfamiliarly highly expressed OBP7 from ",https://pubmed.ncbi.nlm.nih.gov/42438131/,PubMed
"Identification and functional validation of glutathione S-transferase genes involved in detoxification of sulfoxaflor, afidopyropen and lambda-cyhalothrin in Aphis glycines.","Guan Naichen, Dang Fujie, Qiu Shaolong",Pest management science,2026-07-14,"Glutathione S-transferases (GSTs) play important roles in the detoxification of insecticides in insects. However, genome-wide identification and functional characterization of the GST gene family in the soybean aphid Aphis glycines have not been performed. A total of 17 AgGST genes were identified in the A. glycines genome and classified into five classes. Phylogenetic analysis and chromosomal map",https://pubmed.ncbi.nlm.nih.gov/42438111/,PubMed
Process and Mechanism of Nanocarrier-Loaded dsRNA Penetrating the Insect Cuticle: Theoretical Foundation for Transdermal Delivery.,"Guan Mei, Xue Yang, Pei Jie",Journal of agricultural and food chemistry,2026-07-14,"RNA interference (RNAi) provides a powerful tool for functional gene identification and pest management, and nanocarriers have recently enabled noninvasive transdermal RNAi delivery. However, the mechanism of nanocarrier-mediated double-stranded RNA (dsRNA) translocation across the insect cuticle remains unknown. We used a star cationic polymer (SPc) as a model to visualize this process and elucid",https://pubmed.ncbi.nlm.nih.gov/42437344/,PubMed
Toll-like receptor 9 arginine methylation promotes ferroptosis in prostate cancer through the NRF2/GPX4 signaling pathway.,"Hua Haoming, Tian Zhe, Zhou Jie",Translational andrology and urology,2026-07-14,"A balance between positive and negative regulation of the Toll-like receptor (TLR) signaling pathway is required to prevent harmful or inappropriate inflammatory responses. Although TLR9 has been reported to be expressed in many mammalian tissues and cells, its function and exact mechanism are not fully understood. Some protein post-translational modifications (PTMs), such as phosphorylation and u",https://pubmed.ncbi.nlm.nih.gov/42436792/,PubMed
Neuron-Targeted Exosomal Delivery of siRNA Against RIPK3 Slows Neurodegenerative Progression in Alzheimer's Disease.,"Zhang Chi, Zhang Jiaqi, Wang Yuzhi","Advanced science (Weinheim, Baden-Wurttemberg, Germany)",2026-07-14,"A major challenge in RNA therapeutics for central nervous system disorders is the lack of delivery systems capable of crossing the blood-brain barrier (BBB) while achieving cell-type-specific targeting. Herein, we develop an engineered exosomal siRNA delivery platform for systemic, neuron-targeted RNA transport to the brain. The platform leverages exosomes derived from an immortalized mouse hippoc",https://pubmed.ncbi.nlm.nih.gov/42435764/,PubMed
Melatonin reprograms antioxidant defenses to suppress ferroptosis via Homer1a/mGluR1-Nrf2/xCT signaling after retinal ischemia-reperfusion.,"Dou Ya-Nan, Wen Yuwen, Huang Yuan",Redox biology,2026-07-14,"Melatonin (Mel) exerts antioxidant and anti-ferroptosis effects not only via the canonical receptors Mt1/Mt2 but also via metabotropic glutamate receptor 1 (mGluR1)/glutamate-mediated signaling. Nevertheless, the regulatory mechanism by which Mel modulates mGluR1/glutamate signaling in retinal ischemia-reperfusion (I/R) injury and its downstream effects on ferroptosis and oxidative stress remain p",https://pubmed.ncbi.nlm.nih.gov/42435652/,PubMed
"The Angiopoietin-like Protein (ANGPTL) Axis in Dyslipidemia: Mechanisms, Cardiovascular Risk, and Emerging Therapies.","Bitencourt Isabela C, Zimerman André, Marston Nicholas A",Current atherosclerosis reports,2026-07-14,The angiopoietin-like protein (ANGPTL) 3-4-8 axis has emerged as a central regulator of lipoprotein lipase and lipid metabolism. This review examines the mechanistic basis of ANGPTL pathway modulation and therapeutic implications for cardiovascular risk reduction across diverse phenotypes of dyslipidemia. Genetic studies demonstrate that loss-of-function variants in ANGPTL3 and ANGPTL4 are associa,https://pubmed.ncbi.nlm.nih.gov/42435249/,PubMed
Tissue specific RISC-loading reassesses small RNA functionality in developing pepper fruit.,"Dalmadi Ágnes, Gyula Péter, Abdu Auwalu",Plant molecular biology,2026-07-14,"Small regulatory RNAs (sRNAs), including small interfering (si) and micro (mi) RNAs, are components of the RNA interference (RNAi) pathways regulating vital processes. These various sRNAs act via specialized executor ARGONAUTE (AGO) proteins constituting RNA induced silencing complexes (RISCs). In Arabidopsis, miRNAs load mainly into AGO1, while 24-nucleotide (nt) long siRNAs load into AGO4, typic",https://pubmed.ncbi.nlm.nih.gov/42435149/,PubMed
Tandem-sgRNA Provides an Effective Reverse Genetic Approach for Suppression of ,"Zhang Chengxi, Josyula Nitya Kalyani, Cornejo-Corona Ivette",ACS synthetic biology,2026-07-14,"Bacterial biosynthetic gene clusters (BGCs) encode secondary metabolites with diverse biological activities; however, most BGC products remain uncharacterized. One approach to identifying products and their metabolism is to use reverse genetics to identify metabolite-associated phenotypes. CRISPR interference (CRISPRi) offers a promising approach to disrupt BGC functions in high-GC genomes, typica",https://pubmed.ncbi.nlm.nih.gov/42435068/,PubMed
Gene silencing versus protein stabilization in transthyretin amyloid cardiomyopathy: contextualizing the HELIOS-B results and the road to precision agent selection.,"Khan Sarum Ali, Ali Taimoor, Ul Haque Muhammad Sajjad",Annals of medicine and surgery (2012),2026-07-14,"Transthyretin amyloid cardiomyopathy (ATTR-CM) now has three approved disease-modifying agents: tafamidis, acoramidis, and vutrisiran, representing two mechanistically distinct classes: TTR tetramer stabilizers and RNA interference (RNAi) gene silencers. The phase 3 HELIOS-B trial, published in the New England Journal of Medicine, demonstrated that vutrisiran, a subcutaneous RNAi therapeutic, redu",https://pubmed.ncbi.nlm.nih.gov/42433826/,PubMed
Transcription in check at DNA double-strand breaks.,"Pradel Lea, Marnef Aline, Legube Gaelle",Trends in genetics : TIG,2026-07-14,"When DNA double-strand breaks (DSBs) arise within actively transcribed loci, cells must tightly coordinate transcription with DNA repair to avoid detrimental interference between these processes. This coordination is initiated by signaling cascades that rapidly repress local transcription through chromatin remodeling, recruitment of repressive factors, and modifications of RNA polymerase II (RNAPI",https://pubmed.ncbi.nlm.nih.gov/42431804/,PubMed
Sulfite Dynamics Affect Drought Tolerance and Water Status in Arabidopsis and Tomato.,"Khatri Kusum, Patel Jaykumar, Bekturova Aizat",Journal of experimental botany,2026-07-14,"Previously, we showed that altered sulfite homeostasis led to higher water loss in Sulfite oxidase RNA interference (SO Ri) plants than in Arabidopsis wild-type (WT) after sulfite infiltration into rosette leaves. In contrast, SO overexpression (OE) and adenosine-5'-phosphosulfate reductase (apr2) KO resulted in lower water loss than in WT. Accordingly, sulfite homeostasis and drought tolerance un",https://pubmed.ncbi.nlm.nih.gov/42429416/,PubMed
Silencing Suppressor Protein p26 of Areca Palm Velarivirus 1 (APV1) Interacts With SGS3 and Promotes Its Degradation Via the Ubiquitination Pathway.,"Cao Xianmei, Wang Yutian, Zhang Li",Molecular plant pathology,2026-07-14,"RNA silencing is a conserved defence mechanism against viral infections in eukaryotes, whereas many plant viruses evolved viral suppressors of RNA silencing (VSRs) to counteract the antiviral silencing in hosts. Areca palm velarivirus 1 (APV1), a member of genus Velarivirus, family Closteroviridae, is a causal agent of yellow leaf disease affecting Areca catechu in Hainan, China. In this work, we ",https://pubmed.ncbi.nlm.nih.gov/42427269/,PubMed
MFAP4 Promotes Scar Formation by Regulating Macrophage-Myofibroblast Transformation Through Activation of the TGF-β/Smad3 Signalling Pathway.,"Zhu Zhu, Dai Jing, Li Jinglin",Experimental dermatology,2026-07-14,"Hypertrophic scar is a pathological consequence of abnormal wound healing, marked by excessive fibroblast proliferation and extracellular matrix (ECM) accumulation. Macrophage-to-myofibroblast transformation (MMT) plays a key role in this process, but its regulatory mechanisms remain under investigation. This study found that microfibril-associated protein 4 (MFAP4) is significantly upregulated in",https://pubmed.ncbi.nlm.nih.gov/42427262/,PubMed
Safety considerations of gene-based therapies for Alzheimer's disease.,"Bevins Elizabeth A, Léger Gabriel C, Herman Michelle A",Alzheimer's & dementia : the journal of the Alzheimer's Association,2026-07-14,"Gene-based therapies show increasing promise for the treatment of neurologic disease. In 2016, nusinersen, an RNA-based therapy, was approved for children with spinal muscular atrophy (SMA). Over 200 clinical trials have utilized gene therapy approaches for a host of neurodegenerative and neuromuscular disorders, including Alzheimer's disease (AD).",https://pubmed.ncbi.nlm.nih.gov/42427159/,PubMed
Self-Cooperative RNA Vaccine Mitigates Dendritic Cell-Mediated Acquired Immune Resistance to Potentiate Cell Therapy for Solid Tumors.,"Huang Lujia, Chen Fangmin, Zhou Feng","Advanced materials (Deerfield Beach, Fla.)",2026-07-14,"Conventional mRNA cancer vaccines are designed to maximize antigen potency but often overlook vaccination-induced immune resistance. In this study, we identified a negative immune regulatory mechanism, whereby mRNA vaccination induces programmed death-ligand 1 (PD-L1) expression in dendritic cells (DCs) through type I interferon (IFN-I) signaling. Elevated PD-L1 expression impairs T-cell priming i",https://pubmed.ncbi.nlm.nih.gov/42427150/,PubMed
Screening and Optimization of BMP2-Targeting siRNAs for Acceleration of Telogen-Anagen Transition and Hair Regrowth.,"Liang Xingxing, Xu Jianfei, Sun Kaixuan",Journal of medicinal chemistry,2026-07-14,"Alopecia is a common disorder characterized by dysregulation of the hair follicle (HF) growth cycle, particularly the impaired activation of telogen follicles into a new anagen stage. Bone morphogenetic protein 2 (BMP2) acts as a critical inhibitory regulator that maintains hair follicle quiescence during early telogen, and its downregulation is closely associated with the telogen-to-anagen transi",https://pubmed.ncbi.nlm.nih.gov/42427005/,PubMed
Cross-kingdom RNA interference as a unifying mechanism in plant-microbe interactions.,"Gul Summia, Cheng An-Po",The New phytologist,2026-07-14,,https://pubmed.ncbi.nlm.nih.gov/42426886/,PubMed
Enhanced sampling and cryo-EM data resolve magnesium binding to RNA,"Olivier Languin-Cattoën, Elisa Posani, Giovanni Bussi",arXiv,2026-07-14,"Magnesium ions are essential for RNA structure but difficult to model due to slow binding kinetics and experimental limitations. We present an enhanced-sampling strategy that accelerates Mg$^{2+}$ inner-shell binding by orders of magnitude, enabling quantitative exploration of ion-binding motifs in a large ribozyme. The method combines a barrier-flattening bias with Hamiltonian replica exchange to",http://arxiv.org/abs/2607.07186v1,arXiv
Bayesian Sampling of Structural Ensembles: The Role of Ensemble-Counting Measures,"Ivan Gilardoni, Giovanni Bussi",arXiv,2026-07-14,"Structural ensemble refinement is widely used to integrate molecular simulations with experimental measurements. While most applications focus on the maximum-a-posteriori (MAP) ensemble, Bayesian sampling of the posterior distribution can provide uncertainty estimates and posterior averages for arbitrary observables. A notable step in this direction was introduced by the Bayesian Energy Landscape ",http://arxiv.org/abs/2606.18495v1,arXiv
MultiMolecule: a modular ecosystem for biomolecular sequence-model workflows,Zhiyuan Chen,arXiv,2026-07-14,"Biomolecular sequence models are increasingly reused outside the studies in which they were introduced, but public checkpoints rarely preserve the execution context needed to inspect source-defined behavior, adapt models to new assays, compare models under shared task definitions or deploy biological predictions. MultiMolecule is an open-source Python ecosystem that turns heterogeneous RNA, DNA an",http://arxiv.org/abs/2606.16540v1,arXiv
The Montparnasse Algorithm for RNA Design,Tristan Cazenave,arXiv,2026-07-14,"RNA design consists of discovering a nucleotide sequence that optimizes predefined criteria, such as secondary structure. It is useful for synthetic biology, medicine, and nanotechnology. We propose Montparnasse, a Monte Carlo search framework based on Generalized Nested Rollout Policy Adaptation, augmented with a problem-specific prior, slow and long adaptation at level 1, and a lexicographic mul",http://arxiv.org/abs/2606.07562v1,arXiv
Multimodal Alignment and Preference Optimization for Zero-Shot Conditional RNA Generation,"Roman Klypa, Alberto Bietti, Sergei Grudinin",arXiv,2026-07-14,"The design of RNA molecules that interact with specific proteins is a critical challenge in experimental and computational biology. Despite recent progress in natural language modeling and deep learning-based protein design, there remains significant room to improve the frequency of successful interactions and the authenticity of generated sequences for functional applications. In this work, we fr",http://arxiv.org/abs/2605.23961v1,arXiv
"GoForth: Language Models for RNA Design under Structure, Sequence, and Coding Constraints",Michael Lindsey,arXiv,2026-07-14,"RNA inverse sequence design has broad biological and engineering applications, but computational methods for practical design queries remain limited. Such queries may impose several constraints at once, including target folds or motifs, fixed bases, and coding restrictions, while leaving arbitrary sequence and structure in unspecified regions. Because these constraints may permit many acceptable s",http://arxiv.org/abs/2605.07608v1,arXiv
Bayesian Rate Inference for Sequence Motif Dynamics in Systems of Reactive Nucleic Acids,"Johannes Harth-Kitzerow, Ulrich Gerland, Torsten A. Enßlin",arXiv,2026-07-14,"The RNA world hypothesis suggests a pathway of how life emerged on early earth. It assumes that life started with RNA based systems, capable of storing, transmitting and replicating information, envisioning that monomers and short RNA oligomers interact to form longer strands, eventually becoming catalytically active ribozymes. Key reactions in RNA pools are hybridization, dehybridization, templat",http://arxiv.org/abs/2604.25701v2,arXiv
VARIANT: Web Server for Decoding and Analyzing Viral Mutations at Genome and Protein Levels,"Rui Wang, Xuhang Dai, Xin Cao",arXiv,2026-07-14,"A comprehensive analysis of viral mutations is essential for understanding viral evolution, disease epidemiology, diagnosis, drug resistance, etc. However, challenges remain in capturing complex mutation patterns and supporting diverse viral families with varying genome architectures. To address these needs, we present VARIANT, an web server for mutational analysis of RNA viral genomes and associa",http://arxiv.org/abs/2604.20942v1,arXiv
Interfacial Potential Transduction for Diagnostics,"Hyun-June Jang, Peuli Nath, Yuqin Wang",arXiv,2026-07-14,"A major barrier to decentralized, near-patient diagnostics is the lack of a signal transduction modality that is both analytically precise and accessible at the point of care. Optical readouts remain instrument-dependent and difficult to miniaturize, while compact electrochemical readouts are prone to matrix-derived signal distortion, limiting their biomarker coverage in real clinical settings. He",http://arxiv.org/abs/2603.23775v1,arXiv
ZeroFold: Protein-RNA Binding Affinity Predictions from Pre-Structural Embeddings,"Josef Hanke, Sebastian Pujalte Ojeda, Shengyu Zhang",arXiv,2026-07-14,"The accurate prediction of protein-RNA binding affinity remains an unsolved problem in structural biology, limiting opportunities in understanding gene regulation and designing RNA-targeting therapeutics. A central obstacle is the structural flexibility of RNA, as, unlike proteins, RNA molecules exist as dynamic conformational ensembles. Thus, committing to a single predicted structure discards in",http://arxiv.org/abs/2603.23583v1,arXiv
Computational modeling of RNA-protein binding interactions under an external force,"Danielle Wampler, Ralf Bundschuh",arXiv,2026-07-14,"RNA binding proteins play a crucial role in post-transcriptional gene regulation by controlling the transport, processing, and translation of their target RNAs. Post-transcriptional gene regulation leads to the differential expression of genetic material and loss of regulation or over-regulation relates to a large range of cancers and diseases - many of which have directly been associated with RNA",http://arxiv.org/abs/2603.22269v1,arXiv
Fair splits flip the leaderboard: CHANRG reveals limited generalization in RNA secondary-structure prediction,"Zhiyuan Chen, Zhenfeng Deng, Pan Deng",arXiv,2026-07-14,"Accurate prediction of RNA secondary structure underpins transcriptome annotation, mechanistic analysis of non-coding RNAs, and RNA therapeutic design. Recent gains from deep learning and RNA foundation models are difficult to interpret because current benchmarks may overestimate generalization across RNA families. We present the Comprehensive Hierarchical Annotation of Non-coding RNA Groups (CHAN",http://arxiv.org/abs/2603.22330v1,arXiv
Reverse Distillation: Consistently Scaling Protein Language Model Representations,"Darius Catrina, Christian Bepler, Samuel Sledzieski",arXiv,2026-07-14,"Unlike the predictable scaling laws in natural language processing and computer vision, protein language models (PLMs) scale poorly: for many tasks, models within the same family plateau or even decrease in performance, with mid-sized models often outperforming the largest in the family. We introduce Reverse Distillation, a principled framework that decomposes large PLM representations into orthog",http://arxiv.org/abs/2603.07710v1,arXiv
Fast and Versatile RNA Design via Motif-level Divide-and-Conquer and Structure-level Rival Search,"Tianshuo Zhou, David H. Mathews, Liang Huang",arXiv,2026-07-14,"RNA design aims to identify RNA sequences that fold into a target secondary structure. This task is challenging in terms of computational efficiency. Most existing methods focus on either minimum free energy (MFE)-based or ensemble-based metrics, leaving a gap for a unified approach that performs well across both. We introduce a fast and versatile RNA design algorithm inspired by our previous work",http://arxiv.org/abs/2603.02283v1,arXiv
CryoNet.Refine: A One-step Diffusion Model for Rapid Refinement of Structural Models with Cryo-EM Density Map Restraints,"Fuyao Huang, Xiaozhu Yu, Kui Xu",arXiv,2026-07-14,"High-resolution structure determination by cryo-electron microscopy (cryo-EM) requires the accurate fitting of an atomic model into an experimental density map. Traditional refinement pipelines such as Phenix.real_space_refine and Rosetta are computationally expensive, demand extensive manual tuning, and present a significant bottleneck for researchers. We present CryoNet.Refine, an end-to-end dee",http://arxiv.org/abs/2602.22263v2,arXiv
CPTCs Drive Somatic-Visceral Communication via the Wnt Axis in Somatic Mechanotherapy: A Single-Cell Deep Learning Study,"Haixiang Huang, Zhenwei Zhang, BingBing Shen",arXiv,2026-07-14,"Somatic mechanical stimulation (e.g., acupuncture) exerts systemic immunomodulatory effects, yet the cellular bridge translating peripheral physical force into visceral repair remains elusive. Here, employing a custom interpretable deep learning framework (CARSS) on single-cell RNA sequencing data, we identify CD34$^{+}$PDGFR$α$$^{+}$ telocytes (CPTCs) as the primary mechanosensors in both fascia ",http://arxiv.org/abs/2602.05451v2,arXiv
Tensor-DTI: Enhancing Biomolecular Interaction Prediction with Contrastive Embedding Learning,"Manel Gil-Sorribes, Júlia Vilalta-Mor, Isaac Filella-Mercè",arXiv,2026-07-14,"Accurate drug-target interaction (DTI) prediction is essential for computational drug discovery, yet existing models often rely on single-modality predefined molecular descriptors or sequence-based embeddings with limited representativeness. We propose Tensor-DTI, a contrastive learning framework that integrates multimodal embeddings from molecular graphs, protein language models, and binding-site",http://arxiv.org/abs/2601.05792v1,arXiv
MERGE-RNA: a physics-based model to predict RNA secondary structure ensembles with chemical probing,"Giuseppe Sacco, Jianhui Li, Redmond P. Smyth",arXiv,2026-07-14,"RNA function is tied to secondary structure, operating through dynamic and heterogeneous structural ensembles. While current analysis tools typically output single static structures or averaged contact maps, chemical probing methods like DMS capture nucleotide-resolution signals representing the full structural ensemble, which remain difficult to interpret structurally. To address this, we present",http://arxiv.org/abs/2512.20581v3,arXiv
Methods for Analyzing RNA Pseudoknots via Chord Diagrams and Intersection Graphs,"Rayan Ibrahim, Allison H. Moore",arXiv,2026-07-14,"RNA molecules are known to form complex secondary structures including pseudoknots. A systematic framework for the enumeration, classification and prediction of secondary structures is critical to determine the biological significance of the molecular configurations of RNA. Chord diagrams are mathematical objects widely used to represent RNA secondary structures and to analyze structural motifs, h",http://arxiv.org/abs/2512.19939v1,arXiv
lncRNA MIR4435-2HG modulates the malignant progression of glioblastoma through the miR-181d-5p/MALT1/NF-κB signaling pathway.,"Chen Pei-Sheng, Xu Liu-Fei, Wang Bo",Journal of molecular histology,2026-07-14,"Glioblastoma (GBM) is a highly malignant brain tumor with a poor prognosis. Long noncoding RNAs (lncRNAs) significantly influence GBM pathogenesis. Although lncRNA MIR4435-2HG is known to promote tumorigenesis in various cancers, its regulatory role in GBM remains undefined. We quantified MIR4435-2HG and miR-181d-5p expression using quantitative reverse transcription polymerase chain reaction. The",https://pubmed.ncbi.nlm.nih.gov/42443662/,PubMed
"Metabolic reprogramming in Alzheimer's disease: Interaction between receptor tyrosine kinase signaling, noncoding RNAs, and Neuron-Glia energy networks.","Karmakar Ankita, Roycowdhury Puja, Sengupta Priyanka",International review of neurobiology,2026-07-14,"Alzheimer's disease (AD) is increasingly understood as a disorder involving impaired brain energy metabolism rather than being solely caused by amyloid and tau pathology. This chapter offers a comprehensive overview of how glucose hypometabolism, mitochondrial dysfunction, and disrupted neuron-astrocyte metabolic coupling collectively creates an ""energy crisis"" in vulnerable neuronal circuits. Ear",https://pubmed.ncbi.nlm.nih.gov/42442914/,PubMed
The lncRNA CTD-2566 J3.1 orchestrates oncogenic gene regulation via chromatin interactions in luminal breast cancer.,"Nuñez-Olvera Stephanie I, Hernández-Barrientos Luis Ricardo, Martínez-Baeza Elia",International journal of biological macromolecules,2026-07-14,"Long non-coding RNAs (lncRNAs) are increasingly recognized as key regulators of gene expression and genome architecture in cancer. By scaffolding chromatin-modifying protein complexes and mediating enhancer-promoter communication, lncRNAs can shape transcriptional programs that sustain tumor growth. In this study, we investigated the functional role of CTD-2566 J3.1, an antisense lncRNA located wi",https://pubmed.ncbi.nlm.nih.gov/42442572/,PubMed
Beyond Lipid Lowering: Targeting lncRNAs as a Novel Therapeutic Strategy for Vascular Wall Defense in Atherosclerosis.,"Tingting Chen, Chen Yu, Shang Yuxin",Pharmacological research,2026-07-14,"Atherosclerosis remains the primary pathological foundation for severe cardiovascular events. Although guideline-directed medical therapy-particularly statins, cholesterol absorption inhibitors, and PCSK9 inhibitors-effectively reduces circulating low-density lipoprotein cholesterol (LDL-C), the risk of major adverse cardiovascular events driven by vulnerable plaque rupture persists. Conventional ",https://pubmed.ncbi.nlm.nih.gov/42442520/,PubMed
The Diagnostic Value of LINC00426 in Type 2 Diabetes and Diabetic Kidney Disease and its Regulatory Effects on Renal Cells.,"Wang Jielian, Zhou Min, Xia Hong",Journal of visualized experiments : JoVE,2026-07-14,"The study investigates the diagnostic value of LINC00426 in type 2 diabetes (T2DM) and diabetic kidney disease (DKD), along with its regulatory effects on renal cells. The study included 280 T2DM patients (146 cases of DKD), and 186 healthy controls who visited during the same period. Reverse transcription quantitative real-time polymerase chain reaction (RT-qPCR) confirmed that serum LINC00426 is",https://pubmed.ncbi.nlm.nih.gov/42441550/,PubMed
Targeting AATF reprograms the tumor microenvironment and suppresses hepatocellular carcinoma via MIR100HG-TGF-β signaling.,"Suresh Diwakar, Srinivas Akshatha N, Gunaseelan Bharathwaaj",Molecular therapy. Oncology,2026-07-14,"Hepatocellular carcinoma (HCC), a leading cause of cancer death, has a dynamic and heterogeneous tumor microenvironment (TME) that drives progression and therapeutic resistance. We previously elucidated that apoptosis-antagonizing transcription factor (AATF) drives angiogenesis in HCC. However, its role in TME remains unexplored. We employed an orthotopic xenograft mouse model, implanting human HC",https://pubmed.ncbi.nlm.nih.gov/42441112/,PubMed
Soybean MYB transcription factors GmMYB73 and GmMYB85 regulate lipid biosynthesis through lncRNA-mediated mechanisms.,"Wang Jiaxin, Guo Xingyu, Li Yanqiu",TAG. Theoretical and applied genetics. Theoretische und angewandte Genetik,2026-07-14,"Two MYB transcription factors, GmMYB73 and GmMYB85, were identified as positive regulators of soybean oil biosynthesis. They enhance seed oil content and fatty acid composition through distinct protein interaction partners. This study establishes a novel 'ncRNA-TF-oil trait' regulatory framework in soybean. MYB transcription factors (MYBs), which function as trans-acting regulatory proteins contai",https://pubmed.ncbi.nlm.nih.gov/42439944/,PubMed
The ,"Cheng Wei-Ting, Yang Cai-Hong, Qi Jun",Cells,2026-07-14,"Characterized by its highly aggressive behavior and propensity for metastasis, osteosarcoma remains a formidable clinical challenge with restricted treatment modalities. Cancer stem-like cells (CSCs) are widely recognized as central orchestrators of oncogenic progression and therapeutic intractability; however, the precise epigenetic regulations governing these processes are yet to be fully elucid",https://pubmed.ncbi.nlm.nih.gov/42439689/,PubMed
Molecular Iodine/,"Juvera-Avalos Edgar R, Orizaga-Osti Gustavo, Delgado-Gonzalez Evangelina",Cells,2026-07-14,The study investigates the impact of molecular iodine (I,https://pubmed.ncbi.nlm.nih.gov/42439666/,PubMed
TDGF1 Mediates the Oncogenic Effects of the OLMALINC/miR-3614-5p ceRNA Axis in Colon Cancer Through Nodal/Smad2 and Glypican-1/MAPK-AKT Signaling.,"Gao Feng, Li Xiaoli, Li Jiawei",Cells,2026-07-14,"The multifaceted oncogenic role of teratocarcinoma-derived growth factor 1 (TDGF1) in colon cancer remains incompletely understood. Through integrative bioinformatic and functional analyses, we identified a novel competing endogenous RNA (ceRNA) axis wherein the long non-coding RNA OLMALINC directly sponges hsa-miR-3614-5p, leading to the derepression of TDGF1. This OLMALINC/miR-3614-5p/TDGF1 axis",https://pubmed.ncbi.nlm.nih.gov/42439618/,PubMed
Associations between migrasome-related genes and long non-coding rnas in glioma and their prognostic relevance to the tumor microenvironment.,"Yang Biao, Li Ren, Duan Hubin",IBRO neuroscience reports,2026-07-14,"This exploratory study evaluated associations between migrasome-related genes and long non-coding RNAs (lncRNAs) in glioma and examined whether migrasome-related lncRNA patterns were associated with prognosis and the tumor microenvironment. Transcriptomic, clinical, survival, and mutation data were obtained from the TCGA GDC portal. Migrasome-related genes were identified from published literature",https://pubmed.ncbi.nlm.nih.gov/42438812/,PubMed
Intercellular transfer of LncRNA ,"Ge Jiacheng, Ge Diankui",Biochemistry and biophysics reports,2026-07-14,"Post-infarction inflammation and adverse remodeling remain major therapeutic challenges in ischemic heart disease. However, how specific intercellular communication drives macrophage metabolic maladaptation during this process remains unclear. This study aimed to elucidate the mechanisms by which damaged cardiomyocytes epigenetically reprogram macrophage immunometabolism post-myocardial infarction",https://pubmed.ncbi.nlm.nih.gov/42438786/,PubMed
LncRNA NRIR Promotes Myocardial Injury Through the miR-515-5p/SLC40A1 Axis: Diagnostic and Prognostic Implications in Acute Myocardial Infarction.,"Wang Peng, Ma Yuling, Zhang Peirong",Korean circulation journal,2026-07-14,"Acute myocardial infarction (AMI) remains an important driver of cardiovascular mortality. Long non-coding RNA negative regulator of interferon response (NRIR) has been implicated in oxidative stress and apoptotic pathways, but its role in AMI is not yet clear. This study aimed to explore the diagnostic and prognostic significance of NRIR and its potential molecular mechanism in AMI. Two hundred t",https://pubmed.ncbi.nlm.nih.gov/42438246/,PubMed
Epigenetic silencing of the liver-specific lncRNA LUNAR promotes liver cancer progression via NOTCH activation.,"Jang Se Ha, Kim Hyung Seok, Baek Geum Ok",Molecular oncology,2026-07-14,"While long noncoding RNAs (lncRNAs) play critical roles in hepatocellular carcinoma (HCC) pathogenesis, the regulatory mechanisms governing liver-specific lncRNAs remain poorly defined. Here, we systematically analyzed staging-specific transcriptomic datasets to identify functionally relevant lncRNAs involved in HCC progression. We identified a liver-specific lncRNA, termed LUNAR (Liver-specific U",https://pubmed.ncbi.nlm.nih.gov/42438106/,PubMed
Targeting long non-coding RNA H19 attenuates PKM2 deficiency-driven stemness property in tongue cancer.,"Sun Wan-Hsuan, Peng Ta-Jung, Hsieh Ru-Min",Biomedical journal,2026-07-14,"Cancer stem cells (CSCs) drive tumor recurrence and metastasis via metabolic reprogramming. Although pyruvate kinase M2 (PKM2) is associated with poor prognosis in head and neck cancer (HNC), the loss of PKM2 promotes tumor formation in mice. Long non-coding RNAs (lncRNAs) have been widely implicated in cancer stemness regulation. However, their roles in PKM2 deficiency-mediated tumor progression ",https://pubmed.ncbi.nlm.nih.gov/42437633/,PubMed
Chlorotoxin suppresses melanoma vasculogenic mimicry via LINC01235/miR-128-3p/YY1/ VEGFR2/NRP1 axis.,"Zhou Xinxin, Li Zhaoliang, Zhu Baicheng",iScience,2026-07-14,"Vasculogenic mimicry (VM), a process of vascular-like channel formation for nutrient acquisition, drives melanoma metastasis and poor prognosis. We demonstrate that Chlorotoxin (CTX) effectively targets VM in melanoma. In A375 and A2058 cells, CTX dose-dependently inhibits proliferation with IC50 values of 1.0 and 0.8 μM, respectively. Furthermore, sub-lethal CTX (0.4 μM) impairs cell migration an",https://pubmed.ncbi.nlm.nih.gov/42436998/,PubMed
"SnoRNAs and SNHGs in bone development, homeostasis, and disease.","Zhang Wei, Liu Yanqi, Wu Qiang",iScience,2026-07-14,"Small nucleolar RNAs (snoRNAs) guide ribosomal RNA modification and regulate broader RNA-based programs, whereas snoRNA host gene-derived long non-coding RNAs, including SNHG-family transcripts, participate in post-transcriptional and epigenetic regulation. This review synthesizes evidence from skeletal stem/progenitor cells, osteoblast- and osteoclast-lineage models, chondrocytes, bone tumor syst",https://pubmed.ncbi.nlm.nih.gov/42436994/,PubMed
Correction: Long noncoding RNA GAS5 inhibits progression of colorectal cancer by interacting with and triggering YAP phosphorylation and degradation and is negatively regulated by the m,"Ni Wen, Yao Su, Zhou Yunxia",Molecular cancer,2026-07-14,,https://pubmed.ncbi.nlm.nih.gov/42436539/,PubMed
A novel lncRNA HUDRPC suppresses ferroptosis via the DDX5/DDIT3 pathway to promote docetaxel resistance in prostate cancer.,"Liang Sudong, Zheng Yuanji, Wu Xiaobo",Cancer letters,2026-07-14,"Docetaxel remains first-line chemotherapy for advanced prostate cancer (PCa), but acquired resistance severely limits durable clinical responses. While long non-coding RNAs (lncRNAs) are established as critical regulators of tumor chemoresistance, the specific mechanisms driving docetaxel resistance in PCa remain poorly understood. Here, we functionally characterized a novel docetaxel resistance-a",https://pubmed.ncbi.nlm.nih.gov/42435930/,PubMed
An Evaluation on the Role of Non-Coding RNA in HIV Transcription and Latency: A Review,Xiangshuai Liu,arXiv,2026-07-14,"The existence of latent cellular reservoirs is recognized as the major barrier to an HIV cure. Reactivating and eliminating ""shock and kill"" or permanently silencing ""block and lock"" the latent HIV reservoir, as well as gene editing, remain promising approaches, but so far have proven to be only partially successful. Moreover, using latency reversing agents or ""block and lock"" drugs pose additiona",http://arxiv.org/abs/2502.06107v1,arXiv
"Blood-derived lncRNAs as potential biomarkers for early cancer diagnosis: The Good, the Bad and the Beauty","Cedric Badowski, Bing He, Lana X Garmire",arXiv,2026-07-14,Cancer ranks as one of the deadliest diseases worldwide. The high mortality rate associated with cancer is partially due to the lack of reliable early detection methods and/or inaccurate diagnostic tools such as certain protein biomarkers. Cell-free nucleic acids (cfNA) such as circulating long non-coding RNAs (lncRNAs) have recently been proposed as a new class of potential biomarkers that could ,http://arxiv.org/abs/2109.11746v1,arXiv
BPPart and BPMax: RNA-RNA Interaction Partition Function and Structure Prediction for the Base Pair Counting Model,"Ali Ebrahimpour-Boroojeny, Sanjay Rajopadhye, Hamidreza Chitsaz",arXiv,2026-07-14,"RNA-RNA interaction (RRI) is ubiquitous and has complex roles in the cellular functions. In human health studies, miRNA-target and lncRNAs are among an elite class of RRIs that have been extensively studied. Bacterial ncRNA-target and RNA interference are other classes of RRIs that have received significant attention. In recent studies, mRNA-mRNA interaction instances have been observed, where bot",http://arxiv.org/abs/1904.01235v2,arXiv
"Non-viral and non-lipid nanoparticles for RNA therapeutics: Design, applications, and preclinical studies.","Jiang Mingxia, Cao Qiannan, Fang Huapan",Journal of controlled release : official journal of the Controlled Release Society,2026-07-14,"RNA therapeutics have emerged as versatile platforms for gene modulation and protein expression in vaccination, oncology, genetic disorders, and inflammatory diseases. However, their broader clinical application remains limited by inefficient delivery, insufficient tissue specificity, inadequate intracellular bioavailability, and long-term safety concerns. This review examines non-viral and non-li",https://pubmed.ncbi.nlm.nih.gov/42442549/,PubMed
A novel bivalent neoantigen vaccine based on mRNA-loaded lipid nanoparticles eradicates hepatocellular carcinoma in mice.,"Younis Mahmoud A, Sato Yusuke, Elewa Yaser H A",Journal of controlled release : official journal of the Controlled Release Society,2026-07-14,"Herein, we report the development of a novel bivalent neoantigen vaccine against hepatocellular carcinoma (HCC) that integrates the technologies of lipid nanoparticles (LNPs) and messenger RNA (mRNA) vaccines. A spleen-homing LNP formulation, CL15H6 LNPs, was used to deliver mRNAs encoding for the epitopes of HCC-specific neoantigens; Alpha fetoprotein (AFP) and Glypican 3 (GPC3), to splenic dendr",https://pubmed.ncbi.nlm.nih.gov/42442546/,PubMed
Ligand-Mediated Reprogramming Redirects Liver-Tropic Ionizable Lipid Nanoparticles for Lung-Selective mRNA Delivery.,"Gu Zhuxiao, Xiong Xinhong, Chen Xiang",Angewandte Chemie (International ed. in English),2026-07-14,"Systemic delivery of messenger RNA (mRNA) to target tissues and cells using lipid nanoparticles (LNPs) holds transformative potential for gene therapy. However, most clinically validated LNP exhibit strong liver tropism, and redirecting their organ specificity without redesigning entirely new chemistries remains challenging. Here we present a ligand-mediated lipid reprogramming approach that repur",https://pubmed.ncbi.nlm.nih.gov/42441759/,PubMed
Metal Ion Nanosystems for Targeted siRNA Delivery and Coordinated Macrophage Polarization Modulation for Liver Fibrosis Reversal.,"Yu Dongrun, Han Hongyun, Jia Huizhen",ACS applied materials & interfaces,2026-07-14,"RNA therapeutics represent a promising avenue for liver fibrosis treatment, owing to their ability to downregulate cytokine levels in key effector cells. However, targeted delivery of RNA to hepatic macrophages remains a critical hurdle. Here, the metal ion-based nanosystem is designed for the efficient loading of RNA and its targeted delivery to macrophages. This system effectively inhibits TNF-α",https://pubmed.ncbi.nlm.nih.gov/42441495/,PubMed
Systemically delivered mRNA-LNPs transfect primary and secondary liver tumors.,"Leighton Laura J, Gee Yee Jing, Madugalle Sachithrani U",Molecular therapy. Nucleic acids,2026-07-14,"Primary liver cancer is the sixth most prevalent cancer globally and is often diagnosed late, when treatment options are limited. Secondary liver cancer, arising from metastasis of other cancers to the liver, is a common complication of advanced solid cancers and a significant cause of cancer-related morbidity and mortality. Existing treatment options for advanced primary and secondary liver tumor",https://pubmed.ncbi.nlm.nih.gov/42440881/,PubMed
Mitochondrial ncRNAs: From Pathological Regulation to Targeted Therapy in Cardiovascular Diseases.,"Li Cheng, Yuan Qiong",Journal of cardiovascular translational research,2026-07-14,"Heart failure (HF) is closely linked to mitochondrial dysfunction, featured by abnormal energy metabolism, excessive reactive oxygen species (ROS), and imbalanced mitochondrial dynamics. Clinically, effective targeted therapies for mitochondrial dysfunction are still lacking, which aggravates HF and multi-organ injury. Mitochondrial non-coding RNAs (mt-ncRNAs) form a regulatory network critical fo",https://pubmed.ncbi.nlm.nih.gov/42440158/,PubMed
Engineered Extracellular Vesicles as Programmable Immune Interfaces: Surface and Cargo Engineering for Cancer Immunotherapy and Tolerance.,"Yamano Tomoyoshi, Hanayama Rikinari",Cells,2026-07-14,"Extracellular vesicles (EVs) are membrane-enclosed nanoparticles that mediate intercellular communication in the immune system by transferring proteins, nucleic acids, and lipids. Their biocompatibility, nanoscale size, and capacity for cell-type-selective delivery have stimulated growing interest in engineering EVs as therapeutic platforms. In this review, we discuss recent advances in EV enginee",https://pubmed.ncbi.nlm.nih.gov/42439687/,PubMed
LRG1 Drives Pathological Angiogenesis by Disrupting Neutrophil Mitochondrial Homeostasis in Bladder Cancer.,"Chen Dongshan, Zhang Cong, Xue Song","Advanced science (Weinheim, Baden-Wurttemberg, Germany)",2026-07-14,"Abnormal tumor vasculature creates a permissive microenvironment that fuels the malignant progression of bladder cancer (BCa). While Leucine-rich alpha-2 glycoprotein 1 (LRG1) is known to regulate angiogenesis, its specific role in remodeling the BCa microenvironment remains poorly defined.We integrated single-cell RNA sequencing (scRNA-seq) with bulk transcriptomic datasets to identify key cellul",https://pubmed.ncbi.nlm.nih.gov/42439413/,PubMed
Lipoic Acid Derivative/PEI Composite Nanoparticles Enable Efficient mRNA Delivery via Thiol-Mediated Cellular Uptake.,"Zhang Luwei, Gao Yuduo, Hu Zhenghao",Macromolecular bioscience,2026-07-14,"Nanoparticle (NP) carriers are critical for enhancing the stability and cellular uptake of mRNA, enabling its therapeutic potential. However, conventional mRNA NP carriers enter cells via endocytosis, followed by endosome-lysosome trafficking, which leads to inefficient mRNA release into the cytoplasm. This insufficient endosomal escape has become a challenge in improving mRNA delivery efficiency ",https://pubmed.ncbi.nlm.nih.gov/42438998/,PubMed
Stable yet shifting: Early toxin dynamics in typical and atypical clownfish-anemone symbioses.,"Macrander J, Bennett A, Statile K",Toxicon: X,2026-07-14,"Among venomous animals, cnidarians represent the oldest metazoan lineage in which venom production and a specialized delivery system are defining synapomorphies. Cnidarians also represent the only venomous lineage for which mutualistic symbioses have evolved resulting in scenarios where mutualistic symbionts may also be targets of their venom. The most iconic example of this relationship is the mu",https://pubmed.ncbi.nlm.nih.gov/42438602/,PubMed
AAV vector production in suspension cells using PEI transfection and sodium butyrate with orthogonal assessment of function and quality.,"Ravendran Sujan, Fammé Simon, Noer Maya Graham",Molecular therapy. Advances,2026-07-14,"Adeno-associated virus (AAV) vectors are widely used in gene therapy, yet academic in-house production remains dominated by labor-intensive adherent cell workflows with limited scalability. Here, we describe an AAV vector production platform using suspension cells in orbital shaking Erlenmeyer flasks, based on polyethyleneimine (PEI) transfection and sodium butyrate supplementation. Following syst",https://pubmed.ncbi.nlm.nih.gov/42438474/,PubMed
From Morphology to Mechanism: Cryo-Electron Microscopy Insights into Lipid Nanoparticles for RNA Delivery.,"Mo Yulin, Zheng Gang",ACS nano,2026-07-14,"Lipid nanoparticles (LNPs) have emerged as the leading delivery platform for RNA therapeutics, yet the relationship between their internal structure and biological function remains incompletely understood. Cryogenic electron microscopy (cryo-EM) has revealed a striking diversity of LNP morphologies, but a coherent framework linking structural class to formation mechanism and functional outcome has",https://pubmed.ncbi.nlm.nih.gov/42438135/,PubMed
Advances in ,"Van Oers Florian, Katana Zoi, Flumens Donovan",Molecular therapy. Nucleic acids,2026-07-14,Electroporation of messenger RNA (mRNA) is an ,https://pubmed.ncbi.nlm.nih.gov/42437306/,PubMed
Chorioamnionitis and Glucocorticoids Elicit Acute Adverse Effects on the Developing Ovine Fetal Ovaries.,"Seah K Y M, Carter S W D, Usuda H","Reproduction (Cambridge, England)",2026-07-14,"Antenatal corticosteroid (ANS) therapy and chorioamnionitis are common antecedents of preterm birth, yet their effects on the developing fetal ovary remain poorly understood. Long-term follow-up of 45% of participants from the Auckland Steroid Trial reported that high-dose antenatal betamethasone exposure was associated with a modest delay in female reproductive maturation and a non-significant tw",https://pubmed.ncbi.nlm.nih.gov/42435406/,PubMed
Manganese-Functionalized GelMA Hydrogels for MRI-Guided Immunotheranostics in Precision Oncology,"Motahareh Nazari, Keyvan Alavi",arXiv,2026-07-14,"Precision oncology requires multifunctional platforms capable of integrating accurate tumor diagnosis, localized therapeutic delivery, immune modulation, and real-time monitoring of treatment response. Gelatin methacryloyl (GelMA) hydrogels have emerged as versatile biomaterials for biomedical engineering because of their biocompatibility, extracellular matrix-like structure, tunable mechanical pr",http://arxiv.org/abs/2606.29599v1,arXiv
Reinforcement-guided generative protein language models enable de novo design of highly diverse AAV capsids,"Lucas Ferraz, Ana F. Rodrigues, Pedro Giesteira Cotovio",arXiv,2026-07-14,"Adeno-associated viral (AAV) vectors are widely used delivery platforms in gene therapy, and the design of improved capsids is key to expanding their therapeutic potential. A central challenge in AAV bioengineering, as in protein design more broadly, is the vast sequence design space relative to the scale of feasible experimental screening. Machine-guided generative approaches provide a powerful m",http://arxiv.org/abs/2603.19473v1,arXiv
Predicting Early and Complete Drug Release from Long-Acting Injectables Using Explainable Machine Learning,"Karla N. Robles, Manar D. Samad",arXiv,2026-07-14,"Polymer-based long-acting injectables (LAIs) have transformed the treatment of chronic diseases by enabling controlled drug delivery, thus reducing dosing frequency and extending therapeutic duration. Achieving controlled drug release from LAIs requires extensive optimization of the complex underlying physicochemical properties. Machine learning (ML) can accelerate LAI development by modeling the ",http://arxiv.org/abs/2601.02265v1,arXiv
The thermodynamics of pressure activated assembly of supramolecules in isochoric and isobaric systems,Boris Rubinsky,arXiv,2026-07-14,"The efficacy of cryopreservation is constrained by the difficulty of achieving sufficiently high intracellular concentrations of cryoprotective solutes without inducing osmotic injury or chemical toxicity during loading. This thermodynamic study introduces a new conceptual mechanism for cryoprotectant delivery into cells directly or through vascular perfusion. In this framework, effective cryoprot",http://arxiv.org/abs/2601.00599v1,arXiv
"Nasal immunity in respiratory viral infection, transmission, and protection.","Kazer Samuel W, Walsh Jaclyn M L, Juttukonda Lillian J",Immunity,2026-07-14,"The nasal mucosa plays key roles in protecting against airborne pathogens as the major barrier to the airway. Catalyzed by the COVID-19 pandemic, recent studies focusing on nasal immunity have begun to elucidate how epithelial and immune cells work in concert to fight viral infection, reduce spread to the lower airways, and limit onward transmission. Technologies such as single-cell RNA sequencing",https://pubmed.ncbi.nlm.nih.gov/42442360/,PubMed
Optimized seasonal influenza mRNA vaccine compositions demonstrate safety and enhanced immunogenicity in a phase 2 study.,"Fierro Carlos, Lin Miaoxin, Girard Bethany",Human vaccines & immunotherapeutics,2026-07-14,"Seasonal influenza causes considerable morbidity and mortality, with influenza A and B viruses driving most influenza-associated hospitalizations and deaths. Vaccination remains a key influenza prevention strategy; however, current seasonal influenza vaccines based on traditional platforms provide inconsistent protection. Messenger RNA - based vaccines may offer several key advantages over other v",https://pubmed.ncbi.nlm.nih.gov/42441816/,PubMed
Pre-existing Comorbidities as Potential Risk Modifiers for New-Onset Myocarditis and Pericarditis following mRNA COVID-19 Vaccination in Males Aged 18-30 in the United States: A Disproportionality Analysis using VAERS Spontaneous Reporting Data.,"Salem Mohammed Salah, Moride Yola, Bégaud Bernard",Drugs - real world outcomes,2026-07-14,"Rare cases of myocarditis and pericarditis following mRNA coronavirus disease-19 (COVID-19) vaccination have been reported, primarily among males under 30 years of age. Although the underlying mechanisms remain unclear, cardiovascular risk factors such as hypertension, diabetes, dyslipidemia, and obesity have been hypothesized as potential contributors. Using the Vaccine Adverse Event Reporting Sy",https://pubmed.ncbi.nlm.nih.gov/42440199/,PubMed
GC content mismatch of transgene destabilizes RNA virus genomes.,"Kawahara Sachiho, Nao Naganori, Tulakarnwong Sarun",Journal of virology,2026-07-14,"GC content-the proportion of guanine and cytosine nucleotides-varies widely among organisms and viruses. Although GC content is recognized to have biological significance, its functional role in viruses remains poorly understood. Here, we examined the impact of GC-content bias using three positive-sense single-stranded RNA viruses with distinct GC profiles: severe acute respiratory syndrome corona",https://pubmed.ncbi.nlm.nih.gov/42439551/,PubMed
Differential immune responses to SFTSV Gn and Gc mRNA vaccines in mice and dogs.,"Jiang Zezheng, Tian Li, Zhao Zhongxin",Microbiology spectrum,2026-07-14,"Severe fever with thrombocytopenia syndrome virus (SFTSV) is a tick-borne zoonotic pathogen with high mortality and no licensed vaccines. We developed two lipid nanoparticle-encapsulated mRNA vaccines encoding the Gn and Gc glycoproteins of SFTSV and evaluated their immunogenicity and protective efficacy in mice, as well as their immunogenicity in dogs. In mice, the Gn mRNA vaccine induced higher ",https://pubmed.ncbi.nlm.nih.gov/42439549/,PubMed
Modified Dendritic cells as a therapeutic platform in hematologic malignancies with translational insights from central nervous system tumors.,"Akbari Oryani Mahsa, Tabarsa Hossein, Hatamian Ghazaleh",Immunotherapy,2026-07-14,"Dendritic cell (DC) vaccines elicit specific immune responses capable of precisely eliminating target cells. In recent years, numerous studies have explored the use of DC vaccination for treating hematological malignancies such as acute myeloid leukemia (AML) and myelodysplastic syndromes (MDS), as well as various non-leukemic cancers. DCs are utilized primarily through two strategies-in situ and ",https://pubmed.ncbi.nlm.nih.gov/42438267/,PubMed
Sindbis virus self-amplifying replicon is compatible with modified nucleotides mediating expression and vaccine responses ,"Azizi Hiva, Agbayani Gerard, Renner Tyler M",Molecular therapy. Advances,2026-07-14,The advent of effective formulations based on RNA encapsulated within lipid nanoparticles has led to the evaluation of this technology for its ability to treat and prevent a wide range of diseases. Expansion of the RNA-based tool kit available to vaccine and drug developers will accelerate this development and hopefully produce more robust and cost-effective therapies. With its more sustained expr,https://pubmed.ncbi.nlm.nih.gov/42436853/,PubMed
"Genomic characterization of Mycoplasma bovis, Mannheimia haemolytica, and bovine viral diarrhea virus 1 from a bovine respiratory disease complex case.","Nielsen Daniel W, Holthausen David J, Goldkamp Anna K",BMC genomic data,2026-07-14,"Bovine respiratory disease (BRD) complex is a result of the interactions among pathogens, environmental factors, host factors, and management practices. Bacterial pathogens that contribute to BRD include Mycoplasma (Mycoplasmopsis) bovis, Mannheimia haemolytica, Pasteurella multocida, and Histophilus somni. Viral agents that contribute to BRD include bovine herpesvirus 1, bovine viral diarrhea vir",https://pubmed.ncbi.nlm.nih.gov/42436381/,PubMed
Single-nucleus transcriptomics-based drug screening platform for focal cortical dysplasia.,"Fang Chuantao, Meng Guilin, Yang Lin",Molecular psychiatry,2026-07-14,"Focal cortical dysplasias (FCDs) are a major cause of drug-resistant epilepsy, yet their molecular and pathological complexity has limited the development of effective antiseizure medications. Here, we performed single-nucleus RNA sequencing on 49 human neocortical specimens spanning FCDI-III. We identified prominent transcriptional alterations in non-neuronal populations, particularly astrocytes ",https://pubmed.ncbi.nlm.nih.gov/42436259/,PubMed
Comparative analysis of non-clinical and clinical safety assessment of COVID 19 vaccines.,"Gonin Camille, Crommelynck Samuel, Kayrouh Chloé",Regulatory toxicology and pharmacology : RTP,2026-07-14,"The aim of this work was to propose a comparative analysis of data from non-clinical studies and from pharmacovigilance evaluation collected following the COVID-19 vaccination campaign in France. Five authorized vaccines were included in the analysis: tozinameran (Comirnaty®), elasomeran (Spikevax®), ChAdOx1-S (Vaxzevria®), Ad26.COV2-S (Jcovden®), and the SARS-CoV-2-S protein with Matrix-M (Nuvaxo",https://pubmed.ncbi.nlm.nih.gov/42435835/,PubMed
Single-Cell and Spatial Transcriptomics Unveil Key Regulators Governing Cell Differentiation for Schistosoma japonicum Sexual Development.,"Lu Zhigang, Wang Xiaoxu, Li Shun","Advanced science (Weinheim, Baden-Wurttemberg, Germany)",2026-07-14,"Schistosomiasis remains a major global health challenge, primarily due to the large number of egg production by sexually mature parasites. However, the cellular basis and regulatory programs governing sexual development and egg production are poorly characterized. Here, we constructed a dynamic single-cell atlas of Schistosoma japonicum (S. japonicum) covering key development stages of sexual matu",https://pubmed.ncbi.nlm.nih.gov/42435768/,PubMed
Half-Life as a Therapeutic Design Axis: Targeting Short-Lived lncRNAs With Antisense Oligonucleotides.,Tani Hidenori,IUBMB life,2026-07-14,"Engineering RNA stability has become a cornerstone of modern therapeutics, almost entirely in one direction: mRNA vaccines established stabilisation of exogenous transcripts as a powerful design axis. The symmetric operation-exploitation of instability in endogenous targets-has been comparatively underexplored. We argue that target RNA half-life is an underused but quantitatively consequential des",https://pubmed.ncbi.nlm.nih.gov/42432430/,PubMed
Detection of ionisable lipids in equine plasma by supported liquid extraction and liquid chromatography-high-resolution tandem mass spectrometry for doping control of mRNA agents.,"Yuen Bruce Pui-Nam, Wong Kin-Sing, Cheung Hiu Wing",Journal of chromatography. A,2026-07-14,"Messenger ribonucleic acid (mRNA) has emerged as a new class of therapeutic agent with unprecedented potential. In particular, the lipid nanoparticle (LNP)-mRNA formulations enabled safe and effective delivery of mRNA in vivo, leading to the success of mRNA vaccines during the COVID-19 pandemic. To control the potential misuse of LNP-mRNA agents in equine sports, a simple and sensitive method has ",https://pubmed.ncbi.nlm.nih.gov/42430841/,PubMed
Infection of Rhesus Macaques with O'nyong-nyong virus UVRI-0804 recapitulates key aspects of human clinical disease.,"Jaeger Hannah K, Denton Michael, Andoh Takeshi F",PLoS neglected tropical diseases,2026-07-14,"O'nyong-nyong virus (ONNV) is a mosquito-borne alphavirus first isolated in Uganda in 1959. Since its discovery, ONNV has caused several outbreaks in Africa, manifesting clinically as fever, rash, and joint/muscle pain lasting months. Currently, we have a limited understanding of ONNV infection and disease in relevant animal models, which restricts the evaluation of vaccines and therapeutics. In 1",https://pubmed.ncbi.nlm.nih.gov/42430456/,PubMed
Cross-national patterns of COVID-19 vaccination coverage by vaccine type.,"Al-Zyoud Walid, Erekat Dana, Abudayah Mohammad",PLOS global public health,2026-07-14,"We examined whether COVID-19 vaccine type was associated with national full-vaccination coverage using 1034 country-vaccine entries from 195 countries derived from World Health Organization data. In a country-level analysis adjusting for World Bank income group, WHO region, and the number of vaccine products per country, neither mRNA vaccine availability (p = 0.051) nor the proportion of mRNA vacc",https://pubmed.ncbi.nlm.nih.gov/42430423/,PubMed
Adverse events following immunization during COVID-19 mass vaccination campaigns in the Democratic Republic of Congo: Findings from active safety surveillance.,"Kayumba Kizito, Duga Alemayehu, Papa Fallah Mosoka",PloS one,2026-07-14,"Post-marketing safety surveillance is essential for ensuring vaccine safety and maintaining public trust, particularly in African settings where evidence on the safety of COVID-19 vaccines remains limited. This study aimed to determine the overall incidence and types of AEFIs, as well as the factors associated with their occurrence, during COVI-19 mass vaccination campaigns in Democratic Republic ",https://pubmed.ncbi.nlm.nih.gov/42430326/,PubMed
Analytical Ultracentrifugation in Aotearoa: A Brief History of the Technique and its Place Among Other Tools Used to Investigate Biomolecular Interactions.,"Turk Liam S, Tillett Zachary D, McKenzie Rebecca E",Journal of the Royal Society of New Zealand,2026-07-14,Analytical ultracentrifugation (AUC) is a powerful and versatile tool for studying biomolecular interactions. The purpose of this commentary is to provide foundational knowledge of the technique and its uses through the presentation of two case studies in which AUC provides key data to answer research questions. The first case study concerns a practical formulation problem associated with mRNA-bas,https://pubmed.ncbi.nlm.nih.gov/42428557/,PubMed
Transformer-Based Active Learning for Data-Efficient Vaccine Epitope Selection in PRRS,"Aspen Erlandsson Brisebois, Zahed Khatooni, Connor Burbridge",arXiv,2026-07-14,"High-fidelity molecular docking simulations can produce biologically relevant estimates of epitope-receptor binding affinity but are computationally expensive and therefore limit the number of candidates that can be screened for vaccine design. In this work, we evaluate machine learning (ML) approaches where variants of active learning are used to classify instances of high binding affinity betwee",http://arxiv.org/abs/2606.28659v1,arXiv
Exploring the Effects of Entanglement on Quantum Machine Learning of Pathogen Epitope-Receptor Binding,"Aspen Erlandsson Brisebois, Luis Pablo Gonzalez Dominguez, Shivansi Prajapati",arXiv,2026-07-14,"Parameterized quantum circuits (PQCs) provide a flexible substrate for hybrid quantum machine learning (QML), but their practical value on Noisy Intermediate-Scale Quantum (NISQ) devices remains an empirical question, especially because training depth and scale can introduce optimization challenges such as barren plateaus. Here we study how the number and topology of two-qubit entangling gates in ",http://arxiv.org/abs/2606.28655v1,arXiv
Adenosine-A Regulator of Human Testicular Peritubular Cells.,"Scholz Lina, Liebich Annika, Stepanov Youli",Andrology,2026-07-14,"Extracellular purines, in particular ATP and adenosine, are regulators of physiological and pathophysiological processes throughout the human body. Roles in the human testis are emerging and include actions on peritubular cells, which form the wall of seminiferous tubules. Here, we examined adenosine-evoked consequences in human testicular peritubular cells (HTPCs). HTPCs were isolated from testic",https://pubmed.ncbi.nlm.nih.gov/42444403/,PubMed
DMAMCL induces ferroptosis in neuroblastoma by targeting HMOX1 in MYCN-amplified subtypes whereas targeting STEAP3 in MYCN-nonamplified subtypes.,"Ma Yifan, Zhang Simeng, Zhang Dongyang",Redox report : communications in free radical research,2026-07-14,"Neuroblastoma (NB) is a common pediatric extracranial solid tumor. Dimethylaminomicheliolide (DMAMCL), a prodrug of Micheliolide (MCL), shows antitumor activity against NB, but its mechanisms remain unclear. This study investigated the antitumor mechanisms of DMAMCL in NB. Key pathways/genes were identified by RNA-seq and ferroptosis PCR array. Ferroptosis was confirmed by indicators. Mechanisms w",https://pubmed.ncbi.nlm.nih.gov/42444025/,PubMed
Treating a patient with ADP porphyria through suppression of both hepatic and erythroid ALA production.,"Veldhoen Niels C, Peltenburg Nicole C, van Beers Eduard J",Orphanet journal of rare diseases,2026-07-14,"δ-Aminolevulinic acid dehydratase deficient porphyria (ADP) is an exceedingly rare form of acute porphyria, with only fifteen published cases worldwide. This disorder has historically been considered an hepatic porphyria, as it was thought the overproduction of the toxic metabolite δ-Aminolevulinic acid (ALA) solely occurred in the liver. This case report demonstrates that treatments focused on re",https://pubmed.ncbi.nlm.nih.gov/42443962/,PubMed
"Comparison of the permeability of DPP-4 inhibitors-sitagliptin, vildagliptin, linagliptin, and alogliptin-in placental barrier cell models and exploration of their transport mechanisms by LC-MS/MS.","Bai Mengru, Shen Qian, Wu Yong",BMC pregnancy and childbirth,2026-07-14,"Uncontrolled hyperglycemia in pregnancy poses risks to both mother and fetus, but treatment options are limited. Sitagliptin, vildagliptin, linagliptin, and alogliptin are dipeptidyl peptidase-4 (DPP-4) inhibitors effective in type 2 diabetes. However, data on their placental transfer and safety in pregnant women is lacking. Therefore, this study compared the permeability of these drugs in multipl",https://pubmed.ncbi.nlm.nih.gov/42443801/,PubMed
Anti-capsid nanobodies function as HIV-1 capsid inhibitors by intracellular capsid degradation.,"Stel Florence M, Verkuijlen Charlotte E J, Zijlstra-Willems Esther M",Communications biology,2026-07-14,"Antiretroviral therapy (ART) strategies against HIV-1 have been successful in suppressing HIV-1 replication and preventing disease progression. However, drug-resistance development, side-effects and life-long adherence of current drugs have driven the development of novel inhibitors against HIV-1. Inhibition of capsid production by targeting the highly conserved capsid protein (CA) has shown to be",https://pubmed.ncbi.nlm.nih.gov/42443510/,PubMed
Macrophage CCRL2 promotes NLRP3 inflammasome activation to exacerbate atherosclerosis.,"Cai Qian, Duan Zhen, Yang Zhongwei",Cellular & molecular immunology,2026-07-14,"Atherosclerotic lesions contain heterogeneous macrophage populations with divergent functional phenotypes that play opposing roles in disease progression, creating a major obstacle for the development of macrophage-targeted therapy. The identification of novel molecules that exhibit both preferential expression and functional activity in inflammatory plaque macrophages is crucial for the developme",https://pubmed.ncbi.nlm.nih.gov/42443330/,PubMed
Differential role for hepatic glucuronidation and sulfonation in controlling the 24S-hydroxycholesterol ability to activate LXR.,"Brousseau Valérie, Rettenmeier Eva, Verreault Mélanie",Scientific reports,2026-07-14,"24S-hydroxycholesterol (24SOH-Chol) is a bioactive cholesterol metabolite formed in the brain. This endogenous activator of the cholesterol sensor, liver X receptor (LXR) is abundantly found as a sulfate-glucuronide diconjugate in the human plasma. The present study characterizes the human sulfonating (SULT) and glucuronidating (UGT) enzymes; and evaluates how these enzymes impact its ability to b",https://pubmed.ncbi.nlm.nih.gov/42443275/,PubMed
Human stem cell-derived hepatic cells recapitulate polygenic risk in MASLD development and highlight CD36 as a key mediator.,"Gatzios Alexandra, Stinckens Marth, Verhoeven Anouk",Life sciences,2026-07-14,"Several genetic variants have been identified that impact outcomes in patients with metabolic dysfunction-associated steatohepatitis (MASH), but cellular platforms to identify molecular targets for treatment remain scarce. This study aims to employ a polygenic risk score for hepatic fat content (PRS-HFC) in a human-based in vitro model to identify potential druggable targets related to a genetic r",https://pubmed.ncbi.nlm.nih.gov/42442603/,PubMed
Environmental benzophenone exposure promotes liver cancer cell proliferation via the IRE1α-XBP1s pathway.,"Wang Rong, Yang Jing, Wang Kailun",Food and chemical toxicology : an international journal published for the British Industrial Biological Research Association,2026-07-14,"Humans are widely exposed to benzophenones, ultraviolet absorbers in sunscreens that accumulate in the liver. This study investigated the impact of chronic benzophenone exposure on hepatocellular carcinoma (HCC). We established a long-term culture model treating HepG2, Huh7 and normal hepatocyte LO2 with 5 nM 4-hydroxybenzophenone (4HBP), a major metabolite of benzophenones. Cell proliferation was",https://pubmed.ncbi.nlm.nih.gov/42442597/,PubMed
HFPO-DA exacerbates acute ischemic stroke outcomes in rats via the CSNK2A1/GSK3B/NF-κB signaling pathway.,"Jia Fang, Chen Di, Huang Ziyuan",Ecotoxicology and environmental safety,2026-07-14,"The incidence of acute ischemic stroke (AIS) has shown a persistent upward trend in recent years. External factors, including chemical and plastic exposures, have been shown to worsen the prognosis of cerebrovascular diseases, especially AIS. Hexafluoropropylene oxide dimer acid (HFPO-DA), a prevalent plastic additive, is globally distributed. However, its bioaccumulation potential and neurovascul",https://pubmed.ncbi.nlm.nih.gov/42442280/,PubMed
Multi-omics analysis of arginine metabolism in ovarian cancer: A prognostic signature and GTF2F2-driven stromal remodeling.,"Zhang Dongyao, Sheng Jing, Hu Yue",Translational oncology,2026-07-14,"Arginine metabolism shapes tumor growth, stromal activation, and antitumor immunity, yet its translational relevance in ovarian cancer (OV) remains incompletely defined. We sought to derive an arginine-metabolism-related signature (AMRS) for prognosis and therapy guidance and to nominate actionable regulators. We analysed single-cell and harmonized bulk RNA sequencing datasets. Arginine-metabolism",https://pubmed.ncbi.nlm.nih.gov/42442222/,PubMed
Apatinib inhibits gastric cancer progression by inducing ferroptosis through cysteine dioxygenase 1/phosphoinositide 3-kinase/Akt axis.,"Li Li-Bin, Xu Wen-Ji",The Journal of pharmacology and experimental therapeutics,2026-07-14,"Although the clinical efficacy of apatinib in advanced gastric cancer has been widely confirmed, its anticancer mechanism still needs to be further studied. This study found that apatinib significantly inhibited gastric cancer cell viability by inducing the expression of cysteine dioxygenase 1 (CDO1; a key ferroptosis regulatory gene) and then enhancing ferroptosis, and CDO1 knockdown reduced ferr",https://pubmed.ncbi.nlm.nih.gov/42442018/,PubMed
Inclisiran in advanced chronic kidney disease (stage G4-G5 non-dialysis): sustained LDL-C reduction and favorable safety profile at 1-year follow-up in a real-world case series.,"Chandu Nanwani Avinash, De la Flor Merino Jose Carlos, Jiménez Mayor Elena",Frontiers in medicine,2026-07-14,"Advanced chronic kidney disease (CKD; stages G4-G5 not on dialysis) is associated with very high cardiovascular risk, and lipid control is particularly challenging due to reduced statin efficacy and frequent intolerance. Inclisiran, a small interfering RNA (siRNA) that inhibits hepatic PCSK9 synthesis, has demonstrated sustained LDL-C reductions in clinical trials, though data in advanced CKD rema",https://pubmed.ncbi.nlm.nih.gov/42440710/,PubMed
SnRNA-seq and genome-wide CRISPR screening define the complete transcriptional trajectory and functional drivers of podocyte stress.,"Qing Jianbo, Hu Jiaying, Wang Xiao",Cellular and molecular life sciences : CMLS,2026-07-14,"Podocyte injury is a central driver of proteinuria and progressive kidney dysfunction. Although podocytes are continuously exposed to diverse stressors in both physiological and pathological contexts, the dynamic processes underlying their adaptation and eventual failure remain poorly defined. Here, we performed integrative single-nucleus RNA sequencing of kidney tissues from patients with six typ",https://pubmed.ncbi.nlm.nih.gov/42440147/,PubMed
Gene Silencing of ANGPTL3 Induces PCSK9: Exploring the Biological Significance in the Hepatoma Huh7 Cell Line.,"Rossi Ilaria, Chen Ruolan, Hazizaj Enidia",Cells,2026-07-14,"Angiopoietin-like 3 (ANGPTL3) and proprotein convertase subtilisin/kexin type 9 (PCSK9) are key regulators of lipid homeostasis. We have previously shown that gene silencing of ANGPTL3 significantly induces PCSK9 expression in the human hepatoma cell line Huh7. Here, we investigated the biological significance of this regulation in the cultured human hepatoma cell line Huh7. We performed an RNA-se",https://pubmed.ncbi.nlm.nih.gov/42439671/,PubMed
Generation of Blood Vascular Endothelial-Neural 3D Organoids by Serial Induction of Differentiation on Human iPSC-Derived Embryoid Bodies.,"Wang Tongguang, Bagnell Anna, McDonald Valerie",Cells,2026-07-14,"The 3D brain organoids have been widely used as a tool to study human brain development and disorders. Although angiogenesis and blood vascular endothelial cells play important roles in brain development and pathogenesis in neurological disorders, most 3D brain organoids lack inherent endothelial cells and need either the addition of differentiated endothelial cells or to be transplanted to animal",https://pubmed.ncbi.nlm.nih.gov/42439668/,PubMed
CRISPRi-Mediated Epigenetic Suppression of TERT Reduces Cell Growth in Non-Small-Cell Lung Cancer Cells.,"Park Seong-Ho, Hong Juyoung, Hwang Woochang",Cells,2026-07-14,"TERT, the catalytic subunit of telomerase, is aberrantly activated in most cancers and represents an attractive therapeutic target. However, conventional ",https://pubmed.ncbi.nlm.nih.gov/42439627/,PubMed
A Transient Receptor Potential-related Gene Model for the Prognostic Assessment and Drug Sensitivity Prediction in Osteosarcoma.,"Li Xiangming, Zhang Minghang, Xu Ziyi",Current medicinal chemistry,2026-07-14,"The current study investigated the correlation between Transient Receptor Potential (TRP)-related Genes (TRGs), prognosis, and drug sensitivity in Osteosarcoma (OS). Data from the TARGET-OS and GSE21257 were analyzed for Single-Sample Gene Set Enrichment Analysis (ssGSEA) and Weighted Gene Co-expression Network Analysis (WGCNA). Based on the results from functional enrichment analysis, prognostic ",https://pubmed.ncbi.nlm.nih.gov/42439350/,PubMed
DeepSilencer: A Novel Deep Learning Model for Predicting siRNA Knockdown Efficiency,"Wangdan Liao, Weidong Wang",arXiv,2026-07-14,"Background: Small interfering RNA (siRNA) is a promising therapeutic agent due to its ability to silence disease-related genes via RNA interference. While traditional machine learning and early deep learning methods have made progress in predicting siRNA efficacy, there remains significant room for improvement. Advanced deep learning techniques can enhance prediction accuracy, reducing the relianc",http://arxiv.org/abs/2503.04200v1,arXiv
Maturation of siRNA by strand separation: Steered Molecular dynamics study,"Rakesh K Mishra, Sanchita Mukherjee, Dhananjay Bhattacharyya",arXiv,2026-07-14,"RNA interference, particularly siRNA induced gene silencing is becoming an important avenue of modern therapeutics. The siRNA is delivered to the cells as short double helical RNA which becomes single stranded for forming the RISC complex. Significant experimental evidence is available for most of the steps except the process of the separation of the two strands. We have attempted to understand th",http://arxiv.org/abs/1910.03778v1,arXiv
Using a hydrogen-bond index to predict the gene-silencing efficiency of siRNA based on the local structure of mRNA,"Kathy Q. Luo, Donald C. Chang",arXiv,2026-07-14,The gene silencing effect of short interfering RNA (siRNA) is known to vary strongly with the targeted position of the mRNA. A number of hypotheses have been suggested to explain this phenomenon. We would like to test if this positional effect is mainly due to the secondary structure of the mRNA at the target site. We proposed that this structural factor can be characterized by a single parameter ,http://arxiv.org/abs/1710.07413v1,arXiv
Unraveling siRNA Unzipping Kinetics with Graphene,"Santosh Mogurampelly, Swati Panigrahi, Dhananjay Bhattacharyya",arXiv,2026-07-14,"Using all atom molecular dynamics simulations, we report spontaneous unzipping and strong binding of small interfering RNA (siRNA) on graphene. Our dispersion corrected density functional theory based calculations suggest that nucleosides of RNA have stronger attractive interactions with graphene as compared to DNA residues. These stronger interactions force the double stranded siRNA to spontaneou",http://arxiv.org/abs/1207.4569v1,arXiv
Unzipping and binding of small interfering RNA with single walled Carbon Nanotube: a platform for small interfering RNA delivery,"Mogurampelly Santosh, Swati Panigrahi, Dhananjay Bhattacharyya",arXiv,2026-07-14,"In an effort to design efficient platform for siRNA delivery, we combine all atom classical and quantum simulations to study the binding of small interfering RNA (siRNA) by pristine single wall carbon nanotube (SWCNT). Our results show that siRNA strongly binds to SWCNT surface via unzipping its base-pairs and the propensity of unzipping increases with the increase in the diameter of the SWCNTs. T",http://arxiv.org/abs/1203.2409v1,arXiv
Nanodiamond as a vector for siRNA delivery to Ewing sarcoma cells,"Anna Alhaddad, Marie-Pierre Adam, Jacques Botsoa",arXiv,2026-07-14,"We investigated the ability of diamond nanoparticles (nanodiamonds, NDs) to deliver small interfering RNA (siRNA) in Ewing sarcoma cells, in the perspective of in vivo anti-cancer nucleic acid drug delivery. siRNA was adsorbed onto NDs previously coated with cationic polymer. Cell uptake of NDs has been demonstrated by taking advantage of NDs intrinsic fluorescence coming from embedded color cente",http://arxiv.org/abs/1106.2252v2,arXiv
Target prediction and a statistical sampling algorithm for RNA-RNA interaction,"F. W. D. Huang, J. Qin, C. M. Reidys",arXiv,2026-07-14,"It has been proven that the accessibility of the target sites has a critical influence for miRNA and siRNA. In this paper, we present a program, rip2.0, not only the energetically most favorable targets site based on the hybrid-probability, but also a statistical sampling structure to illustrate the statistical characterization and representation of the Boltzmann ensemble of RNA-RNA interaction st",http://arxiv.org/abs/0908.0597v1,arXiv
In silico evidence of the relationship between miRNAs and siRNAs,"Ludovica Montanucci, Piero Fariselli, Pier Luigi Martelli",arXiv,2026-07-14,"Both short interfering RNAs (siRNAs) and microRNAs (miRNAs) mediate the repression of specific sequences of mRNA through the RNA interference pathway. In the last years several experiments have supported the hypothesis that siRNAs and miRNAs may be functionally interchangeable, at least in cultured cells. In this work we verify that this hypothesis is also supported by a computational evidence. We",http://arxiv.org/abs/0705.2355v1,arXiv
