title,authors,journal,date,abstract,link,source
UPF1-dependent glycolysis driven by LINC00887 facilitates macrophage M2 polarization in clear cell renal cell carcinoma.,"Wu Jiayue, Wang Jiawen, Weng Jingyu",Frontiers in immunology,2026-10-08,"LINC00887 plays critical roles in tumor biology, from oncogenesis to metastasis and drug resistance, while the specific mechanism in ccRCC remains unclear. We analyzed the expression profiles of LINC00887 and UPF1 and assessed their correlation with glycolytic activity and M2 macrophage infiltration. Here, we performed scRNA-seq to identify distinct UPF1 expression profiles and found significant p",https://pubmed.ncbi.nlm.nih.gov/42846147/,PubMed
Cardio-oncology-relevant programmes in the cervical cancer tumour microenvironment: an exploratory multi-omics and endothelial-cell study.,"Cai Rongrong, Shen Suqin, Gu Chunyan",Frontiers in cardiovascular medicine,2026-10-08,"Bevacizumab and immune-checkpoint inhibitors (ICIs) improve outcomes in advanced cervical cancer but may cause cardiovascular toxicity (CVT). Public cervical-cancer transcriptomic datasets do not contain cardiac tissue or adjudicated CVT outcomes; consequently, tumour-microenvironment (TME) expression cannot by itself establish a cardiac susceptibility mechanism. We reanalysed the available data t",https://pubmed.ncbi.nlm.nih.gov/42845998/,PubMed
Maternal Antibody Interference and Hybrid Immune Responses to COVID-19 Vaccination in Young Children.,"Prahl Mary, Swaminathan Srividhya, Bourdoud Nadia",Research square,2026-10-08,"Passively transferred SARS-CoV-2 maternal antibody (MatAb) provides significant protection against COVID-19 hospitalization in infancy, however the impact of MatAb presence and prior COVID-19 infection on the immunogenicity and longitudinal durability of SARS-CoV-2 mRNA vaccination in young children, is not known. Here, we evaluate pre- and post-vaccination and longitudinal SARS-CoV-2 antibody res",https://pubmed.ncbi.nlm.nih.gov/42845584/,PubMed
Safeguarding epithelial junctions by a novel quality control pathway.,"Tocchini Cristina, Angonezi Angelo L, Pulido Barrera Dania Camila",bioRxiv : the preprint server for biology,2026-10-08,"Cell junctions establish and maintain epithelial architecture despite fluctuating environmental and developmental conditions. A central question is how cells respond to challenging conditions to preserve junctional integrity. Here, we report the discovery of a previously unrecognized quality control pathway that monitors epithelial junctions (J-QC). We used the ",https://pubmed.ncbi.nlm.nih.gov/42845539/,PubMed
Spatial Logic Reconciles Gene-signature Methods in Triple Negative Breast Cancer.,"Bastian William, Meisel Jane L, Lee Ji-Hoon",bioRxiv : the preprint server for biology,2026-10-08,"Triple-Negative Breast Cancer (TNBC) presents a significant clinical challenge due to its heterogeneity and lack of targeted treatment options, with chemotherapy and immunotherapy combinations currently serving as the main therapeutic strategy. Efforts to address TNBC heterogeneity have largely focused on classifying intrinsic cancer subtypes based on differential tumor mRNA expression, a strategy",https://pubmed.ncbi.nlm.nih.gov/42845422/,PubMed
Exposure Duration Shapes the Hepatic Response to GenX: Divergent Acute and Chronic Transcriptomic Profiles Reveal Non-Monotonic Dose Effects and Increased Sensitivity in Human Liver Spheroids.,"Kim Chanhee, Tagmount Abderrahmane, Zhu Zhaohan",bioRxiv : the preprint server for biology,2026-10-08,"Hexafluoropropylene oxide dimer acid (GenX), a replacement for legacy per- and polyfluoroalkyl substances (PFAS), is increasingly detected in the environment, yet its chronic toxicity remains poorly characterized. Current safety assessments rely largely on short-term, high-dose studies that may not capture the biological consequences of long-term, low-dose exposure. To address this gap, we employe",https://pubmed.ncbi.nlm.nih.gov/42845386/,PubMed
APOBEC3G Splicing Defects in Nonhuman Primate Models Result in Disparate Viral Mutational Profiles Relative to Humans.,"Mendez Armando D, Springman-Rodriguez Rachael, Bokani Ayub",bioRxiv : the preprint server for biology,2026-10-08,"Nonhuman primates (NHPs), particularly macaques, are indispensable models for studying human infectious diseases due to their close immunological and physiological similarities. Understanding species-specific molecular differences is essential for maximizing the translational value of these models. Here we report that ",https://pubmed.ncbi.nlm.nih.gov/42845385/,PubMed
Reversible m ,"Liu Shan, Malik Ayma F, Chien Raymond",bioRxiv : the preprint server for biology,2026-10-08,"Mu opioids, such as morphine, are effective analgesics, but their reward and tolerance drive opioid use disorder. A major goal is to achieve analgesia without these harmful effects. Here we show that morphine reward and tolerance require the RNA demethylase FTO. Genetic depletion and pharmacologic inhibition of FTO each reduced morphine reward, measured by conditioned-place preference, and reduced",https://pubmed.ncbi.nlm.nih.gov/42845381/,PubMed
Meta-analysis of Genes and Pathways that Protect Against Hypoxia.,"McGranaghan Emmett, Watzinger Ginger Z, Kerri-Ann Norton",bioRxiv : the preprint server for biology,2026-10-08,"Oxygen is essential for all terrestrial animals, but there is dramatic variability in how well different animals and even different cell types can adapt to reduced oxygen availability. We used a meta-analysis of the literature, with a focus on mouse studies, to identify pathways that might act to protect animals in low oxygen environments. We identified 108 genes whose mRNA levels change under hyp",https://pubmed.ncbi.nlm.nih.gov/42845369/,PubMed
Arc mediates intercellular synaptic plasticity via IRSp53-dependent extracellular vesicle biogenesis.,"Sullivan Kaelan, Ravens Alicia, de Hoog Eric",bioRxiv : the preprint server for biology,2026-10-08,"Current models of learning and memory have focused on cell-autonomous regulation of synaptic strength; however, intercellular signaling between cells in the brain is important for normal cognition. The immediate early gene ",https://pubmed.ncbi.nlm.nih.gov/42845318/,PubMed
Pseudouridines in the U2 Branch Site Recognition Region Differentially Contribute to Branch Site Recognition during Pre-mRNA Splicing.,"Zhang Rui, De Zoysa Meemanage D, Chen Jonathan L",bioRxiv : the preprint server for biology,2026-10-08,"Pseudouridines (Ψs) are highly enriched in conserved, functionally critical regions of spliceosomal snRNAs, particularly within the U2 branch site recognition region (BSRR), which contains six Ψs in humans and three in ",https://pubmed.ncbi.nlm.nih.gov/42845310/,PubMed
MicroRNA correlates of resilience to Alzheimer's disease identify candidate therapeutic targets for neuroprotection.,"Naderi Pourya, Matai Latika, Adewale Quadri",bioRxiv : the preprint server for biology,2026-10-08,"Many aged individuals accumulate advanced Alzheimer's disease (AD) neuropathology without cognitive decline, signifying potent endogenous resilience mechanisms. Mimicking resilience to AD may offer new therapeutic opportunities by emulating endogenous neuroprotection, but the molecular pathways that underpin resilience remain largely unknown. MicroRNAs (miRNAs)-small noncoding RNA molecules that p",https://pubmed.ncbi.nlm.nih.gov/42845305/,PubMed
Temozolomide Induces Aberrant RNA Alkylation and Widespread Translational Repression.,"Rhodes Jayden, Johnston Abigail Grace, Brazell Katherine Marlow",bioRxiv : the preprint server for biology,2026-10-08,"Temozolomide (TMZ) is a frontline alkylating chemotherapy, yet its direct impact on RNA modification and global translation dynamics remains poorly understood. Here, we demonstrate that TMZ induces pervasive RNA alkylation causing severe translational impairment. TMZ directly deposits aberrant methyl groups onto single-stranded mRNA ",https://pubmed.ncbi.nlm.nih.gov/42845284/,PubMed
LncRNA ,"Ranjan Gyan, Arora Samriddhi, Sharma Sarmeela","Arteriosclerosis, thrombosis, and vascular biology",2026-10-08,"TIE1 is an endothelial receptor tyrosine kinase, which plays a crucial role in vascular development and remodeling, including in diseases such as diabetic retinopathy (DR). However, the molecular mechanisms and regulatory interactome governing TIE1 function remain largely unknown. Long noncoding RNAs (lncRNAs) are increasingly recognized as key regulators of endothelial gene expression and vascula",https://pubmed.ncbi.nlm.nih.gov/42845241/,PubMed
E2F1-Activated lncRNA FTX Promotes Asthma Progression via Regulating the SRSF1/RBPJ Axis.,"Lai Yuting, Qiu Guoqing, Li Na","Allergy, asthma & immunology research",2026-10-08,"Long non-coding RNA five prime to Xist (FTX) is considered a regulator for asthma. Therefore, we aimed to explore its more roles and molecular mechanisms in asthma process. Serum samples from controls and asthmatics were collected. Asthma mouse models were induced with ovalbumin (OVA), and cell models were established using airway smooth muscle cells (ASMCs) treated with platelet-derived growth fa",https://pubmed.ncbi.nlm.nih.gov/42845225/,PubMed
Mechanism of Taohong Siwu Decoction in Alleviating PD-Related Cellular Damage based on the MAPK Signaling Pathway.,"Peng Pei, Chen Yongjun, Hu Bohong",Journal of microbiology and biotechnology,2026-10-08,"This study aimed to investigate the effects of Taohong Siwu Decoction (THSWD) on apoptosis, viability, and oxidative stress status in a 6-hydroxydopamine (6-OHDA)-induced SH-SY5Y cell injury model, and to analyze the potential involvement of stress-related MAPK (p38/JNK) signaling, specifically p38 and JNK, in its cytoprotective effects. A Parkinson's disease (PD)-related neurotoxic cell injury mo",https://pubmed.ncbi.nlm.nih.gov/42845195/,PubMed
"Microfluidic channel engineering for mRNA-LNPs: a systematic review of mixing strategies, nanostructures, and biological performance.","Jeong Hyejoong, Park Cheol Hui, Kim Bookun",Lab on a chip,2026-10-08,"mRNA-lipid nanoparticles (mRNA-LNPs) have revolutionized nucleic acid therapeutics, yet their clinical success relies heavily on precise manufacturing processes. This review comprehensively explores the critical intersection between microfluidic channel design, lipid self-assembly biophysics, and the subsequent biological performance of mRNA-LNPs. First, we analyze the fundamental fluid mechanics ",https://pubmed.ncbi.nlm.nih.gov/42845113/,PubMed
Structural variation in the IAMH2 3' UTR underlies hypocotyl elongation during light adaptation in Arabidopsis thaliana.,"Gao Xuemeng, Chang Wenli, Liu Xuejing",The Plant journal : for cell and molecular biology,2026-10-08,"Plant hypocotyls are central to seedling establishment in variable light environments. Although core photoreceptor pathways regulating hypocotyl elongation are well defined, the molecular basis of natural variation in this trait-particularly through posttranscriptional regulation-remains poorly understood. Here, we report that a high-altitude, high-light-adapted Arabidopsis ecotype from Tibet exhi",https://pubmed.ncbi.nlm.nih.gov/42844995/,PubMed
MITF-Overexpressing Perivascular Epithelioid Cell Tumor of the Urinary Bladder Lacking TSC1/TSC2 Alterations and TFE3 Rearrangement: A Case Report and Review of the Literature.,"Jeong Ji-In, Lee Jiwoo, Oh Mee-Hye",Pathology international,2026-10-08,"Perivascular epithelioid cell tumors (PEComas) are mesenchymal neoplasms characterized by melanocytic and smooth muscle differentiation, commonly associated with TSC1/TSC2 alterations or TFE3 rearrangements. Herein, we report a rare case of urinary bladder PEComa with MITF overexpression and without identifiable TSC1/TSC2 mutations or TFE3 rearrangement. A 50-year-old man underwent partial cystect",https://pubmed.ncbi.nlm.nih.gov/42844916/,PubMed
Optimizing RNA yield using deep neural networks coupled to massively parallel screening,"Dinghai Zheng, Justin Hong, Jun Wang",arXiv,2026-10-08,"Messenger RNA (mRNA)-based therapeutics have emerged as a powerful platform for vaccines, protein replacement therapies, and cancer immunotherapy. A critical bottleneck in mRNA development is manufacturing large quantities of RNA economically, as measured by RNA yield emerging from an in vitro transcription (IVT) reaction. However, how promoter-adjacent DNA sequences influence RNA yield remains po",http://arxiv.org/abs/2608.23722v1,arXiv
Energy-efficient codon optimization on thermodynamic hardware,"Andraz Jelincic, Ross C. Walker",arXiv,2026-10-08,"The growing energy demand for computation is becoming increasingly unsustainable. Thermodynamic computing, which harnesses physical thermal fluctuations as a computational resource rather than suppressing them, offers orders-of-magnitude energy savings for probabilistic and combinatorial tasks. Pharmaceutical R&D, heavily reliant on computational optimization and sampling, is a natural application",http://arxiv.org/abs/2606.17327v1,arXiv
mRNAutilus: Multi-Objective-Guided Discrete Generation of mRNA with Optimized Therapeutic Properties,"Sawan Patel, Sophia Tang, Yesol Kim",arXiv,2026-10-08,"Therapeutic mRNA design requires coordinating multiple interacting sequence features across the full transcript, where codon usage, untranslated regions (UTRs), and their coupling jointly determine stability, translation efficiency, and protein expression. Here, we present mRNA generation via unrolled trajectories and informed latent updates (mRNAutilus), a framework for simultaneous codon optimiz",http://arxiv.org/abs/2605.31296v1,arXiv
Sampling-based Continuous Optimization for Messenger RNA Design,"Feipeng Yue, Ning Dai, Wei Yu Tang",arXiv,2026-10-08,"Designing messenger RNA (mRNA) sequences for a fixed target protein requires searching an exponentially large synonymous space while optimizing properties that affect stability and downstream performance. This is challenging because practical mRNA design involves multiple coupled objectives beyond classical folding criteria, and different applications prefer different trade-offs. We propose a gene",http://arxiv.org/abs/2603.06559v1,arXiv
Drug-like antibodies with low immunogenicity in human panels designed with Latent-X2," Latent Labs Team, Henry Kenlay, Daniella Pretorius",arXiv,2026-10-08,"Drug discovery has long sought computational systems capable of designing drug-like molecules directly: developable and non-immunogenic from the start. Here we introduce Latent-X2, a frontier generative model that achieves this goal through zero-shot design of antibodies with strong binding affinities, drug-like properties, and, for the first time for any de novo generated antibody, confirmed low ",http://arxiv.org/abs/2512.20263v1,arXiv
"RNAGenScape: Property-Guided, Optimized Generation of mRNA Sequences with Manifold Langevin Dynamics","Danqi Liao, Chen Liu, Xingzhi Sun",arXiv,2026-10-08,"Generating property-optimized mRNA sequences is central to applications such as vaccine design and protein replacement therapy, but remains challenging due to limited data, complex sequence-function relationships, and the narrow space of biologically viable sequences. Generative methods that drift away from the data manifold can yield sequences that fail to fold, translate poorly, or are otherwise",http://arxiv.org/abs/2510.24736v3,arXiv
The proportional scaling of mRNA and ribosome concentrations controls eukaryotic cell growth,"Xin Gao, Michael Lanz, Rosslyn Grosely",arXiv,2026-10-08,"Cell growth underlies nearly all eukaryotic physiology, yet its quantitative principles remain unclear. Using single-molecule ribosome tracking, spike-in RNA sequencing, and quantitative proteomics across 15 nutrient-limited conditions in budding yeast, we define how growth is controlled in the budding yeast Saccharomyces cerevisiae. Ribosome concentration scales linearly with growth rate, while p",http://arxiv.org/abs/2508.14997v2,arXiv
mRNA Folding Algorithms for Structure and Codon Optimization,"Max Ward, Mary Richardson, Mihir Metkar",arXiv,2026-10-08,"mRNA technology has revolutionized vaccine development, protein replacement therapies, and cancer immunotherapies, offering rapid production and precise control over sequence and efficacy. However, the inherent instability of mRNA poses significant challenges for drug storage and distribution, particularly in resource-limited regions. Co-optimizing RNA structure and codon choice has emerged as a p",http://arxiv.org/abs/2503.19273v1,arXiv
Generative Model for Synthesizing Ionizable Lipids: A Monte Carlo Tree Search Approach,"Jingyi Zhao, Yuxuan Ou, Austin Tripp",arXiv,2026-10-08,"Ionizable lipids are essential in developing lipid nanoparticles (LNPs) for effective messenger RNA (mRNA) delivery. While traditional methods for designing new ionizable lipids are typically time-consuming, deep generative models have emerged as a powerful solution, significantly accelerating the molecular discovery process. However, a practical challenge arises as the molecular structures genera",http://arxiv.org/abs/2412.00807v1,arXiv
Machine learning framework to predict the performance of lipid nanoparticles for nucleic acid delivery,"Gaurav Kumar, Arezoo M. Ardekani",arXiv,2026-10-08,"Lipid nanoparticles (LNPs) are highly effective carriers for gene therapies, including mRNA and siRNA delivery, due to their ability to transport nucleic acids across biological membranes, low cytotoxicity, improved pharmacokinetics, and scalability. A typical approach to formulate LNPs is to establish a quantitative structure-activity relationship (QSAR) between their compositions and in vitro/in",http://arxiv.org/abs/2411.14293v1,arXiv
Joint Design of 5' Untranslated Region and Coding Sequence of mRNA,"Yang Liu, Jie Gao, Xiaonan Zhang",arXiv,2026-10-08,"Messenger RNA (mRNA) vaccines and therapeutics are emerging as powerful tools against a variety of diseases, including infectious diseases and cancer. The design of mRNA molecules, particularly the untranslated region (UTR) and coding sequence (CDS) is crucial for optimizing translation efficiency and stability. Current design approaches generally focus solely on either the 5' UTR or the CDS, whic",http://arxiv.org/abs/2410.20781v1,arXiv
Bacterial stress granule protects mRNA through ribonucleases exclusion,"Linsen Pei, Yujia Xian, Xiaodan Yan",arXiv,2026-10-08,"Membraneless droplets formed through liquid-liquid phase separation (LLPS) play a crucial role in mRNA storage, enabling organisms to swiftly respond to environmental changes. However, the mechanisms underlying mRNA integration and protection within droplets remain unclear. Here, we unravel the role of bacterial aggresomes as stress granules (SGs) in safeguarding mRNA during stress. We discovered ",http://arxiv.org/abs/2404.17873v2,arXiv
"Hypolipidemic effect of brown seaweed (Sargassum crassifolium) extract in vivo (Study of histopathology, mRNA expression, and immunohistochemistry (IHC) with VCAM-1, ICAM-1, and MCP-1 parameters)","Sarah Zaidan, Syamsudin Abdillah, Nur Arfian",arXiv,2026-10-08,The purpose of this study was to obtain natural drugs from brown seaweed (Sargassum crassifolium) as antiatherosclerosis candidates through the study of hypolipidemic mechanisms of action. Modeling of dyslipidemia rats was carried out by feeding high-fat (HFF) and doses of crude fucoidan 100. 200. 400mg / KgBB. in both treatments measured blood lipid profile levels taken from the orbital sinuses. ,http://arxiv.org/abs/2402.07497v1,arXiv
Machine Learning Modeling Of SiRNA Structure-Potency Relationship With Applications Against Sars-Cov-2 Spike Gene,Damilola Oshunyinka,arXiv,2026-10-08,"The pharmaceutical Research and development (R&D) process is lengthy and costly, taking nearly a decade to bring a new drug to the market. However, advancements in biotechnology, computational methods, and machine learning algorithms have the potential to revolutionize drug discovery, speeding up the process and improving patient outcomes. The COVID-19 pandemic has further accelerated and deepened",http://arxiv.org/abs/2401.12232v1,arXiv
Messenger RNA Design via Expected Partition Function and Continuous Optimization,"Ning Dai, Wei Yu Tang, Tianshuo Zhou",arXiv,2026-10-08,"The tasks of designing RNAs are discrete optimization problems, and several versions of these problems are NP-hard. As an alternative to commonly used local search methods, we formulate these problems as continuous optimization and develop a general framework for this optimization based on a generalization of classical partition function which we call ""expected partition function"". The basic idea ",http://arxiv.org/abs/2401.00037v2,arXiv
Machine Learning-guided Lipid Nanoparticle Design for mRNA Delivery,"Daisy Yi Ding, Yuhui Zhang, Yuan Jia",arXiv,2026-10-08,"While RNA technologies hold immense therapeutic potential in a range of applications from vaccination to gene editing, the broad implementation of these technologies is hindered by the challenge of delivering these agents effectively. Lipid nanoparticles have emerged as one of the most widely used delivery agents, but their design optimization relies on laborious and costly experimental methods. W",http://arxiv.org/abs/2308.01402v2,arXiv
Corrected Hill Function in Stochastic Gene Regulatory Networks,"Manuel Eduardo Hernández-García, Jorge Velázquez-Castro",arXiv,2026-10-08,"Describing reaction rates in stochastic bio-circuits is commonly done by directly introducing the deterministically deduced Hill function into the master equation. However, when fluctuations in enzymatic reaction rates are not neglectable, the Hill function must be derived, considering all the involved stochastic reactions. In this work, we derived the stochastic version of the Hill function from ",http://arxiv.org/abs/2307.03057v4,arXiv
Stochastic dynamics and ribosome-RNAP interactions in Transcription-Translation Coupling,"Xiangting Li, Tom Chou",arXiv,2026-10-08,"Under certain cellular conditions, transcription and mRNA translation in prokaryotes appear to be ""coupled,"" in which the formation of mRNA transcript and production of its associated protein are temporally correlated. Such transcription-translation coupling (TTC) has been evoked as a mechanism that speeds up the overall process, provides protection during the transcription, and/or regulates the t",http://arxiv.org/abs/2207.04568v1,arXiv
Coronavirus RNA Sensor Using Single-Stranded DNA Bonded to Sub-Percolated Gold Films on Monolayer Graphene Field-Effect Transistors,"Nicholas E. Fuhr, Mohamed Azize, David J. Bishop",arXiv,2026-10-08,"Electrical detection of messenger ribonucleic acid (mRNA) is a promising approach to enhancing transcriptomics and disease diagnostics because of its sensitivity, rapidity, and modularity. Reported here is a fast SARS-CoV-2 mRNA biosensor (<1 minute) with a limit of detection of 1 aM, and dynamic range of 4 orders of magnitude and a linear sensitivity of 22 mV per molar decade. These figures of me",http://arxiv.org/abs/2205.05143v1,arXiv
Deep learning models for predicting RNA degradation via dual crowdsourcing,"Hannah K. Wayment-Steele, Wipapat Kladwang, Andrew M. Watkins",arXiv,2026-10-08,"Messenger RNA-based medicines hold immense potential, as evidenced by their rapid deployment as COVID-19 vaccines. However, worldwide distribution of mRNA molecules has been limited by their thermostability, which is fundamentally limited by the intrinsic instability of RNA molecules to a chemical degradation reaction called in-line hydrolysis. Predicting the degradation of an RNA molecule is a ke",http://arxiv.org/abs/2110.07531v2,arXiv
Systematic quantification and removal of host DNA contamination in 16S rRNA gene sequencing.,"Birkner Till, Patricia Bartolomaeus Theda Ulrike, McParland Victoria","Quantitative biology (Beijing, China)",2026-10-08,"16S ribosomal RNA (rRNA) gene sequencing is a standard tool for microbial community analysis. Challenges can occur, particularly in low-biomass samples, when host DNA triggers off-target amplification. Low-biomass microbiome studies are particularly vulnerable to contamination from host DNA, which can obscure microbial signals and bias interpretation. This contamination presents a significant barr",https://pubmed.ncbi.nlm.nih.gov/42845678/,PubMed
Hyaluronidase isoforms can promote or suppress glioma invasion within 3D Hyaluronic Acid Matrices.,"Weldy Anna, Ananth Esha, Acosta Christopher",bioRxiv : the preprint server for biology,2026-10-08,"Glioblastoma (GBM) is defined by infiltration of tumor cells throughout the brain, which drives resistance, recurrence and mortality. Although cell-derived hyaluronidases (HYALs) have been collectively implicated in invasion-associated matrix digestion, we were motivated to investigate contributions of specific HYAL isoforms, which execute a diversity of cell-autonomous and matrix-based functions.",https://pubmed.ncbi.nlm.nih.gov/42845370/,PubMed
"Dichloroacetate Improves Animal Survival, Growth, Neuromuscular Activity, Mitochondrial Stress and Physiology, and Elevated Lactate in C. elegans pdha-1 and dld-1 RNAi Models of Pyruvate Dehydrogenase Complex Deficiency (PDCD).","Remes Cristina, Mathew Neal D, Miranda Victoria",Journal of inherited metabolic disease,2026-10-08,"Pyruvate dehydrogenase complex (PDHc) deficiency (PDCD) is a primary mitochondrial disorder characterized by neurodevelopmental disability, altered intermediary metabolism, and early mortality. Dichloroacetate (DCA), a pyruvate analog, activates PDHc and remains under clinical investigation for treatment of PDCD. Here, we studied the in vivo efficacy of a five-point log concentration range of DCA ",https://pubmed.ncbi.nlm.nih.gov/42844987/,PubMed
The identification of SiTRAF suggests the presence of a functional MyD88-TRAF signaling axis in the sea urchin Strongylocentrotus intermedius.,"Liu Fengchen, Liu Tong, Chu Xiaolong",Fish & shellfish immunology,2026-10-08,"Tumor necrosis factor receptor-associated factors (TRAFs) are key signaling proteins involved in cellular innate immune pathways. However, knowledge of TRAF genes in echinoderms remains limited. We cloned a novel TRAF gene (SiTRAF) from the sea urchin Strongylocentrotus intermedius. The full-length open reading frame of SiTRAF was 1,731 bp, encoding 576 amino acids. Domain prediction analysis show",https://pubmed.ncbi.nlm.nih.gov/42843442/,PubMed
Small Interfering RNA in Cardiovascular Disease: A New Frontier in Precision Medicine.,"Paruchuri Kaavya, Busso Jaiden, Natarajan Pradeep",Annual review of pharmacology and toxicology,2026-10-08,"Despite advances in traditional lipid-lowering, antithrombotic, and antihypertensive therapies, cardiovascular disease remains the leading cause of mortality worldwide. Small interfering RNA (siRNA) therapeutics harness the endogenous RNA interference pathway to degrade target messenger RNA, thereby reducing synthesis of disease-associated proteins. Because gene silencing occurs intracellularly an",https://pubmed.ncbi.nlm.nih.gov/42842862/,PubMed
CTCF-associated chromatin changes between HOXD1 and HOXD8 contribute to TNBC progression.,"Oh Ji Hoon, Jeong Da Som, Kim Clara Yuri",Experimental & molecular medicine,2026-10-08,"Homeobox (HOX) genes and their encoded DNA-binding homeoproteins are important regulators of developmental processes and have been implicated in cancer pathogenesis. Here, we investigated the roles of HOXD1 and HOXD8 across different molecular subtypes of human breast cancer (BC) using a combination of in silico analyses of large-scale patient datasets, in vitro RNA interference (RNAi) phenotyping",https://pubmed.ncbi.nlm.nih.gov/42839017/,PubMed
α7 integrin co-regulates chromatin accessibility and gene expression in HPV-negative head and neck cancer.,"Borodins Olegs, Vehlow Anne, Sameith Katrin",Signal transduction and targeted therapy,2026-10-08,"Epigenetic regulation and gene transcription are dynamically modulated by extracellular signals, including focal adhesions; however, the role of integrins in these processes remains poorly understood. In this study in HPV-negative head and neck squamous cell carcinoma, (HNSCC), we combined investigations in physiological three-dimensional, matrix-embedded cell models and patient-derived organoids ",https://pubmed.ncbi.nlm.nih.gov/42838963/,PubMed
Photoperiodic control of metamorphic timing via a myoglianin-allatotropin signaling pathway in the cricket Svercacheta siamensis.,"Shinohara Tsugumichi, Goto Shin G",Journal of insect physiology,2026-10-08,"Photoperiodic regulation of insect development depends on interactions between environmental cues and endocrine signaling systems. In the cricket Svercacheta siamensis, the photoperiodic transition from the juvenile form to the adult form is a major developmental event controlled by juvenile hormone (JH), with long-day conditions promoting early metamorphosis and short-day conditions delaying meta",https://pubmed.ncbi.nlm.nih.gov/42838276/,PubMed
Recent advances in hypertension genomics and RNA interference-based therapeutics: the key to future management?,"Anyfanti Panagiota, Antza Christina, Korki Eleni",Expert review of cardiovascular therapy,2026-10-08,"Hypertension is a major contributor to cardiovascular morbidity and mortality. Given the suboptimal control rates with conventional antihypertensive medication, novel approaches are warranted. In the era of precision medicine, integrating hypertension genomics into diagnostic and therapeutic approaches may greatly advance hypertension management. This narrative review summarizes recent advances in",https://pubmed.ncbi.nlm.nih.gov/42837221/,PubMed
Chlorogenic Acid Derivative B11 Inhibits Glioma Proliferation by Targeting MST4 to Regulate Oxidative Stress.,"Liu Yongqi, Zou Lulu, Zhan Chengpeng",Molecular carcinogenesis,2026-10-08,"This study focuses on the mechanism of action of chlorogenic acid derivative B11 on glioma. Although chlorogenic acid exhibits certain anti-tumor activity, it has limitations such as low bioavailability, broad action targets, and insufficient specificity, which restrict its practical application in tumor treatment. Therefore, chlorogenic acid derivative B11 was obtained through structural modifica",https://pubmed.ncbi.nlm.nih.gov/42836847/,PubMed
"Targeting lipocalin-2 in atherosclerosis: biological functions, pathogenic mechanisms, and therapeutic potential.","Gong Zhixiang, Jia Haoyue, Zhang Hao",Frontiers in cardiovascular medicine,2026-10-08,"Atherosclerosis, the principal pathological underpinning of cardiovascular diseases, is a multifaceted process encompassing dysregulated lipid metabolism, chronic inflammation, oxidative stress, aberrant vascular smooth muscle cells (VSMCs) proliferation, and plaque destabilization. Lipocalin-2 (LCN-2), a pivotal member of the lipocalin superfamily, serves as a critical nexus integrating lipid met",https://pubmed.ncbi.nlm.nih.gov/42835684/,PubMed
"siRNA therapeutics for metabolic dysfunction-associated Steatohepatitis: Targets, delivery, clinical evidence, and translational challenges.","Guo Yanan, Yao Qunyan",Biochemistry and biophysics reports,2026-10-08,"Metabolic dysfunction-associated steatotic liver disease (MASLD) is the most prevalent chronic liver disease worldwide. Its progressive inflammatory form, metabolic dysfunction-associated steatohepatitis (MASH), is driven by interacting genetic, metabolic, inflammatory, and fibrogenic processes that complicate therapeutic development. Small interfering RNA (siRNA) is an emerging modality for seque",https://pubmed.ncbi.nlm.nih.gov/42835273/,PubMed
Hope or hype: novel disease-modifying treatments for Huntington disease.,"Garg Surabhi, Mestre Tiago A",Parkinsonism & related disorders,2026-10-08,"Huntington disease research is living a gilded age for experimental disease-modifying therapies (DMTs), unique in the field of neurodegenerative movement disorders. Several studies are evaluating huntingtin-lowering approaches, using a multitude of molecules from antisense oligonucleotides, RNA interference therapies, and small molecule splicing modifiers. In parallel, somatic instability occurrin",https://pubmed.ncbi.nlm.nih.gov/42833925/,PubMed
What Is the Role of Cohesin in Transcription Regulation?,"Ulianov Sergey V, Razin Sergey V",Biochemistry. Biokhimiia,2026-10-08,"Available experimental data do not yet permit an unambiguous or comprehensive answer to the question posed in the title. A conventional approach to determining the role of a particular protein in cellular processes is to remove or inactivate it. However, transcriptome analyses following cohesin depletion have yielded markedly different results depending on the used experimental strategy, including",https://pubmed.ncbi.nlm.nih.gov/42830100/,PubMed
Plant-mediated RNAi via Panonychus citri-derived miRNAs disrupts adult emergence and confers mite resistance.,"Li Chuanzhen, Li Yuchuang, Zhang Jingyao",Journal of genetics and genomics = Yi chuan xue bao,2026-10-08,"MicroRNAs (miRNAs), small non-coding RNAs that trigger RNA interference (RNAi), are promising candidates for pest control, yet their efficacy against non-insect pests remains poorly explored. This study evaluates endogenous mite-derived miRNAs as transgenes for crop resistance against Panonychus citri, a major pest with rapid acaricide resistance that severely damages citrus, soybean, and other ca",https://pubmed.ncbi.nlm.nih.gov/42829199/,PubMed
Identification of potential target genes of the trematode transport RNA-derived small RNAs among differentially expressed genes of human monocytes.,"Lishai E A, Pakharukova M Y",Vavilovskii zhurnal genetiki i selektsii,2026-10-08,"RNA interference is an evolutionarily conserved mechanism of post-transcriptional gene expression regulation present in all living organisms. It is highly relevant to multiple areas of molecular medicine, including diagnostics and novel immunomodulatory approaches. Recent studies have increasingly highlighted the role of extracellular vesicles and their cargo in parasite-host interactions. The tre",https://pubmed.ncbi.nlm.nih.gov/42824084/,PubMed
Long-acting RNAi therapeutics in hypertension: limitations of single-target AGT silencing and rational multi-target synergistic strategies.,"Lan Yi, Ye Xiaoxia, Zeng Qingwei",Frontiers in pharmacology,2026-10-08,"Hypertension affects over 1.3 billion people worldwide, fewer than 20% achieve adequate blood pressure (BP) control. Poor long-term BP management accelerates irreversible damage to target organs, highlighting the urgent need for novel therapeutic approaches. Small interfering RNAs (siRNAs) are synthetic oligonucleotides that harness endogenous RNA interference machinery to silence specific disease",https://pubmed.ncbi.nlm.nih.gov/42824052/,PubMed
Pushing the Boundaries of Knowledge in Alpha-1 Antitrypsin Deficiency.,"Hernández-Pérez José María, Castillo-Corullón Silvia, Ferrarotti Ilaria",Archivos de bronconeumologia,2026-10-08,"Alpha-1 antitrypsin deficiency (AATD) is a rare inherited disorder caused by mutations in the SERPINA1 gene. AATD is one of the leading causes of emphysema in young adults and of liver cirrhosis in children and adults. Despite significant underdiagnosis and high clinical variability, recent research is rapidly transforming the field. Advances in molecular biology and translational medicine have id",https://pubmed.ncbi.nlm.nih.gov/42823318/,PubMed
Male reproductive genes influencing mating and fertility: enhancing the sterile insect technique and genetic control of Diptera pests.,"Chen Dong, Smagghe Guy, Jiang Hong-Bo",Insect biochemistry and molecular biology,2026-10-08,"Diptera include major agricultural pests and disease vectors, underscoring the need for species-specific population-control strategies. The sterile insect technique (SIT) relies on sterile males that remain sufficiently viable and competitive to mate successfully with wild females without producing viable offspring. This review synthesizes male reproductive genes and regulatory pathways in Diptera",https://pubmed.ncbi.nlm.nih.gov/42822702/,PubMed
RNADyn: A Benchmark for Generating and Understanding RNA Dynamics,"Yiming Huang, Lennart Bastian, Hanqun Cao",arXiv,2026-10-08,"Ribonucleic acid (RNA) functions through conformational changes that are not fully captured by static structures. However, large-scale standardized RNA dynamics data remain limited, and existing approaches typically treat trajectory generation and dynamics understanding as separate objectives. Here, we introduce RNADynBench, a standardized RNA molecular dynamics (MD) benchmark with 2585 quality-co",http://arxiv.org/abs/2610.03712v1,arXiv
Leveraging secondary-structure information for accurate nucleic acid structure prediction with OFoldNA, Valhalla Team,arXiv,2026-10-08,"Recent advances in biomolecular structure prediction have enabled accurate modelling of increasingly complex molecular systems. However, nucleic acid structure prediction remains challenging because of conformational flexibility and the limited availability of high-quality 3D structural data. Secondary structure (SS) provides a more readily available layer of structural information that captures b",http://arxiv.org/abs/2609.37414v1,arXiv
RNA Design via Conditioned Flow Matching and Finite-Policy Reinforcement Learning,"Zefeng Lin, Xianyong Fang, Tianfan Fu",arXiv,2026-10-08,"RNA design aims to identify sequences that fold into specified secondary structures. Existing methods formulate the task as target-specific search or conditional generation. However, natural RNA evolution proceeds through sequence variation and selection, with compensatory substitutions, whereas these methods do not explicitly model this process. To address this limitation, we propose a two-stage ",http://arxiv.org/abs/2609.36885v1,arXiv
ProteoEM: probabilistic protein abundance estimation from iterative affinity traces,Narayanan Raghupathy,arXiv,2026-10-08,"Single-molecule affinity mapping enables measurement of individual proteins and proteoforms, but imperfect and nonspecific probe binding means that affinity traces may be compatible with multiple proteoforms. Accurate abundance estimation therefore requires probabilistically weighting ambiguous traces rather than assigning each trace to a single candidate. We developed ProteoEM, an expectation-max",http://arxiv.org/abs/2609.29155v2,arXiv
Sequence-Informed Geometric Evaluation of RNA 3D Structures,"Andrea Zerio, Yighua Yao, Alessandro Micheli",arXiv,2026-10-08,"Computational RNA structure pipelines generate many candidate conformations for the same sequence. Reliable evaluation therefore requires more than recognising plausible geometry, it requires determining whether that geometry is compatible with the sequence. We introduce SIRGE, a sequence-informed geometric evaluator that conditions structural representations on nucleotide embeddings from a pretra",http://arxiv.org/abs/2609.10644v1,arXiv
Advancing Alzheimer's Disease Treatment: Synergistic Ligand Combinations Targeting BACE1 via Multi-Ligand Simultaneous Docking,"Pronama Biswas, Surya Shanbhog, Merla Sudha",arXiv,2026-10-08,"Alzheimer's disease is a progressive neurodegenerative disorder characterized by memory loss, cognitive decline, and behavioral changes, primarily affecting the elderly. Current treatments focus on symptom management as no therapies effectively halt or reverse disease progression. Newer therapies targeting BACE1, a key enzyme in amyloid plaque formation, have shown promise in clinical trials, thou",http://arxiv.org/abs/2609.04301v1,arXiv
From static structures to dynamic landscapes: cryo-EM redefines RNA biology,"Shekhar Jadhav, Spandan Saha, Qingbin Shang",arXiv,2026-10-08,RNA molecules perform diverse biological functions by dynamically exploring multiple conformational states rather than adopting a single static structure. Capturing these ensembles is a challenge in molecular biology. Recent advances in cryoEM are now transforming this landscape by enabling the visualization of RNA molecules across a broad spectrum of functionally relevant conformations at near at,http://arxiv.org/abs/2609.01132v1,arXiv
Designability of RNA Targets with Up to Two Length-2 Helices,Ashutosh S. Jogalekar,arXiv,2026-10-08,"RNA inverse folding asks for an RNA sequence whose prescribed secondary structure is the unique maximum-base-pair compatible fold. In the four-letter Watson-Crick model (A-U and C-G pairs only, no pseudoknots, and zero minimum base-pair span), Hales et al. introduced a separated-coloring certificate and an even-odd device, while Boury et al. generalized this to modulo-$m$ separability, gave an $O(",http://arxiv.org/abs/2608.25194v1,arXiv
Leveraging generative hallucination and biophysics-informed modeling for unified biomolecular sequence-structure co-design,"Xuefeng Liu, Mingxuan Cao, Xiao Luo",arXiv,2026-10-08,"Biomolecular design underpins applications from molecular recognition to therapeutics and synthetic biology, yet de novo interaction design remains challenging-especially for DNA/RNA, underexplored non-protein modalities with scarce, heterogeneous complex data and sharper geometric and chemical constraints. We introduce MCTH (Monte Carlo Tree Hallucination), an inference-only framework that casts ",http://arxiv.org/abs/2608.17381v1,arXiv
"MultiStructRNA: a Python package for multi-algorithm RNA secondary structure prediction, ensemble analysis, and visualization","Yashrajsinh Jadeja, Haining Lin, Mihir Metkar",arXiv,2026-10-08,"We introduce MultiStructRNA, a unified Python toolkit for RNA secondary structure prediction, ensemble analysis, and visualization. Although RNA secondary structure is central to RNA biology and therapeutic design, practical adoption is often hindered by fragmented tooling, incompatible input and output formats, and limited visualization support. MultiStructRNA addresses these challenges through a",http://arxiv.org/abs/2608.14846v1,arXiv
Evolutionary Curriculum Learning Improves Biological Sequence Modeling,"Richard Zhu, Kento Nishi",arXiv,2026-10-08,"Variational autoencoders (VAEs) trained on multiple sequence alignments (MSAs) have emerged as powerful generative models for biological sequences, with applications ranging from disease variant prediction to functional RNA design. However, standard biological VAE training treats all sequences as exchangeable, ignoring the rich evolutionary structure that organizes homologous sequences from evolut",http://arxiv.org/abs/2608.00697v2,arXiv
Engineering T7 RNA Polymerase for High-Purity In Vitro Transcription,"Pauline Hermans, Youlia Serikova, José Castillo",arXiv,2026-10-08,"In vitro transcription using bacteriophage T7 RNA polymerase (T7 RNAP) is the gold-standard platform for RNA production in both research and therapeutic applications. Despite its high processivity and promoter specificity, T7 RNAP generates multiple RNA by-products, including double-stranded RNA, 3'-extended transcripts, abortive RNAs, and prematurely terminated products. These impurities reduce R",http://arxiv.org/abs/2607.18468v1,arXiv
Enhanced sampling and cryo-EM data resolve magnesium binding to RNA,"Olivier Languin-Cattoën, Elisa Posani, Giovanni Bussi",arXiv,2026-10-08,"Magnesium ions are essential for RNA structure but difficult to model due to slow binding kinetics and experimental limitations. We present an enhanced-sampling strategy that accelerates Mg$^{2+}$ inner-shell binding by orders of magnitude, enabling quantitative exploration of ion-binding motifs in a large ribozyme. The method combines a barrier-flattening bias with Hamiltonian replica exchange to",http://arxiv.org/abs/2607.07186v1,arXiv
Bayesian Sampling of Structural Ensembles: The Role of Ensemble-Counting Measures,"Ivan Gilardoni, Giovanni Bussi",arXiv,2026-10-08,"Structural ensemble refinement is widely used to integrate molecular simulations with experimental measurements. While most applications focus on the maximum-a-posteriori (MAP) ensemble, Bayesian sampling of the posterior distribution can provide uncertainty estimates and posterior averages for arbitrary observables. A notable step in this direction was introduced by the Bayesian Energy Landscape ",http://arxiv.org/abs/2606.18495v1,arXiv
MultiMolecule: a modular ecosystem for biomolecular sequence-model workflows,Zhiyuan Chen,arXiv,2026-10-08,"Biomolecular sequence models are increasingly reused outside the studies in which they were introduced, but public checkpoints rarely preserve the execution context needed to inspect source-defined behavior, adapt models to new assays, compare models under shared task definitions or deploy biological predictions. MultiMolecule is an open-source Python ecosystem that turns heterogeneous RNA, DNA an",http://arxiv.org/abs/2606.16540v1,arXiv
The Montparnasse Algorithm for RNA Design,Tristan Cazenave,arXiv,2026-10-08,"RNA design consists of discovering a nucleotide sequence that optimizes predefined criteria, such as secondary structure. It is useful for synthetic biology, medicine, and nanotechnology. We propose Montparnasse, a Monte Carlo search framework based on Generalized Nested Rollout Policy Adaptation, augmented with a problem-specific prior, slow and long adaptation at level 1, and a lexicographic mul",http://arxiv.org/abs/2606.07562v1,arXiv
Multimodal Alignment and Preference Optimization for Zero-Shot Conditional RNA Generation,"Roman Klypa, Alberto Bietti, Sergei Grudinin",arXiv,2026-10-08,"The design of RNA molecules that interact with specific proteins is a critical challenge in experimental and computational biology. Despite recent progress in natural language modeling and deep learning-based protein design, there remains significant room to improve the frequency of successful interactions and the authenticity of generated sequences for functional applications. In this work, we fr",http://arxiv.org/abs/2605.23961v1,arXiv
"GoForth: Language Models for RNA Design under Structure, Sequence, and Coding Constraints",Michael Lindsey,arXiv,2026-10-08,"RNA inverse sequence design has broad biological and engineering applications, but computational methods for practical design queries remain limited. Such queries may impose several constraints at once, including target folds or motifs, fixed bases, and coding restrictions, while leaving arbitrary sequence and structure in unspecified regions. Because these constraints may permit many acceptable s",http://arxiv.org/abs/2605.07608v1,arXiv
Bayesian Rate Inference for Sequence Motif Dynamics in Systems of Reactive Nucleic Acids,"Johannes Harth-Kitzerow, Ulrich Gerland, Torsten A. Enßlin",arXiv,2026-10-08,"The RNA world hypothesis suggests a pathway of how life emerged on early earth. It assumes that life started with RNA based systems, capable of storing, transmitting and replicating information, envisioning that monomers and short RNA oligomers interact to form longer strands, eventually becoming catalytically active ribozymes. Key reactions in RNA pools are hybridization, dehybridization, templat",http://arxiv.org/abs/2604.25701v2,arXiv
Elucidating Gene Functions in Congenital Heart Disease.,"Raghu Sukanya, Tamta Ankit K, Dey Sanchita Sanchaya",Current treatment options in cardiovascular medicine,2026-10-08,"Congenital heart defects (CHDs) arise from disruption of precisely orchestrated developmental programs that coordinate cardiac lineage specification, morphogenesis, maturation, and tissue remodeling. This review highlights recent advances in experimental systems used to connect CHD-associated genes and variants to developmental mechanisms. In vivo mouse and vertebrate studies have refined models o",https://pubmed.ncbi.nlm.nih.gov/42845828/,PubMed
ELE: Estimating tissue-specific long noncoding RNA gene essentiality using graph neural networks.,"Shi Wan-Ting, Liu Ying-Dong, Gong Xiu-Jun","Quantitative biology (Beijing, China)",2026-10-08,"A gene is essential if its loss of function results in lethality, reduced fitness, or disease. Essential genes have attracted increasing attention due to their vital functions in biological systems. Many efforts have been made to find essential protein-coding genes. In complex organisms, the majority of the genome does not encode proteins. Noncoding genes play vital roles in many biological proces",https://pubmed.ncbi.nlm.nih.gov/42845817/,PubMed
Long noncoding RNA associations with an IFI27-MCEMP1 transcript pattern in Kawasaki disease.,"Liu Fang, Xue Xing, Han Zhi",Frontiers in immunology,2026-10-08,"Kawasaki disease (KD) is an acute pediatric vasculitis with risk of coronary artery injury. A two-transcript IFI27-MCEMP1 score has distinguished KD from other febrile illnesses, but its relationship to long noncoding RNAs (lncRNAs) is incompletely defined. We evaluated whether peripheral blood mononuclear cell (PBMC) lncRNA expression differed between KD and febrile controls and was associated wi",https://pubmed.ncbi.nlm.nih.gov/42845816/,PubMed
LncRNA-mediated organization of oncogenic chromatin state is a targetable vulnerability in leukemia.,"Vu Ly P, Jin Zhen, Ma Brenda",bioRxiv : the preprint server for biology,2026-10-08,"Long non-coding RNAs (lncRNAs) are increasingly recognized as critical regulators of gene expression underlying various cellular functions, however, the functional and mechanistic contributions of most lncRNAs to tumorigenesis remain poorly defined, and targeting of lncRNAs is challenging with conventional therapeutic approaches. Here, we uncover human PAN3-AS1 and its murine ortholog Lnc35682, pr",https://pubmed.ncbi.nlm.nih.gov/42845607/,PubMed
Integrated single-cell profiling of RNA and DNA interactomes reveals targetable chromatin architectures in cancer.,"Deforzh Evgeny, Zhang Yanhong, Mnatsakanyan Hayk",bioRxiv : the preprint server for biology,2026-10-08,"The human genome is pervasively transcribed into protein-coding and regulatory non-coding RNAs whose functions are coordinated within higher-order nuclear architectures. However, direct mapping of RNA-RNA and DNA-DNA interaction networks in complex human tissues at single-cell resolution has remained a major challenge. Here, we present SCIENCE-seq, a multimodal single-cell interactomics platform e",https://pubmed.ncbi.nlm.nih.gov/42845599/,PubMed
Site-specific N6-methyladenosine fine tunes CTCF/cohesin-defined enhancer-promoter interactions and oncogenic transcription program.,"Huang Suming, Luo Huacheng, Hamamoto Karina",Research square,2026-10-08,"N6-methyladenosine (m6A) of RNAs plays an important role in RNA stability and gene expression. However, it remains unknown how site-specific m6A on individual RNA is decoded to regulate chromatin architecture and transcriptional reprogramming. Here, we show that m6A modification of HOTTIP lncRNA is highly enriched in acute myeloid leukemia (AML) patients carrying MLL-rearrangement (MLLr+) or NPM1C",https://pubmed.ncbi.nlm.nih.gov/42845544/,PubMed
Effects of electroacupuncture on the LOC103691336-miR-138-5p axis and anti-Müllerian hormone levels in a rat model of polycystic ovarian syndrome.,"Zhou Jing, Wang Yi, Zhao Yan",Acupuncture in medicine : journal of the British Medical Acupuncture Society,2026-10-08,"Electroacupuncture has been shown to effectively reduce anti-Müllerian hormone levels and improve follicular development in polycystic ovary syndrome. However, the mechanism of action is yet to be deciphered. Long noncoding RNAs have been shown to play an important role in polycystic ovary syndrome and function as competing endogenous RNAs to regulate target genes. Therefore, the aim of this study",https://pubmed.ncbi.nlm.nih.gov/42844562/,PubMed
Nucleus-targeted silencing of EPIC1 expression as an epigenetic strategy to modulate tumor immune microenvironment and potentiate cancer immunotherapy.,"Huang Linzhuo, Xu Rui, Lin Chunhao",Journal of controlled release : official journal of the Controlled Release Society,2026-10-08,"Epigenetic regulation plays a pivotal role in cancer development and progression, in which long non-coding RNAs (lncRNAs) have emerged as one of the most important epigenetic regulators because of their ability to promote immune evasion and tumor progression. Therefore, targeted regulation of lncRNA expression could be a promising epigenetic strategy for enhanced cancer therapy, which however rema",https://pubmed.ncbi.nlm.nih.gov/42843531/,PubMed
GC-linked lncRNA organization in Arabidopsis resolves into composition-constrained entropy and species-dependent transcript architecture.,"Wang Chenxu, Cai Jiaxin, Wu Yuhan",Plant science : an international journal of experimental plant biology,2026-10-08,"Long noncoding RNAs (lncRNAs) show extensive sequence and structural heterogeneity, but whether GC-linked variation reflects a single organizational axis or distinct relationships with sequence composition and transcript architecture remains unclear. Here, we analyzed 13,948 CANTATAdb-derived lncRNAs from Arabidopsis halleri, Arabidopsis lyrata and Arabidopsis thaliana to disentangle these relatio",https://pubmed.ncbi.nlm.nih.gov/42843424/,PubMed
High levels of copper lead to cognitive impairment in major depressive disorder by inhibiting lncRNA NEAT1 and mitochondrial autophagy.,"Liu Xuanjun, Liu Aiqun, Wei Zhisheng",Journal of psychiatric research,2026-10-08,"Major depressive disorder (MDD) is a prevalent category of affective mental disorders with a high incidence. Cognitive impairment is prevalent in MDD patients, and its underlying pathogenic mechanisms have not yet been fully clarified. We elevated copper levels in hippocampal neurons and quantified the expression of lncRNA NEAT1 as well as mitochondrial autophagy. Chronic restraint stress paradigm",https://pubmed.ncbi.nlm.nih.gov/42843279/,PubMed
Gene regulatory co-expression networks decipher potential lncRNA-miRNA-mRNA interactions modulating transcription regulation in neurodegeneration.,"Venkatesan Amrit, Sinha Prashasti, Basak Jolly",Computational biology and chemistry,2026-10-08,"Neurodegenerative diseases are complex disorders characterised by progressive neuronal loss and widespread transcriptomic dysregulation. However, understanding the molecular interactions among coding and non-coding RNAs, especially lncRNAs and miRNAs, contributing to disease progression remains elusive. In this study, RNA-Seq datasets from disease-relevant neuronal populations and different brain ",https://pubmed.ncbi.nlm.nih.gov/42843091/,PubMed
Translocation-induced enhancer rewiring reveals cryptic oncogenic circuits in multiple myeloma.,"Zheng Enrun, Li Qinghua, Dou Xuelin",Science advances,2026-10-08,Immunoglobulin heavy chain (,https://pubmed.ncbi.nlm.nih.gov/42842680/,PubMed
Non-coding RNA-mediated tug-of-war between emerging viruses and host antiviral defense: lessons from animal viruses.,"Chen Na, Zhang Baoge, Yu Ziding",Emerging microbes & infections,2026-10-08,"Emerging animal viruses pose persistent threats to livestock breeding and public health, underscoring the need for a deeper understanding of virus-host interactions. Nevertheless, the regulatory roles and conserved mechanisms of host non-coding RNAs (ncRNAs) during animal virus infections remain fragmented, and ncRNA-mediated mechanisms for emerging animal viruses are particularly poorly character",https://pubmed.ncbi.nlm.nih.gov/42841343/,PubMed
Plasma Long Non-coding RNAs for Molecular Diagnosis of Colon Cancer: A Validated Multivariable Model.,"Cobzariu Madalin Alexandru, Miranda-Castro Rebeca, González-Bernardo Óscar Luis",Annals of laboratory medicine,2026-10-08,"Circulating long non-coding RNAs (lncRNAs) are emerging as minimally invasive biomarkers for cancer detection; however, their clinical utility remains insufficiently validated. We evaluated the diagnostic performance of plasma lncRNAs and developed and externally validated multivariable models for detecting non-metastatic colon cancer. Plasma lncRNA expression was quantified using reverse transcri",https://pubmed.ncbi.nlm.nih.gov/42841257/,PubMed
Targeting lncRNA PVT1/miR-145-5p/ABCC-1 Pathway Enhances Paclitaxel Sensitivity and Suppresses Melanoma Progression.,"Pedram Negar, Safaralizadeh Reza, Feizi Mohammad Ali Hosseinpour",International journal of genomics,2026-10-08,"As a highly aggressive type of skin cancer, melanoma cells show significant resistance against a variety of chemotherapeutics, such as paclitaxel, which limits the efficacy of the treatment. Studies have highlighted the potential role of noncoding RNA dysregulation in melanoma, affecting tumor progression and drug response, including lncRNA PVT1. This study investigated whether simultaneous modula",https://pubmed.ncbi.nlm.nih.gov/42840833/,PubMed
"Non-coding RNAs in tumor-educated platelets: emerging roles in cancer progression, biomarker discovery, and therapeutic targeting.","Liu Yaning, Zhang Yucheng, Li Dongni",Frontiers in oncology,2026-10-08,"Non-coding RNAs (ncRNAs) in tumor-educated platelets (TEPs) play an important role in cancer progression. Tumor cells can ""educate"" platelets, thereby enabling them to participate in multiple stages of tumor development and progression. The ncRNAs carried by TEPs, including microRNAs (miRNAs), circular RNAs (circRNAs), and long non-coding RNAs (lncRNAs), may regulate tumor cell behavior and influe",https://pubmed.ncbi.nlm.nih.gov/42840730/,PubMed
Lian-Jia-San-Jie formula suppresses non-small cell lung cancer via FTO-dependent m,"Wang Qian, Chen Cheng-Yu, Liu Cheng-Yong",Biochemistry and biophysics reports,2026-10-08,"Dysregulation of the epitranscriptome is implicated in the aberrant expression of oncogenes during oncogenesis. In this study, we sought to elucidate the therapeutic mechanisms of Lian-Jia-San-Jie-Fang (LJSJF), a traditional Chinese medicinal formula composed of 14 herbs with  We employed a zebrafish xenograft model of lung cancer to quantify cell proliferation and migration. Utilizing bioinformat",https://pubmed.ncbi.nlm.nih.gov/42840559/,PubMed
An Evaluation on the Role of Non-Coding RNA in HIV Transcription and Latency: A Review,Xiangshuai Liu,arXiv,2026-10-08,"The existence of latent cellular reservoirs is recognized as the major barrier to an HIV cure. Reactivating and eliminating ""shock and kill"" or permanently silencing ""block and lock"" the latent HIV reservoir, as well as gene editing, remain promising approaches, but so far have proven to be only partially successful. Moreover, using latency reversing agents or ""block and lock"" drugs pose additiona",http://arxiv.org/abs/2502.06107v1,arXiv
"Blood-derived lncRNAs as potential biomarkers for early cancer diagnosis: The Good, the Bad and the Beauty","Cedric Badowski, Bing He, Lana X Garmire",arXiv,2026-10-08,Cancer ranks as one of the deadliest diseases worldwide. The high mortality rate associated with cancer is partially due to the lack of reliable early detection methods and/or inaccurate diagnostic tools such as certain protein biomarkers. Cell-free nucleic acids (cfNA) such as circulating long non-coding RNAs (lncRNAs) have recently been proposed as a new class of potential biomarkers that could ,http://arxiv.org/abs/2109.11746v1,arXiv
BPPart and BPMax: RNA-RNA Interaction Partition Function and Structure Prediction for the Base Pair Counting Model,"Ali Ebrahimpour-Boroojeny, Sanjay Rajopadhye, Hamidreza Chitsaz",arXiv,2026-10-08,"RNA-RNA interaction (RRI) is ubiquitous and has complex roles in the cellular functions. In human health studies, miRNA-target and lncRNAs are among an elite class of RRIs that have been extensively studied. Bacterial ncRNA-target and RNA interference are other classes of RRIs that have received significant attention. In recent studies, mRNA-mRNA interaction instances have been observed, where bot",http://arxiv.org/abs/1904.01235v2,arXiv
Spondweni virus infection in pregnant rhesus macaques causes placental pathology without apparent fetal harm.,"Ries Hunter J, Romanov Livia, Charles Maria C",bioRxiv : the preprint server for biology,2026-10-08,"The 2015-2016 Zika virus (ZIKV) epidemic revealed the potential of flaviviruses to emerge rapidly, cause severe disease, and affect pregnancy outcomes. In 2016, Spondweni virus (SPOV), the closest known relative of ZIKV, was detected in mosquitoes in Haiti, suggesting it may also have the potential to emerge in the Western Hemisphere. The risks that close relatives of ZIKV pose to pregnant individ",https://pubmed.ncbi.nlm.nih.gov/42845459/,PubMed
Delivering Long-Acting Injectable Cabotegravir PrEP to People Experiencing Homelessness and People Who Use Drugs.,"Mehtani Nicky J, Matzat Stephen J, Rustagi Anoushka",AIDS patient care and STDs,2026-10-08,"Long-acting injectable cabotegravir (CAB-LA) may be particularly advantageous for preventing HIV among people experiencing homelessness (PEH) and people who use drugs (PWUD), populations at high HIV risk with poor oral pre-exposure prophylaxis (PrEP) outcomes. In a retrospective study using the RE-AIM framework to organize programmatic outcomes, we evaluated real-world implementation of CAB-LA at ",https://pubmed.ncbi.nlm.nih.gov/42845138/,PubMed
Bioengineering strategies for improving the immunogenicity of mRNA vaccines.,"Wang Hong, Zhuo Ran, Wu Junjun",Signal transduction and targeted therapy,2026-10-08,"Messenger RNA (mRNA) vaccines have reshaped modern vaccinology by enabling rapid antigen design, scalable manufacturing, and coordinated induction of humoral and cellular immunity. Their clinical success has established mRNA as a versatile platform for infectious diseases, cancer immunotherapy, and emerging therapeutic applications. However, expansion into cardiovascular, neurodegenerative, autoim",https://pubmed.ncbi.nlm.nih.gov/42844249/,PubMed
IL7R mRNA therapy enhances antitumor T cell immunity and suppresses tumor growth in preclinical tumor models.,"Rehman Adeel Ur, Khan Muhammad Naveed, Akhtar Aleena",Journal for immunotherapy of cancer,2026-10-08,"Interleukin-7 receptor (IL7R) signaling is critical for T-cell survival, homeostasis, and immune function, but the therapeutic potential of increasing IL7R expression through messenger RNA (mRNA) delivery remains poorly defined. We investigated whether IL7R mRNA therapy could enhance antitumor immunity and improve tumor control in preclinical cancer models. IL7R mRNA formulated in lipid nanopartic",https://pubmed.ncbi.nlm.nih.gov/42843926/,PubMed
The Role of serine/arginine-rich splicing factors in cardiovascular diseases.,"Guo Fengming, Huang Sihui, Liu Yuxin",Ageing research reviews,2026-10-08,"Alternative splicing is a fundamental post-transcriptional mechanism that contributes to cardiovascular development, homeostasis, and disease. Serine/arginine-rich splicing factors (SRSFs), a conserved family of 12 RNA-binding proteins, regulate splice-site selection and other RNA-processing events through their RNA-recognition motifs and arginine/serine-rich domains. Growing evidence implicates S",https://pubmed.ncbi.nlm.nih.gov/42843463/,PubMed
Impact of the COVID-19 Pandemic on Treatment Outcomes and Healthcare Utilization Among People Living With HIV in Korea: A Multicenter Cohort Study.,"Nam EunKyung, Choi Jun Yong, Kim Jung Ho",Journal of Korean medical science,2026-10-08,"The coronavirus disease 2019 (COVID-19) pandemic disrupted healthcare delivery worldwide, raising concerns about continuity of care for people living with HIV (PLWH). However, its long-term effect on HIV treatment outcomes in resource-rich settings with robust public health infrastructure remains unclear. Therefore, this study aims to evaluate the effects of the COVID-19 pandemic on virological ou",https://pubmed.ncbi.nlm.nih.gov/42843355/,PubMed
Association of microbial pathways predicted/inferred using 16S and shotgun metagenome with faecal metabolite abundances.,"Lin Wan-Yu, Chang Yu-Jen, Gill Thiviya",Microbial genomics,2026-10-08,"The gut microbiome is an essential metabolic organ influencing host health through metabolite production. While metabolite production levels can be directly measured by gas or liquid chromatography, they are commonly inferred from the abundance of metagenomic functional pathways. To evaluate the accuracy of these inferences, we established a single, manually curated metabolite-pathway/enzyme mappi",https://pubmed.ncbi.nlm.nih.gov/42842295/,PubMed
Novel Therapeutic Strategies in Targeting Alpha Synuclein Dysfunction Pathways for Parkinson's Disease Treatment.,"Guduru Kranthi Kumar, Gundawar Ravi, Eranti Bhargav",Drug metabolism and bioanalysis,2026-10-08,"Parkinson's disease (PD) is a neurodegenerative, progressive disorder presenting with both motor and non-motor symptoms. Its pathogenesis likely results from dysfunction of the presynaptic protein alpha-synuclein, which produces neuronal toxicity and aggregation in Lewy bodies. Relevant literature was identified through systematic searches in PubMed, Scopus, Web of Science, and Google Scholar usin",https://pubmed.ncbi.nlm.nih.gov/42841465/,PubMed
"Exosomes in hypertension: mechanisms, biomarkers, and therapeutic opportunities.","Li Dexiu, Ma Dongyue, Qiu Ziyi",Frontiers in immunology,2026-10-08,"Exosomes have emerged as important mediators in the pathophysiology of hypertension, facilitating intercellular communication through the transfer of bioactive molecules such as microRNAs. This review synthesizes current evidence on the multifaceted roles of exosomes in hypertensive vascular damage, highlighting their involvement in endothelial dysfunction, vascular smooth muscle cell phenotypic s",https://pubmed.ncbi.nlm.nih.gov/42840979/,PubMed
MicroRNA-driven periodontal immune homeostasis and tissue regeneration: from regulatory networks to engineering translation.,"Wu Xiaonan, Wang Yujia, Xu Yingjie",Frontiers in immunology,2026-10-08,"Periodontitis is a chronic immune-inflammatory disease induced by dental plaque biofilms. Persistent host immune dysregulation disrupts the dynamic balance between local tissue repair and pathological destruction, ultimately leading to irreversible damage to the periodontal supporting tissues, including the alveolar bone, periodontal ligament, and cementum. As key post-transcriptional regulators, ",https://pubmed.ncbi.nlm.nih.gov/42840907/,PubMed
Multi-tissue miRNA networks in preterm birth: from molecular mechanisms to precision medicine.,"Zhou Pei, Song Bin, Yan Ping",Frontiers in immunology,2026-10-08,"Preterm birth (PTB) remains the leading cause of neonatal mortality and long-term complications worldwide, yet its molecular pathogenesis-particularly the coordinated regulation across different gestational tissues-is poorly understood. MicroRNAs (miRNAs) are key regulators of gene expression and exhibit tissue-specific patterns in pregnancy-related tissues, including the cervix, placenta, and amn",https://pubmed.ncbi.nlm.nih.gov/42840439/,PubMed
Engineering TnpB as a compact RNA-guided genome editor from molecular constraints to design principles.,"Ma Bin, Li Yimiao, Zhang Dongsheng",Frontiers in genome editing,2026-10-08,"Recent discoveries of non-CRISPR RNA-guided nucleases have expanded the landscape of programmable genome editing beyond canonical Cas systems. Among these, TnpB proteins derived from IS200/IS605-family transposable elements are ultra-compact RNA-guided DNA endonucleases with potential for delivery-constrained genome engineering. Here, we review the structural and mechanistic basis of TnpB function",https://pubmed.ncbi.nlm.nih.gov/42840375/,PubMed
Intranasal Netrin-1 modRNA-Loaded Extracellular Vesicles Reduce Neuronal Apoptosis after Ischemic Stroke.,"Cao Shanshan, Ren Anmin, Geng Yanqin",Biomaterials research,2026-10-08,"Ischemic stroke remains a leading cause of mortality and long-term neurological disability worldwide, while effective neuroprotective therapies remain limited. Netrin-1 is a multifunctional guidance molecule with neuroprotective properties, and chemically modified mRNA (modRNA) offers a promising platform for transient therapeutic protein expression. However, safe and efficient delivery of modRNA ",https://pubmed.ncbi.nlm.nih.gov/42840189/,PubMed
Supramolecular Pretargeting Lipid Nanoparticles Based on Host-Guest Recognition Potentiate Cancer Immunotherapy by Reprogramming Tumor Microenvironment.,"Gan Jinqun, Wang Yangfan, Li Mengyao",Angewandte Chemie (International ed. in English),2026-10-08,"Lipid nanoparticles (LNPs) have emerged as a promising platform for gene/drug delivery in cancer therapy, however their nonspecific biodistribution and extensive hepatosplenic sequestration result in insufficient intratumoral accumulation, thereby undermining the therapeutic efficacy. Here, we establish a sequential pretargeting strategy exploiting the high-affinity host-guest recognition between ",https://pubmed.ncbi.nlm.nih.gov/42839730/,PubMed
Modulation of Presynaptic Inhibitory Retinal Circuits for Retinal Ganglion Cell Neuroprotection in Glaucoma.,"Hong Eunji, Lin Chen, Long Wenjie","Advanced science (Weinheim, Baden-Wurttemberg, Germany)",2026-10-08,"Glaucoma is a leading cause of irreversible blindness, yet the circuit-level mechanisms contributing to retinal ganglion cell (RGC) degeneration remain incompletely defined. Although multiple neuroprotective strategies have been explored, clinical translation remains limited. Here, we identify early dysfunction of inner retinal inhibitory circuitry as a modifiable contributor to RGC vulnerability ",https://pubmed.ncbi.nlm.nih.gov/42839614/,PubMed
Single-cell study of human ovarian response to phthalate exposure reveals glial cell susceptibility and disruption of adhesion and mitochondrial pathways.,"Panagiotou Eleftheria Maria, Méar Loren, Rooda Ilmatar",EBioMedicine,2026-10-08,"Phthalates are known male endocrine disruptors and reproductive toxicants. Despite growing evidence of female effects, mechanistic knowledge in key reproductive organs remains limited, hindering regulations. Here, we conducted an experimental study to map the impact of mono(2-ethylhexyl) phthalate (MEHP), the primary metabolite of di(2-ethylhexyl) phthalate (DEHP), on adult human ovarian tissue at",https://pubmed.ncbi.nlm.nih.gov/42838884/,PubMed
Reactive Polymer-Engineered Dual-Targeting Fluorescent Lipid Nanoparticles for Enhanced saRNA Delivery.,"Wang Wenxuan, Liu Haoyan, Tang Weijia",ACS applied bio materials,2026-10-08,"Lipid nanoparticles (LNPs) are widely explored as delivery vehicles for self-amplifying RNA (saRNA); however, incorporation of surface functionalities, such as fluorescent dyes for imaging and ligands for targeted delivery, remains challenging. In this study, we introduce a reactive poly(pentafluorophenyl acrylate) (PPFPA)-based copolymer platform containing a terminal C12 alkyl chain for LNP inco",https://pubmed.ncbi.nlm.nih.gov/42837631/,PubMed
Late-onset preeclampsia is characterized by accelerated placental aging.,"Arthurs Anya L, Bhattacharjee Rudrarup, Smith Melanie D",Proceedings of the National Academy of Sciences of the United States of America,2026-10-08,"Late-onset preeclampsia (LOPE) is a major pregnancy complication characterized by hypertension and placental dysfunction, resolving only upon delivery. Here, we show that LOPE placentae undergo accelerated molecular aging, marked by telomere attrition, DNA damage, and trophoblast senescence. Using primary placental tissue and trophoblast organoids, we demonstrate oxidative stress as a driver of te",https://pubmed.ncbi.nlm.nih.gov/42837445/,PubMed
How a polymer filling enhances the rate and selectivity of colloid permeation across mesopores,"Mikhail Y. Laktionov, Frans A. M. Leermakers, Ralf P. Richter",arXiv,2026-10-08,"Polymer-functionalised mesopores are an emerging technology for colloid separation, sensing and delivery. Their potential is strikingly illustrated in living cells, where nuclear pore complexes (NPCs) control biocolloid transport between the nucleus and the cytosol. Even colloids much smaller than the biopolymer-filled NPC channel are effectively blocked, but some larger colloids with distinct sur",http://arxiv.org/abs/2608.27995v1,arXiv
Manganese-Functionalized GelMA Hydrogels for MRI-Guided Immunotheranostics in Precision Oncology,"Motahareh Nazari, Keyvan Alavi",arXiv,2026-10-08,"Precision oncology requires multifunctional platforms capable of integrating accurate tumor diagnosis, localized therapeutic delivery, immune modulation, and real-time monitoring of treatment response. Gelatin methacryloyl (GelMA) hydrogels have emerged as versatile biomaterials for biomedical engineering because of their biocompatibility, extracellular matrix-like structure, tunable mechanical pr",http://arxiv.org/abs/2606.29599v1,arXiv
Towards broader-spectrum direct-acting antivirals against RNA viruses.,"Thibaut Hendrik Jan, Jochmans Dirk, Van Dijck Christophe",Nature reviews. Microbiology,2026-10-08,"Small molecule antiviral drugs have transformed the management of infections such as those caused by HIV, hepatitis B virus, hepatitis C virus, herpesviruses and influenza viruses. Effective antiviral therapeutics remain unavailable for many other often life-threatening viral infections, many of which are caused by RNA viruses. The development of potent, safe and orally available antivirals is the",https://pubmed.ncbi.nlm.nih.gov/42844389/,PubMed
Fusion-loop-engineered Zika mRNA vaccine elicits convergent B cell immunodominance to uncouple protection from ADE in macaques.,"Yang Chenxi, Guo Shuxin, Lu Yaming",Cell reports. Medicine,2026-10-08,"Antibody-dependent enhancement (ADE) remains a major hurdle for flavivirus vaccine development. Engineering the fusion loop (FL) represents a promising solution, yet validations restricted to murine models limit human translatability due to profound species divergence. Here, we provide a primate-level demonstration that FL-engineered Zika virus (ZIKV)-M/E mRNA vaccination protects against ZIKV cha",https://pubmed.ncbi.nlm.nih.gov/42843342/,PubMed
A recombinant Newcastle disease virus-vectored multi-epitope vaccine confers protection against QX-like infectious bronchitis virus in chickens.,"Wang Fei, Xie Jianan, Wen Guoyuan",Frontiers in immunology,2026-10-08,"Infectious bronchitis virus (IBV) QX-like (GI-19) genotype dominates global poultry flocks, yet Mass-type vaccines fail to confer cross-protection. We developed a recombinant Newcastle disease virus (NDV) LaSota vector expressing conserved IBV S1 B-cell hotspots paired with S1-derived BF2-restricted CTL epitopes (rNDV-IBV-T/B). Specific-pathogen-free chickens received single or booster ocular-nasa",https://pubmed.ncbi.nlm.nih.gov/42840969/,PubMed
Reforming pedagogy in biotechnology pharmaceutics education: a narrative review of emerging teaching strategies.,"Liu Xiao-Huan, Liu Fei, Xu Na",Frontiers in psychology,2026-10-08,"The rapid expansion of the biopharmaceutical industry, driven by monoclonal antibodies, cell and gene therapies, and mRNA vaccines, demands a workforce equipped with interdisciplinary knowledge, practical competence, and critical thinking. Traditional lecture-based instruction in Biotechnology Pharmaceutics usually falls short in cultivating these attributes. This narrative review, drawing on a st",https://pubmed.ncbi.nlm.nih.gov/42840827/,PubMed
PTM-associated condensation of homopolymeric (poly A) RNA by MDP1.,"Shoukat Nadia, Nishiyama Akihito, Nakamoto Kaho",Biophysics and physicobiology,2026-10-08,Mycobacterial DNA-binding protein 1 (MDP1) is a histone-like protein which carries endogenous post-translational modifications (PTMs) and contributes to nucleic acid organization in ,https://pubmed.ncbi.nlm.nih.gov/42840266/,PubMed
"COVID-19 outcomes in patients with inflammatory rheumatic diseases: associations with disease subtypes, treatments, and vaccination status.","Ak Feyza, Kaya Zeynep",Frontiers in public health,2026-10-08,"Patients with inflammatory rheumatic diseases (IRDs) may be at increased risk for adverse COVID-19 outcomes because of immune dysregulation, comorbidities, and immunomodulatory treatments. However, the effects of specific rheumatic disease subsets, treatment patterns, and vaccine types remain incompletely understood. To evaluate clinical characteristics and factors associated with COVID-19 infecti",https://pubmed.ncbi.nlm.nih.gov/42840118/,PubMed
"Rapid Motility Arrest of the Lyme Disease Spirochete, Borrelia burgdorferi, by Vaccine-Induced OspA Antibodies.","Bhattacharyya Ankita, Yau Raymond, Bartlett Thomas M",Molecular microbiology,2026-10-08,"Outer surface protein A (OspA)-based Lyme disease vaccines elicit antibodies that inhibit transmission of infectious Borrelia burgdorferi spirochetes from ticks to humans, although the mechanism by which this occurs is unclear. Here we demonstrate using high-resolution, single-cell fluorescence video microscopy that B. burgdorferi motility is arrested within minutes by human OspA-specific monoclon",https://pubmed.ncbi.nlm.nih.gov/42839382/,PubMed
Metal-organic framework nanovaccines for systemic tumour regression.,"Jiang Xiaomin, Wang Chaoyu, Yang Kaiting",Nature biomedical engineering,2026-10-08,"Cancer vaccines can elicit antigen-specific antitumour immunity, but their clinical efficacy is often limited by their inability to sustain T-cell activation in tumours. Here we report MOF-Vac, a nanoscale metal-organic framework (MOF)-based therapeutic vaccine platform that co-delivers peptide antigens and STING agonists with high loading capacity and phosphate-triggered intracellular release. Th",https://pubmed.ncbi.nlm.nih.gov/42839014/,PubMed
Brain Tumor Vaccines: Next Steps.,"Santos Andres, Chiocca E Antonio",Hematology/oncology clinics of North America,2026-10-08,"High-grade gliomas remain among the most challenging malignancies despite extensive advances in molecular characterization and immunotherapy. This review highlights that while cancer vaccines consistently induce robust systemic immune responses, their clinical efficacy is limited by profound tumor heterogeneity and a highly immunosuppressive tumor microenvironment. Across peptide, dendritic cell, ",https://pubmed.ncbi.nlm.nih.gov/42838832/,PubMed
Maternal edible THC consumption alters offspring neurodevelopment and emotional behavior in rhesus macaques.,"D'Mello Rahul J, Shorey-Kendrick Lyndsey E, Karpf Joshua A",Neurobiology of disease,2026-10-08,"Prenatal cannabis exposure is associated with adverse offspring outcomes including altered neurodevelopment. However, there is insufficient evidence to establish a direct association. We sought to determine the impact of chronic prenatal delta-9-tetrahydrocannabinol (THC) exposure on offspring neurodevelopment and emotional behavior in a translational rhesus macaque model. Animals were divided int",https://pubmed.ncbi.nlm.nih.gov/42838264/,PubMed
Reconciling Conflicting Evidence on Peri-Immune Checkpoint Inhibitor COVID-19 mRNA Vaccination in Lung Cancer: A Time-Aligned Target Trial Emulation-Informed Landmark Study.,"Lin Shih-Sen, Liu Ju-Fang, Hsu Pei-Sung",Value in health : the journal of the International Society for Pharmacoeconomics and Outcomes Research,2026-10-08,"Recent reports suggest that peri-immune checkpoint inhibitor (ICI) COVID-19 mRNA vaccination may improve survival in lung cancer, but time-related and calendar-time biases may inflate real-world estimates. We evaluated vaccination timing and outcomes using a target trial emulation-informed, time-aligned design. This retrospective cohort study used deidentified electronic health record data from th",https://pubmed.ncbi.nlm.nih.gov/42838253/,PubMed
"Elimination of a NADC30/NADC34/JX recombinant PRRSV strain from a 5,000-sow breeding herd: a longitudinal intervention study.","Jiang Lei, Xu Zhen, Wang Lei",Tropical animal health and production,2026-10-08,Porcine reproductive and respiratory syndrome (PRRS) remains one of the most economically devastating diseases affecting the global swine industry. This case report describes the successful elimination of a recombinant porcine reproductive and respiratory syndrome virus (PRRSV) strain from a 5000-sow PRRS-naïve breeding herd in China. The emergent strain was identified as a recombinant of NADC30-l,https://pubmed.ncbi.nlm.nih.gov/42837030/,PubMed
A digitally immune-optimized influenza vaccine broadly neutralizes swine and human H1N1 influenza viruses and protects from heterologous challenge.,"Del Rosario Joanne Marie M, van Diemen Pauline M, Frost Simon D W",Journal of virology,2026-10-08,"Influenza A virus (IAV) zoonotic transmission and continuous evolution in multiple host species heighten the risk of emerging novel strains at the human-animal interface. Digitally immune-optimized hemagglutinin (HA), neuraminidase (NA), and matrix-2 (M2) vaccine antigens were engineered and combined as a single DNA expression construct (DVX-H1N1) to maximize immune responses to human seasonal, pa",https://pubmed.ncbi.nlm.nih.gov/42836655/,PubMed
Deletion of ,"Guo Tz-Chun, Seto Shintaro, Hijikata Minako",Microbiology spectrum,2026-10-08,"Mycobacterial infection induces dynamic transcriptional changes in both the host and pathogen. In slow-growing mycobacteria, the ESX-5 secretion system plays a crucial role in virulence by exporting Pro-Glu (PE) and Pro-Pro-Glu (PPE) proteins, which modulate host immune responses and contribute to pathogenesis. Previous studies demonstrated that ",https://pubmed.ncbi.nlm.nih.gov/42836644/,PubMed
TLR3-TRIF signaling in villus-like enterocytes drives type III interferon responses to enteroviruses.,"Hare David N, Coyne Carolyn B",Journal of virology,2026-10-08,"Enteroviruses initiate infection at the intestinal epithelium but can spread systemically to cause severe disease. Although both MDA5 and TLR3 have been implicated in enterovirus sensing, the mechanisms by which the intestinal epithelium detects these viruses remain poorly defined. To address this, we infected human intestinal organoids (enteroids) with the group B enterovirus echovirus 11 (E11) a",https://pubmed.ncbi.nlm.nih.gov/42836642/,PubMed
Personalized messenger RNA therapy for melanoma and the challenge of global implementation.,"Shaikh Umayr R, Gai Jessica, Chopra Sakshi",JAAD international,2026-10-08,,https://pubmed.ncbi.nlm.nih.gov/42835554/,PubMed
Identification of SARS-CoV-2-specific cytotoxic lymphocytes in cerebrospinal fluid of a patient with cerebral demyelination Post mRNA vaccination.,"Kitano Takaya, Ishikawa Masakazu, Kinoshita Makoto",Frontiers in immunology,2026-10-08,"Some cerebral demyelinating lesions occur after vaccination. We aimed to elucidate the precise roles of vaccine-activated immune cells and antigen-specific lymphocytes in the central nervous system of a patient who developed cerebral demyelination after vaccination. Using comprehensive single-cell RNA sequencing and immune repertoire analysis combined with a lymphocyte stimulation assay, we charac",https://pubmed.ncbi.nlm.nih.gov/42834940/,PubMed
Multi-antigen coronavirus vaccine induces potent and durable cross-protection against multiple SARS-CoV-2 variants.,"Prakash Swayam, Dhanushkodi Nisha R, Quadiri Afshana",NPJ vaccines,2026-10-08,"The first-generation Spike-based COVID-19 vaccines reduced the risk of hospitalization, serious illness, and death from SARS-CoV-2 infections. However, waning immunity failed to prevent immune escape, resulting in multiple variants of concern (VOCs) and prolonging the pandemic. We hypothesize that next-generation CoV vaccines incorporating highly conserved SARS-CoV-2 T cell antigens would confer p",https://pubmed.ncbi.nlm.nih.gov/42834091/,PubMed
An Integrative Computational Approach to Predict Viral Epitopes by Targeting the MHC-TCR Complexation,"Jaya Vasavi Pamidimukkala, Roshan Balaji, Nirav Pravinbhai Bhatt",arXiv,2026-10-08,"T-cell immunity acts as a major defense system against controlling viral infections in vertebrates. During viral entry, innate immune cells degrade the viral proteins (antigens) and present them on their surface via Major Histocompatibility (MHC) proteins. T-cell receptors (TCRs) recognize these antigens/peptides presented by MHC (pMHC), initiating a T-cell mediated immune response. Despite its si",http://arxiv.org/abs/2609.03182v1,arXiv
Transformer-Based Active Learning for Data-Efficient Vaccine Epitope Selection in PRRS,"Aspen Erlandsson Brisebois, Zahed Khatooni, Connor Burbridge",arXiv,2026-10-08,"High-fidelity molecular docking simulations can produce biologically relevant estimates of epitope-receptor binding affinity but are computationally expensive and therefore limit the number of candidates that can be screened for vaccine design. In this work, we evaluate machine learning (ML) approaches where variants of active learning are used to classify instances of high binding affinity betwee",http://arxiv.org/abs/2606.28659v1,arXiv
Exploring the Effects of Entanglement on Quantum Machine Learning of Pathogen Epitope-Receptor Binding,"Aspen Erlandsson Brisebois, Luis Pablo Gonzalez Dominguez, Shivansi Prajapati",arXiv,2026-10-08,"Parameterized quantum circuits (PQCs) provide a flexible substrate for hybrid quantum machine learning (QML), but their practical value on Noisy Intermediate-Scale Quantum (NISQ) devices remains an empirical question, especially because training depth and scale can introduce optimization challenges such as barren plateaus. Here we study how the number and topology of two-qubit entangling gates in ",http://arxiv.org/abs/2606.28655v1,arXiv
Urothelial-lineage master transcription factor hub proteomics shows mechanisms impeding urothelial cancer cell differentiation.,"Schuerger Caroline, Biswas Sudipta, Ng Kwok Peng",bioRxiv : the preprint server for biology,2026-10-08,"Urothelial cancer (UC) cells of the luminal subtype exhibit partial, incomplete differentiation towards umbrella cells that line bladder lumen, seen by morphology and gene expression. Differentiation is stalled even though the cells express master transcription factors (MTFs) that drive luminal urothelial differentiation, e.g., FOXA1 and CEBPB, at levels seen in normal differentiated urothelium. W",https://pubmed.ncbi.nlm.nih.gov/42845382/,PubMed
Nonclinical Development of Oligonucleotide-Based Therapeutics: Insights from an IQ DruSafe ONT Working Group Survey.,"Harper Tod A, Yang Yi, Mukherjee Sucheta",Nucleic acid therapeutics,2026-10-08,"Oligonucleotide-based therapeutics (ONTs) present unique nonclinical development challenges that are not fully addressed by paradigms established for small molecule pharmaceuticals or biologic therapeutics. To better understand current industry practice, the IQ DruSafe ONT Working Group conducted an industry survey examining species selection and high-dose selection in GLP repeat-dose toxicology s",https://pubmed.ncbi.nlm.nih.gov/42845133/,PubMed
Isoliquiritigenin Triggers HMOX1-Driven Ferroptosis to Suppress Non-Small Cell Lung Cancer.,"Wang Yi-Jie, Liang Feng, Deng Ya-Ting",The American journal of Chinese medicine,2026-10-08,"Non-small cell lung cancer (NSCLC) remains the leading cause of cancer-related death, and new treatment strategies are needed. Ferroptosis is an iron-dependent cell death driven by lipid peroxidation, and targeting ferroptosis has become a new strategy for anti-NSCLC. Isoliquiritigenin (ISL) is a bioactive natural flavonoid with antitumor potential, but its mechanism of ferroptosis in NSCLC remain",https://pubmed.ncbi.nlm.nih.gov/42845045/,PubMed
"RVG29-functionalized nanocarriers for brain-targeted therapy of neurodegenerative diseases: mechanisms, therapeutic advances, and translational perspectives.","Gandhi Sonam M, Patel Saraswati, Haswani Nitin G",Naunyn-Schmiedeberg's archives of pharmacology,2026-10-08,"Neurodegenerative diseases (NDs) affect more than 55 million people worldwide, with this number projected to exceed 139 million by 2050 due to population aging. Alzheimer's disease (AD) accounts for 60-70% of dementia cases, while Parkinson's disease (PD) affects over 10 million individuals globally, highlighting the growing clinical and socioeconomic burden of these progressive neurological disor",https://pubmed.ncbi.nlm.nih.gov/42844308/,PubMed
Loss of Selenot in POMC Neurons Disrupts ER Homeostasis and Induces A Senescent-like Phenotype.,"Jehan Cédric, Drissa Inès, Cartier Dorthe",Antioxidants & redox signaling,2026-10-08,"Selenoprotein T (SELENOT) is an endoplasmic reticulum (ER)-resident thioredoxin-like oxidoreductase implicated in redox and calcium (Ca Using CRISPR-edited and siRNA-silenced POMC neuronal models together with a POMC-specific SELENOT knockout mouse, we demonstrated that SELENOT loss induces a senescent-like phenotype including cellular hypertrophy, loss of neurite outgrowth, senescence-associated ",https://pubmed.ncbi.nlm.nih.gov/42844213/,PubMed
Inhibition and Knockdown of Monocarboxylate Transporter 1 Induce L-Lactate Accumulation in T-Cell Acute Lymphoblastic Leukemia Cells.,"Suganuma Yudai, Mukai Yuto, Matsumoto Noriyuki",Biological & pharmaceutical bulletin,2026-10-08,"Tumors exhibit the Warburg effect, characterized by elevated glucose metabolism through both oxidative phosphorylation and glycolysis to produce energy. To maintain intracellular pH and metabolic homeostasis, cancer cells depend on monocarboxylate transporters (MCTs) to export the glycolytic end product, l-lactate. Similar to other cancers, glucose metabolism is enhanced in T-cell acute lymphoblas",https://pubmed.ncbi.nlm.nih.gov/42844160/,PubMed
Tyrosine kinase inhibitors suppress cytochrome P450 2C8 and 2J2 functions and their expression in renal cell carcinoma.,"Kojima Ayaka, Nadai Masayuki, Yamazaki Hiroshi",Drug metabolism and pharmacokinetics,2026-10-08,"Cytochrome P450 (P450 or CYP) isoforms, CYP2C8 and CYP2J2, metabolize arachidonic acid to epoxyeicosatrienoic acids (EETs), which are involved in cell proliferation and vasodilation, and are expressed in human kidneys and various cancer cells. However, the effects of renal cell carcinoma-targeted tyrosine kinase inhibitors (TKIs) on these P450 forms have not been determined. We evaluated the effec",https://pubmed.ncbi.nlm.nih.gov/42843233/,PubMed
Saikosaponin A ameliorates acute lung injury by targeting eIF3f to regulate p62 ubiquitination and mitochondrial autophagy flux.,"Bi Chenghao, Zhao Yawei, Wei Jinxia",Phytomedicine : international journal of phytotherapy and phytopharmacology,2026-10-08,"Acute lung injury (ALI) is marked by an exaggerated inflammatory response, elevated oxidative stress, and impaired mitochondrial function, while effective targeted therapeutic strategies remain scarce. Saikosaponin A (SSA), a major active component of Bupleurum, exhibits anti-inflammatory activity, yet its direct targets and mechanisms in viral ALI remain unclear. This study aims to determine the ",https://pubmed.ncbi.nlm.nih.gov/42843049/,PubMed
Sensitive reverse transcription-digital droplet PCR-based discrimination of hepatitis delta virus RNAs reveals differential effects of interferon-α on viral RNA species.,"Pons Caroline, Charles Emilie, Authier Cassandre",The Journal of general virology,2026-10-08,"Hepatitis delta virus (HDV) replication relies on the production of distinct viral RNA species, including genomic (HDV-G), antigenomic (HDV-AG) and mRNAs (HDV mRNAs), which differ in abundance and function. However, the lack of sensitive and quantitative approaches allowing their simultaneous discrimination has limited the precise analysis of HDV RNA dynamics, particularly under antiviral conditio",https://pubmed.ncbi.nlm.nih.gov/42842305/,PubMed
LGR6 couples maresin 1 signaling to glycolytic flux and protein lactylation for the rescue of diabetic cardiomyopathy.,"Feng Bin, Chen Chao, Chen Lin",Journal of diabetes investigation,2026-10-08,"Diabetic cardiomyopathy (DbCM) is driven by metabolic inflexibility and impaired mitochondrial clearance. While the pro-resolving lipid mediator Maresin 1 (MaR1) shows therapeutic promise, its capacity to correct the underlying metabolic-epigenetic disturbances in DbCM remains undefined. Db/db mice and palmitic acid (PA)-exposed H9c2 cardiomyocytes were treated with MaR1. Cardiac function and stru",https://pubmed.ncbi.nlm.nih.gov/42842291/,PubMed
Advances in Extracellular Vesicle-Based Innovative Drugs Targeting Alzheimer's Disease.,"Liu Shangfeng, Lu Jueqin, Liu Jiaxin",Molecular neurobiology,2026-10-08,"The scarcity of effective therapies for Alzheimer's disease (AD) underscores the urgent need for innovative strategies. This review focuses on the targeted delivery of engineered small extracellular vesicles (sEVs, 30-150 nm). By capitalizing on their intrinsic properties as natural nanocarriers-including low immunogenicity and excellent biocompatibility-these EVs can be engineered to co-deliver t",https://pubmed.ncbi.nlm.nih.gov/42842141/,PubMed
FANCD2 knockdown suppresses malignant phenotypes and is associated with caspase/PARP-mediated apoptosis in NCI-H2052 pleural mesothelioma cells.,"Xiang YingFang, Su Pu, Zhang RuiYing",Frontiers in genetics,2026-10-08,"Malignant pleural mesothelioma (PM) is a highly aggressive thoracic malignancy with an extremely poor prognosis and limited effective therapeutic strategies, representing a critical unmet clinical need. Fanconi anemia complementation group D2 (FANCD2) is a critical effector of the cellular DNA damage response system and plays a central role in maintaining genomic integrity. While the genoprotectiv",https://pubmed.ncbi.nlm.nih.gov/42841130/,PubMed
Transcriptomic Identification and Validation of NDUFS2 in Acute Rat TMJ Synovitis and Its Functional Role in LPS-Induced Synovial Fibroblast Inflammation.,"Li Jinghan, Zuo Jingpeng, Liang Jianduan",Journal of inflammation research,2026-10-08,"Temporomandibular joint (TMJ) synovitis persistently drives TMJ osteoarthritis (TMJOA) progression. Aberrant reactive oxygen species (ROS) accumulation triggers chronic oxidative stress, amplifying synovial inflammation. This study aimed to identify candidate ROS-related genes through transcriptomic screening and explore their potential functional involvement in TMJ synovitis. Acute TMJ synovitis ",https://pubmed.ncbi.nlm.nih.gov/42841081/,PubMed
Mobile small RNAs as mediators of stress-induced epigenomic remodeling and systemic stress adaptation.,"Junaid Muhammad Daniyal, Iqbal Muhammad Shahzad, Nasir Muhammad Waqar",Frontiers in epigenetics and epigenomics,2026-10-08,"Plants rely on sophisticated long-distance communication networks to coordinate adaptive responses to changing environmental conditions. Among these, mobile small RNAs (sRNAs), including microRNAs (miRNAs) and small interfering RNAs (siRNAs), function as critical systemic signaling molecules that move between tissues through plasmodesmata and the phloem. While their roles in post-transcriptional g",https://pubmed.ncbi.nlm.nih.gov/42840526/,PubMed
A Regulator SNP Affecting the Transcription Factor ,"Miao Long, Zhou Jiaxuan, Qu Man",Human mutation,2026-10-08,"Noise-induced hearing loss (NIHL) is a key occupational hazard, and its specific pathogenic mechanism is not fully elucidated. Here, we performed this study to explore the potential role of single nucleotide polymorphisms (SNPs) located in the  A case-control study including 688 NIHL patients and 667 normal subjects was conducted. Genotype analysis was tested by multiplex polymerase chain reaction",https://pubmed.ncbi.nlm.nih.gov/42840318/,PubMed
Yiqihuoxue formula improves atherosclerosis by regulating macrophage polarization associated with enhanced STAT6/PPARγ pathway.,"Xie Quan, Wang Binding, Zhuang Jinli",Frontiers in cardiovascular medicine,2026-10-08,"Atherosclerosis (AS) is a major contributor to deaths from cardiovascular diseases. Yiqihuoxue Formula (YQHXF) reflects the traditional Chinese medicine principle of ""Qi-invigorating and blood-activating."" This study investigates the anti-atherosclerotic effects and mechanism of YQHXF through the signal transducer and activator of transcription 6 (STAT6)/ peroxisome proliferator-activated receptor",https://pubmed.ncbi.nlm.nih.gov/42839935/,PubMed
Efficacy and tolerability of targeted lipoprotein(a)-lowering therapies: A systematic review.,"Alebna Pamela L, Campbell Matthew K, Harley Kayla",Journal of clinical lipidology,2026-10-08,"Elevated plasma concentrations of lipoprotein(a) [Lp(a)] have been established as an independent risk factor for atherosclerotic cardiovascular disease, including coronary artery disease, myocardial infarction, and calcific aortic valve disease. To systematically evaluate the efficacy and safety of emerging Lp(a)-lowering therapies. A systematic search of PubMed, Embase, and ClinicalTrials.gov was",https://pubmed.ncbi.nlm.nih.gov/42838767/,PubMed
DeepSilencer: A Novel Deep Learning Model for Predicting siRNA Knockdown Efficiency,"Wangdan Liao, Weidong Wang",arXiv,2026-10-08,"Background: Small interfering RNA (siRNA) is a promising therapeutic agent due to its ability to silence disease-related genes via RNA interference. While traditional machine learning and early deep learning methods have made progress in predicting siRNA efficacy, there remains significant room for improvement. Advanced deep learning techniques can enhance prediction accuracy, reducing the relianc",http://arxiv.org/abs/2503.04200v1,arXiv
Maturation of siRNA by strand separation: Steered Molecular dynamics study,"Rakesh K Mishra, Sanchita Mukherjee, Dhananjay Bhattacharyya",arXiv,2026-10-08,"RNA interference, particularly siRNA induced gene silencing is becoming an important avenue of modern therapeutics. The siRNA is delivered to the cells as short double helical RNA which becomes single stranded for forming the RISC complex. Significant experimental evidence is available for most of the steps except the process of the separation of the two strands. We have attempted to understand th",http://arxiv.org/abs/1910.03778v1,arXiv
Using a hydrogen-bond index to predict the gene-silencing efficiency of siRNA based on the local structure of mRNA,"Kathy Q. Luo, Donald C. Chang",arXiv,2026-10-08,The gene silencing effect of short interfering RNA (siRNA) is known to vary strongly with the targeted position of the mRNA. A number of hypotheses have been suggested to explain this phenomenon. We would like to test if this positional effect is mainly due to the secondary structure of the mRNA at the target site. We proposed that this structural factor can be characterized by a single parameter ,http://arxiv.org/abs/1710.07413v1,arXiv
Unraveling siRNA Unzipping Kinetics with Graphene,"Santosh Mogurampelly, Swati Panigrahi, Dhananjay Bhattacharyya",arXiv,2026-10-08,"Using all atom molecular dynamics simulations, we report spontaneous unzipping and strong binding of small interfering RNA (siRNA) on graphene. Our dispersion corrected density functional theory based calculations suggest that nucleosides of RNA have stronger attractive interactions with graphene as compared to DNA residues. These stronger interactions force the double stranded siRNA to spontaneou",http://arxiv.org/abs/1207.4569v1,arXiv
Unzipping and binding of small interfering RNA with single walled Carbon Nanotube: a platform for small interfering RNA delivery,"Mogurampelly Santosh, Swati Panigrahi, Dhananjay Bhattacharyya",arXiv,2026-10-08,"In an effort to design efficient platform for siRNA delivery, we combine all atom classical and quantum simulations to study the binding of small interfering RNA (siRNA) by pristine single wall carbon nanotube (SWCNT). Our results show that siRNA strongly binds to SWCNT surface via unzipping its base-pairs and the propensity of unzipping increases with the increase in the diameter of the SWCNTs. T",http://arxiv.org/abs/1203.2409v1,arXiv
Nanodiamond as a vector for siRNA delivery to Ewing sarcoma cells,"Anna Alhaddad, Marie-Pierre Adam, Jacques Botsoa",arXiv,2026-10-08,"We investigated the ability of diamond nanoparticles (nanodiamonds, NDs) to deliver small interfering RNA (siRNA) in Ewing sarcoma cells, in the perspective of in vivo anti-cancer nucleic acid drug delivery. siRNA was adsorbed onto NDs previously coated with cationic polymer. Cell uptake of NDs has been demonstrated by taking advantage of NDs intrinsic fluorescence coming from embedded color cente",http://arxiv.org/abs/1106.2252v2,arXiv
Target prediction and a statistical sampling algorithm for RNA-RNA interaction,"F. W. D. Huang, J. Qin, C. M. Reidys",arXiv,2026-10-08,"It has been proven that the accessibility of the target sites has a critical influence for miRNA and siRNA. In this paper, we present a program, rip2.0, not only the energetically most favorable targets site based on the hybrid-probability, but also a statistical sampling structure to illustrate the statistical characterization and representation of the Boltzmann ensemble of RNA-RNA interaction st",http://arxiv.org/abs/0908.0597v1,arXiv
In silico evidence of the relationship between miRNAs and siRNAs,"Ludovica Montanucci, Piero Fariselli, Pier Luigi Martelli",arXiv,2026-10-08,"Both short interfering RNAs (siRNAs) and microRNAs (miRNAs) mediate the repression of specific sequences of mRNA through the RNA interference pathway. In the last years several experiments have supported the hypothesis that siRNAs and miRNAs may be functionally interchangeable, at least in cultured cells. In this work we verify that this hypothesis is also supported by a computational evidence. We",http://arxiv.org/abs/0705.2355v1,arXiv
