title,authors,journal,date,abstract,link,source
"Targeted modulation of IGFBP5/IGF1, THPO, and P38 MAPK signaling are potent therapeutic strategies generalizable for mitochondrial respiratory chain disease and osteosarcoma.","Keith Kelsey, Peng Min, Remes Cristina",bioRxiv : the preprint server for biology,2026-08-01,"Primary mitochondrial diseases (PMD) have limited disease-modifying therapies, currently applicable to only 3 of over 400 discrete gene disorders. Cycloheximide (CHX) is a global cytosolic translation inhibitor we previously reported to rescue PMD preclinical models, although its toxicity precluded clinical development. To identify specific mediators underlying CHX treatment benefit in PMD, SOMAsc",https://pubmed.ncbi.nlm.nih.gov/42539297/,PubMed
Altered neuronal start codon stringency favors cap-independent repeat-associated non-AUG translation.,"Wieland Clare M, Wright Shannon E, Willey Sydney",bioRxiv : the preprint server for biology,2026-08-01,Intronic GGGGCC repeat expansions in ,https://pubmed.ncbi.nlm.nih.gov/42539252/,PubMed
Cyclin B3-CDK1 couples translational de-repression to embryonic mitoses via OMA protein degradation in ,"Bojorquez David, Moghareh Shabnam, Elsayed Maab",bioRxiv : the preprint server for biology,2026-08-01,"During early embryogenesis, gene expression relies on maternally loaded mRNAs whose translation is controlled by RNA binding proteins. Here, we identify a critical role for the cyclin B3-CDK1 complex, known for its function in mitosis, in driving early embryonic gene expression in ",https://pubmed.ncbi.nlm.nih.gov/42539201/,PubMed
Structural basis for emetine inhibition of ribosome translocation in Toxoplasma gondii.,"Dong Wenzhao, Wang Fengrong, Saladin Brenna A",bioRxiv : the preprint server for biology,2026-08-01,"Apicomplexan parasites, including Toxoplasma gondii and Plasmodium falciparum, are major human pathogens that cause toxoplasmosis and malaria, respectively. The existing structures of T. gondii translational machinery are from empty ribosomes that lack several key components, including ribosomal protein RACK1 (Receptor for Activated C Kinase 1). Here, we used cryo-electron microscopy (cryoEM) to d",https://pubmed.ncbi.nlm.nih.gov/42539200/,PubMed
Identifying endogenous substrates of the 26S proteasome through site-specific photocrosslinking.,"Yori Restrepo Santiago, Martin Andreas",bioRxiv : the preprint server for biology,2026-08-01,"The 26S proteasome is the hub for regulated protein turnover in eukaryotic cells. Degradation of proteins by the Ubiquitin-Proteasome System plays critical roles in every aspect of cell biology, such as the regulation of gene transcription, the quality control of translation and protein folding, and protein transport across membranes. While mRNA levels and protein abundances can be readily measure",https://pubmed.ncbi.nlm.nih.gov/42539152/,PubMed
Post-loading ribonucleic acid into lipid nanoparticle carriers.,"Bizmark Navid, Amelemah David F, Nayagam Satya",bioRxiv : the preprint server for biology,2026-08-01,"Lipid nanoparticles (LNPs) are effective carriers for messenger ribonucleic acid (mRNA) delivery in vaccines; however, their reliance on extreme cold-chain storage limits global manufacturing and distribution. Conventional LNPs are formed by rapidly mixing four lipids with mRNA through electrostatic interactions between cationic ionizable lipids and negatively charged nucleic acids, facilitating n",https://pubmed.ncbi.nlm.nih.gov/42539106/,PubMed
FOXO/DAF-16 modulates the transcription factor ROR/NHR-23 and inhibits the let-7 microRNA to maintain multipotency during dauer.,"Galagali Himani, Wirick Matthew J, Alessi Amelia F",bioRxiv : the preprint server for biology,2026-08-01,"Animals rapidly reprogram gene expression to adapt development to environmental stress. How gene regulatory programs that drive continuous development are repressed during stress-induced developmental arrest remains poorly understood. In Caenorhabditis elegans, starvation and overcrowding trigger entry into the stress-resistant, quiescent dauer stage. Here, we identify interactions among the conse",https://pubmed.ncbi.nlm.nih.gov/42538964/,PubMed
Non-Canonical Activation of HSF1 Stimulates mTORC1-Mediated Translation in HCMV-Infected Monocytes.,"Miller Michael J, Moradpour Shima, Geiler Brittany W",bioRxiv : the preprint server for biology,2026-08-01,"Human cytomegalovirus (HCMV) is a major cause of organ disease among immunonaïve and immunocompromised individuals. HCMV infection stimulates the survival of normally short-lived circulating monocytes, allowing these blood cells to mediate the dissemination of the virus from the initial point of infection to distant organ sites. We previously showed that HCMV induces a non-canonical phosphorylatio",https://pubmed.ncbi.nlm.nih.gov/42538921/,PubMed
"Comparative Analysis of ACTL7A Expression, Localization, and Sperm Functional Parameters in Fertile and Infertile Men: A Case-Control Study.","Nourian Najafabadi Sajedeh Sadat, Tavalaee Marziyeh, Naderi Nushin",Cell journal,2026-08-01,"Testis-specific actin-like 7A (ACTL7A) is an acrosome/perinuclear-theca-related protein implicated in male infertility. In this exploratory study, we assessed  For this preliminary case-control study, twenty-seven men were included: 11 infertile intracytoplasmic sperm injection (ICSI) candidates and 16 fertile preimplantation genetic testing (PGT) candidates.  Reduced ",https://pubmed.ncbi.nlm.nih.gov/42538867/,PubMed
A single-nucleus multiomic study of preoptic area cells in prepubertal control vs prenatally androgenized female mice.,"Burger Laura L, Chikodikar Rujuta M, Moenter Suzanne M",Endocrinology,2026-08-01,"Polycystic ovary syndrome (PCOS) is a common endocrine disorder with developmental origins. While the etiology is unclear, current postulates include epigenetic programming. Cell-type-specific epigenetic changes by which prenatal androgen excess programs the neuroendocrine axis have not been defined. Using single-nucleus (sn) multiome sequencing (snRNAseq + snATACseq) of the mouse preoptic area, w",https://pubmed.ncbi.nlm.nih.gov/42538800/,PubMed
Role of Long Noncoding RNA H19 and its Target microRNA/mRNA Pathways in Acute Kidney Injury: A Comparative Study in 2-Dimensional and 3-Dimensional Cultured Proximal Tubule Cells Under Hypoxic Conditions.,"Özkızılcık Koçyiğit Aslı, Karahan Hatice İlayhan, Eldem Aslı",Experimental and clinical transplantation : official journal of the Middle East Society for Organ Transplantation,2026-08-01,"Hypoxia is a key regulator of renal epithelial cell function and contributes to the pathogenesis of kidney diseases. Although two-dimensional cell cultures are commonly used to study hypoxic responses, three -dimensional spheroid cultures better represent the in vivo microenvironment, including cell -cell and cell -matrix interactions. In this study, we compared hypoxia -induced gene expression in",https://pubmed.ncbi.nlm.nih.gov/42538683/,PubMed
"Potent and Sustained Lowering of Serum Uric Acid by YJH-012-D, a GalNAc-Conjugated siRNA Targeting Xanthine Dehydrogenase.","Tang Tingke, Li Qiuying, Zhang Chenguang",Pharmacology research & perspectives,2026-08-01,"Hyperuricemia (HUA) is primarily driven by hepatic overproduction of urate, mediated by xanthine dehydrogenase (XDH). This preclinical study evaluates YJH-012-D, a N-acetylgalactosamine (GalNAc)-conjugated small interfering RNA (siRNA) targeting hepatic XDH. Functional assays demonstrated that YJH-012-D potently suppressed both XDH mRNA and protein expression in primary hepatocytes. In mice, a sin",https://pubmed.ncbi.nlm.nih.gov/42538620/,PubMed
Role of GPCR41 silencing in conjugated linoleic acid-induced adipogenesis of bovine intramuscular preadipocytes.,"Wan Rong, Zhang Chuanfang, Meng Qingxiang",In vitro cellular & developmental biology. Animal,2026-08-01,"The present study examined the impact of conjugated linoleic acid (CLA) on the differentiation and proliferation of bovine intramuscular preadipocyte (BIP) cells, specifically exploring the role of G protein-coupled receptor 41 (GPCR41). Cells were exposed to CLA at various concentrations ranging from 50 to 150 μmol/L. Flow cytometry revealed that treatment with 100 μmol/L CLA led to a significant",https://pubmed.ncbi.nlm.nih.gov/42538491/,PubMed
The m,"Lu Lu, Sarkar Avijite Kumer, Dao Lan",Molecular psychiatry,2026-08-01,"Fragile X syndrome (FXS), the leading genetic cause of intellectual disability, arises from FMR1 gene silencing and the subsequent loss of the RNA-binding protein FMRP. N6-methyladenosine (m",https://pubmed.ncbi.nlm.nih.gov/42538395/,PubMed
Efficient production of a self-amplifying RNA vaccine sequence with the single subunit RNA polymerase from Klebsiella phage 32 utilising the native AU initiating dinucleotide.,"Price Marcus A, Trubitsyna Maryia, Paget Jane E","RNA (New York, N.Y.)",2026-08-01,"RNA polymerase (RNAP) is the enzyme that produces RNA for an increasingly large variety of uses. The need for efficient industrial production of high quantities of mRNA was exemplified during the SARS-CoV-2 pandemic. While the RNAP from the T7 bacteriophage has been the gold standard for some time, it has certain limitations impeding efficient manufacturing of all RNA types, including production o",https://pubmed.ncbi.nlm.nih.gov/42538131/,PubMed
Anti-SARS-CoV-2 receptor-binding domain IgG titers and associated factors after heterologous mRNA booster vaccination in individuals primed with the inactivated vaccine.,"Harapan Harapan, Ayulinda Arianisah Putri, Kamil Qatrunnada",Acta tropica,2026-08-01,"Coronavirus disease 2019 (COVID-19), caused by severe acute respiratory syndrome coronavirus 2 (SARS-CoV-2), continues to circulate globally, highlighting the need to understand immune responses after heterologous booster vaccination. This cross-sectional study evaluated anti-SARS-CoV-2 receptor-binding domain (RBD) IgG titers and associated factors among adults who had completed a two-dose Corona",https://pubmed.ncbi.nlm.nih.gov/42537920/,PubMed
Improved flow cytometric and Western blot detection of PLXDC2 in human iPS cells via BACE-1 inhibition.,"Sato Tomomi, Sakuma Chiaki, Hori Chika",Journal of immunological methods,2026-08-01,"PLXDC2 is a single-pass transmembrane glycoprotein expressed in multiple stem and immune-related cell types. In human induced pluripotent stem cells (hiPSCs), PLXDC2 mRNA and its corresponding protein have been confirmed by transcriptome analysis and mass spectrometry; however, surface detection by flow cytometry using the monoclonal antibody #4G3 cannot be achieved after routine TrypLE dissociati",https://pubmed.ncbi.nlm.nih.gov/42537902/,PubMed
SMG1 in Hepatocellular Carcinoma: A Context-Dependent Tumor Suppressor and a Targetable Node for NMD-Directed Immunotherapy.,Nam Soon Woo,Critical reviews in oncology/hematology,2026-08-01,"Hepatocellular carcinoma (HCC) is a leading cause of cancer death, yet immune checkpoint inhibitors (ICIs) benefit only a minority of patients-a limitation attributed to low tumor mutational burden (TMB) and an immunologically cold microenvironment. SMG1, a serine/threonine kinase of the phosphatidylinositol 3-kinase-related kinase (PIKK) superfamily, sits at the intersection of RNA surveillance, ",https://pubmed.ncbi.nlm.nih.gov/42537828/,PubMed
CTSB-Associated Inflammation and Macrophage Interaction in Heart Failure Following Myocardial Infarction and Potential Therapeutic Implications of Quercetin.,"Tan Ling, Ding Ran, Li Guiyu",European journal of pharmacology,2026-08-01,"Post-myocardial infarction inflammation and maladaptive remodeling are major drivers of heart failure, but the role of cathepsin B (CTSB) in quercetin-associated cardioprotection remains unclear. In this study, public bulk transcriptomic and single-cell RNA sequencing datasets were re-analyzed to characterize CTSB expression across cardiac cell populations and heart failure phenotypes. Network pha",https://pubmed.ncbi.nlm.nih.gov/42537737/,PubMed
Luteolin increases baseline apneas and downregulates brainstem HIF in normoxia and chronic intermittent hypoxia.,"Junior Bolival Apparecido Mendonça, Souza da Silva André Acácio, Sasso-Cerri Estela",Respiratory physiology & neurobiology,2026-08-01,"Hypoxia-inducible factor (HIF) is a key regulator of cellular adaptation to reduced oxygen availability. Chronic intermittent hypoxia (CIH), characterized by recurrent cycles of hypoxia and reoxygenation, promotes oxidative stress and activates hypoxia-sensitive signaling pathways involved in ventilatory control. Luteolin-7-O-glucoside (luteolin), a flavonoid with antioxidant and anti-inflammatory",https://pubmed.ncbi.nlm.nih.gov/42537732/,PubMed
Energy-efficient codon optimization on thermodynamic hardware,"Andraz Jelincic, Ross C. Walker",arXiv,2026-08-01,"The growing energy demand for computation is becoming increasingly unsustainable. Thermodynamic computing, which harnesses physical thermal fluctuations as a computational resource rather than suppressing them, offers orders-of-magnitude energy savings for probabilistic and combinatorial tasks. Pharmaceutical R&D, heavily reliant on computational optimization and sampling, is a natural application",http://arxiv.org/abs/2606.17327v1,arXiv
mRNAutilus: Multi-Objective-Guided Discrete Generation of mRNA with Optimized Therapeutic Properties,"Sawan Patel, Sophia Tang, Yesol Kim",arXiv,2026-08-01,"Therapeutic mRNA design requires coordinating multiple interacting sequence features across the full transcript, where codon usage, untranslated regions (UTRs), and their coupling jointly determine stability, translation efficiency, and protein expression. Here, we present mRNA generation via unrolled trajectories and informed latent updates (mRNAutilus), a framework for simultaneous codon optimiz",http://arxiv.org/abs/2605.31296v1,arXiv
Sampling-based Continuous Optimization for Messenger RNA Design,"Feipeng Yue, Ning Dai, Wei Yu Tang",arXiv,2026-08-01,"Designing messenger RNA (mRNA) sequences for a fixed target protein requires searching an exponentially large synonymous space while optimizing properties that affect stability and downstream performance. This is challenging because practical mRNA design involves multiple coupled objectives beyond classical folding criteria, and different applications prefer different trade-offs. We propose a gene",http://arxiv.org/abs/2603.06559v1,arXiv
Drug-like antibodies with low immunogenicity in human panels designed with Latent-X2," Latent Labs Team, Henry Kenlay, Daniella Pretorius",arXiv,2026-08-01,"Drug discovery has long sought computational systems capable of designing drug-like molecules directly: developable and non-immunogenic from the start. Here we introduce Latent-X2, a frontier generative model that achieves this goal through zero-shot design of antibodies with strong binding affinities, drug-like properties, and, for the first time for any de novo generated antibody, confirmed low ",http://arxiv.org/abs/2512.20263v1,arXiv
"RNAGenScape: Property-Guided, Optimized Generation of mRNA Sequences with Manifold Langevin Dynamics","Danqi Liao, Chen Liu, Xingzhi Sun",arXiv,2026-08-01,"Generating property-optimized mRNA sequences is central to applications such as vaccine design and protein replacement therapy, but remains challenging due to limited data, complex sequence-function relationships, and the narrow space of biologically viable sequences. Generative methods that drift away from the data manifold can yield sequences that fail to fold, translate poorly, or are otherwise",http://arxiv.org/abs/2510.24736v3,arXiv
The proportional scaling of mRNA and ribosome concentrations controls eukaryotic cell growth,"Xin Gao, Michael Lanz, Rosslyn Grosely",arXiv,2026-08-01,"Cell growth underlies nearly all eukaryotic physiology, yet its quantitative principles remain unclear. Using single-molecule ribosome tracking, spike-in RNA sequencing, and quantitative proteomics across 15 nutrient-limited conditions in budding yeast, we define how growth is controlled in the budding yeast Saccharomyces cerevisiae. Ribosome concentration scales linearly with growth rate, while p",http://arxiv.org/abs/2508.14997v2,arXiv
mRNA Folding Algorithms for Structure and Codon Optimization,"Max Ward, Mary Richardson, Mihir Metkar",arXiv,2026-08-01,"mRNA technology has revolutionized vaccine development, protein replacement therapies, and cancer immunotherapies, offering rapid production and precise control over sequence and efficacy. However, the inherent instability of mRNA poses significant challenges for drug storage and distribution, particularly in resource-limited regions. Co-optimizing RNA structure and codon choice has emerged as a p",http://arxiv.org/abs/2503.19273v1,arXiv
Generative Model for Synthesizing Ionizable Lipids: A Monte Carlo Tree Search Approach,"Jingyi Zhao, Yuxuan Ou, Austin Tripp",arXiv,2026-08-01,"Ionizable lipids are essential in developing lipid nanoparticles (LNPs) for effective messenger RNA (mRNA) delivery. While traditional methods for designing new ionizable lipids are typically time-consuming, deep generative models have emerged as a powerful solution, significantly accelerating the molecular discovery process. However, a practical challenge arises as the molecular structures genera",http://arxiv.org/abs/2412.00807v1,arXiv
Machine learning framework to predict the performance of lipid nanoparticles for nucleic acid delivery,"Gaurav Kumar, Arezoo M. Ardekani",arXiv,2026-08-01,"Lipid nanoparticles (LNPs) are highly effective carriers for gene therapies, including mRNA and siRNA delivery, due to their ability to transport nucleic acids across biological membranes, low cytotoxicity, improved pharmacokinetics, and scalability. A typical approach to formulate LNPs is to establish a quantitative structure-activity relationship (QSAR) between their compositions and in vitro/in",http://arxiv.org/abs/2411.14293v1,arXiv
Joint Design of 5' Untranslated Region and Coding Sequence of mRNA,"Yang Liu, Jie Gao, Xiaonan Zhang",arXiv,2026-08-01,"Messenger RNA (mRNA) vaccines and therapeutics are emerging as powerful tools against a variety of diseases, including infectious diseases and cancer. The design of mRNA molecules, particularly the untranslated region (UTR) and coding sequence (CDS) is crucial for optimizing translation efficiency and stability. Current design approaches generally focus solely on either the 5' UTR or the CDS, whic",http://arxiv.org/abs/2410.20781v1,arXiv
Bacterial stress granule protects mRNA through ribonucleases exclusion,"Linsen Pei, Yujia Xian, Xiaodan Yan",arXiv,2026-08-01,"Membraneless droplets formed through liquid-liquid phase separation (LLPS) play a crucial role in mRNA storage, enabling organisms to swiftly respond to environmental changes. However, the mechanisms underlying mRNA integration and protection within droplets remain unclear. Here, we unravel the role of bacterial aggresomes as stress granules (SGs) in safeguarding mRNA during stress. We discovered ",http://arxiv.org/abs/2404.17873v2,arXiv
"Hypolipidemic effect of brown seaweed (Sargassum crassifolium) extract in vivo (Study of histopathology, mRNA expression, and immunohistochemistry (IHC) with VCAM-1, ICAM-1, and MCP-1 parameters)","Sarah Zaidan, Syamsudin Abdillah, Nur Arfian",arXiv,2026-08-01,The purpose of this study was to obtain natural drugs from brown seaweed (Sargassum crassifolium) as antiatherosclerosis candidates through the study of hypolipidemic mechanisms of action. Modeling of dyslipidemia rats was carried out by feeding high-fat (HFF) and doses of crude fucoidan 100. 200. 400mg / KgBB. in both treatments measured blood lipid profile levels taken from the orbital sinuses. ,http://arxiv.org/abs/2402.07497v1,arXiv
Machine Learning Modeling Of SiRNA Structure-Potency Relationship With Applications Against Sars-Cov-2 Spike Gene,Damilola Oshunyinka,arXiv,2026-08-01,"The pharmaceutical Research and development (R&D) process is lengthy and costly, taking nearly a decade to bring a new drug to the market. However, advancements in biotechnology, computational methods, and machine learning algorithms have the potential to revolutionize drug discovery, speeding up the process and improving patient outcomes. The COVID-19 pandemic has further accelerated and deepened",http://arxiv.org/abs/2401.12232v1,arXiv
Messenger RNA Design via Expected Partition Function and Continuous Optimization,"Ning Dai, Wei Yu Tang, Tianshuo Zhou",arXiv,2026-08-01,"The tasks of designing RNAs are discrete optimization problems, and several versions of these problems are NP-hard. As an alternative to commonly used local search methods, we formulate these problems as continuous optimization and develop a general framework for this optimization based on a generalization of classical partition function which we call ""expected partition function"". The basic idea ",http://arxiv.org/abs/2401.00037v2,arXiv
Machine Learning-guided Lipid Nanoparticle Design for mRNA Delivery,"Daisy Yi Ding, Yuhui Zhang, Yuan Jia",arXiv,2026-08-01,"While RNA technologies hold immense therapeutic potential in a range of applications from vaccination to gene editing, the broad implementation of these technologies is hindered by the challenge of delivering these agents effectively. Lipid nanoparticles have emerged as one of the most widely used delivery agents, but their design optimization relies on laborious and costly experimental methods. W",http://arxiv.org/abs/2308.01402v2,arXiv
Corrected Hill Function in Stochastic Gene Regulatory Networks,"Manuel Eduardo Hernández-García, Jorge Velázquez-Castro",arXiv,2026-08-01,"Describing reaction rates in stochastic bio-circuits is commonly done by directly introducing the deterministically deduced Hill function into the master equation. However, when fluctuations in enzymatic reaction rates are not neglectable, the Hill function must be derived, considering all the involved stochastic reactions. In this work, we derived the stochastic version of the Hill function from ",http://arxiv.org/abs/2307.03057v4,arXiv
Stochastic dynamics and ribosome-RNAP interactions in Transcription-Translation Coupling,"Xiangting Li, Tom Chou",arXiv,2026-08-01,"Under certain cellular conditions, transcription and mRNA translation in prokaryotes appear to be ""coupled,"" in which the formation of mRNA transcript and production of its associated protein are temporally correlated. Such transcription-translation coupling (TTC) has been evoked as a mechanism that speeds up the overall process, provides protection during the transcription, and/or regulates the t",http://arxiv.org/abs/2207.04568v1,arXiv
Coronavirus RNA Sensor Using Single-Stranded DNA Bonded to Sub-Percolated Gold Films on Monolayer Graphene Field-Effect Transistors,"Nicholas E. Fuhr, Mohamed Azize, David J. Bishop",arXiv,2026-08-01,"Electrical detection of messenger ribonucleic acid (mRNA) is a promising approach to enhancing transcriptomics and disease diagnostics because of its sensitivity, rapidity, and modularity. Reported here is a fast SARS-CoV-2 mRNA biosensor (<1 minute) with a limit of detection of 1 aM, and dynamic range of 4 orders of magnitude and a linear sensitivity of 22 mV per molar decade. These figures of me",http://arxiv.org/abs/2205.05143v1,arXiv
Deep learning models for predicting RNA degradation via dual crowdsourcing,"Hannah K. Wayment-Steele, Wipapat Kladwang, Andrew M. Watkins",arXiv,2026-08-01,"Messenger RNA-based medicines hold immense potential, as evidenced by their rapid deployment as COVID-19 vaccines. However, worldwide distribution of mRNA molecules has been limited by their thermostability, which is fundamentally limited by the intrinsic instability of RNA molecules to a chemical degradation reaction called in-line hydrolysis. Predicting the degradation of an RNA molecule is a ke",http://arxiv.org/abs/2110.07531v2,arXiv
Coagulapathies after vaccination against SARS-CoV-2 may be derived from a combination effect of SARS-CoV-2 spike protein and adenovirus vector-triggered signaling pathways,Ralf Kircheis,arXiv,2026-08-01,"The novel coronavirus SARS-CoV-2 has resulted in a global pandemic with worldwide 6-digital infection rates and thousands death tolls daily. Enormeous effords are undertaken to achieve high coverage of immunization in order to reach herd immunity to stop spreading of SARS-CoV-2 infection. Several SARS-CoV-2 vaccines, based either on mRNA, viral vectors, or inactivated SARS-CoV-2 virus have been ap",http://arxiv.org/abs/2109.00089v1,arXiv
An Optimized Workflow for ,"Wang Xin, Trypsteen Wim, Anckaert Jasper",The CRISPR journal,2026-08-01,CRISPR interference (CRISPRi) often uses single guide RNAs (sgRNAs) generated by ,https://pubmed.ncbi.nlm.nih.gov/42538871/,PubMed
Epigenetic Mechanisms of Pulmonary Toxicity Induced by Nanomaterials.,"Han Yutong, Zhang Jiahao, Zhang Dan",Journal of applied toxicology : JAT,2026-08-01,"The widespread application of nanomaterials raises increasing concerns about their inhalation-induced pulmonary toxicity. Emerging evidence highlights that epigenetic regulation plays a critical role in mediating these effects. This review synthesizes key epigenetic mechanisms involved, including DNA methylation, histone acetylation, and noncoding RNA regulation. Nanomaterials induce bidirectional",https://pubmed.ncbi.nlm.nih.gov/42538766/,PubMed
"Maternal juvenile hormone transfer is associated with diapause fate determination in the parasitoid wasp, Nasonia vitripennis.","Mukai Ayumu, Ikeda Suguru, Shimizu Yuta",Journal of insect physiology,2026-08-01,"Insects inhabiting temperate regions use photoperiodic cues to predict seasonal changes and regulate diapause. In some species, maternal photoperiodic experience determines offspring diapause fate. However, the physiological mechanisms underlying transgenerational transmission of seasonal information remain poorly understood. In the parasitoid jewel wasp Nasonia vitripennis, females exposed to lon",https://pubmed.ncbi.nlm.nih.gov/42537981/,PubMed
Development of green nematicides targeting a repressor of gonad mitosis in Bursaphelenchus xylophilus.,"Hu Wenxin, Su Miao, Shao Hudie",Gene,2026-08-01,"Bursaphelenchus xylophilus is a worldwide quarantine pest that causes serious damage to the ecological security of pine trees worldwide. However, the mechanisms involved in mitosis and gamete formation of B. xylophilus have not been reported. The expression of Bxy-fbf was determined by qRT-PCR and in situ hybridization. RNA interference technology is used to elucidate the biological function of Bx",https://pubmed.ncbi.nlm.nih.gov/42537887/,PubMed
Genome-wide identification and characterization of ABC transporters and their expression in response to saline-alkaline stress and WSSV infection in Fenneropenaeus chinensis.,"Li Zhaoxia, Jia Chuanshi, Li Yalun",Fish & shellfish immunology,2026-08-01,"ATP-binding cassette (ABC) transporters play crucial roles in stress responses across organisms, yet their functions in Fenneropenaeus chinensis remain largely unknown. In this study, we identified 42 FcABC genes (FcABCs) in the F. chinensis genome and analyzed their phylogenetic relationships, gene structures, and chromosomal distributions. Phylogenetic analysis grouped the FcABCs into eight subf",https://pubmed.ncbi.nlm.nih.gov/42537827/,PubMed
Energy stress activates AMPK to suppress ferroptosis in neurodegenerative proteinopathies.,"Yong Yuanyuan, Hu Yuxin, Feng Qian",International journal of molecular medicine,2026-08-01,"Ferroptosis, an iron‑dependent and lipid peroxidation‑driven form of regulated cell death, has emerged as a key contributor to neuronal degeneration in protein misfolding disorders. However, how cellular energy metabolism modulates ferroptotic susceptibility in neurodegenerative proteinopathies remains incompletely defined. The present study investigated whether the previously described energy str",https://pubmed.ncbi.nlm.nih.gov/42535371/,PubMed
The role of neuronal protein NOS in regulation of magnetic orientation in the subterranean termite Odontotermes formosanus.,"Wang Wenjing, Gao Yongyong, Long Qi",Insect molecular biology,2026-08-01,"Magnetic orientation is essential for subterranean termites during foraging and homing. Although neuronal mechanisms are known to be central to magnetoreception, the specific regulatory proteins involved in this process remain unclear. Here, we report that the expression of the neuronal protein nitric oxide synthase (NOS) in the subterranean termite Odontotermes formosanus was significantly reduce",https://pubmed.ncbi.nlm.nih.gov/42533218/,PubMed
Transcriptomic and RNAi-mediated antiviral response to Kamiti River virus infection in Aedes albopictus U4.4 cells.,"Öhlund Pontus, Pinto Marlene Cavaleiro, Blomström Anne-Lie",Scientific reports,2026-08-01,"Mosquitoes transmit arboviruses that represent major global public health challenges. Increasing insecticide resistance and absence of effective antiviral therapies underscore the need for novel vector control strategies. Insect-specific viruses have emerged as candidates for biological control, however, the cellular mechanisms underlying their interactions with mosquito hosts remain poorly unders",https://pubmed.ncbi.nlm.nih.gov/42533084/,PubMed
The BiP gene encoding endoplasmic reticulum chaperone binding immunoglobulin protein regulates survival and reproduction in Diaphorina citri.,"Li Min, Huang Yuanyuan, Zhong Ming",International journal of biological macromolecules,2026-08-01,"The Asian citrus psyllid, Diaphorina citri, a vector of citrus Huanglongbing (HLB) disease, requires flush shoot feeding for reproduction, which induces the endoplasmic reticulum (ER) chaperone binding immunoglobulin protein (BiP). Using RNA interference (RNAi), DcBiP function was investigated. DcBiP expression decreased to 0.23-fold at 24 h and 0.35-fold at 48 h following RNAi-mediated knockdown.",https://pubmed.ncbi.nlm.nih.gov/42532230/,PubMed
Correlative analysis of endogenous miRNA expression profiles underlying brown planthopper adaptation to resistant rice.,"Cai Yu-Biao, Wang Xin-Feng, Wang Ya-Xuan","Comparative biochemistry and physiology. Part D, Genomics & proteomics",2026-08-01,"The brown planthopper (Nilaparvata lugens Stål, BPH) is a major insect pest threatening global rice production. However, the molecular mechanisms underlying the adaptation of BPH populations with different virulence levels to resistant rice cultivars remain poorly understood. MicroRNAs (miRNAs), as key post-transcriptional regulators, play critical roles in host adaptation in herbivorous insects. ",https://pubmed.ncbi.nlm.nih.gov/42531788/,PubMed
Male accessory gland proteins in Grapholita molesta: Identification and reproductive functional validation of four accessory gland-specific lipases.,"Liang Yu, Wu Zhuo, Guo Tai","Comparative biochemistry and physiology. Part D, Genomics & proteomics",2026-08-01,"Accessory gland proteins (Acps), synthesized in the male accessory glands (AGs), are transferred to females via spermatophores during mating and elicit diverse post-mating physiological and behavioral responses. However, Acps have not been comprehensively characterized in Grapholita molesta, a cosmopolitan orchard pest. Here, using data-independent acquisition mass spectrometry, we describe an int",https://pubmed.ncbi.nlm.nih.gov/42531786/,PubMed
Matrix Metalloprotease 1 (Mmp1) promotes cell fate change for epithelial-to-epithelial transition during regeneration after radiation damage in Drosophila.,"Shiferaw Michael, Orr Lauren, Hens Korneel",PLoS genetics,2026-08-01,"Ionizing radiation (IR) is used to treat cancer, but therapeutic failure occurs when surviving cancer cells change fate and regenerate tumors through acquired stem cell-like properties. While transcriptional mechanisms underlying cell fate plasticity have been characterized, the cellular processes enabling cell movement during tissue regeneration remain unclear. We reported previously that hinge c",https://pubmed.ncbi.nlm.nih.gov/42531335/,PubMed
Viruses and Antiviral Responses of Nematodes.,"Howard Dustin T, Lažetić Vladimir",Frontiers in bioscience (Landmark edition),2026-08-01,"Nematodes are ubiquitous metazoans that occupy diverse ecological niches, exposing them to a wide range of viruses and positioning them as both viral hosts and vectors. Free-living nematodes, particularly ",https://pubmed.ncbi.nlm.nih.gov/42530246/,PubMed
Rapid clinical validation of an RNA/DNA hybrid tagmentation-based metagenomic workflow for respiratory RNA virus detection.,"Ma Xia, Guo Shan, Feng Yangyang",Frontiers in microbiology,2026-08-01,"In the post-pandemic era, co-circulation of multiple respiratory RNA viruses has increased the need for timely diagnosis and reliable recognition of mixed infections. Although reverse transcription quantitative polymerase chain reaction (RT-qPCR) remains the clinical standard for respiratory virus detection, its target-restricted design limits the detection of unexpected or coinfecting pathogens. ",https://pubmed.ncbi.nlm.nih.gov/42529042/,PubMed
Inhibition of ETS1/DRP1 axis attenuates intervertebral disc degeneration by suppressing excessive mitochondrial fission.,"Li Pengfei, Que Yichen, Zhang Shuhao",Cellular signalling,2026-08-01,"Intervertebral disc degeneration (IVDD) is a predominant contributor to low back pain, characterized by nucleus pulposus cell (NPC) senescence, extracellular matrix (ECM) metabolic dysfunction, and chronic inflammation. Excessive mitochondrial fission contributes to IVDD, yet the underlying regulatory mechanisms remain unclear. Herein, we identified ETS proto-oncogene 1 (ETS1) as a critical regula",https://pubmed.ncbi.nlm.nih.gov/42526698/,PubMed
Aedes aegypti calreticulin promotes dengue virus replication and transmission by glycan-dependent binding to the prM protein.,"Weng Shih-Che, Hsu Yu-Chieh, Tsao Po-Nien",Insect biochemistry and molecular biology,2026-08-01,"Mosquito saliva is coinoculated with dengue virus (DENV) during blood feeding, potentially influencing infection at bite sites; however, the key salivary factors and underlying mechanisms remain unclear. This study identifies Aedes aegypti calreticulin (CRT) as a dual-function enhancer of DENV replication and transmission. Far-western blotting and coimmunoprecipitation revealed that mosquito saliv",https://pubmed.ncbi.nlm.nih.gov/42526681/,PubMed
Ferroptosis contributes to quercetin-induced anti-cancer activity through blockade of LGR4/NF-κB/GPX4 axis in oral squamous cell carcinoma.,"Wang Xiao-Jiao, Zhang Peng, Gao Yue",Frontiers in oncology,2026-08-01,"Oral squamous cell carcinoma (OSCC) is a malignancy that faces challenges such as chemotherapy resistance and side effects. There is an urgent need for effective, low-toxicity compounds to treat OSCC. Here, we examined whether quercetin induces ferroptosis in OSCC cells and explored the potential molecular mechanisms. The role of LGR4/NF-κB/GPX4 in OSCC cells (CAL27 and SCC9) was studied through g",https://pubmed.ncbi.nlm.nih.gov/42524008/,PubMed
Plant RNA interference from antiviral silencing to multiplex trait engineering for climate-resilient crops.,Abdurakhmonov Ibrokhim Y,Frontiers in plant science,2026-08-01,"RNA interference (RNAi) in plants has evolved from an unexplained antiviral and transgene interference phenomenon into a general regulatory platform for sequence-guided gene suppression, chromatin control, systemic signaling, and phenotypic plasticity. This Review synthesizes six decades of plant RNAi, tracing its progression through conceptual bottlenecks and technological solutions. Early work e",https://pubmed.ncbi.nlm.nih.gov/42523892/,PubMed
A small viral protein suppresses immune amplification by two distinct mechanisms.,"Liu Si, Yang Ting, Cai Qian",mBio,2026-08-01,"Diverse viral suppressors of RNA interference (RNAi) and RNA silencing (VSRs) interact directly with core protein and/or RNA components of the host RNAi pathway. However, the specific counter-defense function of any VSR biochemical activity is fully validated only when it is shown as essential for viral infection in the wild-type but not mutant hosts defective in antiviral RNAi. Here, we investiga",https://pubmed.ncbi.nlm.nih.gov/42523092/,PubMed
Engineering T7 RNA Polymerase for High-Purity In Vitro Transcription,"Pauline Hermans, Youlia Serikova, José Castillo",arXiv,2026-08-01,"In vitro transcription using bacteriophage T7 RNA polymerase (T7 RNAP) is the gold-standard platform for RNA production in both research and therapeutic applications. Despite its high processivity and promoter specificity, T7 RNAP generates multiple RNA by-products, including double-stranded RNA, 3'-extended transcripts, abortive RNAs, and prematurely terminated products. These impurities reduce R",http://arxiv.org/abs/2607.18468v1,arXiv
Enhanced sampling and cryo-EM data resolve magnesium binding to RNA,"Olivier Languin-Cattoën, Elisa Posani, Giovanni Bussi",arXiv,2026-08-01,"Magnesium ions are essential for RNA structure but difficult to model due to slow binding kinetics and experimental limitations. We present an enhanced-sampling strategy that accelerates Mg$^{2+}$ inner-shell binding by orders of magnitude, enabling quantitative exploration of ion-binding motifs in a large ribozyme. The method combines a barrier-flattening bias with Hamiltonian replica exchange to",http://arxiv.org/abs/2607.07186v1,arXiv
Bayesian Sampling of Structural Ensembles: The Role of Ensemble-Counting Measures,"Ivan Gilardoni, Giovanni Bussi",arXiv,2026-08-01,"Structural ensemble refinement is widely used to integrate molecular simulations with experimental measurements. While most applications focus on the maximum-a-posteriori (MAP) ensemble, Bayesian sampling of the posterior distribution can provide uncertainty estimates and posterior averages for arbitrary observables. A notable step in this direction was introduced by the Bayesian Energy Landscape ",http://arxiv.org/abs/2606.18495v1,arXiv
MultiMolecule: a modular ecosystem for biomolecular sequence-model workflows,Zhiyuan Chen,arXiv,2026-08-01,"Biomolecular sequence models are increasingly reused outside the studies in which they were introduced, but public checkpoints rarely preserve the execution context needed to inspect source-defined behavior, adapt models to new assays, compare models under shared task definitions or deploy biological predictions. MultiMolecule is an open-source Python ecosystem that turns heterogeneous RNA, DNA an",http://arxiv.org/abs/2606.16540v1,arXiv
The Montparnasse Algorithm for RNA Design,Tristan Cazenave,arXiv,2026-08-01,"RNA design consists of discovering a nucleotide sequence that optimizes predefined criteria, such as secondary structure. It is useful for synthetic biology, medicine, and nanotechnology. We propose Montparnasse, a Monte Carlo search framework based on Generalized Nested Rollout Policy Adaptation, augmented with a problem-specific prior, slow and long adaptation at level 1, and a lexicographic mul",http://arxiv.org/abs/2606.07562v1,arXiv
Multimodal Alignment and Preference Optimization for Zero-Shot Conditional RNA Generation,"Roman Klypa, Alberto Bietti, Sergei Grudinin",arXiv,2026-08-01,"The design of RNA molecules that interact with specific proteins is a critical challenge in experimental and computational biology. Despite recent progress in natural language modeling and deep learning-based protein design, there remains significant room to improve the frequency of successful interactions and the authenticity of generated sequences for functional applications. In this work, we fr",http://arxiv.org/abs/2605.23961v1,arXiv
"GoForth: Language Models for RNA Design under Structure, Sequence, and Coding Constraints",Michael Lindsey,arXiv,2026-08-01,"RNA inverse sequence design has broad biological and engineering applications, but computational methods for practical design queries remain limited. Such queries may impose several constraints at once, including target folds or motifs, fixed bases, and coding restrictions, while leaving arbitrary sequence and structure in unspecified regions. Because these constraints may permit many acceptable s",http://arxiv.org/abs/2605.07608v1,arXiv
Bayesian Rate Inference for Sequence Motif Dynamics in Systems of Reactive Nucleic Acids,"Johannes Harth-Kitzerow, Ulrich Gerland, Torsten A. Enßlin",arXiv,2026-08-01,"The RNA world hypothesis suggests a pathway of how life emerged on early earth. It assumes that life started with RNA based systems, capable of storing, transmitting and replicating information, envisioning that monomers and short RNA oligomers interact to form longer strands, eventually becoming catalytically active ribozymes. Key reactions in RNA pools are hybridization, dehybridization, templat",http://arxiv.org/abs/2604.25701v2,arXiv
VARIANT: Web Server for Decoding and Analyzing Viral Mutations at Genome and Protein Levels,"Rui Wang, Xuhang Dai, Xin Cao",arXiv,2026-08-01,"A comprehensive analysis of viral mutations is essential for understanding viral evolution, disease epidemiology, diagnosis, drug resistance, etc. However, challenges remain in capturing complex mutation patterns and supporting diverse viral families with varying genome architectures. To address these needs, we present VARIANT, an web server for mutational analysis of RNA viral genomes and associa",http://arxiv.org/abs/2604.20942v1,arXiv
Interfacial Potential Transduction for Diagnostics,"Hyun-June Jang, Peuli Nath, Yuqin Wang",arXiv,2026-08-01,"A major barrier to decentralized, near-patient diagnostics is the lack of a signal transduction modality that is both analytically precise and accessible at the point of care. Optical readouts remain instrument-dependent and difficult to miniaturize, while compact electrochemical readouts are prone to matrix-derived signal distortion, limiting their biomarker coverage in real clinical settings. He",http://arxiv.org/abs/2603.23775v1,arXiv
ZeroFold: Protein-RNA Binding Affinity Predictions from Pre-Structural Embeddings,"Josef Hanke, Sebastian Pujalte Ojeda, Shengyu Zhang",arXiv,2026-08-01,"The accurate prediction of protein-RNA binding affinity remains an unsolved problem in structural biology, limiting opportunities in understanding gene regulation and designing RNA-targeting therapeutics. A central obstacle is the structural flexibility of RNA, as, unlike proteins, RNA molecules exist as dynamic conformational ensembles. Thus, committing to a single predicted structure discards in",http://arxiv.org/abs/2603.23583v1,arXiv
Computational modeling of RNA-protein binding interactions under an external force,"Danielle Wampler, Ralf Bundschuh",arXiv,2026-08-01,"RNA binding proteins play a crucial role in post-transcriptional gene regulation by controlling the transport, processing, and translation of their target RNAs. Post-transcriptional gene regulation leads to the differential expression of genetic material and loss of regulation or over-regulation relates to a large range of cancers and diseases - many of which have directly been associated with RNA",http://arxiv.org/abs/2603.22269v1,arXiv
Fair splits flip the leaderboard: CHANRG reveals limited generalization in RNA secondary-structure prediction,"Zhiyuan Chen, Zhenfeng Deng, Pan Deng",arXiv,2026-08-01,"Accurate prediction of RNA secondary structure underpins transcriptome annotation, mechanistic analysis of non-coding RNAs, and RNA therapeutic design. Recent gains from deep learning and RNA foundation models are difficult to interpret because current benchmarks may overestimate generalization across RNA families. We present the Comprehensive Hierarchical Annotation of Non-coding RNA Groups (CHAN",http://arxiv.org/abs/2603.22330v1,arXiv
Reverse Distillation: Consistently Scaling Protein Language Model Representations,"Darius Catrina, Christian Bepler, Samuel Sledzieski",arXiv,2026-08-01,"Unlike the predictable scaling laws in natural language processing and computer vision, protein language models (PLMs) scale poorly: for many tasks, models within the same family plateau or even decrease in performance, with mid-sized models often outperforming the largest in the family. We introduce Reverse Distillation, a principled framework that decomposes large PLM representations into orthog",http://arxiv.org/abs/2603.07710v1,arXiv
Fast and Versatile RNA Design via Motif-level Divide-and-Conquer and Structure-level Rival Search,"Tianshuo Zhou, David H. Mathews, Liang Huang",arXiv,2026-08-01,"RNA design aims to identify RNA sequences that fold into a target secondary structure. This task is challenging in terms of computational efficiency. Most existing methods focus on either minimum free energy (MFE)-based or ensemble-based metrics, leaving a gap for a unified approach that performs well across both. We introduce a fast and versatile RNA design algorithm inspired by our previous work",http://arxiv.org/abs/2603.02283v1,arXiv
CryoNet.Refine: A One-step Diffusion Model for Rapid Refinement of Structural Models with Cryo-EM Density Map Restraints,"Fuyao Huang, Xiaozhu Yu, Kui Xu",arXiv,2026-08-01,"High-resolution structure determination by cryo-electron microscopy (cryo-EM) requires the accurate fitting of an atomic model into an experimental density map. Traditional refinement pipelines such as Phenix.real_space_refine and Rosetta are computationally expensive, demand extensive manual tuning, and present a significant bottleneck for researchers. We present CryoNet.Refine, an end-to-end dee",http://arxiv.org/abs/2602.22263v2,arXiv
CPTCs Drive Somatic-Visceral Communication via the Wnt Axis in Somatic Mechanotherapy: A Single-Cell Deep Learning Study,"Haixiang Huang, Zhenwei Zhang, BingBing Shen",arXiv,2026-08-01,"Somatic mechanical stimulation (e.g., acupuncture) exerts systemic immunomodulatory effects, yet the cellular bridge translating peripheral physical force into visceral repair remains elusive. Here, employing a custom interpretable deep learning framework (CARSS) on single-cell RNA sequencing data, we identify CD34$^{+}$PDGFR$α$$^{+}$ telocytes (CPTCs) as the primary mechanosensors in both fascia ",http://arxiv.org/abs/2602.05451v2,arXiv
Tensor-DTI: Enhancing Biomolecular Interaction Prediction with Contrastive Embedding Learning,"Manel Gil-Sorribes, Júlia Vilalta-Mor, Isaac Filella-Mercè",arXiv,2026-08-01,"Accurate drug-target interaction (DTI) prediction is essential for computational drug discovery, yet existing models often rely on single-modality predefined molecular descriptors or sequence-based embeddings with limited representativeness. We propose Tensor-DTI, a contrastive learning framework that integrates multimodal embeddings from molecular graphs, protein language models, and binding-site",http://arxiv.org/abs/2601.05792v1,arXiv
MERGE-RNA: a physics-based model to predict RNA secondary structure ensembles with chemical probing,"Giuseppe Sacco, Jianhui Li, Redmond P. Smyth",arXiv,2026-08-01,"RNA function is tied to secondary structure, operating through dynamic and heterogeneous structural ensembles. While current analysis tools typically output single static structures or averaged contact maps, chemical probing methods like DMS capture nucleotide-resolution signals representing the full structural ensemble, which remain difficult to interpret structurally. To address this, we present",http://arxiv.org/abs/2512.20581v3,arXiv
Unveiling the molecular basis of gonadal development: Multi-omics uncovers sex-related genes and steroid pathways in Sinonovacula constricta.,"Yan Yuxiao, You Qiyi, Shi Heming","Comparative biochemistry and physiology. Part D, Genomics & proteomics",2026-08-01,"The razor clam Sinonovacula constricta is an economically important cultured mollusk in China, but the molecular mechanism of its gonadal development and sexual differentiation remains unclear. This study integrated gonadal transcriptomic, proteomic, and metabolomic analysis to identify key sex-related molecules. Transcriptome analysis identified 2795 DELs and 6497 DEGs between sexes, including th",https://pubmed.ncbi.nlm.nih.gov/42537271/,PubMed
"Potential therapeutic targets for obstructive sleep Apnea were identified through network pharmacology, WGCNA, machine learning, immune infiltration analysis, and ceRNA network.","Xie Fengwei, Zhu Dikun, Yang Zhitong",Integrative biology : quantitative biosciences from nano to macro,2026-08-01,"Our study aims to explore the early genomic diagnostic markers of OSA and the corresponding drug prediction targets using network pharmacology analysis, and to elucidate the etiology and pathogenesis of OSA from the genetic level. We selected OSA-related gene datasets (GSE135917 and GSE38792) from the Gene Expression Omnibus (GEO). Principal component analysis (PCA) was performed to remove outlier",https://pubmed.ncbi.nlm.nih.gov/42537010/,PubMed
Statement of Retraction: Long non-coding RNA MEG3 and its genetic variant rs941576 are associated with rheumatoid arthritis pathogenesis in Egyptian patients.,,Archives of physiology and biochemistry,2026-08-01,,https://pubmed.ncbi.nlm.nih.gov/42536995/,PubMed
LncRNA GSEC impedes the reprogramming of glucose metabolism in papillary thyroid carcinoma by inhibiting the IGF2BP2/GLUT1 axis.,"Ren Long, Zhang Kai, Yu Xiaotian",Archives of endocrinology and metabolism,2026-08-01,"To investigate the expression pattern of lncRNA GSEC in papillary thyroid carcinoma (PTC) and elucidate its functional role and molecular mechanism in regulating glycolytic metabolism and malignant progression. The expression levels of the GSEC gene in thyroid cancer were determined through bioinformatics analysis of the TCGA database, and potential downstream regulatory genes were predicted. GSEC",https://pubmed.ncbi.nlm.nih.gov/42536764/,PubMed
Integrative multi-omics and machine learning identify CHRNA1 putative circadian-immune hub in COPD.,"Zhang Lan, Li Zhifei, Xia Tiansheng",PloS one,2026-08-01,"Circadian rhythm disruption is increasingly recognized as a contributor to chronic inflammatory disorders; however, its specific significance and underlying mechanisms in chronic obstructive pulmonary disease (COPD) remain unclear. This study aimed to identify circadian rhythm-associated biomarkers in COPD and explore their diagnostic value, immune correlations, and therapeutic potential. This stu",https://pubmed.ncbi.nlm.nih.gov/42536689/,PubMed
Loss of lncRNA AK015322 increases sperm morphological abnormalities and impairs motility in mice.,"Zhu Qinran, Pan Shiyu, Li Xin",Molecular and cellular biochemistry,2026-08-01,"Infertility has long been a major health concern worldwide, with male infertility accounting for approximately half of all cases. In recent years, increasing evidence has shown that long non-coding RNAs (lncRNAs) are involved in the regulation of spermatogenesis. LncRNA AK015322 is a testis-specific lncRNA that is highly expressed in testicular tissue. Previous studies have demonstrated that lncRN",https://pubmed.ncbi.nlm.nih.gov/42536140/,PubMed
Multi-omic profiling of cardiomyocyte ageing and functional decline.,"Yucel Dogacan, Trembley Michael A, Ke Qingen",Cardiovascular research,2026-08-01,"Ageing is the strongest risk factor for heart failure, yet the molecular mechanisms underlying cardiomyocyte (CM) ageing remain unclear. We aimed to map the transcriptomic and epigenomic landscape of CM ageing and to test whether DNA hypermethylation is a causal driver of diastolic dysfunction. We performed single-nucleus multiomics (concurrent snRNA-seq and snATAC-seq) on 4- and 28-month-old vent",https://pubmed.ncbi.nlm.nih.gov/42535507/,PubMed
Exosomal lncRNA PVT1 promotes fibroblast activation and colon cancer progression via miR-23b-5p signaling.,"You Liuping, Liu Zhiqiang, Zhang Boyu",The Journal of pathology,2026-08-01,"Colon cancer progression is closely associated with the tumor microenvironment, where cancer-associated fibroblasts (CAFs) play a pivotal role. Exosomal long non-coding RNAs (lncRNAs) are known to modulate the tumor stroma, but the role of lncRNA PVT1 (plasmacytoma variant translocation 1) in exosome-mediated fibroblast activation in colon cancer remains poorly understood. This study demonstrated ",https://pubmed.ncbi.nlm.nih.gov/42535319/,PubMed
New insight into RNA biomarkers in neuropathic pain: a clinician-neuroscientist roadmap to translational testing and treatment monitoring a clinical review.,"Soin Amol, Khaira Massab, Soin Aviraj","Frontiers in pain research (Lausanne, Switzerland)",2026-08-01,"Neuropathic pain affects an estimated 7%-10% of the global population and imposes an annual economic burden exceeding $600 billion in the United States alone. It lacks robust objective biomarkers; current diagnosis relies heavily on subjective reporting and heterogeneous phenotypes. Currently utilized pain assessment tools include the brief pain inventory (BPI), numerical rating scales (0-10 pain ",https://pubmed.ncbi.nlm.nih.gov/42534835/,PubMed
Epigenetics in Atrial Fibrillation: Molecular Mechanisms and Therapeutic Avenues.,"Liu Xinyi, Yang Chaojun, Huang Yifan",Reviews in cardiovascular medicine,2026-08-01,"Atrial fibrillation (AF) represents the most common sustained cardiac arrhythmia in clinical practice and imposes a growing global disease burden. However, current therapeutic strategies remain considerably limited in efficacy, durability, and safety. Recently, the role of epigenetic mechanisms in the pathogenesis of AF, as key regulators of atrial structural and electrical remodeling, has garnere",https://pubmed.ncbi.nlm.nih.gov/42534251/,PubMed
[The role of lncRNA TERC in the malignant transformation of cells induced by long-term toxicity of hexavalent chromium by regulating the expression of MYNN and SERPINC1 genes].,"Pan S M, Xu B, Qian Q Q",Zhonghua lao dong wei sheng zhi ye bing za zhi = Zhonghua laodong weisheng zhiyebing zazhi = Chinese journal of industrial hygiene and occupational diseases,2026-08-01,,https://pubmed.ncbi.nlm.nih.gov/42533646/,PubMed
"Cross-stress memory in plants: mobile RNAs, extracellular vesicles, and local-to-systemic signal integration.","Zaman Wajid, Amin Adnan",Plant molecular biology,2026-08-01,"Plants rarely experience environmental stresses as isolated events. Instead, they are exposed to recurring, overlapping, or sequential challenges that require not only immediate local responses but also coordinated systemic adaptation and memory. Although plant stress memory has traditionally been discussed in terms of transcriptional, epigenetic, and metabolic reprogramming, accumulating evidence",https://pubmed.ncbi.nlm.nih.gov/42533174/,PubMed
LncRMRP drives bladder cancer invasion via a lactylation-driven positive feedback circuit.,"Gao Yuting, Chen Chen, Sun Ruixin",Oncogene,2026-08-01,"Muscle-invasive bladder cancer (MIBC) remains highly aggressive. We identified the long non-coding RNA RMRP as significantly upregulated in MIBC. Functional studies demonstrated that RMRP promotes invasive phenotypes and glycolytic reprogramming. Mechanistically, RMRP binds pyruvate dehydrogenase complex X component (PDHX) and weakens the PDHX-dihydrolipoamide dehydrogenase (DLD) interaction, ther",https://pubmed.ncbi.nlm.nih.gov/42533112/,PubMed
RiLinc6978-encoded P6978 interacts with ASR1 to regulate ROS homeostasis.,"Zhao Xiuming, Li Fujun, Ji Yue",Plant physiology,2026-08-01,"Tomato (Solanum lycopersicum) fruit ripening is tightly associated with dynamic changes in reactive oxygen species (ROS) homeostasis, yet the underlying regulatory mechanisms remain incompletely understood. Here, we identify a functional protein, P6978, encoded by the long non-coding RNA RiLinc6978, which contains a conserved 333-nucleotides short open reading frame (sORF) with high translational ",https://pubmed.ncbi.nlm.nih.gov/42531470/,PubMed
Culture-dependent decoupling of ,"Selenou Céline, Brioude Frédéric, Sudre Laure",Epigenetics,2026-08-01,"Genomic imprinting is an epigenetic mechanism leading to the monoallelic expression of a subset of genes, mainly regulated by DNA methylation at imprinting control regions (ICRs). Silver-Russell syndrome (SRS) is a paradigmatic imprinting disorder in which loss of methylation at the 11p15.5 ",https://pubmed.ncbi.nlm.nih.gov/42531143/,PubMed
Protocol for high-resolution mapping of RNA-associated chromatin using chromatin isolation by RNA purification-tag.,"Fu Ruishuang, Zhao Rongjie, Yang Huimin",STAR protocols,2026-08-01,"Mapping the genomic binding sites of long non-coding RNAs (lncRNAs) is essential for understanding their regulatory functions. Here, we present a protocol for integrating RNA hybridization with in situ tagmentation using chromatin isolation by RNA purification-tag (ChIRP-Tag). We describe steps for performing cell permeabilization, hybridization of biotinylated probes to target RNAs, and recruitin",https://pubmed.ncbi.nlm.nih.gov/42531122/,PubMed
Global identification of lncRNA in Brassicaceae reveals the regulation of WRINKLED1 by long non-coding RNA.,"Qiao Pengfang, Zhang Meng",Plant physiology,2026-08-01,,https://pubmed.ncbi.nlm.nih.gov/42531103/,PubMed
Atriplex portulacoides L. derived phytochemicals mitigate acetic acid induced colitis in rats via orchestrating Nrf2/Keap1 signalling and LncRNAs gene expression.,"Hassan Maha, Mona Marwa M, Abd-Elsalam Marwa M",Inflammopharmacology,2026-08-01,"This study is the first to elucidate the mechanistic actions of Atriplex portulacoides L. methanolic extract (APME) as a natural treatment of acetic acid-induced ulcerative colitis on rat model. Phytochemical metabolic profiling of APME was determined through the determination of total phenolic and flavonoid contents, alongside negative mode LC-ESI-MS/MS analysis. Furthermore, chromatographic and ",https://pubmed.ncbi.nlm.nih.gov/42530774/,PubMed
The Ferroptosis-Related Mechanisms of Pentoxifylline in Atrial Fibrillation Treatment.,"Zhou Jia-Bin, Zhang Zhen-Ye, Zhou Feng",Frontiers in bioscience (Landmark edition),2026-08-01,"Ferroptosis has been increasingly implicated in the pathophysiology of atrial fibrillation (AF). Pentoxifylline (PTX), a methylxanthine derivative, has shown potential therapeutic benefits in cardiovascular diseases; however, its unique role in ferroptosis-associated AF remains unclear. This study aimed to elucidate the molecular mechanisms through which PTX may exert therapeutic effects on ferrop",https://pubmed.ncbi.nlm.nih.gov/42530267/,PubMed
An Evaluation on the Role of Non-Coding RNA in HIV Transcription and Latency: A Review,Xiangshuai Liu,arXiv,2026-08-01,"The existence of latent cellular reservoirs is recognized as the major barrier to an HIV cure. Reactivating and eliminating ""shock and kill"" or permanently silencing ""block and lock"" the latent HIV reservoir, as well as gene editing, remain promising approaches, but so far have proven to be only partially successful. Moreover, using latency reversing agents or ""block and lock"" drugs pose additiona",http://arxiv.org/abs/2502.06107v1,arXiv
"Blood-derived lncRNAs as potential biomarkers for early cancer diagnosis: The Good, the Bad and the Beauty","Cedric Badowski, Bing He, Lana X Garmire",arXiv,2026-08-01,Cancer ranks as one of the deadliest diseases worldwide. The high mortality rate associated with cancer is partially due to the lack of reliable early detection methods and/or inaccurate diagnostic tools such as certain protein biomarkers. Cell-free nucleic acids (cfNA) such as circulating long non-coding RNAs (lncRNAs) have recently been proposed as a new class of potential biomarkers that could ,http://arxiv.org/abs/2109.11746v1,arXiv
BPPart and BPMax: RNA-RNA Interaction Partition Function and Structure Prediction for the Base Pair Counting Model,"Ali Ebrahimpour-Boroojeny, Sanjay Rajopadhye, Hamidreza Chitsaz",arXiv,2026-08-01,"RNA-RNA interaction (RRI) is ubiquitous and has complex roles in the cellular functions. In human health studies, miRNA-target and lncRNAs are among an elite class of RRIs that have been extensively studied. Bacterial ncRNA-target and RNA interference are other classes of RRIs that have received significant attention. In recent studies, mRNA-mRNA interaction instances have been observed, where bot",http://arxiv.org/abs/1904.01235v2,arXiv
FABP5 attenuates pulmonary fibrosis by regulating lipid metabolism in type II alveolar epithelial cells.,"Yin Hang, Lei Zhixiang, Mai Yuqi",International immunopharmacology,2026-08-01,"Idiopathic pulmonary fibrosis (IPF) is a chronic, progressive disease resulting from alveolar epithelial cell injury. Senescence and dysfunction of alveolar epithelial type II (AT2) cells are key drivers of IPF pathogenesis. Given that metabolism underpins cellular homeostasis and AT2 cell function critically depends on lipid metabolism, we investigated the role of fatty acid binding protein 5 (FA",https://pubmed.ncbi.nlm.nih.gov/42537352/,PubMed
Ultrasound-Responsive Piezo-Fenton-Like Microspheres for Modulating Mitochondrial Membrane Potential to Alleviate Intervertebral Disc Degeneration.,"Li Xiaohu, Wang Fan, Li Qianyi","Advanced materials (Deerfield Beach, Fla.)",2026-08-01,"The inability of stochastic pharmacological interventions to precisely recalibrate aberrant mitochondrial membrane potential (MMP) poses a challenge to degenerated intervertebral disc tissue repair. Based on the biological rationale provided by clinical single-cell RNA sequencing analysis, we developed an ultrasound-activated piezo-driven Fenton-like system (Fe-BTO) based microsphere (PF@MS). The ",https://pubmed.ncbi.nlm.nih.gov/42535354/,PubMed
A Modular Endogenous-Responsive DNA Nanosponge for Cancer-Selective RNA Demethylase Imaging and Concurrent Photodynamic Therapy.,"Han Yun, Tong Weijie, Ma Fei","Small (Weinheim an der Bergstrasse, Germany)",2026-08-01,RNA demethylase plays a crucial role in the dynamic regulation of m,https://pubmed.ncbi.nlm.nih.gov/42535305/,PubMed
Exosomal delivery of METTL3 promotes M1 macrophage polarization by inducing miR-155-5p maturation via m6A modification.,"Wu Xinyu, Gong Hongbo, Zhang Jie",Annals of medicine,2026-08-01,"Macrophage polarization and function are regulated by epigenetic mechanisms and microRNAs transported by exosomes; however, the specific mechanisms are not clear yet. The study aims to investigate whether exosomes regulate miR-155-5p maturation through methyltransferase-like 3 (METTL3)-mediated N6-methyladenosine (m6A) modification, thereby driving M1 macrophage polarization and providing potentia",https://pubmed.ncbi.nlm.nih.gov/42533620/,PubMed
Characterization of Short Production Cycle and Nongenotoxic mRNA-Based CAR-T Cells Targeting CD19-Positive and CD22-Positive Malignancies.,"Zhang Chenyun, Liu Haizhou, Sangani Hrithik",Journal of immunology research,2026-08-01,"The chimeric antigen receptor (CAR) T cell therapy targeting cluster of differentiation 19 (CD19)-positive malignancies has shown considerable efficacy in clinical settings. However, the potential genotoxicity of viral-based CAR-T therapy, their considerable manufacturing cycle and high costs, prompts questions about its safety and leads to limitations in clinical application. Aiming to explore a ",https://pubmed.ncbi.nlm.nih.gov/42533521/,PubMed
Molecular Restoration Through Replacement Therapies: Current Advances and Future Directions in Treating Diseases.,"Naderian Moslem, Davoudi Elham, Hafez Ghoran Salar",DNA and cell biology,2026-08-01,"Replacement therapy is an advanced therapeutic approach for diseases caused by molecular deficits. It aims to restore normal physiology by replacing deficient molecules such as enzymes, proteins, genes, or other molecules. Here, we discuss different modalities, including protein replacement, gene therapy, messenger RNA (mRNA) replacement, noncoding RNA (ncRNA) therapies, cell replacement, and gene",https://pubmed.ncbi.nlm.nih.gov/42533502/,PubMed
E-cigarette vaping is associated with pro-fibrotic gene expression in kidney and liver tissues.,"Gu Wanjun, Chang Howard, Saini Poorvi","Journal of molecular medicine (Berlin, Germany)",2026-08-01,"Conventional tobacco use causes a wealth of diseases and adversely affects cells and organ systems across the body. The long-term effects of e-cigarette vaping on the same remain unclear. Identifying early pathogenic signals at the organ level via animal models may shed light on potential downstream effects in humans. Here we investigate transcriptomic changes in the kidney and liver, organs known",https://pubmed.ncbi.nlm.nih.gov/42533045/,PubMed
A Ferrous-Supply-Regenerating Lipid Nanoparticle Integrating RNAi Induces Ferroptosis for Cancer Therapy.,"Hu Dun, Xu Yun-Hua, Peng Dan","Small (Weinheim an der Bergstrasse, Germany)",2026-08-01,"Targeting iron-dependent ferroptosis with siRNA has emerged as a promising strategy for cancer treatment. The concept of ferrous-supply regeneration, inspired by electro-Fenton technology, has also gained interest as a non-apoptotic approach to induce ferroptosis. However, integrating both strategies into a single lipid nanoparticle (LNP) remains challenging. To address this, we developed ALSF, a ",https://pubmed.ncbi.nlm.nih.gov/42528415/,PubMed
Localized delivery of coding nucleic acids into adherent cells by in situ electroporation: integrated impedance-based monitoring allows for loss-of-function or gain-of-function screening.,"Grimm Anne-Kathrin, Balk Sonja, Göpferich Achim",Scientific reports,2026-08-01,"Coding nucleic acids (NAs) like DNA, mRNA or siRNA hold endless potential to engineer cells with respect to their genome and proteome. However, minimally invasive delivery of NAs across an intact plasma membrane into the cytosol of living cells remains a technical challenge. Electroporation creates transient pores in the plasma membrane by applying well-defined electric fields for fractions of a s",https://pubmed.ncbi.nlm.nih.gov/42527443/,PubMed
Exosome-mediated delivery of 3-n-butylphthalide rescues microglial energy crisis and ameliorates neuroinflammation in ischemic stroke.,"Wang Bangyue, Xi Muchen, Lin Keyi",Neurotherapeutics : the journal of the American Society for Experimental NeuroTherapeutics,2026-08-01,"Stroke remains the second leading cause of death and the primary cause of long-term disability worldwide, with ischemic stroke accounting for the majority of cases. Ischemia triggers robust microglial activation, yet the precise regulatory mechanisms underlying microglial functional reprogramming remain incompletely understood. Here, we demonstrate that excessive mitophagy drives metabolic energy ",https://pubmed.ncbi.nlm.nih.gov/42526345/,PubMed
In vivo engineering of CAR immune cells by nonviral nanoparticles.,"Huang Ke, Wang Haomeng, Zhu Tao",Biomaterials,2026-08-01,"Chimeric antigen receptor (CAR) immune cell therapy has revolutionized the treatment of hematologic malignancies, yet conventional ex vivo manufacturing remains costly, complex, and logistically demanding. Emerging in vivo engineering strategies, especially those based on nonviral nanoparticles (NPs), offer a transformative alternative by enabling direct programming of immune cells within the body",https://pubmed.ncbi.nlm.nih.gov/42526199/,PubMed
Persistence of SARS-CoV-2 RNA Residues in Placenta Tissue Following Maternal COVID-19 Infection During Pregnancy.,"Gu Yang, Xu Jie, Gu Xin","American journal of reproductive immunology (New York, N.Y. : 1989)",2026-08-01,"Prolonged SARS-CoV-2 viral persistence was reported in extrapulmonary tissues in patients infected with COVID-19. SARS-CoV-2 can infect placental tissue. However, little is known about SARS-CoV-2 viral persistence in the placenta. This is a retrospective and IRB approved study. Placental tissue samples from 40 women infected with COVID-19 at various gestational age were analyzed. SARS-CoV-2 RNA ex",https://pubmed.ncbi.nlm.nih.gov/42525525/,PubMed
Non-coding RNA in osteoarthritis: mechanistic insights and future perspectives.,"Jain Manali, Anuja Anamika Kumari, Yadav Soniya",Frontiers in endocrinology,2026-08-01,"Non-coding RNAs (ncRNAs) have emerged as critical regulators of osteoarthritis (OA) pathogenesis by modulating gene expression at the epigenetic, transcriptional, and post-transcriptional levels. Among the major ncRNA classes, microRNAs (miRNAs), long non-coding RNAs (lncRNAs), and circular RNAs (circRNAs) regulate key biological processes involved in OA progression, including extracellular matrix",https://pubmed.ncbi.nlm.nih.gov/42523837/,PubMed
Tissue nanotransfection-mediated induction of neurogenic programs promotes myoprotective responses in denervated skeletal muscle.,"Salazar-Puerta Ana I, Kheirkhah Sara, Moore Jordan T",bioRxiv : the preprint server for biology,2026-08-01,"Peripheral nerve injuries often result in prolonged skeletal muscle denervation, leading to progressive atrophy, fibrosis, neuromuscular instability, and loss of regenerative capacity before axons can reinnervate distal targets. Here, we developed a non-viral strategy using tissue nanotransfection (TNT) to deliver the neurogenic transcription factor cocktail ",https://pubmed.ncbi.nlm.nih.gov/42523414/,PubMed
Mesenchymal stem cell-extracellular vesicles deliver microRNAs that prevent nerve growth factor-induced sensory neuron sensitization.,"Qiu Lanhui, Rois Paula-Milan, Muslu-Ufuk Tuğdem",The Journal of neuroscience : the official journal of the Society for Neuroscience,2026-08-01,"Osteoarthritis (OA) affects 600 million individuals globally, pain being a hallmark symptom. Emerging clinical evidence supports the use of mesenchymal stem cells (MSCs) and their extracellular vesicles (MSC-EVs) for pain relief in knee OA. In mice, MSC-EVs ameliorate OA-induced pain and normalize knee-innervating neuron excitability. Moreover, it has been shown that overnight incubation of sensor",https://pubmed.ncbi.nlm.nih.gov/42521624/,PubMed
In situ generation of proinflammatory CAR macrophages via mRNA-TLR agonist co-delivery for triple-negative breast cancer immunotherapy.,"Zhou Jing-E, Hu Yiyan, Chen Yajuan",Journal for immunotherapy of cancer,2026-08-01,"Chimeric antigen receptor (CAR) macrophage therapy shows significant potential for solid tumors owing to the intrinsic tumor infiltration and phagocytic capacity of macrophages. However, its clinical translation is limited by macrophage phenotypic plasticity within the immunosuppressive tumor microenvironment and the complexity of ex vivo cell manufacturing. It is essential to develop techniques t",https://pubmed.ncbi.nlm.nih.gov/42521411/,PubMed
Targeting tumor angiogenesis: advances in VEGF-A siRNA-loaded nanocarriers for anti-angiogenic cancer therapy.,"Aggarwal Rishabh, Rehman Urushi, Gupta Shivam",International journal of pharmaceutics,2026-08-01,"Angiogenesis is a fundamental hallmark of solid tumor progression, with vascular endothelial growth factor-A (VEGF-A) serving as a central regulator of tumor vascularization, immune suppression, and therapeutic resistance. Although monoclonal antibodies and tyrosine kinase inhibitors targeting VEGF have demonstrated clinical benefit, their efficacy is frequently limited by adaptive resistance, sys",https://pubmed.ncbi.nlm.nih.gov/42521061/,PubMed
Manganese-Functionalized GelMA Hydrogels for MRI-Guided Immunotheranostics in Precision Oncology,"Motahareh Nazari, Keyvan Alavi",arXiv,2026-08-01,"Precision oncology requires multifunctional platforms capable of integrating accurate tumor diagnosis, localized therapeutic delivery, immune modulation, and real-time monitoring of treatment response. Gelatin methacryloyl (GelMA) hydrogels have emerged as versatile biomaterials for biomedical engineering because of their biocompatibility, extracellular matrix-like structure, tunable mechanical pr",http://arxiv.org/abs/2606.29599v1,arXiv
Reinforcement-guided generative protein language models enable de novo design of highly diverse AAV capsids,"Lucas Ferraz, Ana F. Rodrigues, Pedro Giesteira Cotovio",arXiv,2026-08-01,"Adeno-associated viral (AAV) vectors are widely used delivery platforms in gene therapy, and the design of improved capsids is key to expanding their therapeutic potential. A central challenge in AAV bioengineering, as in protein design more broadly, is the vast sequence design space relative to the scale of feasible experimental screening. Machine-guided generative approaches provide a powerful m",http://arxiv.org/abs/2603.19473v1,arXiv
Predicting Early and Complete Drug Release from Long-Acting Injectables Using Explainable Machine Learning,"Karla N. Robles, Manar D. Samad",arXiv,2026-08-01,"Polymer-based long-acting injectables (LAIs) have transformed the treatment of chronic diseases by enabling controlled drug delivery, thus reducing dosing frequency and extending therapeutic duration. Achieving controlled drug release from LAIs requires extensive optimization of the complex underlying physicochemical properties. Machine learning (ML) can accelerate LAI development by modeling the ",http://arxiv.org/abs/2601.02265v1,arXiv
"The establishment of prostate-specific, SKP2 humanized mice by CRISPR knock-in method reveals neoplastic initiation and microenvironmental reprogramming.","Song Liankun, Song Yurong, Nguyen Vyvyan",Oncogene,2026-08-01,"Genetic inactivation of SKP2 has been shown to effectively prevent cancer initiation and block tumorigenesis. However, direct in vivo evidence for SKP2 on cancer initiation and prostatic microenvironment is still lacking and a SKP2 humanized mouse model is critical for developing prostate cancer immunoprevention approaches through targeting SKP2. We therefore have established a prostate-specific h",https://pubmed.ncbi.nlm.nih.gov/42538409/,PubMed
Side-by-side evaluation of two Crimean-Congo hemorrhagic fever virus isolates in IFNAR,"Rohde Cornelius, Werner Anke-Dorothee, Gellhorn Serra Michelle",Npj viruses,2026-08-01,"Crimean-Congo hemorrhagic fever virus (CCHFV) is the causative agent of a severe hemorrhagic fever in humans, associated with case fatality rates up to 40%. Due to the lack of approved vaccines or specific antiviral treatments, CCHFV is classified as a biosafety level 4 (BSL4) pathogen in most countries and designated a priority pathogen by the World Health Organization. To facilitate the preclini",https://pubmed.ncbi.nlm.nih.gov/42538375/,PubMed
"The Changing Landscape of Hantavirus Infections: A Narrative Review of Epidemiology, Pathogenesis, and Countermeasures.","De Maria Francesco, Branda Francesco, Ceccarelli Giancarlo",Reviews in medical virology,2026-08-01,"Hantaviruses are emerging zoonotic pathogens of increasing global public health significance. Their epidemiological landscape is rapidly changing due to ecological disruption, climate variability, urbanisation, and evolving human-animal interfaces. This narrative review synthesises current knowledge on hantavirus virology, epidemiology, pathogenesis, clinical management, and emerging countermeasur",https://pubmed.ncbi.nlm.nih.gov/42536803/,PubMed
"Modeling the public health impact of vaccination with Pfizer-BioNTech COVID-19 vaccine, LP.8.1, 2025-2026 formula in the pediatric population aged 5-17 years at high risk of severe outcomes from COVID-19 in the United States.","Yehoshua Alon, Di Fusco Manuela, Rudolph Abby E",Expert review of vaccines,2026-08-01,"This study evaluated the potential public health impact of receiving Pfizer-BioNTech COVID-19 vaccine, LP.8.1, 2025-2026 formula, in the US pediatric population aged 5-17 years at high risk of severe outcomes from COVID-19. A previously published static decision-tree model was adapted to compare health outcomes with and without vaccination. Demographic, epidemiological, vaccine (effectiveness, vac",https://pubmed.ncbi.nlm.nih.gov/42535780/,PubMed
"The potential public health consequences of ""mRNA vaccine stigmatization"" in the US.",Motta Matthew,Politics and the life sciences : the journal of the Association for Politics and the Life Sciences,2026-08-01,"This piece documents how policymakers have stigmatized mRNA vaccination, in contrast to other forms of vaccine technology, following the COVID-19 pandemic. It further argues that, although it is presently unclear whether elites' efforts to stigmatize mRNA vaccines have spilled over to shape US public opinion, there is growing reason to believe that it might. Ultimately, mRNA vaccine stigmatization",https://pubmed.ncbi.nlm.nih.gov/42535297/,PubMed
Triad of Trust: Vaccine Decision-Making by Pregnant People During the COVID-19 Pandemic in British Columbia and Ontario.,"Krug-Mushey Alex, Mniszak Caroline, Vanstone Meredith",Journal of obstetrics and gynaecology Canada : JOGC = Journal d'obstetrique et gynecologie du Canada : JOGC,2026-08-01,"While challenges surrounding vaccine acceptance in pregnancy have long been prevalent in Canada, the COVID-19 pandemic introduced a new context for perinatal vaccine decision-making. Pregnant people had to weigh concerns about SARS-CoV-2 infection during pregnancy and the introduction of the new mRNA pandemic vaccines, with less access to in-person perinatal care and social support than usual. Thi",https://pubmed.ncbi.nlm.nih.gov/42532473/,PubMed
Pre-existing and Cross-Reactive Immunity to Avian Influenza H5N1 in Humans: Implications for Pandemic Risk and Vaccine Strategies.,"Sanz-Muñoz Iván, Ciria-Gil Carlos J, Hernandez Marta",The Journal of infection,2026-08-01,"Due to the continuous evolution of Influenza A viruses (IAVs), novel strains with efficient human-to-human transmission may emerge and cause future pandemics. Among these, highly pathogenic avian influenza (HPAI) H5N1 remains a major concern because of its impact on wildlife, livestock, and human health. The widespread circulation of H5N1 clade 2.3.4.4b, detected in hundreds of bird species and nu",https://pubmed.ncbi.nlm.nih.gov/42532224/,PubMed
Over-induction of innate immune responses suppresses T cell response to mRNA SARS-CoV-2 vaccination.,"Tay Carina J X, Koh Clara W T, Ooi Justin S G",Vaccine,2026-08-01,"SARS-CoV-2 mRNA vaccines elicit robust T cell responses in children, resulting in substantial protection against hospitalisation and severe disease. However, the underlying molecular mechanisms that drive this robust cellular immunogenicity of mRNA vaccines in children remains unknown. Here, 37 immunological naïve children underwent primary vaccination (age 6-10) with the SARS-CoV-2 mRNA vaccine a",https://pubmed.ncbi.nlm.nih.gov/42531983/,PubMed
"Immunogenicity, reactogenicity, and safety of an mRNA-based seasonal influenza and SARS-CoV-2 multicomponent vaccine, mRNA-1083, in adults aged ≥50 years in Japan.","Kostanyan Lusine, Fukase Hiroyuki, Rumyantsev Alexander",Vaccine,2026-08-01,"A multicomponent vaccine targeting seasonal influenza and coronavirus disease 2019 (COVID-19) may reduce disease burden by providing simultaneous protection in a single injection. We report findings from Part 1 (Japan) of a phase 3, Asia-Pacific, randomized, observer-blind study evaluating immunogenicity, reactogenicity, and safety of mRNA-based multicomponent vaccine mRNA-1083, combining influenz",https://pubmed.ncbi.nlm.nih.gov/42531981/,PubMed
Notch2 signaling instructs viral and bacterial TLR responsiveness in B cells.,"Londregan Jennifer, Rozich Isaiah, Gaudette Brian T",Cell reports,2026-08-01,"Marginal zone (MZ) B cells optimize protection against blood-borne bacteria by rapidly producing plasma cells in response to Toll-like receptor (TLR) ligands. Here, we demonstrate that Notch2 instructs this responsiveness for both the dsRNA sensor TLR3 and LPS sensor TLR4. Using mathematical modeling of cell trace time-course data, we reveal that constitutive Notch2 experience affords lipopolysacc",https://pubmed.ncbi.nlm.nih.gov/42531127/,PubMed
T cell immunity to SARS-CoV-2 vaccination in inflammatory bowel disease patients treated with anti-cytokine biologics.,"Cheung Michelle W, Choi Jenny D, Stempak Joanne M","Journal of immunology (Baltimore, Md. : 1950)",2026-08-01,"Anti-TNF and anti-IL-12/IL-23 are commonly used therapies for immune-mediated inflammatory diseases (IMIDs), including inflammatory bowel disease (IBD). Although several studies have shown intact T cell responses following 2 to 3 doses of severe acute respiratory syndrome coronavirus 2 (SARS-CoV-2) vaccines in biologics treated IMID patients, our group previously reported increased waning of T cel",https://pubmed.ncbi.nlm.nih.gov/42530982/,PubMed
Single-cell transcriptomic profiling of bronchial lymph nodes reveals mechanisms of PRRSV escape from host adaptive immunity.,"Guo Shu-Yuan, Wang Xuan, Zhu Jiaying",Frontiers in immunology,2026-08-01,"Porcine reproductive and respiratory syndrome (PRRS), caused by porcine reproductive and respiratory syndrome virus (PRRSV), is characterized by impaired adaptive immune responses, including persistent viremia, delayed neutralizing antibody (nAb) development, and defective T-cell responses. However, the mechanisms by which PRRSV subverts adaptive immunity remain incompletely understood. We perform",https://pubmed.ncbi.nlm.nih.gov/42529228/,PubMed
Capless self-amplifying mRNA vaccine induces dose-sparing protective immunity against HPAI clade 2.3.4.4 H5 virus in mice.,"Kim Beom Kyu, Park Ji-Hyun, Choi Won-Suk",Molecular therapy : the journal of the American Society of Gene Therapy,2026-08-01,"Self-amplifying mRNA (samRNA) vaccines can induce potent immune responses at lower doses than conventional non-replicating mRNA vaccines; however, large RNA size and manufacturing considerations associated with 5' capping remain important challenges. Here, we developed a capless samRNA (CLsamRNA) vaccine platform derived from a Coxsackievirus B5 replicon that uses IRES-mediated cap-independent tra",https://pubmed.ncbi.nlm.nih.gov/42528137/,PubMed
"Tissue-Specific Silencing of Synthetic mRNAs By De-Targeting Elements Maps Vaccination-Competent Tissues, and Allows Cas9 De-Immunization.","Froechlich Guendalina, Scognamiglio Annagiulia, Totaro Simone",Molecular therapy : the journal of the American Society of Gene Therapy,2026-08-01,"The clinical success of mRNA/LNP-based vaccines has established a leading platform for in vivo nucleic acid delivery, yet the relationship between biodistribution, tissue-specific translation, and immune activation remains poorly defined. Here, we systematically investigate the anatomical determinants of immune responses elicited by mRNA/LNPs. Using a gold-standard LNP formulation, we map exogenou",https://pubmed.ncbi.nlm.nih.gov/42528135/,PubMed
Effectiveness of BNT162B2 and CoronaVac vaccines in reducing COVID-19 severity among children aged 3-4 years in Brazil.,"de Padua Marina Coelho, Antunes Marcos Otávio Brum, Stein Renato T",Vaccine,2026-08-01,National population-based databases from large countries can provide real-world estimates of COVID-19 vaccine effectiveness. This analysis examined the effectiveness of BNT162b2 and CoronaVac against severe COVID-19-related outcomes in children aged 3 to 4 years during the Omicron phase of the pandemic in Brazil. This nationwide population-based cohort study assessed incidence rate ratios for hosp,https://pubmed.ncbi.nlm.nih.gov/42526176/,PubMed
Integrated Single-Cell and TCR Profiling Reveals Protection-Associated CD8,"Kong Can, Chen Siang, Li Maolin","Advanced science (Weinheim, Baden-Wurttemberg, Germany)",2026-08-01,"Porcine reproductive and respiratory syndrome virus (PRRSV) remains a major threat to global swine industry, yet the immune mechanisms underlying protective vaccination are incompletely understood. Here, we applied integrated single-cell RNA sequencing and T cell receptor (TCR) profiling to characterize immune responses in a PRRSV vaccination-challenge model spanning complete, partial, and non-pro",https://pubmed.ncbi.nlm.nih.gov/42525218/,PubMed
Impact of ABO Blood System on Immunogenicity and Vaccine Efficacy of COVID-19 Booster Vaccination-A Population-Based Study of 3066 Individuals.,"Sieghart Daniela, Jordakieva Galateja, Dürrschmid Caroline",Influenza and other respiratory viruses,2026-08-01,"ABO blood group has been associated with SARS-CoV-2 susceptibility. Little data exist regarding the impact of ABO and Rhesus (Rh[D]) type on breakthrough infections and antibody responses following SARS-CoV-2 booster vaccination. This multicenter, population-based cohort study includes individuals ≥ 18 years who received a booster vaccination against SARS-CoV-2. Antibody levels against SARS-CoV-2 ",https://pubmed.ncbi.nlm.nih.gov/42524760/,PubMed
An mRNA-Lipid Nanoparticle Platform Encoding the Conserved Outer Membrane Protein BamA Elicits Broadly Cross-Reactive Systemic and Mucosal Antibodies Against Antimicrobial-Resistant ,"Wolske Natalie, Murthy Namratha Turuvekere Vittala, Chanda Abhishek",bioRxiv : the preprint server for biology,2026-08-01,,https://pubmed.ncbi.nlm.nih.gov/42523399/,PubMed
Transformer-Based Active Learning for Data-Efficient Vaccine Epitope Selection in PRRS,"Aspen Erlandsson Brisebois, Zahed Khatooni, Connor Burbridge",arXiv,2026-08-01,"High-fidelity molecular docking simulations can produce biologically relevant estimates of epitope-receptor binding affinity but are computationally expensive and therefore limit the number of candidates that can be screened for vaccine design. In this work, we evaluate machine learning (ML) approaches where variants of active learning are used to classify instances of high binding affinity betwee",http://arxiv.org/abs/2606.28659v1,arXiv
Exploring the Effects of Entanglement on Quantum Machine Learning of Pathogen Epitope-Receptor Binding,"Aspen Erlandsson Brisebois, Luis Pablo Gonzalez Dominguez, Shivansi Prajapati",arXiv,2026-08-01,"Parameterized quantum circuits (PQCs) provide a flexible substrate for hybrid quantum machine learning (QML), but their practical value on Noisy Intermediate-Scale Quantum (NISQ) devices remains an empirical question, especially because training depth and scale can introduce optimization challenges such as barren plateaus. Here we study how the number and topology of two-qubit entangling gates in ",http://arxiv.org/abs/2606.28655v1,arXiv
Clade 2.3.4.4b but not historical clade 1 HA replicating RNA vaccine protects against bovine H5N1 challenge in mice,"David W. Hawman, Thomas Tipih, Edgar A Hodge",Nature Communications,2025-01-14,"The ongoing circulation of influenza A H5N1 in the United States has raised concerns of a pandemic caused by highly pathogenic avian influenza. Although the United States has stockpiled and is prepared to produce millions of vaccine doses to address an H5N1 pandemic, currently circulating H5N1 viruses contain multiple mutations within the immunodominant head domain of hemagglutinin (HA) compared t",https://www.semanticscholar.org/paper/821d2fab28b8dbce51c6f8632266e3661b873042,Semantic Scholar
Phase I/II study of COVID-19 RNA vaccine BNT162b1 in adults,"M. Mulligan, Kirsten E. Lyke, N. Kitchin",Nature,2020-08-12,,https://www.semanticscholar.org/paper/afe4cc71f4814fce21031c3f15998576c7175b1a,Semantic Scholar
An RNA vaccine drives immunity in checkpoint-inhibitor-treated melanoma,"U. Şahin, P. Oehm, E. Derhovanessian",Nature,2020-07-29,,https://www.semanticscholar.org/paper/4114cc7dc2faed7f0cba4bece628827023d6d9a7,Semantic Scholar
A single-dose circular RNA vaccine prevents Zika virus infection without enhancing dengue severity in mice,"Xinglong Liu, Zhengfeng Li, Xiaoxia Li",Nature Communications,2024-10-16,"Antibody-dependent enhancement (ADE) is a potential concern for the development of Zika virus (ZIKV) vaccines. Cross-reactive but poorly neutralizing antibodies, usually targeting viral pre-membrane or envelope (E) proteins, can potentially enhance dengue virus (DENV) infection. Although E domain III (EDIII) contains ZIKV-specific epitopes, its immunogenicity is poor. Here, we show that dimeric ED",https://www.semanticscholar.org/paper/0994107d2c3126bc8175fcb814759f22aa879e71,Semantic Scholar
CLDN6-specific CAR-T cells plus amplifying RNA vaccine in relapsed or refractory solid tumors: the phase 1 BNT211-01 trial,"A. Mackensen, J. Haanen, C. Koenecke",Nature Medicine,2023-10-23,"The oncofetal antigen Claudin 6 (CLDN6) is highly and specifically expressed in many solid tumors, and could be a promising treatment target. We report dose escalation results from the ongoing phase 1/2 BNT211-01 trial evaluating the safety and feasibility of chimeric antigen receptor (CAR) T cells targeting the CLDN6 with or without a CAR-T cell-amplifying RNA vaccine (CARVac) at two dose levels ",https://www.semanticscholar.org/paper/c89c242b594c5436e9ccf6bb055d4a82a9f3d7ac,Semantic Scholar
Immunogenicity of a Single Dose of SARS-CoV-2 Messenger RNA Vaccine in Solid Organ Transplant Recipients.,"B. Boyarsky, William Werbel, R. Avery",Journal of the American Medical Association (JAMA),2021-03-15,"Immunogenicity of a Single Dose of SARS-CoV-2 Messenger RNA Vaccine in Solid Organ Transplant Recipients Immunocompromised individuals have been excluded from studies of SARS-CoV-2 messenger RNA (mRNA) vaccines. In such patients, the immune response to vaccination may be blunted. To better understand the immunogenicity of mRNA vaccines in immunocompromised individuals, we quantified the humoral re",https://www.semanticscholar.org/paper/e5ff6b04229043e1f4926af585923c6f606cad17,Semantic Scholar
Circular RNA vaccine in disease prevention and treatment,"Dun Niu, Yaran Wu, J. Lian",Signal Transduction and Targeted Therapy,2023-09-11,"CircRNAs are a class of single-stranded RNAs with covalently linked head-to-tail topology. In the decades since its initial discovery, their biogenesis, regulation, and function have rapidly disclosed, permitting a better understanding and adoption of them as new tools for medical applications. With the development of biotechnology and molecular medicine, artificial circRNAs have been engineered a",https://www.semanticscholar.org/paper/f2d7ccee08508c5211e77e035c0fcf5b58b341bf,Semantic Scholar
A self-amplifying RNA vaccine prevents enterovirus D68 infection and disease in preclinical models,"N. Warner, Jacob Archer, Stephanie Park",Science Translational Medicine,2024-08-07,"The recent emergence and rapid response to severe acute respiratory syndrome coronavirus 2 was enabled by prototype pathogen and vaccine platform approaches, driven by the preemptive application of RNA vaccine technology to the related Middle East respiratory syndrome coronavirus. Recently, the National Institutes of Allergy and Infectious Diseases identified nine virus families of concern, eight ",https://www.semanticscholar.org/paper/062bad8d56c9e1c0a11093c67a88c07449f30d3a,Semantic Scholar
A replicating RNA vaccine confers protection in a rhesus macaque model of Crimean-Congo hemorrhagic fever,"David W. Hawman, Shanna S. Leventhal, Kimberly Meade-White",npj Vaccines,2024-05-20,"Crimean-Congo hemorrhagic fever (CCHF) is a tick-borne febrile illness with a wide geographic distribution. In recent years the geographic range of Crimean-Congo hemorrhagic fever virus (CCHFV) and its tick vector have increased, placing an increasing number of people at risk of CCHFV infection. Currently, there are no widely available vaccines, and although the World Health Organization recommend",https://www.semanticscholar.org/paper/75b0ab72c2fd67513a03ee1af9e0eba13768c568,Semantic Scholar
Controlling reactogenicity while preserving immunogenicity from a self-amplifying RNA vaccine by modulating nucleocytoplasmic transport,"Jason A Wojcechowskyj, Robyn M. Jong, Imre Mäger",bioRxiv,2024-12-29,"Self-amplifying RNA (saRNA)-based vaccines have emerged as a potent and durable RNA vaccine platform. However, RNA vaccine platforms trigger undesirable side effects at protective doses, underscoring the need for improved tolerability. To address this, we leveraged the Cardiovirus leader protein, which is well-characterized to dampen host innate signaling by modulating nucleocytoplasmic transport ",https://www.semanticscholar.org/paper/95add8df14c1a8592a3ebaa29f1c2137a0b5c7e0,Semantic Scholar
Circular RNA vaccine induces potent T cell responses,"Laura Amaya, Lilit Grigoryan, Zhijian Li",Proceedings of the National Academy of Sciences of the United States of America,2023-05-08,"Significance Circular RNAs (circRNAs) are a unique class of RNAs that are highly stable compared to linear mRNAs and can be engineered to provide durable protein expression. This study demonstrates that circRNA encoding antigenic protein sequences delivered by a charge-altering releasable transporter can effectively serve as both an adjuvant and an immunogen, inducing potent cellular immunity and ",https://www.semanticscholar.org/paper/4da3053c70133b6d1982a7101c8ddabd8d9caa8c,Semantic Scholar
Self-Amplifying RNA: Advantages and Challenges of a Versatile Platform for Vaccine Development,"T. Vallet, Marco Vignuzzi",Viruses,2025-04-01,"Self-amplifying RNA is synthetic nucleic acid engineered to replicate within cells without generating viral particles. Derived from alphavirus genomes, saRNA retains the non-structural elements essential for replication while replacing the structural elements with an antigen of interest. By enabling efficient intracellular amplification, saRNA offers a promising alternative to conventional mRNA va",https://www.semanticscholar.org/paper/9d4c82b05e2938b9c2650b7f3e821c0c0b171ec4,Semantic Scholar
An RNA vaccine drives expansion and efficacy of claudin-CAR-T cells against solid tumors,"Katharina Reinhard, B. Rengstl, P. Oehm",Science,2020-01-02,"A one-two, CAR-T cell punch Chimeric antigen receptor (CAR)–T cells have been clinically effective in killing certain hematological malignancies, but achieving long-term patient responses for solid tumors remains a challenge. Reinhard et al. describe a two-part “CARVac” strategy to overcome poor CAR-T cell stimulation and responses in vivo. They introduce the tight junction protein claudin 6 (CLDN",https://www.semanticscholar.org/paper/33f5cffb55ec96290c0bac540e4f3b1747ba4bb9,Semantic Scholar
Self-Amplifying RNA Vaccine Candidates: Alternative Platforms for mRNA Vaccine Development,"C. Schmidt, B. Schnierle",Pathogens,2023-01-01,"The present use of mRNA vaccines against COVID-19 has shown for the first time the potential of mRNA vaccines for infectious diseases. Here we will summarize the current knowledge about improved mRNA vaccines, i.e., the self-amplifying mRNA (saRNA) vaccines. This approach may enhance antigen expression by amplification of the antigen-encoding RNA. RNA design, RNA delivery, and the innate immune re",https://www.semanticscholar.org/paper/42263e5bcbeb1261df345d01b5196557ceb15e30,Semantic Scholar
Vaccines’ New Era-RNA Vaccine,"Wenshuo Zhou, Linglei Jiang, Shimiao Liao",Viruses,2023-08-01,"RNA vaccines, including conventional messenger RNA (mRNA) vaccines, circular RNA (circRNA) vaccines, and self-amplifying RNA (saRNA) vaccines, have ushered in a promising future and revolutionized vaccine development. The success of mRNA vaccines in combating the COVID-19 pandemic caused by the SARS-CoV-2 virus that emerged in 2019 has highlighted the potential of RNA vaccines. These vaccines poss",https://www.semanticscholar.org/paper/edfd3ac0b8e7021f08fc73a0d3324058bcb13c00,Semantic Scholar
"Safety and immunogenicity of SARS-CoV-2 self-amplifying RNA vaccine expressing an anchored RBD: A randomized, observer-blind phase 1 study","W. Akahata, T. Sekida, T. Nogimori",Cell Reports Medicine,2023-08-01,Summary VLPCOV-01 is a lipid nanoparticle-encapsulated self-amplifying RNA (saRNA) vaccine that expresses a membrane-anchored receptor-binding domain (RBD) derived from the severe acute respiratory syndrome coronavirus 2 (SARS-CoV-2) spike protein. A phase 1 study of VLPCOV-01 is conducted (jRCT2051210164). Participants who completed two doses of the BNT162b2 mRNA vaccine previously are randomized,https://www.semanticscholar.org/paper/2167ba7126a190c7f7b4055adb084e4ed37f67c7,Semantic Scholar
Safety and Immunogenicity of Two RNA-Based Covid-19 Vaccine Candidates,"E. Walsh, R. Frenck, A. Falsey",New England Journal of Medicine,2020-10-14,"Abstract Background Severe acute respiratory syndrome coronavirus 2 (SARS-CoV-2) infections and the resulting disease, coronavirus disease 2019 (Covid-19), have spread to millions of persons worldwide. Multiple vaccine candidates are under development, but no vaccine is currently available. Interim safety and immunogenicity data about the vaccine candidate BNT162b1 in younger adults have been repo",https://www.semanticscholar.org/paper/6dbd3d5dddc9708185a64e539ed0aa37b52690a6,Semantic Scholar
Carditis After COVID-19 Vaccination With a Messenger RNA Vaccine and an Inactivated Virus Vaccine,"F. Lai, Xue Li, Kuan-hao Peng",Annals of Internal Medicine,2022-01-25,"Cases of carditis after the use of a messenger RNA (mRNA) COVID-19 vaccine have been reported in various populations worldwide. However, few studies have directly evaluated this association. Furthermore, it is unclear whether this potential risk involves vaccine platforms other than mRNA vaccines. This case–control study from Hong Kong aimed to examine the association between COVID-19 vaccination ",https://www.semanticscholar.org/paper/94da2455d0ed10791e0dec9954e0f9b02b7dd6fb,Semantic Scholar
A replicon RNA vaccine can induce durable protective immunity from SARS-CoV-2 in nonhuman primates after neutralizing antibodies have waned,"Megan A. O’Connor, David W. Hawman, Kimberly Meade-White",PLoS Pathogens,2023-04-01,"The global SARS-CoV-2 pandemic prompted rapid development of COVID-19 vaccines. Although several vaccines have received emergency approval through various public health agencies, the SARS-CoV-2 pandemic continues. Emergent variants of concern, waning immunity in the vaccinated, evidence that vaccines may not prevent transmission and inequity in vaccine distribution have driven continued developmen",https://www.semanticscholar.org/paper/57863723066e77b51e468792ae55513c6034b265,Semantic Scholar
"Safety and immunogenicity of a self-amplifying RNA vaccine against COVID-19: COVAC1, a phase I, dose-ranging trial","K. Pollock, H. Cheeseman, A. Szubert",EClinicalMedicine,2022-01-14,"Summary Background Lipid nanoparticle (LNP) encapsulated self-amplifying RNA (saRNA) is a novel technology formulated as a low dose vaccine against COVID-19. Methods A phase I first-in-human dose-ranging trial of a saRNA COVID-19 vaccine candidate LNP-nCoVsaRNA, was conducted at Imperial Clinical Research Facility, and participating centres in London, UK, between 19th June to 28th October 2020. Pa",https://www.semanticscholar.org/paper/1a26b3a23a29a8f98b09c53fa36bb06bec38c2a9,Semantic Scholar
Ribonucleotide Reductase Inhibition Overcomes FLT3 Inhibitor Resistance in Acute Myeloid Leukemia.,"Tian Zhen, Wei Xiaoyu, Chatla Srinivas",bioRxiv : the preprint server for biology,2026-08-01,Internal tandem duplication mutations in  Although FLT3 inhibitors (FLT3i) are an important therapeutic advance in ,https://pubmed.ncbi.nlm.nih.gov/42539318/,PubMed
Orthogonal CRISPR screens and human liver chimeric mice identify hepatitis B virus host factors.,"Freije Catherine A, Dangas Georgios, Athanasiadis Antonis",bioRxiv : the preprint server for biology,2026-08-01,"Hepatitis B virus (HBV) chronically infects approximately 250 million people worldwide, and reliable curative therapies are lacking. A broader understanding of viral-host interactions could accelerate efforts to find new host-centric therapeutic targets. However, inefficient cell culture systems and limited replication markers compatible with pooled screening have precluded the widespread use of g",https://pubmed.ncbi.nlm.nih.gov/42539305/,PubMed
Combination siRNA delivery as a therapeutic strategy for ADPKD.,"Giblin Joshua, Suzuki Isabella, Huang Yi",bioRxiv : the preprint server for biology,2026-08-01,"Autosomal dominant polycystic kidney disease (ADPKD) is the most common genetic kidney disease worldwide, characterized by progressive cyst growth and inflammation, yet effective targeted therapies remain limited. Here we show that TMEM16A and MCP-1, key mediators of cyst-lining epithelial expansion and inflammatory macrophage recruitment respectively, are consistently upregulated in cyst-lining c",https://pubmed.ncbi.nlm.nih.gov/42538939/,PubMed
Systematic identification of germ granule proteins reveals specialized roles in RNAi and small RNA inheritance.,"Chen Shihui, Prescott Lucas H, Mello Craig C",Genes & development,2026-08-01,"Biomolecular condensates, such as germ granules, organize RNAi pathways critical for fertility and genome regulation. However, the protein composition and functional contributions of these condensates remain poorly defined. Here, we applied TurboID proximity labeling to the ",https://pubmed.ncbi.nlm.nih.gov/42538287/,PubMed
IRAK1BP1 negatively regulated innate immune response via NF-κB signal pathway in blunt snout bream (Megalobrama amblycephala).,"Sun Yuandong, Li Chunfang, Sun Hongyang",Fish & shellfish immunology,2026-08-01,"Interleukin receptor-associated kinase (IRAK)-1 binding protein 1 (IRAK1BP1) is a vital factor in preventing dangerous overproduction of proinflammatory cytokines by the innate immune system. The structure and function of IRAK1BP1 have been well investigated in mammals, yet the piscine IRAK1BP1 is poorly understood. In the present study, the first teleost fish IRAK1BP1 from blunt snout bream, maIR",https://pubmed.ncbi.nlm.nih.gov/42537826/,PubMed
Ginsenoside Rh,"Wang Yuheng, Hu Cong, Liu Yu",Neurotoxicology,2026-08-01,"The blood-brain barrier (BBB) is essential for maintaining central nervous system homeostasis, and its disruption is associated with numerous neurological disorders. Ginsenoside Rh",https://pubmed.ncbi.nlm.nih.gov/42537812/,PubMed
RNA sequencing reveals that TSP-4/STAT3 signaling reduces odontoblast apoptosis.,"Jiang Ruoxia, Li Wanhua, Qiao Weiwei",Journal of endodontics,2026-08-01,"Bacteria from dental caries and their toxic products can induce apoptosis of odontoblasts via sustained and intense stimulation. In this study, we profiled the transcriptomes of healthy and carious human odontoblastic layer and investigated the role of thrombospondin-4 (TSP-4) in reducing odontoblast apoptosis under inflammatory conditions. In the human clinical model, odontoblastic layers isolate",https://pubmed.ncbi.nlm.nih.gov/42537787/,PubMed
Betaine protects bovine granulosa cells from oxidative stress involving STAT3-associated regulation of GSTA5.,"Cheng Yuanweilu, Pang Yang, Jiang Bowen",Theriogenology,2026-08-01,"Oxidative stress (OS) within the follicular microenvironment compromises bovine fertility largely by damaging granulosa cells (GCs), thereby impairing oocyte developmental competence. Betaine has been implicated in redox regulation, yet its direct actions and molecular mechanisms in bovine GCs remain insufficiently defined. In this study, primary bovine GCs were exposed to an H",https://pubmed.ncbi.nlm.nih.gov/42537487/,PubMed
Galangin attenuates UVB-induced skin photoaging through SIRT1-dependent LC3 deacetylation and autophagy modulation.,"Wen Su-Ying, Ng Shang-Chuan, Su Mei-Hsin",Phytomedicine : international journal of phytotherapy and phytopharmacology,2026-08-01,"Ultraviolet B (UVB) irradiation is a major contributor to skin photoaging by promoting oxidative stress, extracellular matrix degradation, and cellular senescence. Sirtuin 1 (SIRT1), an NAD⁺-dependent deacetylase, is a key regulator of cellular homeostasis and autophagy and represents an important target for phytochemical-based interventions. The present study investigated whether galangin, a natu",https://pubmed.ncbi.nlm.nih.gov/42537461/,PubMed
Inhibitory mechanism of ANP on aldosterone production in human adrenocortical cells.,"Morishima Noriko, Ichihara Atsuhiro, Watanabe Daisuke",Endocrine connections,2026-08-01,"The aldosterone-suppressing effect of natriuretic peptides (NP) has been demonstrated in experiments using adrenocortical cells from various animal species. 3',5', -cyclic guanosine monophosphate (cGMP), which is produced by atrial natriuretic peptide (ANP), is recognized as a suppressor of aldosterone production. However, it has also been reported that cGMP does not exhibit the same aldosterone-s",https://pubmed.ncbi.nlm.nih.gov/42535457/,PubMed
Fraxinellone mitigates acute lung injury by targeting HIF-1α to suppress pyroptosis and inflammation.,"Zhang Bing, Lu Xiaoning, Zhang Yuefei",Frontiers in immunology,2026-08-01,"Acute pulmonary contusion (APC), a life-threatening trauma-associated condition, currently lacks targeted pharmacological therapies. Fraxinellone (FRA) inhibits Hypoxia-inducible factor-1α (HIF-1α) synthesis, but its binding mechanism and anti-APC action remain unclear. This study was designed to assess the therapeutic potential of FRA, a natural substance with known anti-inflammatory properties, ",https://pubmed.ncbi.nlm.nih.gov/42534616/,PubMed
Targeted Retention of Cationic Liposomes at the Inflamed Blood-Brain Barrier by Incorporating Mesenchymal Stem Cell Membrane.,"Zheng Juanjuan, Liu Hui, Li Yaosheng",Advanced healthcare materials,2026-08-01,"Blood-brain barrier (BBB) disruption is found in many acute and chronic inflammatory encephalopathies. Timely restoration of BBB integrity is essential for controlling disease progression, especially in ischemic stroke. While various brain-targeting strategies have been developed, achieving precise BBB-targeting and sustained retention at the BBB to enable faster and more effective repair remains ",https://pubmed.ncbi.nlm.nih.gov/42533406/,PubMed
Pancreatitis Associated With Givosiran: A Real-World Pharmacovigilance Study Based on the FAERS and EudraVigilance Databases.,"Li Fang, Xu Yinpeng, Huang Li",Clinical therapeutics,2026-08-01,"Givosiran is a small interfering RNA therapy approved for the treatment of acute hepatic porphyria. Although clinical trials have demonstrated its efficacy, pancreatitis-related adverse events (AE) have been reported in postmarketing settings. However, real-world evidence remains limited. This study aimed to evaluate the potential disproportionality signal between givosiran and pancreatitis using ",https://pubmed.ncbi.nlm.nih.gov/42532760/,PubMed
Nonclinical Safety Profile for DCR-AUD GalNAc-Conjugated siRNA: Subchronic Versus Chronic Findings in Mouse and Non-Human Primate.,"Sanftner Laura, Beaudry Amber, Kovalenko Pavlo",Regulatory toxicology and pharmacology : RTP,2026-08-01,"Alcohol Use Disorder (AUD) is a chronic condition characterized by compulsive alcohol use and impaired control. DCR-AUD is a novel N-acetylgalactosamine-conjugated short interfering RNA (GalNAc-siRNA) therapeutic agent designed to selectively inhibit the expression of alcohol dehydrogenase 2 (ALDH2) enzyme in liver. The ALDH2 mRNA target sequence is conserved across mice, nonhuman primates (NHPs),",https://pubmed.ncbi.nlm.nih.gov/42532460/,PubMed
Transcriptional regulation of the TASK-1 potassium channel by ETV1 - Implications for atrial excitability.,"Moritz Beck, Felix Wiedmann, Manuel Kraft",Journal of molecular and cellular cardiology,2026-08-01,"Atrial fibrillation (AF), the most common sustained arrhythmia, is driven by electrical and structural remodelling, including altered ion channel expression. The atrial-specific potassium channel TASK-1 regulates action potential duration (APD) and is differentially expressed in AF and left ventricular dysfunction, but the mechanisms controlling its expression are not well understood. This study e",https://pubmed.ncbi.nlm.nih.gov/42532405/,PubMed
Bruton's tyrosine kinase modulates IL-1β-induced cytokine and matrix metalloproteinase expression in human gingival fibroblasts.,"Kim Jeong-Mi, Park Jinny, Kim Jong-Suk",Archives of oral biology,2026-08-01,Periodontitis is a chronic inflammatory disease characterized by destruction of periodontal connective tissues driven by dysregulated host responses. Interleukin-1β (IL-1β) plays a central role in periodontal inflammation by inducing matrix metalloproteinases (MMPs) and pro-inflammatory cytokines in gingival fibroblasts. Although Bruton's tyrosine kinase (BTK) is known to regulate inflammatory sig,https://pubmed.ncbi.nlm.nih.gov/42531996/,PubMed
Poricoic acid a ameliorates ulcerative colitis via AMPK/PPARγ pathway-dependent cellular senescence inhibition and concomitant gut microbiota-metabolome modulation.,"Wang Yongchang, Liu Zhenlin, Hou Qinran",Phytomedicine : international journal of phytotherapy and phytopharmacology,2026-08-01,"Ulcerative colitis (UC) is an intractable inflammatory bowel disorder characterized by persistent intestinal inflammation and impaired gut barrier integrity. Its pathogenesis is multifactorial, involving gut microbiota dysbiosis, metabolic dysfunction, and cellular senescence. Current therapeutic regimens remain limited, underscoring an urgent need for innovative agents that target these interrela",https://pubmed.ncbi.nlm.nih.gov/42531833/,PubMed
DeepSilencer: A Novel Deep Learning Model for Predicting siRNA Knockdown Efficiency,"Wangdan Liao, Weidong Wang",arXiv,2026-08-01,"Background: Small interfering RNA (siRNA) is a promising therapeutic agent due to its ability to silence disease-related genes via RNA interference. While traditional machine learning and early deep learning methods have made progress in predicting siRNA efficacy, there remains significant room for improvement. Advanced deep learning techniques can enhance prediction accuracy, reducing the relianc",http://arxiv.org/abs/2503.04200v1,arXiv
Maturation of siRNA by strand separation: Steered Molecular dynamics study,"Rakesh K Mishra, Sanchita Mukherjee, Dhananjay Bhattacharyya",arXiv,2026-08-01,"RNA interference, particularly siRNA induced gene silencing is becoming an important avenue of modern therapeutics. The siRNA is delivered to the cells as short double helical RNA which becomes single stranded for forming the RISC complex. Significant experimental evidence is available for most of the steps except the process of the separation of the two strands. We have attempted to understand th",http://arxiv.org/abs/1910.03778v1,arXiv
Using a hydrogen-bond index to predict the gene-silencing efficiency of siRNA based on the local structure of mRNA,"Kathy Q. Luo, Donald C. Chang",arXiv,2026-08-01,The gene silencing effect of short interfering RNA (siRNA) is known to vary strongly with the targeted position of the mRNA. A number of hypotheses have been suggested to explain this phenomenon. We would like to test if this positional effect is mainly due to the secondary structure of the mRNA at the target site. We proposed that this structural factor can be characterized by a single parameter ,http://arxiv.org/abs/1710.07413v1,arXiv
Unraveling siRNA Unzipping Kinetics with Graphene,"Santosh Mogurampelly, Swati Panigrahi, Dhananjay Bhattacharyya",arXiv,2026-08-01,"Using all atom molecular dynamics simulations, we report spontaneous unzipping and strong binding of small interfering RNA (siRNA) on graphene. Our dispersion corrected density functional theory based calculations suggest that nucleosides of RNA have stronger attractive interactions with graphene as compared to DNA residues. These stronger interactions force the double stranded siRNA to spontaneou",http://arxiv.org/abs/1207.4569v1,arXiv
Unzipping and binding of small interfering RNA with single walled Carbon Nanotube: a platform for small interfering RNA delivery,"Mogurampelly Santosh, Swati Panigrahi, Dhananjay Bhattacharyya",arXiv,2026-08-01,"In an effort to design efficient platform for siRNA delivery, we combine all atom classical and quantum simulations to study the binding of small interfering RNA (siRNA) by pristine single wall carbon nanotube (SWCNT). Our results show that siRNA strongly binds to SWCNT surface via unzipping its base-pairs and the propensity of unzipping increases with the increase in the diameter of the SWCNTs. T",http://arxiv.org/abs/1203.2409v1,arXiv
Nanodiamond as a vector for siRNA delivery to Ewing sarcoma cells,"Anna Alhaddad, Marie-Pierre Adam, Jacques Botsoa",arXiv,2026-08-01,"We investigated the ability of diamond nanoparticles (nanodiamonds, NDs) to deliver small interfering RNA (siRNA) in Ewing sarcoma cells, in the perspective of in vivo anti-cancer nucleic acid drug delivery. siRNA was adsorbed onto NDs previously coated with cationic polymer. Cell uptake of NDs has been demonstrated by taking advantage of NDs intrinsic fluorescence coming from embedded color cente",http://arxiv.org/abs/1106.2252v2,arXiv
Target prediction and a statistical sampling algorithm for RNA-RNA interaction,"F. W. D. Huang, J. Qin, C. M. Reidys",arXiv,2026-08-01,"It has been proven that the accessibility of the target sites has a critical influence for miRNA and siRNA. In this paper, we present a program, rip2.0, not only the energetically most favorable targets site based on the hybrid-probability, but also a statistical sampling structure to illustrate the statistical characterization and representation of the Boltzmann ensemble of RNA-RNA interaction st",http://arxiv.org/abs/0908.0597v1,arXiv
In silico evidence of the relationship between miRNAs and siRNAs,"Ludovica Montanucci, Piero Fariselli, Pier Luigi Martelli",arXiv,2026-08-01,"Both short interfering RNAs (siRNAs) and microRNAs (miRNAs) mediate the repression of specific sequences of mRNA through the RNA interference pathway. In the last years several experiments have supported the hypothesis that siRNAs and miRNAs may be functionally interchangeable, at least in cultured cells. In this work we verify that this hypothesis is also supported by a computational evidence. We",http://arxiv.org/abs/0705.2355v1,arXiv
