title,authors,journal,date,abstract,link,source
Riboregulation: a non-canonical tau function.,"LeBlanc Katherine R, Eck Randall J, Benbow Sarah J",Molecular neurodegeneration,2026-06-20,"Almost since its discovery, tau protein has perplexed scientists and clinicians with its varied roles in physiology as well as its appearance as phosphorylated protein aggregates of various structures in many neurodegenerative diseases. Tau plays a role in microtubule stabilization, but from the earliest of studies, tau has also been observed to bind to RNA, with recent research suggesting tau has",https://pubmed.ncbi.nlm.nih.gov/42321867/,PubMed
The marsupial imprinted gene MLH1 has retrocopies in three marsupial families.,"Pride Jenna, Shaw Geoff, Renfree Marilyn B",Epigenetics & chromatin,2026-06-20,"The mut-L homologue 1 gene (MLH1) is a DNA repair gene. Loss of biallelic expression of MLH1 in humans leads to increased predisposition to several cancer types. In the koala (Phascolarctos cinereus) and brushtail possum (Trichosurus vulpecula), MLH1 is imprinted, resulting in monoallelic parent-of-origin specific gene expression. Allele-specific methylation and expression analysis of MLH1 in tamm",https://pubmed.ncbi.nlm.nih.gov/42321856/,PubMed
Alternative splicing rewires breast cancer and opens therapeutic avenues.,"Jin Yuhan, Liang Yiran, Kasvaei Mahsa Maghsoudy",Cell communication and signaling : CCS,2026-06-20,"Breast cancer exhibits profound molecular and clinical heterogeneity, manifested through diverse subtypes, metastatic patterns, and therapeutic responses. Emerging evidence underscores that this complexity stems not merely from genetic and epigenetic aberrations but also from post-transcriptional regulatory mechanisms, particularly alternative splicing (AS), which amplifies proteomic diversity and",https://pubmed.ncbi.nlm.nih.gov/42321779/,PubMed
Activation of the Reverse Cholesterol Transport Pathway: A Strategy to Ameliorate Lipid Metabolic Dyshomeostasis in the Microenvironment Following Spinal Cord Injury.,"Wang Xiaoxin, Tan Guina, Feng Ru",Cellular and molecular neurobiology,2026-06-20,"Spinal cord injury (SCI) causes massive release of myelin‑derived lipids, driving macrophage‑to‑foam‑cell transformation that sustains inflammation and impedes repair. Although reverse cholesterol transport (RCT) mediates lipid efflux, its functional dynamics within the SCI microenvironment remain unclear. Using a mouse T10 contusion model, we examined key RCT components (ABCA1, ABCG1, and APOE) b",https://pubmed.ncbi.nlm.nih.gov/42321551/,PubMed
Loss of TRPV4 impairs mucin secretion and salivary rheological properties in male mouse sublingual glands.,"Nagata Ayaka, Mukaibo Taro, Munemasa Takashi",Odontology,2026-06-20,"Transient receptor potential cation channel subfamily V member 4 (TRPV4) is implicated in salivary secretion; however, its role in mucin secretion in mouse sublingual glands (SLGs) remains unclear. This study used an ex vivo perfusion model to investigate the contribution of TRPV4 to mucin secretion and the rheological properties of saliva in wild-type (Trpv4⁺/⁺) and knockout (Trpv4⁻/⁻) male mice ",https://pubmed.ncbi.nlm.nih.gov/42321523/,PubMed
Programming the immunological properties of mRNA vaccines for cancer.,"Wu Annette, Jeong Seong Dong, Schrank Benjamin R",Nature reviews. Immunology,2026-06-20,"Messenger RNA (mRNA) vaccines are a transformative platform for inducing antigen-specific T cell and B cell responses that are now being trialled in oncology. Here we propose an immunological framework that reconciles four axes controlling the efficacy of mRNA cancer vaccines: adjuvanticity versus immunopathology, antigen immunogenicity versus tolerance, adaptive immune memory versus exhaustion, a",https://pubmed.ncbi.nlm.nih.gov/42321479/,PubMed
Mechanism of matrine inhibiting retinoblastoma cell growth by downregulating NR1D2 to regulate phosphorylation of the PI3K/AKT signaling pathway.,"Kong Li, Du Yangrui, Lan Xiaomei",Scientific reports,2026-06-20,"This study explored the mechanism of matrine-induced apoptosis in human retinoblastoma (RB) cell. Network pharmacology and proteomics approaches were employed to screen the intersection between the pharmacodynamic targets of matrine and the pathogenic targets of RB, and to identify the key signaling pathways underlying the anti-RB effect of matrine. Cytological experiments were used to evaluate ce",https://pubmed.ncbi.nlm.nih.gov/42321282/,PubMed
A combinatorial therapeutic platform based on graphene-collagen cryogel and apoptotic vesicles for modulating hypertrophic scars.,"Jiang Mengyuan, Mao Xiyuan, Zhang Lu",Scientific reports,2026-06-20,"Graphene-based collagen hydrogels have demonstrated anti-fibrotic potential in various diseases; however, their therapeutic efficacy in hypertrophic scars (HS) remains largely unexplored. Adipose stem cells (ASCs) and their extracellular vesicles have been shown to regulate HS progression, yet the role of ASCs derived apoptotic vesicles (ASCs-ApoVs) has not been fully investigated. In this study, ",https://pubmed.ncbi.nlm.nih.gov/42321277/,PubMed
Multiplexed cytokine and antigen mRNA administration generates durable anti-tumor immunity against pancreatic cancer.,"Parikh Chaitanya N, DeMarco Kelly D, Bhalerao Nikita",Nature communications,2026-06-20,"Immunotherapy has limited success in pancreatic ductal adenocarcinoma (PDAC) due to an immune exclusive tumor microenvironment (TME) that lacks many cytokines necessary for Natural Killer (NK) and T cell responses. Here, we design multiplexed mRNAs encoding interleukins, chemokines, and interferons as a safe and effective cytokine therapy for PDAC. Intratumoral injection of IL-12, IL-18, CCL5, CXC",https://pubmed.ncbi.nlm.nih.gov/42321218/,PubMed
The N6-methyladenosine (m,"Wu Xia, Ye Wu, Ling Yantao",British journal of haematology,2026-06-20,Anaemia is a common global health problem affecting more than 500 million people worldwide. While N6-methyladenosine (m,https://pubmed.ncbi.nlm.nih.gov/42321011/,PubMed
Polysaccharide-based self-assembled hemp seed oil nanoemulgel ameliorates skin inflammation in a psoriasis mouse model.,"Hwang Hee-Young, Truong Van-Long, Nitin Nitin",International journal of biological macromolecules,2026-06-20,"Nanoemulgels are hydrocolloid-based structured systems that integrate nanoemulsions into polymeric gel networks, thereby enhancing dispersion stability, interfacial integrity, and functional performance. Hemp seed oil (HSO), rich in polyunsaturated fatty acids and γ-linolenic acid, represents a valuable lipid phase for the development of functional oil-based delivery systems. In this study, an HSO",https://pubmed.ncbi.nlm.nih.gov/42320815/,PubMed
Zinc finger protein ZBTB7A suppresses hepatitis B virus replication by attenuating FXRα-mediated HBV transcription and lowering covalently closed circular DNA levels.,"Xu Dan, Zhao Zhenyu, Guo Beinu",Antiviral research,2026-06-20,"Chronic hepatitis B virus (HBV) infection remains a major global public health challenge, partly because of significant gaps in our understanding of its pathogenesis. Host factors play critical roles in regulating specific stages of the HBV life cycle, including replication. ZBTB7A, a member of the POK family of zinc-finger transcription factors, is involved in carcinogenesis and the modulation of",https://pubmed.ncbi.nlm.nih.gov/42320751/,PubMed
Modulating inflammasome (NLRP3) activation and stress granule (SG) formation: Insight of neuroprotection by Normobaric oxygen (NBO) in ischemic stroke.,"Guo Sichao, Cheng Zhe, Al Tekreeti Abdullah",Experimental neurology,2026-06-20,"NBO therapy has demonstrated a neuroprotective effect on ischemic stroke. This study investigated the role of HIF-1α in regulating SG formation and NLRP3 inflammasome activation following I/R injury in NBO-induced neuroprotection. A total of 137 adult male SD rats underwent 2 h of MCAO, followed by 2, 6, 24 or 48 h of reperfusion. NBO (95% O₂ at 2 L/min) was administered for 2 h at the onset of re",https://pubmed.ncbi.nlm.nih.gov/42320692/,PubMed
Cocaine- and amphetamine-regulated transcript (CART) peptides: neuroanatomical distribution and functional implications in the mammalian central nervous system.,"Kanat Öykü Deniz, Candar Esra, Demircubuk Ibrahim",Peptides,2026-06-20,The cocaine- and amphetamine-regulated transcript (CART) peptide is widely expressed throughout the mammalian central nervous system. CART was first identified during sequencing of a hypothalamic peptide whose biological function was unknown at the time. Subsequent studies used immunohistochemistry to detect CART peptides and in situ hybridization to localize the corresponding messenger ribonuclei,https://pubmed.ncbi.nlm.nih.gov/42320556/,PubMed
DNMT3L affects synaptic function and induces neurobehavioral alterations in Drosophila via Sqd.,"Fan Ruonan, Zhang Zhuo, Miao Tingting",Neurobiology of disease,2026-06-20,"Autism spectrum disorder (ASD) is highly comorbid with Down syndrome (DS), yet the shared molecular mechanisms remain unclear. DNA methyltransferase 3-like (DNMT3L) is overexpressed in DS brain tissue and plays a role in neural development. However, the neurobiological functions of the heterogeneous nuclear ribonucleoprotein D (HNRNPD) family are still largely unknown. In this study, we generated ",https://pubmed.ncbi.nlm.nih.gov/42320545/,PubMed
Enhancer RNA Transcription Near Segmentation Gene Enhancers Can Be Analyzed In Situ Using FISH.,"Mau Christine, Schmid Benjamin, El-Sherif Ezzat","G3 (Bethesda, Md.)",2026-06-20,"Enhancer RNAs (eRNAs) are non-coding transcripts produced at enhancer regions, which appear to be involved in transcriptional regulation. Up to date, these have been primarily investigated using labor- and cost-intensive genomic techniques. However, the precise mechanisms by which eRNA transcription or eRNA transcripts themselves mediate transcriptional regulation remain unclear. Here, we present ",https://pubmed.ncbi.nlm.nih.gov/42320529/,PubMed
De novo variants in LDB1 are linked to distinct neurodevelopmental phenotypes determined by variant location and differing pathomechanisms.,"Fluri Rebecca, Coll-Tané Mireia, Brunet Theresa",American journal of human genetics,2026-06-20,"LDB1 encodes transcriptional regulator protein LIM domain-binding protein 1, which plays an important role in neurogenesis. Few C-terminal likely gene-disrupting (LGD) variants have been reported in the literature in individuals with congenital ventriculomegaly. Through international collaboration, we now assembled a cohort of 16 individuals with de novo variants affecting various regions of LDB1.",https://pubmed.ncbi.nlm.nih.gov/42320471/,PubMed
Bivalent foot-and-mouth disease virus mRNA vaccine induces well-balanced humoral and cellular immune responses.,"Wang Liuyang, Li Zhengjun, Zhu Hongyu",Vaccine,2026-06-20,"Foot-and-mouth disease (FMD) poses a significant threat to global livestock industries due to its high viral contagiousness. Despite inactivated viral vaccines remaining effective, their production requires stringent biocontainment and faces limitations in stability and cross-serotype immunogenicity. Here, we developed a novel bivalent mRNA@LNP vaccine targeting FMDV serotypes A and O. The design ",https://pubmed.ncbi.nlm.nih.gov/42320384/,PubMed
Isoorientin inactivated osteoclasts through inhibition of ROS/PPARγ/NF-κB signaling pathway in osteoporosis.,"Zhan Yunzhong, Yang Fan, Wu Yichen","Pathology, research and practice",2026-06-20,"Osteoporosis is characterized by increased bone fragility and elevated fracture risk, severely compromising patients' quality of life. This study aimed to investigate the therapeutic potential of isoorientin (Iso) against osteoporosis and elucidate its underlying mechanisms. Using a combination of in vitro approaches, we demonstrated that Iso effectively inhibited RANKL-induced osteoclast differen",https://pubmed.ncbi.nlm.nih.gov/42320353/,PubMed
Keratinocyte-derived exosomes serve as an active messenger platform for LINC01605 to amplify TGF-β1-induced fibroblasts activation.,"Li Chenxi, Bo Yunyao, Zhou Zehui",International immunopharmacology,2026-06-20,Hypertrophic scarring (HS) represents a proliferative disorder that emerges due to aberrant wound healing processes and is characterized by the excessive accumulation of extracellular matrix components. Recent research has highlighted the pivotal role of exosomes-nanoscale extracellular vesicles-as crucial mediators of intercellular communication in both tissue repair and pathological states. This,https://pubmed.ncbi.nlm.nih.gov/42320250/,PubMed
Energy-efficient codon optimization on thermodynamic hardware,"Andraz Jelincic, Ross C. Walker",arXiv,2026-06-20,"The growing energy demand for computation is becoming increasingly unsustainable. Thermodynamic computing, which harnesses physical thermal fluctuations as a computational resource rather than suppressing them, offers orders-of-magnitude energy savings for probabilistic and combinatorial tasks. Pharmaceutical R&D, heavily reliant on computational optimization and sampling, is a natural application",http://arxiv.org/abs/2606.17327v1,arXiv
mRNAutilus: Multi-Objective-Guided Discrete Generation of mRNA with Optimized Therapeutic Properties,"Sawan Patel, Sophia Tang, Yesol Kim",arXiv,2026-06-20,"Therapeutic mRNA design requires coordinating multiple interacting sequence features across the full transcript, where codon usage, untranslated regions (UTRs), and their coupling jointly determine stability, translation efficiency, and protein expression. Here, we present mRNA generation via unrolled trajectories and informed latent updates (mRNAutilus), a framework for simultaneous codon optimiz",http://arxiv.org/abs/2605.31296v1,arXiv
Sampling-based Continuous Optimization for Messenger RNA Design,"Feipeng Yue, Ning Dai, Wei Yu Tang",arXiv,2026-06-20,"Designing messenger RNA (mRNA) sequences for a fixed target protein requires searching an exponentially large synonymous space while optimizing properties that affect stability and downstream performance. This is challenging because practical mRNA design involves multiple coupled objectives beyond classical folding criteria, and different applications prefer different trade-offs. We propose a gene",http://arxiv.org/abs/2603.06559v1,arXiv
Drug-like antibodies with low immunogenicity in human panels designed with Latent-X2," Latent Labs Team, Henry Kenlay, Daniella Pretorius",arXiv,2026-06-20,"Drug discovery has long sought computational systems capable of designing drug-like molecules directly: developable and non-immunogenic from the start. Here we introduce Latent-X2, a frontier generative model that achieves this goal through zero-shot design of antibodies with strong binding affinities, drug-like properties, and, for the first time for any de novo generated antibody, confirmed low ",http://arxiv.org/abs/2512.20263v1,arXiv
"RNAGenScape: Property-Guided, Optimized Generation of mRNA Sequences with Manifold Langevin Dynamics","Danqi Liao, Chen Liu, Xingzhi Sun",arXiv,2026-06-20,"Generating property-optimized mRNA sequences is central to applications such as vaccine design and protein replacement therapy, but remains challenging due to limited data, complex sequence-function relationships, and the narrow space of biologically viable sequences. Generative methods that drift away from the data manifold can yield sequences that fail to fold, translate poorly, or are otherwise",http://arxiv.org/abs/2510.24736v3,arXiv
Yeast growth is controlled by the proportional scaling of mRNA and ribosome concentrations,"Xin Gao, Michael Lanz, Rosslyn Grosely",arXiv,2026-06-20,"Despite growth being fundamental to all aspects of cell biology, we do not yet know its organizing principles in eukaryotic cells. Classic models derived from the bacteria E. coli posit that protein-synthesis rates are set by mass-action collisions between charged tRNAs produced by metabolic enzymes and mRNA-bound ribosomes. These models show that faster growth is achieved by simultaneously raisin",http://arxiv.org/abs/2508.14997v1,arXiv
mRNA Folding Algorithms for Structure and Codon Optimization,"Max Ward, Mary Richardson, Mihir Metkar",arXiv,2026-06-20,"mRNA technology has revolutionized vaccine development, protein replacement therapies, and cancer immunotherapies, offering rapid production and precise control over sequence and efficacy. However, the inherent instability of mRNA poses significant challenges for drug storage and distribution, particularly in resource-limited regions. Co-optimizing RNA structure and codon choice has emerged as a p",http://arxiv.org/abs/2503.19273v1,arXiv
Generative Model for Synthesizing Ionizable Lipids: A Monte Carlo Tree Search Approach,"Jingyi Zhao, Yuxuan Ou, Austin Tripp",arXiv,2026-06-20,"Ionizable lipids are essential in developing lipid nanoparticles (LNPs) for effective messenger RNA (mRNA) delivery. While traditional methods for designing new ionizable lipids are typically time-consuming, deep generative models have emerged as a powerful solution, significantly accelerating the molecular discovery process. However, a practical challenge arises as the molecular structures genera",http://arxiv.org/abs/2412.00807v1,arXiv
Machine learning framework to predict the performance of lipid nanoparticles for nucleic acid delivery,"Gaurav Kumar, Arezoo M. Ardekani",arXiv,2026-06-20,"Lipid nanoparticles (LNPs) are highly effective carriers for gene therapies, including mRNA and siRNA delivery, due to their ability to transport nucleic acids across biological membranes, low cytotoxicity, improved pharmacokinetics, and scalability. A typical approach to formulate LNPs is to establish a quantitative structure-activity relationship (QSAR) between their compositions and in vitro/in",http://arxiv.org/abs/2411.14293v1,arXiv
Joint Design of 5' Untranslated Region and Coding Sequence of mRNA,"Yang Liu, Jie Gao, Xiaonan Zhang",arXiv,2026-06-20,"Messenger RNA (mRNA) vaccines and therapeutics are emerging as powerful tools against a variety of diseases, including infectious diseases and cancer. The design of mRNA molecules, particularly the untranslated region (UTR) and coding sequence (CDS) is crucial for optimizing translation efficiency and stability. Current design approaches generally focus solely on either the 5' UTR or the CDS, whic",http://arxiv.org/abs/2410.20781v1,arXiv
Bacterial stress granule protects mRNA through ribonucleases exclusion,"Linsen Pei, Yujia Xian, Xiaodan Yan",arXiv,2026-06-20,"Membraneless droplets formed through liquid-liquid phase separation (LLPS) play a crucial role in mRNA storage, enabling organisms to swiftly respond to environmental changes. However, the mechanisms underlying mRNA integration and protection within droplets remain unclear. Here, we unravel the role of bacterial aggresomes as stress granules (SGs) in safeguarding mRNA during stress. We discovered ",http://arxiv.org/abs/2404.17873v2,arXiv
"Hypolipidemic effect of brown seaweed (Sargassum crassifolium) extract in vivo (Study of histopathology, mRNA expression, and immunohistochemistry (IHC) with VCAM-1, ICAM-1, and MCP-1 parameters)","Sarah Zaidan, Syamsudin Abdillah, Nur Arfian",arXiv,2026-06-20,The purpose of this study was to obtain natural drugs from brown seaweed (Sargassum crassifolium) as antiatherosclerosis candidates through the study of hypolipidemic mechanisms of action. Modeling of dyslipidemia rats was carried out by feeding high-fat (HFF) and doses of crude fucoidan 100. 200. 400mg / KgBB. in both treatments measured blood lipid profile levels taken from the orbital sinuses. ,http://arxiv.org/abs/2402.07497v1,arXiv
Machine Learning Modeling Of SiRNA Structure-Potency Relationship With Applications Against Sars-Cov-2 Spike Gene,Damilola Oshunyinka,arXiv,2026-06-20,"The pharmaceutical Research and development (R&D) process is lengthy and costly, taking nearly a decade to bring a new drug to the market. However, advancements in biotechnology, computational methods, and machine learning algorithms have the potential to revolutionize drug discovery, speeding up the process and improving patient outcomes. The COVID-19 pandemic has further accelerated and deepened",http://arxiv.org/abs/2401.12232v1,arXiv
Messenger RNA Design via Expected Partition Function and Continuous Optimization,"Ning Dai, Wei Yu Tang, Tianshuo Zhou",arXiv,2026-06-20,"The tasks of designing RNAs are discrete optimization problems, and several versions of these problems are NP-hard. As an alternative to commonly used local search methods, we formulate these problems as continuous optimization and develop a general framework for this optimization based on a generalization of classical partition function which we call ""expected partition function"". The basic idea ",http://arxiv.org/abs/2401.00037v2,arXiv
Machine Learning-guided Lipid Nanoparticle Design for mRNA Delivery,"Daisy Yi Ding, Yuhui Zhang, Yuan Jia",arXiv,2026-06-20,"While RNA technologies hold immense therapeutic potential in a range of applications from vaccination to gene editing, the broad implementation of these technologies is hindered by the challenge of delivering these agents effectively. Lipid nanoparticles have emerged as one of the most widely used delivery agents, but their design optimization relies on laborious and costly experimental methods. W",http://arxiv.org/abs/2308.01402v2,arXiv
Corrected Hill Function in Stochastic Gene Regulatory Networks,"Manuel Eduardo Hernández-García, Jorge Velázquez-Castro",arXiv,2026-06-20,"Describing reaction rates in stochastic bio-circuits is commonly done by directly introducing the deterministically deduced Hill function into the master equation. However, when fluctuations in enzymatic reaction rates are not neglectable, the Hill function must be derived, considering all the involved stochastic reactions. In this work, we derived the stochastic version of the Hill function from ",http://arxiv.org/abs/2307.03057v4,arXiv
Stochastic dynamics and ribosome-RNAP interactions in Transcription-Translation Coupling,"Xiangting Li, Tom Chou",arXiv,2026-06-20,"Under certain cellular conditions, transcription and mRNA translation in prokaryotes appear to be ""coupled,"" in which the formation of mRNA transcript and production of its associated protein are temporally correlated. Such transcription-translation coupling (TTC) has been evoked as a mechanism that speeds up the overall process, provides protection during the transcription, and/or regulates the t",http://arxiv.org/abs/2207.04568v1,arXiv
Coronavirus RNA Sensor Using Single-Stranded DNA Bonded to Sub-Percolated Gold Films on Monolayer Graphene Field-Effect Transistors,"Nicholas E. Fuhr, Mohamed Azize, David J. Bishop",arXiv,2026-06-20,"Electrical detection of messenger ribonucleic acid (mRNA) is a promising approach to enhancing transcriptomics and disease diagnostics because of its sensitivity, rapidity, and modularity. Reported here is a fast SARS-CoV-2 mRNA biosensor (<1 minute) with a limit of detection of 1 aM, and dynamic range of 4 orders of magnitude and a linear sensitivity of 22 mV per molar decade. These figures of me",http://arxiv.org/abs/2205.05143v1,arXiv
Deep learning models for predicting RNA degradation via dual crowdsourcing,"Hannah K. Wayment-Steele, Wipapat Kladwang, Andrew M. Watkins",arXiv,2026-06-20,"Messenger RNA-based medicines hold immense potential, as evidenced by their rapid deployment as COVID-19 vaccines. However, worldwide distribution of mRNA molecules has been limited by their thermostability, which is fundamentally limited by the intrinsic instability of RNA molecules to a chemical degradation reaction called in-line hydrolysis. Predicting the degradation of an RNA molecule is a ke",http://arxiv.org/abs/2110.07531v2,arXiv
Coagulapathies after vaccination against SARS-CoV-2 may be derived from a combination effect of SARS-CoV-2 spike protein and adenovirus vector-triggered signaling pathways,Ralf Kircheis,arXiv,2026-06-20,"The novel coronavirus SARS-CoV-2 has resulted in a global pandemic with worldwide 6-digital infection rates and thousands death tolls daily. Enormeous effords are undertaken to achieve high coverage of immunization in order to reach herd immunity to stop spreading of SARS-CoV-2 infection. Several SARS-CoV-2 vaccines, based either on mRNA, viral vectors, or inactivated SARS-CoV-2 virus have been ap",http://arxiv.org/abs/2109.00089v1,arXiv
Gene delivery for cerebral neurodegenerative disorders - current advancements and limitations.,"Dayma Kunal, Upadhyay Arun",Molecular therapy : the journal of the American Society of Gene Therapy,2026-06-20,"Gene delivery for neurodegenerative cerebral disorders faces formidable structural and practical challenges. The blood-brain, blood- cerebrospinal fluid (CSF), and arachnoid barriers tightly regulate molecular traffic, restrict paracellular diffusion, and actively clear xenobiotics, limiting brain penetration and retention of large molecules and nucleic acid therapeutics. Additional barriers inclu",https://pubmed.ncbi.nlm.nih.gov/42322051/,PubMed
The inducible nitric oxide synthase (iNOS) of Eriocheir sinensis exerts antibacterial effects through apoptosis.,"Li Linjie, Huang Wenxing, Han Yingying",Fish & shellfish immunology,2026-06-20,"Inducible nitric oxide synthase (iNOS) is a key molecule in the invertebrate innate immune system. However, its precise mechanism of action remains poorly understood. In this study, iNOS expression was significantly induced following challenge with Aeromonas hydrophila. After RNA interference and iNOS inhibitor treatment, the bacterial content in the hemolymph significantly increased, confirming t",https://pubmed.ncbi.nlm.nih.gov/42320805/,PubMed
A single-nucleus transcriptomic atlas of early marine shrimp embryogenesis reveals cell-type specification and eye pigment transport mechanisms.,"Zhong Hao, Deris Zulaikha Mat, Wang Panpan",Genomics,2026-06-20,"Early embryogenesis and their underlying regulatory mechanisms in crustaceans remains unclear at the cellular level. Here, we mapped the early developmental stages of marine shrimp Palaemon carinicauda using single nucleus RNA sequencing (snRNA-seq), spanning the transitional stages of blastula to protozoea. Profiling over 60,000 nuclei, we identify six distinct embryonic cell types, including the",https://pubmed.ncbi.nlm.nih.gov/42320734/,PubMed
The role of mTORC2 in the in vitro neurotoxicity of Parkinsonian mimetics 6-OHDA and MPP,"Jeremic Marija, Jovanovic-Tucovic Maja, Martinovic Tamara",Neurotoxicology,2026-06-20,"The mechanistic target of rapamycin complex 2 (mTORC2), a key regulator of cellular metabolism, growth, and survival, remains poorly characterized in the context of dopaminergic neurotoxicity. In this study, we investigated the role of mTORC2 signaling in the survival of SH-SY5Y neuroblastoma cells exposed to the Parkinsonian neurotoxins 1-methyl-4-phenylpyridinium (MPP⁺) and 6-hydroxydopamine (6-",https://pubmed.ncbi.nlm.nih.gov/42320558/,PubMed
Astragaloside II suppresses colorectal cancer progression by upregulating LGALS4 expression.,"Su Yingying, Lu Dan, Zhang Rongqiang",Journal of molecular histology,2026-06-20,"This study investigates the inhibitory effect of astragaloside II (AGS-II) on colorectal cancer (CRC) progression and elucidates the underlying mechanism involving LGALS4. The effects of AGS-II on proliferation, migration, and apoptosis of CRC cells were assessed using cell counting kit-8, colony formation, scratch wound, and flow cytometry assays. Potential targets were screened through integrate",https://pubmed.ncbi.nlm.nih.gov/42319491/,PubMed
Engineered Bacillus subtilis to deliver dsRNA via extracellular vesicles against the H9N2 avian influenza virus.,"Liu Jiachen, Yang Yimeng, Ma Yichao",Trends in biotechnology,2026-06-20,"RNA interference (RNAi) is a potent antiviral approach, outperforming traditional pesticides and broad-spectrum drugs. Its use in animal disease control faces two challenges: inefficient target design relying on computer-predicted small-interfering RNAs (siRNAs) rather than virus-derived siRNAs (vsiRNAs), and the lack of cost-effective siRNA delivery systems. In this study, we address both limitat",https://pubmed.ncbi.nlm.nih.gov/42315362/,PubMed
A macin family antimicrobial peptide from Atrina pectinata exhibiting dual functions in direct bactericidal activity and hemocyte immune modulation.,"Chen Yan-Ru, Zhao Kun-Yu, Hu Shun-Xin",Fish & shellfish immunology,2026-06-20,"Antimicrobial peptides (AMPs) are key effectors of innate immunity in invertebrates. In this study, a novel macin family AMP (designated ApMacin) was identified and functionally characterized from the economically important bivalve Atrina pectinata. The open reading frame of ApMacin encodes a 100-amino acid polypeptide containing a conserved Macin domain and eight cysteine residues forming four di",https://pubmed.ncbi.nlm.nih.gov/42315068/,PubMed
Goose astrovirus genotype 2 induces autophagy in goose renal tubular epithelial cells requiring the ERK2 signaling pathway: Pharmacological evidence for a pro-viral role of autophagy.,"Wei Feng, Yang Jing, He Dalin",Poultry science,2026-06-20,"Goose astrovirus genotype 2 (GAstV-2) is an emerging pathogen responsible for gout in goslings, posing a serious threat to the goose breeding industry in China. Although the disease has caused significant economic losses, the mechanisms underlying GAstV-2-induced pathogenesis, particularly gout formation, remain poorly understood. In this study, we investigated the effect of GAstV-2 infection on a",https://pubmed.ncbi.nlm.nih.gov/42314299/,PubMed
A Pheromone-Dominant Odorant-Binding Protein Mediates Mating and Host Volatile Perception in ,"Dong Huanhuan, Li Jinqiao, Li Ertao",Journal of agricultural and food chemistry,2026-06-20,The scarab beetle ,https://pubmed.ncbi.nlm.nih.gov/42314156/,PubMed
Argonaute 2 drives resistance to immune checkpoint inhibitors in immunorefractory non-small cell lung cancer.,"Anobile Dario Pasquale, Barbar Layla, Maucotel Emile",PLoS biology,2026-06-20,"One of the first-line treatments for advanced non-small cell lung cancer (NSCLC) are immune checkpoint inhibitors (ICI), which activate the antitumor immune response. Despite their success, ICI remain ineffective in many patients, highlighting the need for strategies to overcome resistance. Most efforts have focused on promoting immune cell infiltration into refractory tumors to improve ICI effica",https://pubmed.ncbi.nlm.nih.gov/42313870/,PubMed
White spot syndrome virus hypothetical protein GP017 functions as a putative RNA interference suppressor.,"Ren Xiaotong, Wang Mengting, Lu Yongzhong",Diseases of aquatic organisms,2026-06-20,"White spot syndrome virus (WSSV) causes severe economic losses globally. Although RNA interference (RNAi) is a key antiviral defense in crustaceans, the co-existence of WSSV mRNA and siRNA observed in Fenneropenaeus chinensis during acute infection suggests dysfunction of the RNA-induced silencing complex. This led us to investigate whether WSSV encodes viral suppressors of RNAi (VSRs) to countera",https://pubmed.ncbi.nlm.nih.gov/42312655/,PubMed
Genome-wide Screen Identifies Peroxisomal Role in APOL1 Podocytopathy.,"Kim Jiyoung, Karel Isaac Z, Song Huijuan",Kidney international,2026-06-20,"Risk variants G1 and G2 of APOL1 confer a markedly increased risk of chronic kidney disease (CKD) in individuals of African ancestry, yet disease expression requires secondary insults such as inflammation or hypoxia. How these stressors intersect with APOL1 risk variants to drive podocyte injury and cell death remains poorly defined. To identify pathways that modify APOL1 variant-induced cytotoxic",https://pubmed.ncbi.nlm.nih.gov/42309203/,PubMed
Ionotropic receptor co-receptors drive host-seeking behavior in the white-backed planthopper (Hemiptera: Delphacidae).,"Liu Xing-Yu, Wu Chao, Zhao Yu",Journal of economic entomology,2026-06-20,"The white-backed planthopper, Sogatella furcifera (Horváth, 1899), is a destructive rice pest that causes severe yield losses across Asia. Here, we manually curated a class of olfactory receptors: ionotropic receptors (IRs) genes using genomic and transcriptomic data, characterized tissue-specific expression profiles, and explored the functions of 3 IRco genes (SfurIR8a, SfurIR25a, SfurIR76b) via ",https://pubmed.ncbi.nlm.nih.gov/42308516/,PubMed
A conserved in-frame stop codon acts as a multipotent defense mechanism in alphaviruses.,"Bhattacharya Tamanash, Freeman Tiia S, Alleman Eva M",Science advances,2026-06-20,Most alphaviruses maintain an in-frame opal stop codon that interrupts their nonstructural polyprotein (nsP) ORF between nsP3 and nsP4 in both vertebrate and insect hosts. We show that the nsP3 opal stop codon confers a replicative advantage to Sindbis virus (SINV) in RNAi-competent ,https://pubmed.ncbi.nlm.nih.gov/42308287/,PubMed
Development of a dCas13a/crRNA-Linked Immunosorbent Mimic Assay (dCLIMA) for Sensitive and Accurate Circular RNA Analysis in Lung Cancer-Derived Circulating Tumor Cells.,"Liu Hui, Yin Hang, Yang Tao",Analytical chemistry,2026-06-20,"Circular RNAs (circRNAs) are emerging as promising biomarkers in liquid biopsy, yet their accurate detection in circulating tumor cells remains challenging due to low abundance and interference from linear RNA counterparts. Here, we develop a dCas13a/crRNA-Linked Immunosorbent Mimic Assay (dCLIMA) for sensitive and specific colorimetric detection of circRNAs. The dCas13a/crRNA complex immobilized ",https://pubmed.ncbi.nlm.nih.gov/42307064/,PubMed
De novo transcriptome meta-analysis reveals candidate genes involved in life-stage transitions for RNAi-mediated management of the citrus root weevil (Diaprepes abbreviatus).,"Saini Tejbhan, Killiny Nabil",Pest management science,2026-06-20,"The citrus root weevil, Diaprepes abbreviatus, is a destructive agricultural pest for which molecular control options remain limited due to historically sparse genomic resources. Leveraging a comprehensive de novo transcriptome, we investigated developmental gene regulation across larval, pupal, and adult stages and identified essential targets for RNA interference (RNAi)-based intervention. Stage",https://pubmed.ncbi.nlm.nih.gov/42307042/,PubMed
Nanocarrier-Mediated RNAi: Breaking the dsRNA Delivery Bottleneck in Crop Protection.,"Wang Qiang, Li Chaonan, Yang Richard",Journal of agricultural and food chemistry,2026-06-20,"RNA interference (RNAi) offers a sequence-specific and sustainable strategy for crop protection, yet inefficient double-stranded RNA (dsRNA) delivery remains a major bottleneck for agricultural applications. Rapid environmental degradation, restricted penetration across biological barriers, and poor intracellular availability collectively constrain gene silencing outcomes. Nanocarriers can improve",https://pubmed.ncbi.nlm.nih.gov/42306978/,PubMed
Developing a pan cancer therapy based on DISE-inducing short RNAs.,"Murmann Andrea E, Ebadi Mehrnoosh, Patel Monal",Molecular therapy. Nucleic acids,2026-06-20,"RNA interference (RNAi) regulates gene expression through small RNAs that act via Argonaute-containing RNA-induced silencing complexes (RISCs). We previously found that short RNAs with G-rich 6mer seeds (e.g., GGGGGC and G5C) can kill cells by targeting C-rich 3' UTR seed matches in essential survival genes (SGs), a mechanism termed death induced by survival gene elimination (DISE). To assess ther",https://pubmed.ncbi.nlm.nih.gov/42306085/,PubMed
"Genetic inactivation of Translin/Trax RNase disrupts miRNAs, hippocampal synaptic plasticity, and memory.","Shetty Mahesh Shivarama, Kasuya Junko, Fu Xiuping",iScience,2026-06-20,"Neurons utilize RNA interference in the reversible translational repression of synaptically localized mRNAs, enabling rapid translation in response to synaptic activity. Two evolutionarily conserved proteins, Translin and Trax, form an RNase complex that processes miRNAs, tRNAs, and siRNAs. To determine the specific role of the RNase activity of this complex in brain function, we employed a mouse ",https://pubmed.ncbi.nlm.nih.gov/42305625/,PubMed
Apoptosis signaling and cancer targeted therapy: from bench to bespoke.,"Huang Xin, Zhu Chunyan, Liu Jiahui",Translational cancer research,2026-06-20,"Apoptosis is a highly regulated, programmed cell death process that serves as a fundamental safeguard against malignant transformation and tumor progression, while also acting as a critical determinant of therapeutic response. This orchestrated process is governed by both intrinsic and extrinsic signaling cascades, involving core molecular regulators including the p53 tumor suppressor, BCL-2 famil",https://pubmed.ncbi.nlm.nih.gov/42305466/,PubMed
Bayesian Sampling of Structural Ensembles: The Role of Ensemble-Counting Measures,"Ivan Gilardoni, Giovanni Bussi",arXiv,2026-06-20,"Structural ensemble refinement is widely used to integrate molecular simulations with experimental measurements. While most applications focus on the maximum-a-posteriori (MAP) ensemble, Bayesian sampling of the posterior distribution can provide uncertainty estimates and posterior averages for arbitrary observables. A notable step in this direction was introduced by the Bayesian Energy Landscape ",http://arxiv.org/abs/2606.18495v1,arXiv
MultiMolecule: a modular ecosystem for biomolecular sequence-model workflows,Zhiyuan Chen,arXiv,2026-06-20,"Biomolecular sequence models are increasingly reused outside the studies in which they were introduced, but public checkpoints rarely preserve the execution context needed to inspect source-defined behavior, adapt models to new assays, compare models under shared task definitions or deploy biological predictions. MultiMolecule is an open-source Python ecosystem that turns heterogeneous RNA, DNA an",http://arxiv.org/abs/2606.16540v1,arXiv
The Montparnasse Algorithm for RNA Design,Tristan Cazenave,arXiv,2026-06-20,"RNA design consists of discovering a nucleotide sequence that optimizes predefined criteria, such as secondary structure. It is useful for synthetic biology, medicine, and nanotechnology. We propose Montparnasse, a Monte Carlo search framework based on Generalized Nested Rollout Policy Adaptation, augmented with a problem-specific prior, slow and long adaptation at level 1, and a lexicographic mul",http://arxiv.org/abs/2606.07562v1,arXiv
Multimodal Alignment and Preference Optimization for Zero-Shot Conditional RNA Generation,"Roman Klypa, Alberto Bietti, Sergei Grudinin",arXiv,2026-06-20,"The design of RNA molecules that interact with specific proteins is a critical challenge in experimental and computational biology. Despite recent progress in natural language modeling and deep learning-based protein design, there remains significant room to improve the frequency of successful interactions and the authenticity of generated sequences for functional applications. In this work, we fr",http://arxiv.org/abs/2605.23961v1,arXiv
"GoForth: Language Models for RNA Design under Structure, Sequence, and Coding Constraints",Michael Lindsey,arXiv,2026-06-20,"RNA inverse sequence design has broad biological and engineering applications, but computational methods for practical design queries remain limited. Such queries may impose several constraints at once, including target folds or motifs, fixed bases, and coding restrictions, while leaving arbitrary sequence and structure in unspecified regions. Because these constraints may permit many acceptable s",http://arxiv.org/abs/2605.07608v1,arXiv
Bayesian Rate Inference for Sequence Motif Dynamics in Systems of Reactive Nucleic Acids,"Johannes Harth-Kitzerow, Ulrich Gerland, Torsten A. Enßlin",arXiv,2026-06-20,"The RNA world hypothesis suggests a pathway of how life emerged on early earth. It assumes that life started with RNA based systems, capable of storing, transmitting and replicating information, envisioning that monomers and short RNA oligomers interact to form longer strands, eventually becoming catalytically active ribozymes. Key reactions in RNA pools are hybridization, dehybridization, templat",http://arxiv.org/abs/2604.25701v2,arXiv
VARIANT: Web Server for Decoding and Analyzing Viral Mutations at Genome and Protein Levels,"Rui Wang, Xuhang Dai, Xin Cao",arXiv,2026-06-20,"A comprehensive analysis of viral mutations is essential for understanding viral evolution, disease epidemiology, diagnosis, drug resistance, etc. However, challenges remain in capturing complex mutation patterns and supporting diverse viral families with varying genome architectures. To address these needs, we present VARIANT, an web server for mutational analysis of RNA viral genomes and associa",http://arxiv.org/abs/2604.20942v1,arXiv
Interfacial Potential Transduction for Diagnostics,"Hyun-June Jang, Peuli Nath, Yuqin Wang",arXiv,2026-06-20,"A major barrier to decentralized, near-patient diagnostics is the lack of a signal transduction modality that is both analytically precise and accessible at the point of care. Optical readouts remain instrument-dependent and difficult to miniaturize, while compact electrochemical readouts are prone to matrix-derived signal distortion, limiting their biomarker coverage in real clinical settings. He",http://arxiv.org/abs/2603.23775v1,arXiv
ZeroFold: Protein-RNA Binding Affinity Predictions from Pre-Structural Embeddings,"Josef Hanke, Sebastian Pujalte Ojeda, Shengyu Zhang",arXiv,2026-06-20,"The accurate prediction of protein-RNA binding affinity remains an unsolved problem in structural biology, limiting opportunities in understanding gene regulation and designing RNA-targeting therapeutics. A central obstacle is the structural flexibility of RNA, as, unlike proteins, RNA molecules exist as dynamic conformational ensembles. Thus, committing to a single predicted structure discards in",http://arxiv.org/abs/2603.23583v1,arXiv
Computational modeling of RNA-protein binding interactions under an external force,"Danielle Wampler, Ralf Bundschuh",arXiv,2026-06-20,"RNA binding proteins play a crucial role in post-transcriptional gene regulation by controlling the transport, processing, and translation of their target RNAs. Post-transcriptional gene regulation leads to the differential expression of genetic material and loss of regulation or over-regulation relates to a large range of cancers and diseases - many of which have directly been associated with RNA",http://arxiv.org/abs/2603.22269v1,arXiv
Fair splits flip the leaderboard: CHANRG reveals limited generalization in RNA secondary-structure prediction,"Zhiyuan Chen, Zhenfeng Deng, Pan Deng",arXiv,2026-06-20,"Accurate prediction of RNA secondary structure underpins transcriptome annotation, mechanistic analysis of non-coding RNAs, and RNA therapeutic design. Recent gains from deep learning and RNA foundation models are difficult to interpret because current benchmarks may overestimate generalization across RNA families. We present the Comprehensive Hierarchical Annotation of Non-coding RNA Groups (CHAN",http://arxiv.org/abs/2603.22330v1,arXiv
Reverse Distillation: Consistently Scaling Protein Language Model Representations,"Darius Catrina, Christian Bepler, Samuel Sledzieski",arXiv,2026-06-20,"Unlike the predictable scaling laws in natural language processing and computer vision, protein language models (PLMs) scale poorly: for many tasks, models within the same family plateau or even decrease in performance, with mid-sized models often outperforming the largest in the family. We introduce Reverse Distillation, a principled framework that decomposes large PLM representations into orthog",http://arxiv.org/abs/2603.07710v1,arXiv
Fast and Versatile RNA Design via Motif-level Divide-and-Conquer and Structure-level Rival Search,"Tianshuo Zhou, David H. Mathews, Liang Huang",arXiv,2026-06-20,"RNA design aims to identify RNA sequences that fold into a target secondary structure. This task is challenging in terms of computational efficiency. Most existing methods focus on either minimum free energy (MFE)-based or ensemble-based metrics, leaving a gap for a unified approach that performs well across both. We introduce a fast and versatile RNA design algorithm inspired by our previous work",http://arxiv.org/abs/2603.02283v1,arXiv
CryoNet.Refine: A One-step Diffusion Model for Rapid Refinement of Structural Models with Cryo-EM Density Map Restraints,"Fuyao Huang, Xiaozhu Yu, Kui Xu",arXiv,2026-06-20,"High-resolution structure determination by cryo-electron microscopy (cryo-EM) requires the accurate fitting of an atomic model into an experimental density map. Traditional refinement pipelines such as Phenix.real_space_refine and Rosetta are computationally expensive, demand extensive manual tuning, and present a significant bottleneck for researchers. We present CryoNet.Refine, an end-to-end dee",http://arxiv.org/abs/2602.22263v2,arXiv
CPTCs Drive Somatic-Visceral Communication via the Wnt Axis in Somatic Mechanotherapy: A Single-Cell Deep Learning Study,"Haixiang Huang, Zhenwei Zhang, BingBing Shen",arXiv,2026-06-20,"Somatic mechanical stimulation (e.g., acupuncture) exerts systemic immunomodulatory effects, yet the cellular bridge translating peripheral physical force into visceral repair remains elusive. Here, employing a custom interpretable deep learning framework (CARSS) on single-cell RNA sequencing data, we identify CD34$^{+}$PDGFR$α$$^{+}$ telocytes (CPTCs) as the primary mechanosensors in both fascia ",http://arxiv.org/abs/2602.05451v2,arXiv
Tensor-DTI: Enhancing Biomolecular Interaction Prediction with Contrastive Embedding Learning,"Manel Gil-Sorribes, Júlia Vilalta-Mor, Isaac Filella-Mercè",arXiv,2026-06-20,"Accurate drug-target interaction (DTI) prediction is essential for computational drug discovery, yet existing models often rely on single-modality predefined molecular descriptors or sequence-based embeddings with limited representativeness. We propose Tensor-DTI, a contrastive learning framework that integrates multimodal embeddings from molecular graphs, protein language models, and binding-site",http://arxiv.org/abs/2601.05792v1,arXiv
MERGE-RNA: a physics-based model to predict RNA secondary structure ensembles with chemical probing,"Giuseppe Sacco, Jianhui Li, Redmond P. Smyth",arXiv,2026-06-20,"RNA function is tied to secondary structure, operating through dynamic and heterogeneous structural ensembles. While current analysis tools typically output single static structures or averaged contact maps, chemical probing methods like DMS capture nucleotide-resolution signals representing the full structural ensemble, which remain difficult to interpret structurally. To address this, we present",http://arxiv.org/abs/2512.20581v3,arXiv
Methods for Analyzing RNA Pseudoknots via Chord Diagrams and Intersection Graphs,"Rayan Ibrahim, Allison H. Moore",arXiv,2026-06-20,"RNA molecules are known to form complex secondary structures including pseudoknots. A systematic framework for the enumeration, classification and prediction of secondary structures is critical to determine the biological significance of the molecular configurations of RNA. Chord diagrams are mathematical objects widely used to represent RNA secondary structures and to analyze structural motifs, h",http://arxiv.org/abs/2512.19939v1,arXiv
Machine learning for RNA-targeting drug design,"Wissam Karroucha, Carlos Oliver, Veronique Stoven",arXiv,2026-06-20,"Targeting RNA with small molecules offers significant therapeutic potential.
  Machine learning could substantially accelerate preclinical drug discovery, from hit identification to lead optimization.
  Yet a fundamental limitation emerges: drug design machine learning models, tailored for proteins, are not readily applicable to RNAs because of fundamental differences between RNAs and proteins in ",http://arxiv.org/abs/2512.15645v1,arXiv
Exploring the immune landscape and immunotherapy relevance of ER stress-related lncRNAs in melanoma through multi-omics and explainable machine learning.,"Hu Bingqian, Shi Cuiping, Qi Min",BMC cancer,2026-06-20,"Melanoma is a highly aggressive malignancy with poor clinical outcomes, and endoplasmic reticulum (ER) stress plays an important role in tumor progression, immune regulation, and therapeutic resistance. However, the prognostic significance and biological functions of ER stress-related long noncoding RNAs (ERlncRNAs) in melanoma remain largely unclear. We performed an integrative analysis to system",https://pubmed.ncbi.nlm.nih.gov/42321658/,PubMed
The identity crisis of cryptic lncRNAs: when non-coding RNAs translate into small peptides.,"Valášek Leoš Shivaya, Brázdovič Filip, Trčka Filip",The EMBO journal,2026-06-20,"From a historical perspective, long non-coding RNAs (lncRNAs) represent a relatively short story. However, this story has many plot lines, thrills, twists, and turns that altogether form quite a long saga of its own. lncRNAs stay at the forefront of a recent paradigm shift from a protein-only world to the mysterious RNA world, the enormous complexity of which we are only beginning to appreciate. H",https://pubmed.ncbi.nlm.nih.gov/42321549/,PubMed
Long Non-coding RNA TLX1NB Regulates Inflammatory Response in Periodontitis by Interacting With Matrix Metalloproteinase 8.,"Yang Shouxiang, Yuan Wanting, Yang Ziqiong",Inflammation,2026-06-20,Long non-coding RNAs (lncRNAs) play critical roles in regulating inflammatory responses in periodontitis. This investigation focused on the involvement of the lncRNA T cell leukemia homeobox 1 neighbor (TLX1NB) in periodontitis and its regulatory role in modulating matrix metalloproteinase 8 (MMP8). Transcriptome sequencing and RT-qPCR validation revealed a significant upregulation of TLX1NB in gi,https://pubmed.ncbi.nlm.nih.gov/42321503/,PubMed
LncRNA Lncbate1 promotes lipid synthesis in the white adipose tissue during aging by targeting the miR-455-5p-ACSS1 axis.,"Chen Jing, Yang Ning, Zhang Yifan",npj aging,2026-06-20,"Lipid metabolism is closely related to aging, and its disorders can lead to obesity, insulin resistance, cardiovascular diseases, and various other conditions. The accumulation of lipids caused by increased lipid synthesis is key in the development of obesity, but the molecular mechanisms of increased lipid synthesis remain to be thoroughly studied, especially in the context of aging. In this work",https://pubmed.ncbi.nlm.nih.gov/42321230/,PubMed
LncRNA Gm13561 Interacts with the Splicing Factor Hnrnpa1 to Safeguard Podocytes from Apoptosis and Oxeiptosis in Diabetic Nephropathy.,"Wu Yashi, Liu Qinghong, Zheng Wenhan",Experimental cell research,2026-06-20,"Diabetic nephropathy (DN) is one of the most common microvascular complications of diabetes mellitus, without suitable therapies, ultimately leading to end-stage renal disease. Podocyte loss serves as an initial insult during DN progression, yet the endogenous protective mechanisms remain elusive. Our single-nucleus RNA sequencing data revealed a large group of differentially expressed lncRNAs in ",https://pubmed.ncbi.nlm.nih.gov/42320723/,PubMed
Brown Adipose Tissue-Derived sEV-lncRNA Morrbid Contributes to Cold Acclimation-Induced Cardioprotection Against Extreme Cold.,"Zhang Kai, Hao Yuwei, Li Ningxin",Journal of lipid research,2026-06-20,"Extreme cold causes myocardial injury; however, cold acclimation (CA) enhances myocardial tolerance. This study investigated whether brown adipose tissue (BAT)-derived extracellular vesicles (BAT-EVs) contribute to CA-induced cardioprotection. Mice were subjected to CA or acute cold stress. Cardiac function was assessed using echocardiography and biomarkers. Interscapular BAT (iBAT) ablation has c",https://pubmed.ncbi.nlm.nih.gov/42320571/,PubMed
IGFL2-AS1 is associated with poor prognosis in cervical cancer and promotes disease progression via the miR-126-5p/MACC1 axis.,"Wu Zhibing, Lan Donglian, He Chao",Molecular biology reports,2026-06-20,"Cervical cancer (CC) is a common malignancy. And long non-coding RNAs (lncRNAs) have been identified as pivotal molecular modulators in tumorigenesis, with particular relevance to cervical carcinoma pathogenesis. This study sought to examine the expression, biological functions, and mechanisms of IGFL2-AS1 in CC, and to evaluate its association with clinical prognosis. The present investigation ex",https://pubmed.ncbi.nlm.nih.gov/42319601/,PubMed
Correction to: LncRNA LOXL1-AS1 promotes ovarian cancer progression by enhanced BRIP1 mRNA stability.,"Wan Su, Su Chang, Ding Jin","Medical oncology (Northwood, London, England)",2026-06-20,,https://pubmed.ncbi.nlm.nih.gov/42319565/,PubMed
RNA acetylation modification ac4C: An emerging regulatory hub of RNA metabolism disruption in Alzheimer's disease.,"Xing Liping, Liu Annan, Li Jianhui",Molecular biology reports,2026-06-20,"RNA metabolic dysregulation is a key pathological mechanism underlying the onset and progression of Alzheimer's disease (AD), involving multiple aspects such as abnormal RNA splicing, loss of function in RNA-binding proteins, dysregulation of non-coding RNAs, and impaired nuclear-cytoplasmic transport. In recent years, the emergence of epigenome research has revealed the critical role of RNA chemi",https://pubmed.ncbi.nlm.nih.gov/42319535/,PubMed
Genotype-dependent metabolic and inflammatory regulation at the ANRIL locus in human primary macrophages.,"Kirsan-Kesici Cemre Buse, Ozuynuk-Ertugrul Aybike Sena, Komurcu-Bayrak Evrim",Molecular genetics and genomics : MGG,2026-06-20,"The long non-coding RNA ANRIL and several single-nucleotide polymorphisms have been strongly implicated in genetic susceptibility to coronary artery disease (CAD). However, how these variants influence gene expression remains incompletely understood. This study aims to investigate genotype-dependent differences in linear and circular ANRIL isoform expression and selected CAD- and diabetes-related ",https://pubmed.ncbi.nlm.nih.gov/42319513/,PubMed
Promoter methylation-associated brain-enriched long noncoding RNAs in glioblastoma: a multi-cohort public epigenomic re-analysis.,"Tan Ye, Cheng Fengyu, Li Pu",Epigenomics,2026-06-20,"Glioblastoma (GBM) is epigenetically heterogeneous, and previous long noncoding RNA (lncRNA) methylation studies have often begun from tumor-wide screens. We asked whether brain-enriched lncRNAs show promoter methylation-associated suppression in GBM. Brain-enriched lncRNAs were defined using GENCODE v49 and GTEx/UCSC Xena. Primary discovery used TCGA-GBM primary tumors with matched expression and",https://pubmed.ncbi.nlm.nih.gov/42318604/,PubMed
Plasma lncRNA signature of upregulated ATP2B1-AS1 and downregulated RPL21P28 correlates with diagnosis and cognitive severity in Alzheimer's disease.,"Yadollahi Khales Atefe, Ghaedi Kamran, Esmaeili Fariba",Frontiers in aging neuroscience,2026-06-20,The non-invasive biomarkers have considerable effects in determination and treatment of Alzheimer's disease (AD). The specificity and stability of the circulating long non-coding RNAs (lncRNAs) have made them suitable options in disease management. The aim of this study was discovering and clinically confirming a new plasma lncRNA signature and the underlying regulatory mechanisms. In a two-stage ,https://pubmed.ncbi.nlm.nih.gov/42318555/,PubMed
LUCAT1 promotes stemness in head and neck squamous cell carcinoma by sponging miR-128.,"Wen Yifan, Liu Shuo, Mao Yaqing",Frontiers in oncology,2026-06-20,"Head and neck squamous cell carcinoma (HNSCC) progression is well documented to be predominantly driven by a small subset of cancer stem cells (CSCs). These CSCs are implicated in recurrence, metastasis, dormancy, and therapy resistance. Therefore, targeting cancer stem cells has inspired the design of innovative treatment strategies. This study demonstrates that knockdown of the long non-coding R",https://pubmed.ncbi.nlm.nih.gov/42318476/,PubMed
Weighted gene co-expression network analysis reveals key genes and lncRNAs in ,"Sahu Abhisek, Abdullah Mohd, Gupta Saurabh",Frontiers in immunology,2026-06-20,"Johne's disease (JD), caused by  Diseased and healthy female  RNA sequencing revealed 1,905 differentially expressed protein-coding genes and, for the first time, comprehensively annotated 45,947 lncRNA genes in  Our findings provide novel insights into the molecular mechanisms of MAP infection in ",https://pubmed.ncbi.nlm.nih.gov/42317361/,PubMed
lncRNA-miRNA-mRNA Network Analysis and Downstream Proteins Reveal the Mechanism of Bushen Huatan Prescription in the Treatment of Polycystic Ovary Syndrome.,"Xu Wenting, Shi Lingli, Tang Xiuqin",Combinatorial chemistry & high throughput screening,2026-06-20,"Polycystic Ovary Syndrome (PCOS) is a prevalent reproductive endocrine disorder. The underlying mechanisms, particularly the role of the long non-coding RNA (lncRNA)- miRNA-mRNA network, remain incompletely understood. The Bushen Huatan (BSHT) prescription shows clinical efficacy in treating PCOS, but its active components and their regulatory effects on this network are largely unknown. Active co",https://pubmed.ncbi.nlm.nih.gov/42316501/,PubMed
Screening and identification of the ncRNA-mRNA regulatory network associated with DNA methylation in goose embryonic myoblasts.,"Luo Yongquan, Hong Pufei, Chen Tiande",BMC genomics,2026-06-20,"Local goose breeds Shitou and Wuzong exhibit distinct growth rates, implying divergent embryonic muscle development. This study used embryonic myoblasts from the Magang goose, an established model with superior growth traits, to explore the underlying common regulatory mechanisms. Extending our previous findings that 5-AZA (DNA methylation inhibitor) and BC339 (DNA hydroxylation inhibitor) opposit",https://pubmed.ncbi.nlm.nih.gov/42316346/,PubMed
Correction: LncRNA SPINT1-AS1 enhances the Warburg effect and promotes the progression of osteosarcoma via the miR-135b-5p/PGAM1 axis.,"Wang Jinyou, Zhang Ning, Wang Yan",Cancer cell international,2026-06-20,,https://pubmed.ncbi.nlm.nih.gov/42316270/,PubMed
Dual-Site Cooperative Recognition Hybridization Chain Reaction for High-Sensitivity Imaging of lncRNA.,"Zhang Luyin, Qiu Ziyue, Huang Shishi",Analytical chemistry,2026-06-20,"Developing highly sensitive and specific imaging strategies for long noncoding RNAs (lncRNAs) is crucial for disease diagnosis and therapeutic research. However, lncRNAs are characterized by long sequence lengths (>200 nt), low abundance, and complex secondary structures, which make their sensitive and specific imaging challenging. To address these challenges, we developed a hybridization chain re",https://pubmed.ncbi.nlm.nih.gov/42316026/,PubMed
The versatile roles of long non-coding RNAs in kidney disease.,"Yiu Wai Han, Tang Sydney C W",Nature reviews. Nephrology,2026-06-20,"Long non-coding RNAs (lncRNAs) have emerged as critical regulators of kidney homeostasis, and their dysregulation has been implicated in a wide range of kidney diseases including acute kidney injury, chronic kidney disease and renal cell carcinoma, as well as in age-related kidney dysfunction. Increasing evidence indicates that lncRNAs have roles in key cellular processes including inflammation, a",https://pubmed.ncbi.nlm.nih.gov/42315910/,PubMed
An Evaluation on the Role of Non-Coding RNA in HIV Transcription and Latency: A Review,Xiangshuai Liu,arXiv,2026-06-20,"The existence of latent cellular reservoirs is recognized as the major barrier to an HIV cure. Reactivating and eliminating ""shock and kill"" or permanently silencing ""block and lock"" the latent HIV reservoir, as well as gene editing, remain promising approaches, but so far have proven to be only partially successful. Moreover, using latency reversing agents or ""block and lock"" drugs pose additiona",http://arxiv.org/abs/2502.06107v1,arXiv
"Blood-derived lncRNAs as potential biomarkers for early cancer diagnosis: The Good, the Bad and the Beauty","Cedric Badowski, Bing He, Lana X Garmire",arXiv,2026-06-20,Cancer ranks as one of the deadliest diseases worldwide. The high mortality rate associated with cancer is partially due to the lack of reliable early detection methods and/or inaccurate diagnostic tools such as certain protein biomarkers. Cell-free nucleic acids (cfNA) such as circulating long non-coding RNAs (lncRNAs) have recently been proposed as a new class of potential biomarkers that could ,http://arxiv.org/abs/2109.11746v1,arXiv
BPPart and BPMax: RNA-RNA Interaction Partition Function and Structure Prediction for the Base Pair Counting Model,"Ali Ebrahimpour-Boroojeny, Sanjay Rajopadhye, Hamidreza Chitsaz",arXiv,2026-06-20,"RNA-RNA interaction (RRI) is ubiquitous and has complex roles in the cellular functions. In human health studies, miRNA-target and lncRNAs are among an elite class of RRIs that have been extensively studied. Bacterial ncRNA-target and RNA interference are other classes of RRIs that have received significant attention. In recent studies, mRNA-mRNA interaction instances have been observed, where bot",http://arxiv.org/abs/1904.01235v2,arXiv
Efficient site-specific gene addition using R2 retrotransposons in tobacco and rice.,"Ali Zahir, Butt Haroon, Alghamdi Raghad",Nature biotechnology,2026-06-20,Precise integration of multikilobase DNA fragments remains a major technical barrier in plants. Here we introduce non-long terminal repeat (non-LTR) R2 retrotransposons as a versatile system for targeted gene integration in plants. We reconstituted R2 activity in Nicotiana benthamiana and benchmarked insertion efficiency and fidelity using a TMV-based episomal reporter system. We demonstrate site-,https://pubmed.ncbi.nlm.nih.gov/42321491/,PubMed
Bioactive enhanced adjuvant chemokine oligonucleotide nanoparticles (BEACONs) for mucosal vaccination against genital herpes.,"Bhagchandani Sachin H, Ehrenzeller Stephen, Pires Ivan S",Science immunology,2026-06-20,"Genital herpes, caused by herpes simplex virus 2 (HSV-2), remains a prevalent sexually transmitted infection with no available vaccine. Effective local immunity, mediated in part by tissue-resident memory T cells (T",https://pubmed.ncbi.nlm.nih.gov/42319912/,PubMed
A ROS-Responsive DNA Nanodevice for Targeted Cytosolic siRNA Delivery in Metabolic Dysfunction-Associated Steatohepatitis.,"Wang Qi, Zhang Beibei, Wang Yuang",Journal of the American Chemical Society,2026-06-20,"Metabolic dysfunction-associated steatohepatitis (MASH) arises from an intricate interplay of dysregulated metabolic, inflammatory, and fibrogenic pathways, necessitating coordinated therapeutic intervention that remains inadequately achieved by current treatments. Small interfering RNA (siRNA) therapeutics offer a promising solution to this unmet need, but their potential is limited by reliance o",https://pubmed.ncbi.nlm.nih.gov/42319126/,PubMed
Bacterial mRNA Vaccines: Programming Immunity Against Antimicrobial Resistance.,"Liao Rui, Luo Mingxing, Yang Fating",Drug development research,2026-06-20,"The relentless rise of antimicrobial resistance poses a critical threat to global health, urgently demanding the development of antibacterial vaccines. Messenger RNA (mRNA) technology, validated during the COVID-19 pandemic, offers a powerful platform of fast development and flexibility. However, its application against bacterial pathogens remains an emerging frontier due to the structural complex",https://pubmed.ncbi.nlm.nih.gov/42318873/,PubMed
Deep-sequencing-guided library screening and profiling of AAV capsids in the primate retina.,"Fouani Youssef, Blazevic Dragica, Oti Martin",Molecular therapy. Advances,2026-06-20,"Intravitreal (IVT) administration of adeno-associated virus (AAV) vectors is considered a promising strategy for retinal gene therapy. Random peptide-display-based directed evolution has yielded novel AAV capsids with potent retinal bioactivity. However, recent reports on safety risks following IVT AAV administration indicate that significant opportunities remain to further refine AAV vector techn",https://pubmed.ncbi.nlm.nih.gov/42318137/,PubMed
Geminivirus-derived replicons: assessment for transient GFP expression in tobacco and tomato.,"Tsakirpaloglou Nikolaos, Melita Ourania, Kaldis Athanasios",Frontiers in plant science,2026-06-20,"Global food security requires innovative strategies for sustainable crop improvement. Gene editing offers a precise and rapid approach to plant modification, but its success depends on efficient delivery and robust expression systems. Geminivirus-derived replicons (GVRs) enhance transient expression by amplifying introduced DNA within plant cells. In this study, we evaluated three previously decon",https://pubmed.ncbi.nlm.nih.gov/42318122/,PubMed
Regulation of Pore Evolution via Progressive Electroporation Enhanced Intracellular Molecule Transport.,"Tao Xiao-Nan, Xiang Xiao-Wei, Liu Hao-Tian","Research (Washington, D.C.)",2026-06-20,"Nonviral intracellular delivery based on pulsed-electric-field-induced electroporation is one of the most effective and widely used platforms in basic biological and biomedical research. However, the conventional bulk electroporation technique has exhibited limited performance in improving delivery efficiency with a single type of pulse, especially for in vivo small interfering RNA (siRNA) deliver",https://pubmed.ncbi.nlm.nih.gov/42317796/,PubMed
Extracellular Vesicles and Their Multifaceted Roles in Cancer: Current Evidence from a Narrative Review.,"Singh Himanshu, Yadav Ranjeet Kumar, Dogra Anmol",Anti-cancer agents in medicinal chemistry,2026-06-20,"Extracellular Vesicles (EVs), including exosomes and microvesicles, are nanoscale, lipid bilayer-enclosed particles released by diverse cell types. They play a key role in intercellular communication by transferring proteins, lipids, and nucleic acids. In cancer, EVs contribute to remodelling the tumor microenvironment, enhancing angiogenesis, modulating immune responses, promoting metastasis, and",https://pubmed.ncbi.nlm.nih.gov/42316572/,PubMed
Nanotechnology-mediated precision delivery of mRNA.,"Deng Hongzhang, Li Lin, Zhao Caiyan",Nature materials,2026-06-20,"Messenger RNA-based therapeutics have been successful in preventing and treating various diseases. Nonetheless, these therapies still face difficulties in achieving specific delivery to organs, tissues and cells, which are exacerbated by the need to overcome multilevel biological barriers and intrinsically complex physiological disease characteristics. Several approaches are being developed to ove",https://pubmed.ncbi.nlm.nih.gov/42315665/,PubMed
Engineered biomimetic exosomes for small activating RNA delivery: Low-density lipoprotein receptor-related protein-1 targeted blood-brain barrier penetration and dual therapy in intracerebral Hemorrhage.,"Xu Lixing, Song Yan, Tao Huimin",Journal of controlled release : official journal of the Controlled Release Society,2026-06-20,"Efficient brain-targeted gene delivery remains a formidable primary bottleneck in the clinical management of intracerebral hemorrhage (ICH). Herein, we engineered a dual-functional biomimetic nanoplatform (L57-NExos@saRNA) that synergizes active blood-brain barrier (BBB) penetration with intrinsic neuroregeneration. Guided by transcriptomic profiling, a small activating RNA (saRNA) was designed to",https://pubmed.ncbi.nlm.nih.gov/42314989/,PubMed
ZNF33B Promotes Japanese Encephalitis Virus Infection by Regulating the Stability of M,"Du Jian, Li Chunwei, Luo Jiyuan","Advanced science (Weinheim, Baden-Wurttemberg, Germany)",2026-06-20,"Japanese encephalitis virus (JEV) is a neurotropic flavivirus that causes a substantial threat to human health and livestock; however, the epitranscriptomic mechanisms that support its replication remain poorly defined. Here, we identify a proviral host factor C",https://pubmed.ncbi.nlm.nih.gov/42314059/,PubMed
Slit2/Robo Signaling Restores Diabetic Erectile Function via Neurovascular Remodeling.,"Fu Sen, Hu Peng, Yang Zizhong",Andrology,2026-06-20,"Diabetes mellitus-induced erectile dysfunction (DMED) is a common and debilitating vascular-neurogenic complication of diabetes. The poor responsiveness of DMED patients to phosphodiesterase type-5 inhibitors underscores the need for therapies capable of restoring both endothelial integrity and cavernous nerve function. The Slit2/Roundabout (Robo) pathway, a conserved regulator of axon guidance an",https://pubmed.ncbi.nlm.nih.gov/42312595/,PubMed
Therapeutic Strategies for Hyperuricemia: From Small-Molecule Inhibitors to RNA Therapeutics.,"Yu Xi, Zhang Mengjie, Huang Yuanyu",ACS pharmacology & translational science,2026-06-20,"Hyperuricemia is a common metabolic disorder caused by purine metabolism dysregulation or impaired uric acid excretion, and it is closely associated with gout, chronic kidney disease, and cardiovascular diseases. Conventional treatments mainly rely on small-molecule drugs, such as xanthine oxidase inhibitors (e.g., allopurinol and febuxostat) and uricosuric agents (e.g., URAT1 inhibitors). However",https://pubmed.ncbi.nlm.nih.gov/42312156/,PubMed
Redox-regulated in situ-forming hydrogel informed by single-cell transcriptomics for functional restoration of injured vocal folds.,"Xiong Ming, Zou Chen-Yu, Zhao Lei",Nature communications,2026-06-20,"Vocal fold (VF) injury, frequently caused by laryngeal microsurgery, leads to fibrosis and phonation impairment. Effective therapies remain limited, partly due to limited understanding of VF injury mechanisms. Using single-cell RNA sequencing of injured human VFs, we identified marked oxidative stress upregulation in epithelial cells, highlighting the need for epithelial protection and redox modul",https://pubmed.ncbi.nlm.nih.gov/42310014/,PubMed
Ultrasound-programmable tumor extracellular vesicles delivery system for dual immune-epigenetic therapy against colorectal cancer metastasis.,"Wen Congjian, Xiong Bing, Shu Yin",Journal of controlled release : official journal of the Controlled Release Society,2026-06-20,"Extracellular vesicles (EVs) are promising drug carriers for cancer therapy, but conventional engineering methods often suffer from limited efficacy and safety concerns. Here, we report a non-invasive strategy to generate tumor-derived EV using low-frequency focused ultrasound stimulation, termed US-EV. Brief ultrasound exposure markedly increased EV yield, enhanced tumor-homing capacity, and redu",https://pubmed.ncbi.nlm.nih.gov/42309466/,PubMed
Reinforcement-guided generative protein language models enable de novo design of highly diverse AAV capsids,"Lucas Ferraz, Ana F. Rodrigues, Pedro Giesteira Cotovio",arXiv,2026-06-20,"Adeno-associated viral (AAV) vectors are widely used delivery platforms in gene therapy, and the design of improved capsids is key to expanding their therapeutic potential. A central challenge in AAV bioengineering, as in protein design more broadly, is the vast sequence design space relative to the scale of feasible experimental screening. Machine-guided generative approaches provide a powerful m",http://arxiv.org/abs/2603.19473v1,arXiv
Predicting Early and Complete Drug Release from Long-Acting Injectables Using Explainable Machine Learning,"Karla N. Robles, Manar D. Samad",arXiv,2026-06-20,"Polymer-based long-acting injectables (LAIs) have transformed the treatment of chronic diseases by enabling controlled drug delivery, thus reducing dosing frequency and extending therapeutic duration. Achieving controlled drug release from LAIs requires extensive optimization of the complex underlying physicochemical properties. Machine learning (ML) can accelerate LAI development by modeling the ",http://arxiv.org/abs/2601.02265v1,arXiv
The thermodynamics of pressure activated assembly of supramolecules in isochoric and isobaric systems,Boris Rubinsky,arXiv,2026-06-20,"The efficacy of cryopreservation is constrained by the difficulty of achieving sufficiently high intracellular concentrations of cryoprotective solutes without inducing osmotic injury or chemical toxicity during loading. This thermodynamic study introduces a new conceptual mechanism for cryoprotectant delivery into cells directly or through vascular perfusion. In this framework, effective cryoprot",http://arxiv.org/abs/2601.00599v1,arXiv
Combination adjuvants: clinical value and mechanisms of action.,"Madelon Natacha, Didierlaurent Arnaud M",Current opinion in virology,2026-06-20,"Combination adjuvants enhance vaccine immunogenicity by integrating multiple immunostimulatory signals that shape both innate and adaptive immune responses. In this review, we summarize the clinical evidence supporting the added value of combination adjuvants, including aluminum-Toll-like receptor ligand formulations, oil-in-water emulsions containing immunostimulatory molecules, and saponin-based",https://pubmed.ncbi.nlm.nih.gov/42320106/,PubMed
Nonclinical Safety Profiles of mRNA Therapeutics Comprising Unmodified or N1-Methyl-Pseudouridine-Modified Nucleosides Are Similar Following Repeated Administration.,"Draycheva Albena, Millecam Joske, Caba Ebru",International journal of toxicology,2026-06-20,"mRNA, either with unmodified or modified nucleosides, has become an important modality in medicines and vaccines. Despite the inclusion of N1-methyl-pseudouridine (N1mѰ)-modified mRNA in approved coronavirus 2019 (COVID-19) vaccines and the various ongoing clinical studies with both N1mѰ-modified and unmodified mRNA therapeutics, there are limited nonclinical data directly comparing unmodified and",https://pubmed.ncbi.nlm.nih.gov/42319297/,PubMed
A bivalent mRNA-LNP vaccine confers broad-spectrum protection against both homologous and heterologous H5/H7 highly pathogenic avian influenza viruses in SPF chickens.,"Wei Dandan, Pan Yu, Zhang Xinkui",Veterinary research,2026-06-20,The continuous evolution and co-circulation of H5 and H7 subtype highly pathogenic avian influenza viruses (HPAIVs) have caused substantial economic losses to the global poultry industry and pose a persistent threat to public health. This study aimed to develop a bivalent nucleoside-modified messenger (mRNA) vaccine encoding the hemagglutinin (HA) antigens of circulating H5N1 and H7N9 strains and ,https://pubmed.ncbi.nlm.nih.gov/42316313/,PubMed
Development of a multi-epitope mRNA vaccine targeting tumor-associated antigens for esophageal squamous cell carcinoma.,"Zhang Henghui, Liang Hao, Dai Tingting",NPJ vaccines,2026-06-20,"Esophageal squamous cell carcinoma (ESCC) has limited treatment options post-immune checkpoint inhibitor (ICI) resistance. We developed IPM514, a universal multi-epitope mRNA lipid nanoparticle (LNP) vaccine targeting tumor-associated antigens identified via transcriptomic analysis of TCGA/GTEx datasets and validated in 132 ESCC patients. IPM514 contains 15 fragments from 9 antigens, covering most",https://pubmed.ncbi.nlm.nih.gov/42315874/,PubMed
Booster mRNA Vaccination Prevents Breakthrough Severe COVID-19 Infections.,"Dinç Harika Öykü, Uysal Hayriye Kirkoyun, Can Günay",Journal of medical virology,2026-06-20,"This study aimed to assess the humoral immune response following administration of a BNT162b2 mRNA COVID-19 booster dose and to evaluate its association with the development of SARS-CoV-2 infection after vaccination. Between July 2021 and February 2022, serum samples were collected from 313 individuals 28 days after receiving a COVID-19 booster dose. Quantitative SARS-CoV-2 IgG antibodies directed",https://pubmed.ncbi.nlm.nih.gov/42313401/,PubMed
"Respiratory syncytial virus infection in adults: Clinical manifestations, outcomes, and vaccines.","Hsu Ching-Hao, Hsuan Yi-Tien, Chan Yu-Jiun",Journal of the Chinese Medical Association : JCMA,2026-06-20,"Respiratory syncytial virus (RSV) is an RNA virus transmitted via droplets and affects individuals across all age groups. Although RSV is increasingly being recognized as a key pathogen in adults, differentiating RSV infection from other acute viral infections solely on the basis of clinical features is challenging. Polymerase chain reaction is the gold standard for RSV detection. Notably, RSV acc",https://pubmed.ncbi.nlm.nih.gov/42311194/,PubMed
Multiomics prediction and immunogenic validation of personalized neoantigens in cholangiocarcinoma patients.,"Zhang Baoluhe, Jin Bao, Wan Xueshuai",Journal of translational medicine,2026-06-20,"Cholangiocarcinoma (CCA) is an aggressive biliary tract cancer with limited treatment options, underscoring the need for breakthrough precision therapies. Neoantigen-based therapy is a promising novel strategy for cancer treatment. This study investigates the potential of neoantigen peptides in CCA, emphasizing their role in personalized immunotherapy and providing insights for vaccine design. Pai",https://pubmed.ncbi.nlm.nih.gov/42310758/,PubMed
"Molecular epidemiology of DS-1-like G1P[8] rotavirus strains in Vietnam, 2012-2016: Evolutionary dynamics of an unusual rotavirus reassortant.","Tam Pham Thi, Vu Manh Hung, Hoa-Tran Thi Nguyen",Archives of virology,2026-06-20,"The segmented genome of Rotavirus alphagastroenteritidis facilitates the emergence of unusual reassortants, increasingly documented in the post-vaccine era. However, their long-term evolutionary dynamics and population-level persistence remain poorly understood. We investigated G1P[8] strains detected through hospital-based surveillance in northern and central Vietnam from 2012 to 2016. Electrophe",https://pubmed.ncbi.nlm.nih.gov/42310243/,PubMed
Booster vaccine reduces BCG-primed mice's protection against primary Mycobacterium tuberculosis infection by raising IL-10 levels.,"Lei Qing, Lin Xiaosong, Yao Zongjie",Vaccine,2026-06-20,"Around 90% of global tuberculosis (TB) new cases occur in adolescents and adults. The BCG vaccine, which is widely administered to infants, is inadequate for adult protection, underscoring the necessity for developing an effective booster vaccine for adult TB prevention. However, the effectiveness of these booster vaccines, especially against primary Mycobacterium tuberculosis (M.tb) infection, re",https://pubmed.ncbi.nlm.nih.gov/42308982/,PubMed
Purification of Double-Stranded RNA Impurities From In Vitro-Transcribed mRNA Using Size-Exclusion Chromatography.,"Tynan Kyle J, Mouchahoir Trina, Lowenthal Mark S",Biomedical chromatography : BMC,2026-06-20,"dsRNA is a highly immunogenic byproduct generated during in vitro transcription of mRNA, leading to unwanted immunostimulatory responses and reduced vaccine efficacy. Removal of dsRNA impurities from mRNA is challenging, as they share similar physicochemical properties. Here, we present a lab-scale size-exclusion chromatography method that effectively separates dsRNA impurities from mRNA. This met",https://pubmed.ncbi.nlm.nih.gov/42306876/,PubMed
Lipid nanoparticle formulations including stereochemically defined glycomacromolecules for delivery of saRNA.,"Becker Jonas, Dias-Barbieri Beatriz, Shattock Robin J",Chemical science,2026-06-20,Targeted and efficient delivery of nucleic acid therapeutics (NATs) is one of the major challenges in the development of next generation vaccine formulations. Glycosylated lipid nanoparticles (LNPs) utilising mannose as an active targeting ligand have the potential to improve NAT based treatments owing to their ability to bind to carbohydrate-binding protein receptors associated with immune cells.,https://pubmed.ncbi.nlm.nih.gov/42306542/,PubMed
Multiscale modeling guided potency assessment of mRNA-lipid nanoparticles.,"Yang Yuling, Qiu Yuchen, Wang Keqi",Molecular therapy. Nucleic acids,2026-06-20,"mRNA lipid nanoparticle (mRNA-LNP) technology has emerged as a cornerstone in vaccine development due to its high delivery efficiency, molecular stability, and favorable safety profile. However, rapid and reliable potency assessment remains challenging because of limited mechanistic understanding of delivery processes and sparse experimental data. To address these gaps, we introduce a mechanism-in",https://pubmed.ncbi.nlm.nih.gov/42306083/,PubMed
CD4/CD8 ratio is associated with structural reorganization of vaccine-induced immune responses in people living with HIV.,"Paran Faith Jessica, Saita Mizue, Oyama Rieko",Frontiers in immunology,2026-06-20,"Despite effective antiretroviral therapy and sustained viral suppression, people living with HIV (PLWH) continue to exhibit persistent immune activation and low-grade inflammation. Although the CD4/CD8 ratio is routinely monitored as a marker of immune health, the mechanisms underlying residual immune dysregulation remain incompletely understood. Peripheral blood mononuclear cells from PLWH and HC",https://pubmed.ncbi.nlm.nih.gov/42305530/,PubMed
Broad-Spectrum Vaccines: Challenges and Opportunities (A Systematic Review).,"Pandey Swaroop Kumar, Singh Sakshi",Current molecular medicine,2026-06-20,"Though advances in technologies have created an arena for multiple vaccinology platforms, the world population is still facing health challenges from the deadliest pathogens with a high mutation rate and their tremendous ability of immune evasion. Presently, there is a constant exigence to shift the vaccine development efforts from traditional vaccines to broad-spectrum vaccines for the effective ",https://pubmed.ncbi.nlm.nih.gov/42304743/,PubMed
A dual-antigen mRNA-lipid polyplex vaccine elicits durable multistage immunity and sterile protection against malaria in mice.,"Wang Xiaoxing, Wang Aiai, Huang Wenqi",Acta pharmacologica Sinica,2026-06-20,"Malaria remains one of the most devastating infectious diseases worldwide, predominantly caused by Plasmodium falciparum. Although the RTS,S and R21 vaccines have demonstrated partial efficacy, durable and broad protection across multiple parasite life stages remains an unmet need. Here, we report the development of a lipid-polyplex (LPP)-formulated mRNA vaccine platform targeting both the pre-ery",https://pubmed.ncbi.nlm.nih.gov/42304102/,PubMed
Integrating Coarse-Grained Simulations and Deep Learning to Unveil Entropy-Driven dsRNA Unwinding by DDX3X,"Kang Wang, Chun-Lai Ren, Yu-Qiang Ma",arXiv,2026-06-20,"DEAD-box RNA helicases (DDXs) are essential RNA metabolism regulators that typically unwind dsRNA in an ATP-dependent manner. However, recent studies show some DDXs can also unwind dsRNA without ATP, a phenomenon that remains poorly understood. Here, we developed HelixTriad coarse-grained RNA model, incorporating Watson-Crick base pairing, base stacking, and electrostatics within a three-bead-per-",http://arxiv.org/abs/2512.08367v1,arXiv
"MoRSAIK: Sequence Motif Reactor Simulation, Analysis and Inference Kit in Python","Johannes Harth-Kitzerow, Ulrich Gerland, Torsten A. Enßlin",arXiv,2026-06-20,"Origins of life research investigates how life could emerge from prebiotic chemistry only. One possible explanation provides the RNA world hypothesis. It states that life could emerge from RNA strands only, storing and transferring biological information, as well as catalyzing reactions as ribozymes. Before this state could have emerged, however, the prebiotic world was probably a purely chemical ",http://arxiv.org/abs/2512.02204v1,arXiv
Cigarette Smoke Promotes Lung Cancer Progression by Mediating EMT Through the IL-9-Regulated STAT3/miR-155-5p/SOCS1 Feedback Loop.,"Li Zhan, Luo Yajun, Liu Xin",Journal of applied toxicology : JAT,2026-06-20,"Lung cancer is among the most common malignancies globally, exhibiting the greatest rates of incidence and death compared to all other cancers. Cigarette smoking is a significant causal factor in lung cancer; yet the molecular mechanisms via which smoking facilitates lung cancer development remain mainly ambiguous. In this study, we used different concentrations of cigarette smoke extract (CSE) to",https://pubmed.ncbi.nlm.nih.gov/42322015/,PubMed
FBXW7 induces apoptosis of nucleus pulposus cells to mediate intervertebral disc degeneration by regulating JNK expression.,"Gao Yi, Zhu Yuning, Gong Yuting",Journal of orthopaedic surgery and research,2026-06-20,"To investigate the association between FBXW7 and JNK expression and their roles in regulating nucleus pulposus cell (NPCs) apoptosis in intervertebral disc degeneration (IDD). Firstly, the differentially expressed genes between normal and IDD groups were screened by bioinformatics technology. Subsequently, clinical samples were collected to verify differential gene expression by qPCR and Western b",https://pubmed.ncbi.nlm.nih.gov/42321827/,PubMed
Cross-species hybrid vesicles enable synergistic immunochemotherapy through enhanced targeted drug delivery and immune activation.,"Fang Zhou, Wei Saichao, Wang Shaoqian",Journal of nanobiotechnology,2026-06-20,"To overcome the critical challenges of insufficient drug targeting and restricted dendritic cell (DC) activation in chemo-immunotherapy, this study developed an innovative cross-species hybrid vesicle delivery system. By fusing extracellular vesicles derived from 4T1 tumor cells (TEV) with kiwifruit-derived extracellular vesicles (KEV), we constructed a homologous targeting hybrid vesicle carrier ",https://pubmed.ncbi.nlm.nih.gov/42321789/,PubMed
The splicing factor hnRNPA1 promotes osimertinib resistance in lung adenocarcinoma by regulating NEDD4L alternative splicing.,"Liang Yanfeng, Guo Yudong, Huang Xiaobi",Oncogene,2026-06-20,"Resistance to osimertinib in lung adenocarcinoma presents a significant hurdle in contemporary lung cancer therapy, with splicing dysregulation being instrumental in tumorigenesis and progression. The mechanism via which alternate splicing facilitates osimertinib resistance in lung cancer is still ambiguous. We aimed to examine the pivotal function of the splicing factor hnRNPA1 in osimertinib res",https://pubmed.ncbi.nlm.nih.gov/42321531/,PubMed
"siRNA-mediated silencing of placenta-specific protein 1 (PLAC1) alters CD4+, CD8+, and regulatory T cells in a murine colon cancer model.","Esparvarinha Mojgan, Nickho Hamid, Najafi Alireza",Scientific reports,2026-06-20,"PLAC1 has been found to be upregulated in colorectal cancer (CRC). However, its precise role and the molecular mechanisms driving CRC progression remain unclear. This study aimed to elucidate the role of PLAC1 in CRC progression and to evaluate its immunomodulatory effects using an in vivo syngeneic mouse model. Small interfering RNA (siRNA) was employed to silence PLAC1 expression in the CT26 mur",https://pubmed.ncbi.nlm.nih.gov/42321253/,PubMed
The TLR9/NF-κB and cGAS/STING pathways mediate​ the assembly of the NLRP3 inflammasome induced by Singapore Grouper Iridovirus DNA.,"Cao Lifang, Yang Lu, Huang Runjian",Fish & shellfish immunology,2026-06-20,"Groupers are economically significant fish in southern China and Southeast Asia, where viral diseases severely hinder the sustainable development of aquaculture. Singapore grouper iridovirus (SGIV) is a highly pathogenic virus in groupers that can cause mass mortality upon infection. NOD-like receptor thermal protein domain associated protein 3 (NLRP3), a crucial component of innate immunity, play",https://pubmed.ncbi.nlm.nih.gov/42320806/,PubMed
miR-10a-5p Attenuates Spinal Cord Ischemia/Reperfusion Injury by Targeting Transforming Growth Factor Beta-Activated Kinase 1 to Suppress Acyl-CoA Synthetase Long-Chain Family Member 4-Mediated Ferroptosis in Male Rats.,"Zhang Dong, Feng Songxin, Tan Zhibin",Journal of stroke and cerebrovascular diseases : the official journal of National Stroke Association,2026-06-20,"Spinal cord ischemia/reperfusion (I/R) injury is a severe complication following thoracoabdominal aortic surgeries, often leading to paraplegia. Ferroptosis, an iron-dependent form of regulated cell death, contributes significantly to this pathology. This study investigates the hypothesis that miR-10a-5p attenuates spinal cord I/R injury by targeting TAK1, thereby suppressing ACSL4-mediated ferrop",https://pubmed.ncbi.nlm.nih.gov/42320701/,PubMed
No impact of low-dose nivolumab addition to JNJ-73763989 on HBsAg declines in chronic hepatitis B: the OCTOPUS-1 study.,"Asselah Tarik, Fung Scott K, Akhan Sila",Clinical gastroenterology and hepatology : the official clinical practice journal of the American Gastroenterological Association,2026-06-20,"JNJ-73763989 (JNJ-3989)-based treatments (evaluations ongoing) reduce HBsAg in chronic hepatitis B (CHB) patients, but HBsAg seroclearance is rare. OCTOPUS-1, an open-label, randomized phase 2 study, assessed the efficacy and safety of adding low-dose nivolumab (PD-1 inhibitor) to JNJ-3989+nucleos(t)ide analog (NA). HBeAg-negative, virologically suppressed CHB participants received JNJ-3989 loadin",https://pubmed.ncbi.nlm.nih.gov/42320551/,PubMed
Fibroblast Growth Factor 9 Promotes Rat Leydig Cell Development via H3K4me3 Histone Modifications.,"Quan Hehua, He Jiayi, Wang Feilu","Reproduction (Cambridge, England)",2026-06-20,"Fibroblast Growth Factor 9 (FGF9), as one of the fibroblast growth factor family, is vital for testis formation. Additionally, histone modifications, especially H3K4me3, have been reported to be important in steroidogenesis. However, the regulation of SLC differentiation by FGF9 and the role of histone modifications in this process remain unclear. Adult male Sprague-Dawley rats were treated with e",https://pubmed.ncbi.nlm.nih.gov/42320039/,PubMed
Cephaeline promotes ferroptosis in breast cancer via p53/SLC7A11/GPX4 axis.,"Li Xiaohong, Yu Jinghan, Lin Beibei","Daru : journal of Faculty of Pharmacy, Tehran University of Medical Sciences",2026-06-20,"Cephaeline (CPL), a bioactive compound derived from the medicinal plant Ipecacuanha, has demonstrated inhibitory effects on several tumor types. Nevertheless, its role in breast cancer and the underlying molecular mechanisms remain largely unexplored. This research aimed to investigate the anti-cancer potential of CPL in breast cancer cells. The IC50 of CPL was determined using the CCK-8 assay. Su",https://pubmed.ncbi.nlm.nih.gov/42319734/,PubMed
CCL3 promotes oxaliplatin resistance in gastric cancer via CCR5-mediated tumor cell survival and macrophage M2 polarization.,"Cheng Xun, Qin Zhe",Molecular and cellular biochemistry,2026-06-20,"Although oxaliplatin (Oxa)-based chemotherapy is a standard treatment for gastric cancer (GC), its clinical efficacy is frequently limited by the development of Oxa resistance. Chemokine CCL3 is linked to tumor growth, which can result in tumor-immune interactions and treatment resistance. This work examined the function of CCL3 in Oxa resistance in macrophages, patient-derived organoids (PDO), an",https://pubmed.ncbi.nlm.nih.gov/42319715/,PubMed
Dapagliflozin confers protection against ferroptosis in cardiomyocyte via the inhibition of interferon-gamma pathway.,"Menaldi Rizki Radhitya, Madhyastha Harishkumar, Madhyastha Radha",Molecular biology reports,2026-06-20,"Ferroptosis is reported to have a role in cardiovascular disease (CVD) progression. Recent emerging evidences demonstrate the role of Sodium-Glucose Co-Transporter 2 (SGLT-2) inhibitors in CVD owing to its promising cardioprotective benefits. However, the detailed molecular mechanism underlying its cardioprotective effects remain incompletely understood. We aimed to investigate the potential ferro",https://pubmed.ncbi.nlm.nih.gov/42319542/,PubMed
Toward Predicting Pandemic Potential: A Comparative Analysis of Virus-Host Interactions Between Diverse Influenza A Viruses and the Human Innate Immune System.,"Gerodez Antoine, Dos Santos Melanie, Attia Mikaël",Proteomics,2026-06-20,"Zoonotic infections caused by influenza A viruses (IAVs) of animal origin are a major public health concern, as they may represent the initial step toward the emergence of a pandemic strain. The host range of IAVs is shaped by species-specific virus-host interactions, and several host barriers have been identified that restrict the adaptation of avian viruses to humans. We used a comparative inter",https://pubmed.ncbi.nlm.nih.gov/42319249/,PubMed
Schisandrin B exhibits anti‑proliferative effects by inducing ferroptosis in pancreatic cancer.,"Li Fengjin, Fu Jiacai, Lin Xiaowei",Oncology reports,2026-06-20,"Pancreatic cancer (PC) is a lethal malignant tumor of the digestive system with a low survival rate. Current therapies provide only modest benefits for patients and new therapeutic options are urgently needed. Schisandrin B (Sch B) has demonstrated novel antitumor activity in several preclinical models; however, its effects on PC remain unclear. In the present study, the anti‑proliferative effects",https://pubmed.ncbi.nlm.nih.gov/42318966/,PubMed
Moderate downregulation of NDUFA13 promotes cardiomyocytes proliferation and heart regeneration through the glycolysis/c‑Myc/,"Gao Ying, Qian Ningjing, Jin Junyan",International journal of molecular medicine,2026-06-20,"The poor prognosis of heart diseases is largely attributable to the limited proliferative capacity of cardiomyocytes. Cardiomyocyte proliferation and heart regeneration has garnered increasing attention, with a focus on the identification of novel therapeutic targets. In the present study, NADH dehydrogenase ubiquinone I α subcomplex 13 (NDUFA13), a subunit protein of mitochondria complex I, was f",https://pubmed.ncbi.nlm.nih.gov/42318953/,PubMed
Knockdown of Slc11a1 alleviates myocardial ischemia reperfusion-induced injury in mice.,"Dong Yilin, Yang Haoming, Yang Fan",Histology and histopathology,2026-06-20,"Myocardial ischemia-reperfusion (MIR) injury remains the leading cause of adverse outcomes after myocardial infarction, and its prevention remains a major therapeutic challenge. The GSE160516 and GSE61592 datasets from the Gene Expression Omnibus database were analyzed to screen MIR-related differentially expressed genes. To simulate clinical MIR injury, male C57BL/6 mice were subjected to ligatio",https://pubmed.ncbi.nlm.nih.gov/42318750/,PubMed
A Multifunctional Nucleic Acid Nanomedicine Coregulates Angiogenesis and Fibrosis to Treat Oral Submucous Fibrosis.,"Fu Xiao, Zhang Mei, Xiong Jiahui","Small (Weinheim an der Bergstrasse, Germany)",2026-06-20,"Oral submucous fibrosis (OSF) is a chronic progressive oral fibrotic disorder characterized by dysregulated immune inflammation, fibroblast activation, and vascular homeostasis disruption, yet synchronously regulating these axes remains challenging. We developed a multifunctional nucleic acid nanomedicine, Apt02-tFNAs-siTGF-β (A-T-S), in which tetrahedral framework nucleic acids co-deliver siRNA a",https://pubmed.ncbi.nlm.nih.gov/42318667/,PubMed
Ligand-dependent reprogramming of HNF4A expression and function suppresses multistep hepatocarcinogenesis.,"Okada Hikari, Nio Kouki, Ohno Naoki",Molecular therapy. Oncology,2026-06-20,"Activation of tumor suppressors represents an attractive strategy for cancer treatment. Hepatocyte nuclear factor 4 alpha (HNF4A) functions as a tumor suppressor in the liver by inhibiting hepatocyte proliferation; however, no effective agonists have been identified. Here, we aimed to identify novel ligands for HNF4A and evaluate their role in hepatocarcinogenesis. We identified polyprenoic acid (",https://pubmed.ncbi.nlm.nih.gov/42318058/,PubMed
DeepSilencer: A Novel Deep Learning Model for Predicting siRNA Knockdown Efficiency,"Wangdan Liao, Weidong Wang",arXiv,2026-06-20,"Background: Small interfering RNA (siRNA) is a promising therapeutic agent due to its ability to silence disease-related genes via RNA interference. While traditional machine learning and early deep learning methods have made progress in predicting siRNA efficacy, there remains significant room for improvement. Advanced deep learning techniques can enhance prediction accuracy, reducing the relianc",http://arxiv.org/abs/2503.04200v1,arXiv
Maturation of siRNA by strand separation: Steered Molecular dynamics study,"Rakesh K Mishra, Sanchita Mukherjee, Dhananjay Bhattacharyya",arXiv,2026-06-20,"RNA interference, particularly siRNA induced gene silencing is becoming an important avenue of modern therapeutics. The siRNA is delivered to the cells as short double helical RNA which becomes single stranded for forming the RISC complex. Significant experimental evidence is available for most of the steps except the process of the separation of the two strands. We have attempted to understand th",http://arxiv.org/abs/1910.03778v1,arXiv
Using a hydrogen-bond index to predict the gene-silencing efficiency of siRNA based on the local structure of mRNA,"Kathy Q. Luo, Donald C. Chang",arXiv,2026-06-20,The gene silencing effect of short interfering RNA (siRNA) is known to vary strongly with the targeted position of the mRNA. A number of hypotheses have been suggested to explain this phenomenon. We would like to test if this positional effect is mainly due to the secondary structure of the mRNA at the target site. We proposed that this structural factor can be characterized by a single parameter ,http://arxiv.org/abs/1710.07413v1,arXiv
Unraveling siRNA Unzipping Kinetics with Graphene,"Santosh Mogurampelly, Swati Panigrahi, Dhananjay Bhattacharyya",arXiv,2026-06-20,"Using all atom molecular dynamics simulations, we report spontaneous unzipping and strong binding of small interfering RNA (siRNA) on graphene. Our dispersion corrected density functional theory based calculations suggest that nucleosides of RNA have stronger attractive interactions with graphene as compared to DNA residues. These stronger interactions force the double stranded siRNA to spontaneou",http://arxiv.org/abs/1207.4569v1,arXiv
Unzipping and binding of small interfering RNA with single walled Carbon Nanotube: a platform for small interfering RNA delivery,"Mogurampelly Santosh, Swati Panigrahi, Dhananjay Bhattacharyya",arXiv,2026-06-20,"In an effort to design efficient platform for siRNA delivery, we combine all atom classical and quantum simulations to study the binding of small interfering RNA (siRNA) by pristine single wall carbon nanotube (SWCNT). Our results show that siRNA strongly binds to SWCNT surface via unzipping its base-pairs and the propensity of unzipping increases with the increase in the diameter of the SWCNTs. T",http://arxiv.org/abs/1203.2409v1,arXiv
Nanodiamond as a vector for siRNA delivery to Ewing sarcoma cells,"Anna Alhaddad, Marie-Pierre Adam, Jacques Botsoa",arXiv,2026-06-20,"We investigated the ability of diamond nanoparticles (nanodiamonds, NDs) to deliver small interfering RNA (siRNA) in Ewing sarcoma cells, in the perspective of in vivo anti-cancer nucleic acid drug delivery. siRNA was adsorbed onto NDs previously coated with cationic polymer. Cell uptake of NDs has been demonstrated by taking advantage of NDs intrinsic fluorescence coming from embedded color cente",http://arxiv.org/abs/1106.2252v2,arXiv
Target prediction and a statistical sampling algorithm for RNA-RNA interaction,"F. W. D. Huang, J. Qin, C. M. Reidys",arXiv,2026-06-20,"It has been proven that the accessibility of the target sites has a critical influence for miRNA and siRNA. In this paper, we present a program, rip2.0, not only the energetically most favorable targets site based on the hybrid-probability, but also a statistical sampling structure to illustrate the statistical characterization and representation of the Boltzmann ensemble of RNA-RNA interaction st",http://arxiv.org/abs/0908.0597v1,arXiv
In silico evidence of the relationship between miRNAs and siRNAs,"Ludovica Montanucci, Piero Fariselli, Pier Luigi Martelli",arXiv,2026-06-20,"Both short interfering RNAs (siRNAs) and microRNAs (miRNAs) mediate the repression of specific sequences of mRNA through the RNA interference pathway. In the last years several experiments have supported the hypothesis that siRNAs and miRNAs may be functionally interchangeable, at least in cultured cells. In this work we verify that this hypothesis is also supported by a computational evidence. We",http://arxiv.org/abs/0705.2355v1,arXiv
