title,authors,journal,date,abstract,link,source
PBMC‑secreted Sgp130FcH Inhibits Colorectal Cancer Cells and Cholangiocarcinoma: Proof‑of‑Concept Evidence.,"Bui Khac Cuong, Thi Nham Phuong Linh, Tran Phuong Linh",Current cancer drug targets,2026-09-04,"Introduction/ Objective: IL-6 is associated with carcinogenesis, tumor burden, and poor prognosis in multiple malignancies, including Colorectal Cancer (CRC) and Cholangiocarcinoma (CCA). This study aimed to establish and evaluate the in vitro anti-cancer effect of Peripheral Blood Mononuclear Cell (PBMC)-derived soluble gp130Fc (PBMC Sgp130FcH) on CRC and CCA. Freshly isolated PBMCs and HCT116 ce",https://pubmed.ncbi.nlm.nih.gov/42693873/,PubMed
"The relationship of peripheral circadian gene mRNAs, antisense lncRNAs, and serum protein levels with chronotype, biological, and social rhythm in euthymic patients with bipolar disorder.","Gümüşlü Ağcabay Aslıhan, Demir Bahadır, Korkmaz Murat",Chronobiology international,2026-09-04,"Circadian and sleep-wake dysregulation have been implicated in episode recurrence and clinical heterogeneity in bipolar disorder (BD), supporting peripheral circadian markers as candidates for further investigation. This study examined the peripheral expression of selected circadian rhythm-related gene mRNAs and antisense long non-coding RNAs (lncRNAs), alongside corresponding serum protein levels",https://pubmed.ncbi.nlm.nih.gov/42693835/,PubMed
Activation of mTOR pathway by human cytomegalovirus promoting host ribosomal protein expression by coordinated transcriptional and translational controls.,"Li Yang, Zhao Zhongwei, Meng Xiangjing",Virulence,2026-09-04,"Human cytomegalovirus (HCMV) profoundly reprograms host transcription and RNA metabolism, yet its impact on transcription start site (TSS) regulation of host genes remains poorly understood. Here, we employed NanoCap Analysis of Gene Expression sequencing (NanoCAGE-seq) to investigate HCMV-driven changes in alternative TSS usage across the host transcriptome. We identified widespread TSS switching",https://pubmed.ncbi.nlm.nih.gov/42693656/,PubMed
Integrating Patient-Centric Clinical Pharmacology and MID3 to Advance Biologic Development in Immune-Mediated Inflammatory Diseases.,"Ait-Oudhia Sihem, Zhang Li, Pisal Dipak S",Clinical pharmacology and therapeutics,2026-09-04,"Advances in biologics and model-informed drug discovery and development (MID3) are transforming the treatment of immune-mediated inflammatory diseases (IMIDs). By integrating pharmacokinetics and pharmacodynamics, MID3 enables mechanism-based, patient-centered strategies to optimize therapies, strengthen benefit-risk assessment, and advance precision medicine. Innovations such as cytokine inhibito",https://pubmed.ncbi.nlm.nih.gov/42693599/,PubMed
PM10 Exposure Impairs Differentiation and Induces Inflammation in Human Small Airway Epithelial Cells Cultured at the Air-Liquid Interface.,"Heo Mi Hyeon, Son Eun Suk, Park So Young",Tuberculosis and respiratory diseases,2026-09-04,"Particulate matter with an aerodynamic diameter ≤10 μm (PM10) is a major environmental pollutant implicated in chronic airway injury and remodeling. This study investigated the effects of chronic PM10 exposure on epithelial barrier integrity, cellular differentiation, surfactant expression, and inflammatory signaling in a human small airway epithelial air-liquid interface (ALI) model. Differentiat",https://pubmed.ncbi.nlm.nih.gov/42693576/,PubMed
"Salivary Extracellular Vesicles from Host, Bacteria and Fungus as Nanomessengers Reflecting Host-Microbiome Interaction in Periodontal Inflammation.","Liu Chun, Wang Jenny, Liaw Andrew",ACS applied materials & interfaces,2026-09-04,"Extracellular vesicles (EVs) secreted by the host and polymicrobial oral community are natural endogenous biological nanoparticles that mediate host-microbe interactions. Given their abundance in biofluids, host, fungal and bacterial EVs circulating in saliva may reflect periodontitis-associated microbial dysbiosis and inflammation. In this study, salivary EVs from 20 healthy controls and 57 stage",https://pubmed.ncbi.nlm.nih.gov/42693537/,PubMed
CAFs shape the immunosuppressive microenvironment of pancreatic cancer through the Lin28b-STING Axis.,"Fan Minghe, Zhang Ziyang, Xu Wei",Nature communications,2026-09-04,"Cancer-associated fibroblasts comprise diverse functionally distinct cellular subsets, with certain subpopulations exerting pivotal influence in shaping the pancreatic cancer immune microenvironment. Here we show that Lin28b",https://pubmed.ncbi.nlm.nih.gov/42693143/,PubMed
Longer-lived mammals exhibit greater evolutionary conservatism and epigenetic modification at cancer-associated loci.,"Zhang Xiaoxiao, Li Meng, Tong Xin",Nature communications,2026-09-04,"Peto's paradox underscores the puzzling disconnect between organismal lifespan, body size, and cancer incidence. Here, we investigate this relationship by examining the evolutionary rates of human cancer-associated sites across 58 mammalian species. While overall evolutionary rates at cancer-associated loci do not differ significantly between long-lived and short-lived species, cancer-associated s",https://pubmed.ncbi.nlm.nih.gov/42693106/,PubMed
Ribosomal architecture and rRNA modification landscape in the tick-borne parasite Babesia divergens.,"Gutierrez-Vargas Cristina, Izhaki-Tavor Lee S, Calvopina-Chavez Diana G",Nature communications,2026-09-04,"Babesia are tick-borne intracellular apicomplexan parasites that infect a wide range of wild and domestic animals (e.g., cattle), resulting in significant economic losses to the livestock industry. Humans are considered accidental hosts for a few Babesia species. Babesia microti and B. divergens are the most prevalent causes of human babesiosis that are showing a broadening geographic distribution",https://pubmed.ncbi.nlm.nih.gov/42693083/,PubMed
Characterisation of the Novel HLA-DRB3*02:240 Allele by Sequencing-Based Typing.,"Dalhoumi Intissar, Andreani Marco, Cargou Marine",HLA,2026-09-04,HLA-DRB3*02:240 differs from HLA-DRB3*02:20 by one nucleotide substitution in codon 74 in exon 2.,https://pubmed.ncbi.nlm.nih.gov/42693072/,PubMed
Characterisation of the Novel HLA-A*02:1205 and HLA-A*02:07:27 Alleles by Next-Generation Sequencing.,"Li Ying, Wang Fang, Pi Wenwen",HLA,2026-09-04,"Compared with HLA-A*02:07:01:01, the alleles HLA-A*02:1205 and HLA-A*02:07:27 each show one nucleotide substitution, respectively.",https://pubmed.ncbi.nlm.nih.gov/42693071/,PubMed
[Study on mechanism of Wendan Decoction in intervening in nonalcoholic fatty liver disease based on proteomics and network pharmacology].,"Xiong Shu-Hua, Yan Jian-Min, Jiang Ruo-Nan",Zhongguo Zhong yao za zhi = Zhongguo zhongyao zazhi = China journal of Chinese materia medica,2026-09-04,"This study systematically explored the molecular mechanism of Wendan Decoction(WDD) in treating nonalcoholic fatty liver disease(NAFLD) by integrating network pharmacology, proteomics, and experimental validation. A mouse NAFLD model was established using a high-fat diet, and the mice were randomly divided into a blank control group, a model group, a positive drug group(simvastatin, 3.03 mg·kg~(-1",https://pubmed.ncbi.nlm.nih.gov/42693063/,PubMed
[Therapeutic mechanism of Astragalus polysaccharides in bladder dysfunction in DBA mice based on regulatory role of myosin Va in neurotransmission].,"Li Hong-Liang, Zhou Na, Liu Jia-Ye",Zhongguo Zhong yao za zhi = Zhongguo zhongyao zazhi = China journal of Chinese materia medica,2026-09-04,"This study aimed to investigate the therapeutic mechanism of Astragalus polysaccharides(APS) in improving bladder function in DBA mice by focusing on the repair of neurotransmission processes via the myosin Va pathway, specifically addressing its role in transport and docking of neurotransmitter vesicles. DBA mice were used to assess bladder dysfunction based on metabolic cage monitoring and urody",https://pubmed.ncbi.nlm.nih.gov/42693060/,PubMed
[Effect and mechanism of Modified Qinghao Biejia Decoction medicated serum in inducing ferroptosis in acute myeloid leukemia cells based on TFR1/ACSL4/LPCAT3 signaling axis].,"Zhou Yan-Qun, Zhao Shi-Bo, Tian Shuang",Zhongguo Zhong yao za zhi = Zhongguo zhongyao zazhi = China journal of Chinese materia medica,2026-09-04,"To investigate the effect and underlying mechanism of Modified Qinghao Biejia Decoction(MQHBJD) medicated serum in inducing ferroptosis in acute myeloid leukemia(AML) cells, New Zealand rabbits were administered by intragastric gavage to prepare MQHBJD-containing serum and blank serum. After determining the experimental concentrations and incubation time of MQHBJD and the ferroptosis inhibitor Fer",https://pubmed.ncbi.nlm.nih.gov/42693058/,PubMed
"[Therapeutic effect comparison and mechanisms of Hedysari Radix, Astragali Radix, and Hedysari Radix polysaccharides in improving non-alcoholic fatty liver via regulating mitophagy].","Jia Zi-Qi, Xu Qiang, Han Yu-Chun",Zhongguo Zhong yao za zhi = Zhongguo zhongyao zazhi = China journal of Chinese materia medica,2026-09-04,"This study aims to compare the therapeutic effects of Hedysari Radix, Astragali Radix, and Hedysari Radix polysaccharide(HPS) in non-alcoholic fatty liver disease(NAFLD) and to investigate the mechanisms of action by which these TCMs improve NAFLD through the regulation of mitophagy. NAFLD mouse models were established by feeding C57BL/6J mice a high-fat diet for 12 weeks. The mice were then rando",https://pubmed.ncbi.nlm.nih.gov/42693057/,PubMed
[Effects and activity of paeoniflorin in zebrafish model of epilepsy induced by pentylenetetrazol].,"Liu Xin-Yue, Zheng Kang-di, Liu Jia-Yu",Zhongguo Zhong yao za zhi = Zhongguo zhongyao zazhi = China journal of Chinese materia medica,2026-09-04,"This study aimed to investigate the neuroprotective effects of paeoniflorin in a pentylenetetrazol(PTZ)-induced zebrafish model of epilepsy. Zebrafish at four days post-fertilization with normal development were randomly divided into a control group, a model group, a positive control group(sodium valproate), and paeoniflorin treatment groups(200, 400, and 800 μmol·L~(-1)). Behavioral analysis was ",https://pubmed.ncbi.nlm.nih.gov/42693056/,PubMed
[Effect and mechanism of Guiqi Yiyuan Ointment combined with cisplatin against lung cancer by regulating Th1/Th2 immune imbalance via cGAS-STING pathway].,"Xue Mei-Hao, Wang Jun-Hao, Guo Qiong-Qiong",Zhongguo Zhong yao za zhi = Zhongguo zhongyao zazhi = China journal of Chinese materia medica,2026-09-04,"This paper aims to investigate the tumor-inhibitory effect and underlying mechanism of Guiqi Yiyuan Ointment combined with cisplatin on Lewis lung cancer tumor-bearing mice based on the cyclic GMP-AMP synthase-stimulator of interferon genes(cGAS-STING) signaling pathway. A Lewis lung cancer tumor-bearing mouse model was established, and the successfully modeled mice were randomly divided into a mo",https://pubmed.ncbi.nlm.nih.gov/42693028/,PubMed
[Tenghuang Jiangu Capsules promote Treg cell differentiation in rat model of postmenopausal osteoporosis via modulation of SIRT1-mediated JAK3/STAT5 pathway].,"An Fang-Yu, Wan Qiao, Wang Shi-Ming-Hui",Zhongguo Zhong yao za zhi = Zhongguo zhongyao zazhi = China journal of Chinese materia medica,2026-09-04,"This study aims to explore the effect and molecular mechanism of Tenghuang Jiangu Capsules(TJC) on postmenopausal osteoporosis(PMOP) by regulating Treg cell differentiation. A rat model of PMOP was established by removing bilateral ovaries for eight weeks. The successfully modelled rats were randomized into model, positive control(estradiol valerate, 0.09 mg·kg~(-1)), high-dose(0.36 g·kg~(-1)) TJC",https://pubmed.ncbi.nlm.nih.gov/42693023/,PubMed
[Effects of Compound Dihuang Granules on PERK/ATF4/CHOP pathway in substantia nigra of rat model of Parkinson's disease with syndrome of Yin deficiency and stirring wind].,"Ma Xin, Liang Jian-Qing, Wan Ying-Qin",Zhongguo Zhong yao za zhi = Zhongguo zhongyao zazhi = China journal of Chinese materia medica,2026-09-04,"This study aims to investigate the therapeutic mechanism of Compound Dihuang Granules in a rat model of Parkinson's disease(PD) with the syndrome of Yin deficiency and stirring wind, by examining their effects on the expression of activating transcription factor 4(ATF4), CCAAT/enhancer-binding protein homologous protein(CHOP), eukaryotic initiation factor 2 alpha(eIF2α), and protein kinase RNA-lik",https://pubmed.ncbi.nlm.nih.gov/42693021/,PubMed
[Epimedii Folium-Ligustri Lucidi Fructus protects airway epithelial barrier from recurrent injury by inhibiting PI3K].,"Xie Yong-Hao, Long Yu-Ting, Li Yu-Man",Zhongguo Zhong yao za zhi = Zhongguo zhongyao zazhi = China journal of Chinese materia medica,2026-09-04,"The present study aimed to investigate whether the herb pair Epimedii Folium-Ligustri Lucidi Fructus(YN) protects airway epithelial cells(AECs) from recurrent injury by inhibiting the phosphatidylinositol 3-kinase(PI3K). The experiment was carried out with the following groups: control, model, PI3K inhibitor, YN, PI3K agonist, and PI3K agonist+YN. Except the control group, the other groups were su",https://pubmed.ncbi.nlm.nih.gov/42693020/,PubMed
Optimizing RNA yield using deep neural networks coupled to massively parallel screening,"Dinghai Zheng, Justin Hong, Jun Wang",arXiv,2026-09-04,"Messenger RNA (mRNA)-based therapeutics have emerged as a powerful platform for vaccines, protein replacement therapies, and cancer immunotherapy. A critical bottleneck in mRNA development is manufacturing large quantities of RNA economically, as measured by RNA yield emerging from an in vitro transcription (IVT) reaction. However, how promoter-adjacent DNA sequences influence RNA yield remains po",http://arxiv.org/abs/2608.23722v1,arXiv
Energy-efficient codon optimization on thermodynamic hardware,"Andraz Jelincic, Ross C. Walker",arXiv,2026-09-04,"The growing energy demand for computation is becoming increasingly unsustainable. Thermodynamic computing, which harnesses physical thermal fluctuations as a computational resource rather than suppressing them, offers orders-of-magnitude energy savings for probabilistic and combinatorial tasks. Pharmaceutical R&D, heavily reliant on computational optimization and sampling, is a natural application",http://arxiv.org/abs/2606.17327v1,arXiv
mRNAutilus: Multi-Objective-Guided Discrete Generation of mRNA with Optimized Therapeutic Properties,"Sawan Patel, Sophia Tang, Yesol Kim",arXiv,2026-09-04,"Therapeutic mRNA design requires coordinating multiple interacting sequence features across the full transcript, where codon usage, untranslated regions (UTRs), and their coupling jointly determine stability, translation efficiency, and protein expression. Here, we present mRNA generation via unrolled trajectories and informed latent updates (mRNAutilus), a framework for simultaneous codon optimiz",http://arxiv.org/abs/2605.31296v1,arXiv
Sampling-based Continuous Optimization for Messenger RNA Design,"Feipeng Yue, Ning Dai, Wei Yu Tang",arXiv,2026-09-04,"Designing messenger RNA (mRNA) sequences for a fixed target protein requires searching an exponentially large synonymous space while optimizing properties that affect stability and downstream performance. This is challenging because practical mRNA design involves multiple coupled objectives beyond classical folding criteria, and different applications prefer different trade-offs. We propose a gene",http://arxiv.org/abs/2603.06559v1,arXiv
Drug-like antibodies with low immunogenicity in human panels designed with Latent-X2," Latent Labs Team, Henry Kenlay, Daniella Pretorius",arXiv,2026-09-04,"Drug discovery has long sought computational systems capable of designing drug-like molecules directly: developable and non-immunogenic from the start. Here we introduce Latent-X2, a frontier generative model that achieves this goal through zero-shot design of antibodies with strong binding affinities, drug-like properties, and, for the first time for any de novo generated antibody, confirmed low ",http://arxiv.org/abs/2512.20263v1,arXiv
"RNAGenScape: Property-Guided, Optimized Generation of mRNA Sequences with Manifold Langevin Dynamics","Danqi Liao, Chen Liu, Xingzhi Sun",arXiv,2026-09-04,"Generating property-optimized mRNA sequences is central to applications such as vaccine design and protein replacement therapy, but remains challenging due to limited data, complex sequence-function relationships, and the narrow space of biologically viable sequences. Generative methods that drift away from the data manifold can yield sequences that fail to fold, translate poorly, or are otherwise",http://arxiv.org/abs/2510.24736v3,arXiv
The proportional scaling of mRNA and ribosome concentrations controls eukaryotic cell growth,"Xin Gao, Michael Lanz, Rosslyn Grosely",arXiv,2026-09-04,"Cell growth underlies nearly all eukaryotic physiology, yet its quantitative principles remain unclear. Using single-molecule ribosome tracking, spike-in RNA sequencing, and quantitative proteomics across 15 nutrient-limited conditions in budding yeast, we define how growth is controlled in the budding yeast Saccharomyces cerevisiae. Ribosome concentration scales linearly with growth rate, while p",http://arxiv.org/abs/2508.14997v2,arXiv
mRNA Folding Algorithms for Structure and Codon Optimization,"Max Ward, Mary Richardson, Mihir Metkar",arXiv,2026-09-04,"mRNA technology has revolutionized vaccine development, protein replacement therapies, and cancer immunotherapies, offering rapid production and precise control over sequence and efficacy. However, the inherent instability of mRNA poses significant challenges for drug storage and distribution, particularly in resource-limited regions. Co-optimizing RNA structure and codon choice has emerged as a p",http://arxiv.org/abs/2503.19273v1,arXiv
Generative Model for Synthesizing Ionizable Lipids: A Monte Carlo Tree Search Approach,"Jingyi Zhao, Yuxuan Ou, Austin Tripp",arXiv,2026-09-04,"Ionizable lipids are essential in developing lipid nanoparticles (LNPs) for effective messenger RNA (mRNA) delivery. While traditional methods for designing new ionizable lipids are typically time-consuming, deep generative models have emerged as a powerful solution, significantly accelerating the molecular discovery process. However, a practical challenge arises as the molecular structures genera",http://arxiv.org/abs/2412.00807v1,arXiv
Machine learning framework to predict the performance of lipid nanoparticles for nucleic acid delivery,"Gaurav Kumar, Arezoo M. Ardekani",arXiv,2026-09-04,"Lipid nanoparticles (LNPs) are highly effective carriers for gene therapies, including mRNA and siRNA delivery, due to their ability to transport nucleic acids across biological membranes, low cytotoxicity, improved pharmacokinetics, and scalability. A typical approach to formulate LNPs is to establish a quantitative structure-activity relationship (QSAR) between their compositions and in vitro/in",http://arxiv.org/abs/2411.14293v1,arXiv
Joint Design of 5' Untranslated Region and Coding Sequence of mRNA,"Yang Liu, Jie Gao, Xiaonan Zhang",arXiv,2026-09-04,"Messenger RNA (mRNA) vaccines and therapeutics are emerging as powerful tools against a variety of diseases, including infectious diseases and cancer. The design of mRNA molecules, particularly the untranslated region (UTR) and coding sequence (CDS) is crucial for optimizing translation efficiency and stability. Current design approaches generally focus solely on either the 5' UTR or the CDS, whic",http://arxiv.org/abs/2410.20781v1,arXiv
Bacterial stress granule protects mRNA through ribonucleases exclusion,"Linsen Pei, Yujia Xian, Xiaodan Yan",arXiv,2026-09-04,"Membraneless droplets formed through liquid-liquid phase separation (LLPS) play a crucial role in mRNA storage, enabling organisms to swiftly respond to environmental changes. However, the mechanisms underlying mRNA integration and protection within droplets remain unclear. Here, we unravel the role of bacterial aggresomes as stress granules (SGs) in safeguarding mRNA during stress. We discovered ",http://arxiv.org/abs/2404.17873v2,arXiv
"Hypolipidemic effect of brown seaweed (Sargassum crassifolium) extract in vivo (Study of histopathology, mRNA expression, and immunohistochemistry (IHC) with VCAM-1, ICAM-1, and MCP-1 parameters)","Sarah Zaidan, Syamsudin Abdillah, Nur Arfian",arXiv,2026-09-04,The purpose of this study was to obtain natural drugs from brown seaweed (Sargassum crassifolium) as antiatherosclerosis candidates through the study of hypolipidemic mechanisms of action. Modeling of dyslipidemia rats was carried out by feeding high-fat (HFF) and doses of crude fucoidan 100. 200. 400mg / KgBB. in both treatments measured blood lipid profile levels taken from the orbital sinuses. ,http://arxiv.org/abs/2402.07497v1,arXiv
Machine Learning Modeling Of SiRNA Structure-Potency Relationship With Applications Against Sars-Cov-2 Spike Gene,Damilola Oshunyinka,arXiv,2026-09-04,"The pharmaceutical Research and development (R&D) process is lengthy and costly, taking nearly a decade to bring a new drug to the market. However, advancements in biotechnology, computational methods, and machine learning algorithms have the potential to revolutionize drug discovery, speeding up the process and improving patient outcomes. The COVID-19 pandemic has further accelerated and deepened",http://arxiv.org/abs/2401.12232v1,arXiv
Messenger RNA Design via Expected Partition Function and Continuous Optimization,"Ning Dai, Wei Yu Tang, Tianshuo Zhou",arXiv,2026-09-04,"The tasks of designing RNAs are discrete optimization problems, and several versions of these problems are NP-hard. As an alternative to commonly used local search methods, we formulate these problems as continuous optimization and develop a general framework for this optimization based on a generalization of classical partition function which we call ""expected partition function"". The basic idea ",http://arxiv.org/abs/2401.00037v2,arXiv
Machine Learning-guided Lipid Nanoparticle Design for mRNA Delivery,"Daisy Yi Ding, Yuhui Zhang, Yuan Jia",arXiv,2026-09-04,"While RNA technologies hold immense therapeutic potential in a range of applications from vaccination to gene editing, the broad implementation of these technologies is hindered by the challenge of delivering these agents effectively. Lipid nanoparticles have emerged as one of the most widely used delivery agents, but their design optimization relies on laborious and costly experimental methods. W",http://arxiv.org/abs/2308.01402v2,arXiv
Corrected Hill Function in Stochastic Gene Regulatory Networks,"Manuel Eduardo Hernández-García, Jorge Velázquez-Castro",arXiv,2026-09-04,"Describing reaction rates in stochastic bio-circuits is commonly done by directly introducing the deterministically deduced Hill function into the master equation. However, when fluctuations in enzymatic reaction rates are not neglectable, the Hill function must be derived, considering all the involved stochastic reactions. In this work, we derived the stochastic version of the Hill function from ",http://arxiv.org/abs/2307.03057v4,arXiv
Stochastic dynamics and ribosome-RNAP interactions in Transcription-Translation Coupling,"Xiangting Li, Tom Chou",arXiv,2026-09-04,"Under certain cellular conditions, transcription and mRNA translation in prokaryotes appear to be ""coupled,"" in which the formation of mRNA transcript and production of its associated protein are temporally correlated. Such transcription-translation coupling (TTC) has been evoked as a mechanism that speeds up the overall process, provides protection during the transcription, and/or regulates the t",http://arxiv.org/abs/2207.04568v1,arXiv
Coronavirus RNA Sensor Using Single-Stranded DNA Bonded to Sub-Percolated Gold Films on Monolayer Graphene Field-Effect Transistors,"Nicholas E. Fuhr, Mohamed Azize, David J. Bishop",arXiv,2026-09-04,"Electrical detection of messenger ribonucleic acid (mRNA) is a promising approach to enhancing transcriptomics and disease diagnostics because of its sensitivity, rapidity, and modularity. Reported here is a fast SARS-CoV-2 mRNA biosensor (<1 minute) with a limit of detection of 1 aM, and dynamic range of 4 orders of magnitude and a linear sensitivity of 22 mV per molar decade. These figures of me",http://arxiv.org/abs/2205.05143v1,arXiv
Deep learning models for predicting RNA degradation via dual crowdsourcing,"Hannah K. Wayment-Steele, Wipapat Kladwang, Andrew M. Watkins",arXiv,2026-09-04,"Messenger RNA-based medicines hold immense potential, as evidenced by their rapid deployment as COVID-19 vaccines. However, worldwide distribution of mRNA molecules has been limited by their thermostability, which is fundamentally limited by the intrinsic instability of RNA molecules to a chemical degradation reaction called in-line hydrolysis. Predicting the degradation of an RNA molecule is a ke",http://arxiv.org/abs/2110.07531v2,arXiv
RNAi-Mediated Knockdown of Halloween Genes in Lygus hesperus Has Varied Effects on Oogenesis and Fertility.,"Wang Yu-Hui, Ekert Evelien Van, Schutze Inana X",Archives of insect biochemistry and physiology,2026-09-04,"For many insects, the ecdysteroid biosynthetic pathway that converts cholesterol to ecdysone includes multiple cytochrome P450 monooxygenases, a Rieske oxygenase, and a short-chain dehydrogenase. Collectively, the genes encoding these enzymes are referred to as Halloween genes. While the importance of these enzymes in oogenesis is well-documented in holometabolous insects, less is known about thei",https://pubmed.ncbi.nlm.nih.gov/42693648/,PubMed
Development of a Droplet-Based RNA Interference Feeding Assay for Neonates of the Citrus Root Weevil Diaprepes abbreviatus.,"Saini Tejbhan, Killiny Nabil",Archives of insect biochemistry and physiology,2026-09-04,"The citrus root weevil, Diaprepes abbreviatus, is an economically important pest of citrus and ornamental crops whose subterranean larval feeding damages roots and predisposes plants to secondary pathogen infection. Development of efficient RNA interference (RNAi) delivery methods for early larval stages is essential for functional genomics studies and the evaluation of RNAi-based pest management ",https://pubmed.ncbi.nlm.nih.gov/42693635/,PubMed
SIX1 drives acute myeloid leukemia progression by reprogramming glycolytic metabolism and impairing CD8⁺ T-cell effector function.,"Hou Hui, Li Ruijun, Zhao Lei",Immunologic research,2026-09-04,"This study aimed to investigate the role of the homeobox gene SIX1 (sine oculis homeobox homolog 1) in acute myeloid leukemia (AML) progression and to explore its underlying metabolic and immunological mechanisms. SIX1 expression was examined in human bone marrow stromal cells (HS-5) and AML cell lines (HL-60, SKM-1, THP-1, KG-1, NB4, and MOLM13) using RT-qPCR. SIX1-knockdown and SIX1-overexpressi",https://pubmed.ncbi.nlm.nih.gov/42693356/,PubMed
Building CRISPR immunity: evolution and mechanisms of spacer acquisition.,"Gaizauskaite Ugne, Songailiene Inga, Sasnauskas Giedrius",Trends in biochemical sciences,2026-09-04,"CRISPR-Cas systems in prokaryotes serve as adaptive immune systems that neutralize phage infections through RNA-guided nucleases. Immunization is achieved during the adaptation stage through Cas1-Cas2 integrase-mediated insertion of short foreign DNA snippets, termed spacers, into a CRISPR array in the host genome. This review examines the evolutionary origins of Cas1-Cas2 and the mechanisms of sp",https://pubmed.ncbi.nlm.nih.gov/42692894/,PubMed
Experimental approaches to study histone deacetylation in Caenorhabditis elegans.,"Naseer Anam, Nazir Aamir",Methods in enzymology,2026-09-04,"Histones, being basic in nature, form the core of a nucleosome which governs DNA compaction and regulate the expression of genetic information. These undergo various modifications at their flanking tail region. One such important epigenetic modifications include deacetylation. To study histone deacetylation various experimental models and approaches have been developed till date. However, one of t",https://pubmed.ncbi.nlm.nih.gov/42692762/,PubMed
Optimizing CRISPR/Cas9 mutagenesis in Drosophila dendritic arborization neurons to avoid cytotoxicity.,"Duarte Vinicius N, Najafi Viana, Thompson-Peer Katherine L","G3 (Bethesda, Md.)",2026-09-04,"Genetic perturbations are one of the great strengths of the model organism Drosophila melanogaster, with approaches such as classical mutagenesis and RNA interference enabling a wealth of biological discoveries. A more recent approach for altering gene expression is CRISPR/Cas9-based mutagenesis. As with any new tool, however, its use must be optimized. High expression of Cas9 has been shown to ca",https://pubmed.ncbi.nlm.nih.gov/42691137/,PubMed
NlGSTs3 Facilitates Adaptation of Nilaparvata lugens to Rice by Metabolizing Ferulic Acid and Resorcinol.,"Li Yimeng, Liu Qingsong, Tian Qiuyu",Journal of agricultural and food chemistry,2026-09-04,"Insect herbivores rely on glutathione S-transferases (GST) to cope with host-derived secondary metabolites, yet the specific role of individual GST isoforms in mediating host adaptation remains poorly understood. Here, we characterized the sigma-class GST gene NlGSTs3 and its role in host plant adaptation of the brown planthopper Nilaparvata lugens. NlGSTs3 was predominantly expressed in the fat b",https://pubmed.ncbi.nlm.nih.gov/42690781/,PubMed
Plant-Derived BtHCYP Promotes Phloem Feeding and Fecundity in Bemisia tabaci.,"Qi Fangfang, Qiu Shaolong, Sang Zitong",Journal of agricultural and food chemistry,2026-09-04,"Bemisia tabaci is a destructive agricultural pest with a remarkable capacity to exploit diverse host plants. Horizontally transferred genes (HTGs) have recently been implicated in this adaptive success, yet the functions of most HTGs in the whitefly remain unclear. Feeding behavior is crucial for nutrient acquisition and reproduction in piercing-sucking insects, but whether HTGs contribute to host",https://pubmed.ncbi.nlm.nih.gov/42690738/,PubMed
The role of the alpha-gal antigen in corneal xenotransplant rejection: a review.,"Villar Augusto, Nascimento Heloisa, Kalil Jorge",Arquivos brasileiros de oftalmologia,2026-09-04,"Corneal blindness affects more than 12 million individuals worldwide; however, the availability of human donor corneas meets only a small fraction of the demand. Porcine corneal xenotransplantation represents a promising alternative because of the cornea's immune privilege and the anatomical similarities between human and porcine corneas. However, the galactose-α1,3-galactose antigen expressed on ",https://pubmed.ncbi.nlm.nih.gov/42690396/,PubMed
The StMYB55/StPYL8-StEXLB1 Module Is Associated With Drought Tolerance and Stomatal Regulation in Potato.,"Jian Hongju, Wang Ke, Chen Weixi","Plant, cell & environment",2026-09-04,"Potato growth and development are inhibited by drought stress, which in extreme situations jeopardises tuber yield and quality. Despite progress in understanding drought stress responses, the full regulatory network remains unclear. In this study, we found that the cell wall-localised expansin gene StEXLB1 was significantly induced by polyethylene glycol 6000 (PEG6000) and abscisic acid (ABA). StE",https://pubmed.ncbi.nlm.nih.gov/42689471/,PubMed
Functional characterisation of PREL-1 and PREL-3 proteins as putative intramitochondrial phospholipid transporters governing homeostasis and organismal health in ,"Mavuduru Vijay Aditya, Vadupu Lavanya, Shankar Kumar Kiruthiga",Frontiers in molecular biosciences,2026-09-04,"Mitochondrial phospholipids are crucial for maintaining structure and function; however, their roles and transport pathways are not fully understood in a multicellular model organism. In this study, we examined two putative  Docking studies predicted that phosphatidic acid (PA) preferentially binds to PREL-1 compared to PREL-3. Mitochondrial profiling revealed loss of mitochondrial phospholipid ho",https://pubmed.ncbi.nlm.nih.gov/42688570/,PubMed
Efficiency of RNAi-based gene silencing in fungi: a meta-analysis.,"Barth Patrick, Drumm Jakob, Schmidt Alexandra Erika",The New phytologist,2026-09-04,"RNA interference (RNAi) shows great potential to protect crops against fungal diseases, yet reported protection efficiencies vary greatly, and our understanding of the factors responsible for this variance remains limited. In this meta-analysis, we evaluated 89 studies that compare the efficiency of host-induced gene silencing (HIGS) and spray-induced gene silencing (SIGS) in controlling fungal di",https://pubmed.ncbi.nlm.nih.gov/42687115/,PubMed
A newly established reverse genetic system for a circular RNA virus reveals new requirements for infection and its biocontrol potential.,"Guo Yi, Forgia Marco, Serale Nadia",Science advances,2026-09-04,"Ambiviruses are fungal-infecting circular RNA viruses that uniquely combine viroid-like and viral features, yet the function of their conserved ORF-B protein and their effects on hosts remain unknown, hindered by the lack of a reverse genetics system. Here, we constructed the first infectious cDNA clone of an ambivirus, Fusarium graminearum ambivirus 1 (FgAV1), using a head-to-tail dimer placed do",https://pubmed.ncbi.nlm.nih.gov/42685207/,PubMed
Hijacking pre-tRNA enables LTR-retrotransposon-initiated constitutive heterochromatin formation.,"Deng Yazi, Liang Yu, Luo Yi Ni",Science advances,2026-09-04,"Pericentric heterochromatin serves as a fundamental component of eukaryotic chromosomes, endowing specialized genomic architecture with broad functional consequences. Although it is universally marked by H3K9me3 modification, the underlying pericentric DNA sequences diverge substantially across species. Here, by leveraging a transposition reporter system combined with a genome-wide RNA interferenc",https://pubmed.ncbi.nlm.nih.gov/42685192/,PubMed
Functional Validation of the Phase I-II-III Detoxification Pathway in Azumapecten farreri using Optimized RNA Interference Technology.,"Lu Limin, Zheng Guanchao, Lin Yichen","Marine biotechnology (New York, N.Y.)",2026-09-04,"Paralytic shellfish toxins (PSTs) are widely distributed neurotoxins that accumulate and transform in bivalves, but the metabolic mechanisms after exposure of Azumapecten farreri (A. farreri) to PSTs remain unknown. To verify the phase I (cytochrome P450, CYP450)-II (glutathione S-transferase, GST)-III (ABC transport) metabolic genes for PSTs, we used RNA interference (RNAi) to silence target gene",https://pubmed.ncbi.nlm.nih.gov/42684466/,PubMed
Cullin 3 ubiquitin ligase regulates redox defense and metabolic programs in proximal tubule cells.,"Saritas Turgay, Chen Lu, Ijaz Sadaf","Nephrology, dialysis, transplantation : official publication of the European Dialysis and Transplant Association - European Renal Association",2026-09-04,"Chronic kidney disease (CKD) is characterized by proximal tubule (PT) stress, oxidative injury, and metabolic dysfunction. Human kidney single-nucleus RNA-sequencing (snRNA-seq) identified enrichment of ubiquitin-dependent protein catabolic processes in injured PT cells, suggesting activation of the ubiquitin-proteasome system during tubular stress. Because Cullin 3 (CUL3), scaffold of ubiquitin l",https://pubmed.ncbi.nlm.nih.gov/42684049/,PubMed
Multi-Species Tardigrade RNA Isolation Protocol.,"Ryals Jesse E, Kayastha Pushpalata, Clark-Hachtel Courtney M",Journal of visualized experiments : JoVE,2026-09-04,"Tardigrades are microscopic animals that are known for their exceptional tolerance to environmental stress. These animals can survive desiccation, extreme pressure, low temperatures, and high levels of ionizing radiation. However, the molecular mechanisms underlying these extremotolerant capabilities remain incompletely understood. The molecular approaches used to investigate these mechanisms, whi",https://pubmed.ncbi.nlm.nih.gov/42683905/,PubMed
Identification and characterization of ,"Deng Dong, Wu Wenqi, Duan Canxing",Horticulture research,2026-09-04,Pea (,https://pubmed.ncbi.nlm.nih.gov/42683150/,PubMed
"Screening, optimization and artificial recombination of dsRNA fragments for RNAi-mediated pest resistance in ","Luo Juan, Guo Qianqian, Hu Ruyi",Frontiers in insect science,2026-09-04,"RNA interference (RNAi) is an eco-friendly strategy for pest management, with double-stranded RNA (dsRNA) as the core functional component. In this study, three RNAi target genes (",https://pubmed.ncbi.nlm.nih.gov/42682586/,PubMed
Computational Resources for Studying miRNA-lncRNA Interactions.,"Orilio Francesco, Brancaccio Rosario Nicola, Verona Francesco","Methods in molecular biology (Clifton, N.J.)",2026-09-04,"The discovery of microRNAs (miRNAs), small non-coding RNAs approximately 22 nucleotides in length, revolutionized our understanding of post-transcriptional gene regulation in the early part of the twenty-first century. Since then, non-coding RNAs (ncRNAs) have become a major focus of scientific research, revealing their critical roles in cellular processes. Advances in high-throughput sequencing t",https://pubmed.ncbi.nlm.nih.gov/42681325/,PubMed
From static structures to dynamic landscapes: cryo-EM redefines RNA biology,"Shekhar Jadhav, Spandan Saha, Qingbin Shang",arXiv,2026-09-04,RNA molecules perform diverse biological functions by dynamically exploring multiple conformational states rather than adopting a single static structure. Capturing these ensembles is a challenge in molecular biology. Recent advances in cryoEM are now transforming this landscape by enabling the visualization of RNA molecules across a broad spectrum of functionally relevant conformations at near at,http://arxiv.org/abs/2609.01132v1,arXiv
Designability of RNA Targets with Up to Two Length-2 Helices,Ashutosh S. Jogalekar,arXiv,2026-09-04,"RNA inverse folding asks for an RNA sequence whose prescribed secondary structure is the unique maximum-base-pair compatible fold. In the four-letter Watson-Crick model (A-U and C-G pairs only, no pseudoknots, and zero minimum base-pair span), Hales et al. introduced a separated-coloring certificate and an even-odd device, while Boury et al. generalized this to modulo-$m$ separability, gave an $O(",http://arxiv.org/abs/2608.25194v1,arXiv
Leveraging generative hallucination and biophysics-informed modeling for unified biomolecular sequence-structure co-design,"Xuefeng Liu, Mingxuan Cao, Xiao Luo",arXiv,2026-09-04,"Biomolecular design underpins applications from molecular recognition to therapeutics and synthetic biology, yet de novo interaction design remains challenging-especially for DNA/RNA, underexplored non-protein modalities with scarce, heterogeneous complex data and sharper geometric and chemical constraints. We introduce MCTH (Monte Carlo Tree Hallucination), an inference-only framework that casts ",http://arxiv.org/abs/2608.17381v1,arXiv
"MultiStructRNA: a Python package for multi-algorithm RNA secondary structure prediction, ensemble analysis, and visualization","Yashrajsinh Jadeja, Haining Lin, Mihir Metkar",arXiv,2026-09-04,"We introduce MultiStructRNA, a unified Python toolkit for RNA secondary structure prediction, ensemble analysis, and visualization. Although RNA secondary structure is central to RNA biology and therapeutic design, practical adoption is often hindered by fragmented tooling, incompatible input and output formats, and limited visualization support. MultiStructRNA addresses these challenges through a",http://arxiv.org/abs/2608.14846v1,arXiv
Evolutionary Curriculum Learning Improves Biological Sequence Modeling,"Richard Zhu, Kento Nishi",arXiv,2026-09-04,"Variational autoencoders (VAEs) trained on multiple sequence alignments (MSAs) have emerged as powerful generative models for biological sequences, with applications ranging from disease variant prediction to functional RNA design. However, standard biological VAE training treats all sequences as exchangeable, ignoring the rich evolutionary structure that organizes homologous sequences from evolut",http://arxiv.org/abs/2608.00697v2,arXiv
Engineering T7 RNA Polymerase for High-Purity In Vitro Transcription,"Pauline Hermans, Youlia Serikova, José Castillo",arXiv,2026-09-04,"In vitro transcription using bacteriophage T7 RNA polymerase (T7 RNAP) is the gold-standard platform for RNA production in both research and therapeutic applications. Despite its high processivity and promoter specificity, T7 RNAP generates multiple RNA by-products, including double-stranded RNA, 3'-extended transcripts, abortive RNAs, and prematurely terminated products. These impurities reduce R",http://arxiv.org/abs/2607.18468v1,arXiv
Enhanced sampling and cryo-EM data resolve magnesium binding to RNA,"Olivier Languin-Cattoën, Elisa Posani, Giovanni Bussi",arXiv,2026-09-04,"Magnesium ions are essential for RNA structure but difficult to model due to slow binding kinetics and experimental limitations. We present an enhanced-sampling strategy that accelerates Mg$^{2+}$ inner-shell binding by orders of magnitude, enabling quantitative exploration of ion-binding motifs in a large ribozyme. The method combines a barrier-flattening bias with Hamiltonian replica exchange to",http://arxiv.org/abs/2607.07186v1,arXiv
Bayesian Sampling of Structural Ensembles: The Role of Ensemble-Counting Measures,"Ivan Gilardoni, Giovanni Bussi",arXiv,2026-09-04,"Structural ensemble refinement is widely used to integrate molecular simulations with experimental measurements. While most applications focus on the maximum-a-posteriori (MAP) ensemble, Bayesian sampling of the posterior distribution can provide uncertainty estimates and posterior averages for arbitrary observables. A notable step in this direction was introduced by the Bayesian Energy Landscape ",http://arxiv.org/abs/2606.18495v1,arXiv
MultiMolecule: a modular ecosystem for biomolecular sequence-model workflows,Zhiyuan Chen,arXiv,2026-09-04,"Biomolecular sequence models are increasingly reused outside the studies in which they were introduced, but public checkpoints rarely preserve the execution context needed to inspect source-defined behavior, adapt models to new assays, compare models under shared task definitions or deploy biological predictions. MultiMolecule is an open-source Python ecosystem that turns heterogeneous RNA, DNA an",http://arxiv.org/abs/2606.16540v1,arXiv
The Montparnasse Algorithm for RNA Design,Tristan Cazenave,arXiv,2026-09-04,"RNA design consists of discovering a nucleotide sequence that optimizes predefined criteria, such as secondary structure. It is useful for synthetic biology, medicine, and nanotechnology. We propose Montparnasse, a Monte Carlo search framework based on Generalized Nested Rollout Policy Adaptation, augmented with a problem-specific prior, slow and long adaptation at level 1, and a lexicographic mul",http://arxiv.org/abs/2606.07562v1,arXiv
Multimodal Alignment and Preference Optimization for Zero-Shot Conditional RNA Generation,"Roman Klypa, Alberto Bietti, Sergei Grudinin",arXiv,2026-09-04,"The design of RNA molecules that interact with specific proteins is a critical challenge in experimental and computational biology. Despite recent progress in natural language modeling and deep learning-based protein design, there remains significant room to improve the frequency of successful interactions and the authenticity of generated sequences for functional applications. In this work, we fr",http://arxiv.org/abs/2605.23961v1,arXiv
"GoForth: Language Models for RNA Design under Structure, Sequence, and Coding Constraints",Michael Lindsey,arXiv,2026-09-04,"RNA inverse sequence design has broad biological and engineering applications, but computational methods for practical design queries remain limited. Such queries may impose several constraints at once, including target folds or motifs, fixed bases, and coding restrictions, while leaving arbitrary sequence and structure in unspecified regions. Because these constraints may permit many acceptable s",http://arxiv.org/abs/2605.07608v1,arXiv
Bayesian Rate Inference for Sequence Motif Dynamics in Systems of Reactive Nucleic Acids,"Johannes Harth-Kitzerow, Ulrich Gerland, Torsten A. Enßlin",arXiv,2026-09-04,"The RNA world hypothesis suggests a pathway of how life emerged on early earth. It assumes that life started with RNA based systems, capable of storing, transmitting and replicating information, envisioning that monomers and short RNA oligomers interact to form longer strands, eventually becoming catalytically active ribozymes. Key reactions in RNA pools are hybridization, dehybridization, templat",http://arxiv.org/abs/2604.25701v2,arXiv
VARIANT: Web Server for Decoding and Analyzing Viral Mutations at Genome and Protein Levels,"Rui Wang, Xuhang Dai, Xin Cao",arXiv,2026-09-04,"A comprehensive analysis of viral mutations is essential for understanding viral evolution, disease epidemiology, diagnosis, drug resistance, etc. However, challenges remain in capturing complex mutation patterns and supporting diverse viral families with varying genome architectures. To address these needs, we present VARIANT, an web server for mutational analysis of RNA viral genomes and associa",http://arxiv.org/abs/2604.20942v1,arXiv
Interfacial Potential Transduction for Diagnostics,"Hyun-June Jang, Peuli Nath, Yuqin Wang",arXiv,2026-09-04,"A major barrier to decentralized, near-patient diagnostics is the lack of a signal transduction modality that is both analytically precise and accessible at the point of care. Optical readouts remain instrument-dependent and difficult to miniaturize, while compact electrochemical readouts are prone to matrix-derived signal distortion, limiting their biomarker coverage in real clinical settings. He",http://arxiv.org/abs/2603.23775v1,arXiv
ZeroFold: Protein-RNA Binding Affinity Predictions from Pre-Structural Embeddings,"Josef Hanke, Sebastian Pujalte Ojeda, Shengyu Zhang",arXiv,2026-09-04,"The accurate prediction of protein-RNA binding affinity remains an unsolved problem in structural biology, limiting opportunities in understanding gene regulation and designing RNA-targeting therapeutics. A central obstacle is the structural flexibility of RNA, as, unlike proteins, RNA molecules exist as dynamic conformational ensembles. Thus, committing to a single predicted structure discards in",http://arxiv.org/abs/2603.23583v1,arXiv
Computational modeling of RNA-protein binding interactions under an external force,"Danielle Wampler, Ralf Bundschuh",arXiv,2026-09-04,"RNA binding proteins play a crucial role in post-transcriptional gene regulation by controlling the transport, processing, and translation of their target RNAs. Post-transcriptional gene regulation leads to the differential expression of genetic material and loss of regulation or over-regulation relates to a large range of cancers and diseases - many of which have directly been associated with RNA",http://arxiv.org/abs/2603.22269v1,arXiv
Fair splits flip the leaderboard: CHANRG reveals limited generalization in RNA secondary-structure prediction,"Zhiyuan Chen, Zhenfeng Deng, Pan Deng",arXiv,2026-09-04,"Accurate prediction of RNA secondary structure underpins transcriptome annotation, mechanistic analysis of non-coding RNAs, and RNA therapeutic design. Recent gains from deep learning and RNA foundation models are difficult to interpret because current benchmarks may overestimate generalization across RNA families. We present the Comprehensive Hierarchical Annotation of Non-coding RNA Groups (CHAN",http://arxiv.org/abs/2603.22330v1,arXiv
Reverse Distillation: Consistently Scaling Protein Language Model Representations,"Darius Catrina, Christian Bepler, Samuel Sledzieski",arXiv,2026-09-04,"Unlike the predictable scaling laws in natural language processing and computer vision, protein language models (PLMs) scale poorly: for many tasks, models within the same family plateau or even decrease in performance, with mid-sized models often outperforming the largest in the family. We introduce Reverse Distillation, a principled framework that decomposes large PLM representations into orthog",http://arxiv.org/abs/2603.07710v1,arXiv
Immunogenic Cell Death-Associated miRNAs in the Tumor Microenvironment of Hepatocellular Carcinoma.,"Jiang Anrong, Mo Yun-Qi, Wang Ying",Journal of surgical oncology,2026-09-04,"Hepatocellular carcinoma (HCC) poses significant therapeutic challenges due to its high heterogeneity and immunosuppressive tumor microenvironment (TME). Immunogenic cell death (ICD) represents a promising strategy in cancer therapy by eliciting antitumor immune responses through the controlled release of damage-associated molecular patterns (DAMPs). However, its therapeutic efficacy remains subst",https://pubmed.ncbi.nlm.nih.gov/42693650/,PubMed
Nuclear exosome targeting complexes modulate cohesin binding and enhancer-promoter interactions in 3D.,"Akkawi Charbel, Heurteau Alexandre, Contreras Xavier",Nature communications,2026-09-04,"Three-dimensional long-range contacts between enhancers and promoters are thought to be largely determined by loop extrusion driven by the cohesin complex and insulator factors. However, recent evidence also suggests a role for noncoding RNAs, such as enhancer-associated RNAs and promoter upstream transcripts, in shaping enhancer-promoter connectivity. While the nuclear RNA exosome, together with ",https://pubmed.ncbi.nlm.nih.gov/42693138/,PubMed
New insights on Plasmodium gene expression from direct RNA sequencing.,"Grünebast Janne, Serre David",Trends in parasitology,2026-09-04,"Oxford Nanopore Technology (ONT) direct RNA sequencing enables the sequencing of native RNA molecules without cDNA conversion. The long-read approach captures full-length reads spanning entire genes and has transformed the study of gene expression in Plasmodium parasites by enabling analysis of untranslated regions, isoforms, and alternative splicing. In addition, ONT provides unique insights into",https://pubmed.ncbi.nlm.nih.gov/42692913/,PubMed
Biomimicry TRPV1 agonist 6SA attenuates corticosterone-induced depression via targeting Glul-Gm57375 signaling in microglia.,"Sun Yilu, Liao Weiyao, Wing Sze Stephen Cho",Journal of advanced research,2026-09-04,Microglia-mediated neuroinflammation hallmarks the pathophysiology of depression. We recently identified 6-shogaol (6Sh) from the ginger root (Rhizoma Zingiberis Recens) as a potent anti-neuroinflammatory and antidepressant drug candidate. This study aimed to resolve the bioavailability and cost-effectiveness of 6Sh for the development of novel anti-neuroinflammatory drugs against depression. A bi,https://pubmed.ncbi.nlm.nih.gov/42692251/,PubMed
"Teleost lincRNAs: Functional roles, regulatory mechanisms, and future applications in aquaculture.","Cheshmehsangi Elham, Abro Asma, Khan Muhammad Tariq","Comparative biochemistry and physiology. Part D, Genomics & proteomics",2026-09-04,"Long intergenic non-coding RNAs (lincRNAs) regulate gene expression across vertebrate physiological systems, yet their functional roles in teleost fish remain incompletely synthesized. This review systematically integrates current evidence through PRISMA-guided searches across PubMed, Web of Science, and Scopus, identifying ten lincRNA-focused functional studies with genetic, mechanistic, or devel",https://pubmed.ncbi.nlm.nih.gov/42691950/,PubMed
EGFR-co-amplified lncRNA ELDR drives glioblastoma tumorigenicity by enhancing BMI1 activity.,"Yu Xiaozhou, Wu Runxin, Huang Tianzhi",Neuro-oncology,2026-09-04,"In glioblastoma (GBM), epidermal growth factor receptor (EGFR) amplification, one of the most prevalent genetic alterations, often occurs on extrachromosomal DNAs (ecDNAs) that contain amplified oncogenes and regulatory elements, driving tumor progression. Despite the central oncogenic role of EGFR amplification, therapeutic strategies targeting EGFR have demonstrated limited clinical efficacy, su",https://pubmed.ncbi.nlm.nih.gov/42691209/,PubMed
Insights into the regulation of the HOTAIR proximal promoter.,"Gupta Aritra, Desai Kartiki V",Biochemical Society transactions,2026-09-04,"HOTAIR (HOX transcript antisense RNA) is a HOXC-cluster long intervening non-coding RNA (lincRNA) whose cancer relevance is tightly coupled to how its transcription is wired into hormone, hypoxia, inflammatory, and developmental signaling. HOTAIR is known to associate with cancer cell proliferation, motility, tumor invasion, and metastasis. The present mini-review focuses on the regulatory archite",https://pubmed.ncbi.nlm.nih.gov/42689382/,PubMed
Non-coding RNAs as regulators of chromosomal instability in breast cancer.,"Pinilla-Peña Deisy, Niño-Salgado Anlly, Rondón-Lagos Milena",Frontiers in oncology,2026-09-04,"Breast cancer is a highly heterogeneous disease characterized by extensive genomic and chromosomal instability (CIN), a hallmark that drives tumor evolution, intratumoral heterogeneity, therapeutic resistance, and poor clinical outcomes. Increasing evidence indicates that non-coding RNAs (ncRNAs) are important regulators of genome maintenance and chromosome stability. However, their specific contr",https://pubmed.ncbi.nlm.nih.gov/42688979/,PubMed
"Isoform-resolved 14-3-3/YWHA networks in colorectal cancer: phospho-adaptor mechanisms, biomarker contexts and therapeutic opportunities.","Liu Qian, Li Rudong, Ye Wei",Frontiers in oncology,2026-09-04,"YWHA/14-3-3 proteins are conserved phosphoserine/phosphothreonine-binding adaptors that coordinate signaling-complex assembly, subcellular localization, stress responses and cell-state transitions. Although often discussed as a single adaptor family, colorectal cancer (CRC) studies suggest that individual YWHA isoforms act through distinct clients, RNA-associated layers and tumor-state contexts. I",https://pubmed.ncbi.nlm.nih.gov/42688965/,PubMed
Isoliquiritigenin represses the pro-fibrotic TGF-β/smad2 signaling and nuclear enriched abundant transcript 1 (NEAT1) in oral submucous fibrosis.,"Tseng Chi-Shan, Wang Shih-Min, Liao Yi-Wen",Journal of dental sciences,2026-09-04,"Isoliquiritigenin (ISL) has shown anti-fibrotic potential in several organ systems, but its effects on oral submucous fibrosis (OSF) remain unclear. This study investigated whether ISL attenuates myofibroblast activities in buccal mucosal fibroblasts (BMFs) from OSF patients by modulating TGF-β/Smad2 signaling and the long non-coding RNA NEAT1. Primary normal BMFs and fibrotic BMFs (fBMFs) were is",https://pubmed.ncbi.nlm.nih.gov/42688624/,PubMed
NEAT1 modulates neutrophil functions via glycolysis to restrain mucosal inflammation in ulcerative colitis.,"Zhu Fengqin, Jin Guiyuan, Shi Lihao",Frontiers in immunology,2026-09-04,"Neutrophils are essential for maintaining intestinal mucosal balance during ulcerative colitis (UC). The long noncoding RNA known as nuclear paraspeckle assembly transcript 1 (NEAT1) is associated with various inflammatory disorders. Nonetheless, the role of NEAT1 in influencing neutrophil immune responses in the context of UC remains unclear. In this study, we observed that NEAT1 expression was e",https://pubmed.ncbi.nlm.nih.gov/42688346/,PubMed
"Comprehensive analysis of differential mRNA, lncRNA and circRNA and their ceRNA network in the Longissimus Dorsi Muscle of Jerseyyak in response to dietary protein levels.","Yang Guowu, Ma Bin, La Yongfu",Frontiers in veterinary science,2026-09-04,"The Jersey-yak, a hybrid offspring of Jersey cattle and yak, exhibits characteristics such as strong adaptability, rapid growth and development, and outstanding production performance. Therefore, Jersey-yaks were fed diets with different crude protein (CP) levels (0%, 15.16%, and 17.90% CP, respectively), and the regulatory mechanisms underlying their growth and development were elucidated. In thi",https://pubmed.ncbi.nlm.nih.gov/42688179/,PubMed
"Retraction Notice to: ""Super-Enhancer-Driven Long Non-Coding RNA LINC01503, Regulated by TP63, Is Over-Expressed and Oncogenic in Squamous Cell Carcinoma"" Gastroenterology 2018;154:2137-2151.e1.","Xie Jian-Jun, Jiang Yan-Yi, Jiang Yuan",Gastroenterology,2026-09-04,,https://pubmed.ncbi.nlm.nih.gov/42687469/,PubMed
The long non-coding RNA-encoded microprotein MKKS3 drives colorectal cancer chemoresistance.,"Hu Hui-Fang, Zhou Qi, Huang Jia-Zhen",Experimental & molecular medicine,2026-09-04,"Although oxaliplatin is widely used in the frontline treatment of colorectal cancer (CRC), CRC recurrence is commonly observed owing to oxaliplatin resistance. The roles of long non-coding RNAs-encoded microproteins in oxaliplatin chemoresistance remain inadequately explored. In this study, a CRISPR/Cas9 library was developed to target previously identified 314 microproteins translated from long n",https://pubmed.ncbi.nlm.nih.gov/42686984/,PubMed
Regulatory role of lncRNA DANCR in osteogenic differentiation of bone marrow mesenchymal stem cells through targeting the miR-19a-3p/PTEN/AKT/mTOR pathway.,"Zhai Chenglei, Lv Yan, Sun Gang",In vitro cellular & developmental biology. Animal,2026-09-04,"Given the involvement of long non-coding RNA-differentiation antagonizing non-protein coding RNA (lncRNA DANCR) in osteoporosis (OP), this study aimed to investigate its role in osteogenic differentiation (OD) of bone marrow mesenchymal stem cells (BMSCs) and underlying mechanisms. BMSCs were intervened with sh-DANCR, oe-DANCR, sh-phosphatase and tensin homolog (PTEN) lentivirus, miR-19a-3p agomir",https://pubmed.ncbi.nlm.nih.gov/42686955/,PubMed
Long non-coding RNAs link DNA methylation to immune regulatory networks in bovine subclinical mastitis.,"Dwivedi Shraddha, Kumar Amit, De Ujjwal Kumar",Mammalian genome : official journal of the International Mammalian Genome Society,2026-09-04,"Long non-coding RNAs (lncRNAs) are emerging as important regulators of inflammatory and immune signaling, yet their contribution to bovine subclinical mastitis remains poorly defined. Here, we characterized the lncRNA expression landscape associated with disease in milk somatic cells of healthy and subclinical mastitic Vrindavani cattle. We identified 11,403 high-confidence lncRNAs, of which 104 w",https://pubmed.ncbi.nlm.nih.gov/42686917/,PubMed
Nuclear Bodies and RNA Regulation in Psychiatric Disorders: Current Perspectives and Therapeutic Alternatives.,"Fukumitsu Hidefumi, Soumiya Hitomi",Biological & pharmaceutical bulletin,2026-09-04,"Nuclear bodies are membrane-less compartments formed via liquid-liquid phase separation (LLPS) and serve as ""dynamic information-processing hubs"" for key molecular processes, including transcription and RNA metabolism. In the nervous system, these functional condensates provide a physical substrate for the formation of diverse splicing isoforms, which are essential for maintaining the complexity o",https://pubmed.ncbi.nlm.nih.gov/42686619/,PubMed
Growing Clinical Challenge-Arsenic-Induced Kidney Injury: Mechanisms and Management of Integrating Conventional and Traditional ChineseMedicine Approaches.,"Wang Zhong, Wang Qiuhan, Gong Xuezhong",Seminars in nephrology,2026-09-04,"Arsenic is a toxic element that is widely present in both natural and clinical environments, posing a significant threat to human health. Long-term exposure to arsenic may lead to multiorgan damage, with the kidneys, as the primary target organs for arsenic metabolism and excretion, being particularly vulnerable to its toxic effects. Increasing evidence suggests that arsenic exposure is associated",https://pubmed.ncbi.nlm.nih.gov/42686433/,PubMed
Computational insights into the regulatory role and functional significance of NOTCH1 intronic SNP rs3124599 and its link to NPC.,"Sultan Mujeeb A, Romdhoni Achmad Chusnu, Wungu Citrawati Dyah Kencono",Computational biology and chemistry,2026-09-04,"Nasopharyngeal carcinoma (NPC) is a multifactorial disease driven by both genetic and environmental factors. The neurogenic locus notch homolog 1 (NOTCH1) gene has dual oncogenic and tumor-suppressive effects that depend on the cellular context. An intronic single nucleotide polymorphism (SNP) in NOTCH1, rs3124599, has been linked to various diseases. However, its involvement in NPC remains unknow",https://pubmed.ncbi.nlm.nih.gov/42685632/,PubMed
An Evaluation on the Role of Non-Coding RNA in HIV Transcription and Latency: A Review,Xiangshuai Liu,arXiv,2026-09-04,"The existence of latent cellular reservoirs is recognized as the major barrier to an HIV cure. Reactivating and eliminating ""shock and kill"" or permanently silencing ""block and lock"" the latent HIV reservoir, as well as gene editing, remain promising approaches, but so far have proven to be only partially successful. Moreover, using latency reversing agents or ""block and lock"" drugs pose additiona",http://arxiv.org/abs/2502.06107v1,arXiv
"Blood-derived lncRNAs as potential biomarkers for early cancer diagnosis: The Good, the Bad and the Beauty","Cedric Badowski, Bing He, Lana X Garmire",arXiv,2026-09-04,Cancer ranks as one of the deadliest diseases worldwide. The high mortality rate associated with cancer is partially due to the lack of reliable early detection methods and/or inaccurate diagnostic tools such as certain protein biomarkers. Cell-free nucleic acids (cfNA) such as circulating long non-coding RNAs (lncRNAs) have recently been proposed as a new class of potential biomarkers that could ,http://arxiv.org/abs/2109.11746v1,arXiv
BPPart and BPMax: RNA-RNA Interaction Partition Function and Structure Prediction for the Base Pair Counting Model,"Ali Ebrahimpour-Boroojeny, Sanjay Rajopadhye, Hamidreza Chitsaz",arXiv,2026-09-04,"RNA-RNA interaction (RRI) is ubiquitous and has complex roles in the cellular functions. In human health studies, miRNA-target and lncRNAs are among an elite class of RRIs that have been extensively studied. Bacterial ncRNA-target and RNA interference are other classes of RRIs that have received significant attention. In recent studies, mRNA-mRNA interaction instances have been observed, where bot",http://arxiv.org/abs/1904.01235v2,arXiv
PEGylated Liposomal Nanocarriers in Cancer Therapy: Emerging Strategies and Clinical Prospects.,"Kumar Ashish, Islam Md Moidul, Judder Moidul Islam",Recent advances in drug delivery and formulation,2026-09-04,"Nanomedicine has changed the course of oncology through drug-delivery systems that improve efficacy while reducing systemic toxicity. PEGylated liposomes have specifically revolutionized cancer treatment by enhancing pharmacokinetics, stability, and tumor-selective deposition via the enhanced permeability and retention (EPR) effect. The keywords applied in the literature review included PEGylated ",https://pubmed.ncbi.nlm.nih.gov/42693849/,PubMed
Correction: Differential roles of coding and non-coding transcripts in obesity: insights from RNA-seq analysis of Macaca fascicularis hepatocytes.,"Liu Yu, Wang Ziting, Liu Linna",BMC genomics,2026-09-04,,https://pubmed.ncbi.nlm.nih.gov/42693408/,PubMed
Microneedle patch integrated with hydroxyapatite nanoparticles and abemaciclib for treatment of meningioma.,"Teng Haibo, Ren Qingqing, Feng Cong",Acta biomaterialia,2026-09-04,"Surgery remains the primary treatment for meningiomas, with radiotherapy used for high-grade tumors, residual disease, and recurrences. However, many high-risk meningiomas progress despite resection or radiotherapy, and effective pharmacological therapies remain lacking. Here, we explored a local microneedle-mediated delivery strategy using gelatin methacryloyl hydrogels (Gel-MA) to co-deliver hyd",https://pubmed.ncbi.nlm.nih.gov/42692234/,PubMed
Synergistic inhibition of exosome secretion and PD-L1 silence via a functional supramolecular lipid nanoparticle to boost antitumor immunity.,"Men Jiayi, Zhang Xueyan, Zhang Wenjie",Journal of controlled release : official journal of the Controlled Release Society,2026-09-04,"The treatment of malignancies remains a formidable challenge, driven by the complex interplay of exosome-mediated metastasis and PD-L1-driven immune evasion. Overcoming these barriers through simultaneous modulation of both pathways represents a critical, yet unmet, need in cancer therapy. To address this, we engineer a supramolecular lipid nanoparticle (LNP) wherein lipid-modified cyclodextrin an",https://pubmed.ncbi.nlm.nih.gov/42692088/,PubMed
Biohybrid Fused-Cell Carrier for Programmable Therapeutic Modulation of Atherosclerosis.,"Wu Guanghao, Sun Jiefang, Zhou Yujie",Nano letters,2026-09-04,"Cardiovascular disease, driven primarily by atherosclerosis, remains a leading cause of global mortality. Lipid-lowering therapies reduce risk by less than one-third, leaving substantial residual inflammation compounded by rapid drug clearance and limited plaque targeting. Biomimetic systems such as cell-membrane coating enhance lesion targeting but lack intrinsic activity and are prone to biologi",https://pubmed.ncbi.nlm.nih.gov/42690817/,PubMed
Coordinated circRNA Silencing and Chemotherapy by pH-Responsive Nanoparticles Reprogram Cell Death in Drug-Resistant Osteosarcoma.,"Wang Xingkai, Chen Caihong, Ma Xiaolong",Nano letters,2026-09-04,"Chemoresistance remains a major clinical challenge in osteosarcoma, primarily driven by inefficient drug delivery and the evasion of cell death. Here, a multifunctional poly(β-amino ester) (pBAE)-based therapeutic delivery system was developed for simultaneous codelivery of small interfering RNA (siRNA) and doxorubicin (DOX) to drug-resistant osteosarcoma cells. The system significantly enhanced s",https://pubmed.ncbi.nlm.nih.gov/42690812/,PubMed
Nanotherapeutics in osteosarcoma: Advances in miRNA nanocarriers and targeted drug delivery.,"Dey Arnab, Yakubu Usman Ibrahim, Singh Mohini",Molecular biology reports,2026-09-04,"Osteosarcoma remains one of the most aggressive primary malignant bone tumor, despite all the treatment options available, there has been little progress in osteosarcoma treatment in children and young adults with metastatic or recurrent osteosarcoma. The link between dysregulated microRNAs (miRNAs) in osteosarcoma pathogenesis, metastasis, chemoresistance and immune system regulation increasingly",https://pubmed.ncbi.nlm.nih.gov/42690516/,PubMed
From an Age-Stratified Perspective: Divergent Adaptive Mechanisms of the Traumatic Brain Injury Repair Network Between Pediatric and Adult Patients.,"Yu Sixun, Pan Liang, Yang Tao",Frontiers in bioscience (Landmark edition),2026-09-04,"Traumatic brain injury (TBI) remains a leading cause of chronic neurological impairment across the lifespan, with significant disparities in clinical recovery trajectories between pediatric and adult patients. Previous research has often been confined to a binary debate over the relative repair capacity of different age groups; however, this paradigm is insufficient for exploring the age-dependent",https://pubmed.ncbi.nlm.nih.gov/42689994/,PubMed
Reversible vs. Irreversible Neuronal Injury in Brain Ischemia: Role of the Mitochondrial-Synaptic Axis.,"Yoo Ki-Yeon, Jung Bo Hyun, Ahn Ji Hyeon",Frontiers in bioscience (Landmark edition),2026-09-04,"Ischemia-reperfusion (I/R) injury triggers a rapid and self-amplifying cascade of mitochondrial dysfunction, synaptic instability, and neuroinflammation that ultimately determines neuronal survival and functional recovery. Early bioenergetic collapse-driven by mitochondrial depolarization, Reactive oxygen species (ROS) overproduction, and impaired mitophagy-initiates excitotoxic signaling and calp",https://pubmed.ncbi.nlm.nih.gov/42689978/,PubMed
PF-127 Hydrogel-Delivered hUCMSC-Exosomes Attenuate Endometrial Injury by Inhibiting Epithelial-Mesenchymal Transition.,"Bao Liwei, Li Li, Tang Shengbin",Frontiers in bioscience (Landmark edition),2026-09-04,"Endometrial injury, often resulting from iatrogenic procedures or infections, can lead to fibrosis, adhesions, and infertility. Current therapies are inadequate for reversing fibrosis or restoring normal function. Mesenchymal stem cell-derived exosomes (MSC-exos) present therapeutic potential; however, their rapid clearance poses a challenge. The purpose of this study was to develop a thermosensit",https://pubmed.ncbi.nlm.nih.gov/42689974/,PubMed
2-arm-PEG-Oligocations Transiently Shield the Liver Sinusoids to Mitigate Off-Target Hepatic Expression of mRNA Lipid Nanoparticles.,"Dirisala Anjaneyulu, Chatterjee Bhaskar, Le Nguyen Bui Thao",ACS nano,2026-09-04,"Ionizable lipid nanoparticles (iLNPs) are powerful platforms for mRNA-based vaccines and immunotherapies; however, their intrinsic liver tropism compromises both safety and efficacy. Off-target hepatic protein expression from delivered mRNA raises safety concerns, and hepatic clearance limits efficient iLNP delivery to target organs. In this study, we address these challenges in mouse models by st",https://pubmed.ncbi.nlm.nih.gov/42689699/,PubMed
Advances and Challenges in Nanodelivery Systems for RNA Vaccines.,"Li Hang, Zhao Yubo, Yang Jiajun",ACS nano,2026-09-04,"RNA vaccines have become a transformative technology in infectious disease prevention and cancer treatment, thanks to their rapid development, high immunogenicity, and scalability in production. However, the clinical application of RNA vaccines faces significant challenges, including the inherent instability and susceptibility to degradation of naked RNA, its poor permeability across cell membrane",https://pubmed.ncbi.nlm.nih.gov/42689688/,PubMed
Extracellular vesicles at the immune-metabolic crossroads of Hashimoto's thyroiditis and diabetes mellitus.,"Ma Yao, Jiang Wei-Na, Zhou Tong",Frontiers in immunology,2026-09-04,"Hashimoto's thyroiditis (HT) and diabetes mellitus are highly prevalent chronic immune-mediated disorders that frequently co-occur and share genetic susceptibility, T-helper (Th) 1/Th17 skewing, and regulatory T-cell (Treg) dysfunction. Among individuals with type 1 diabetes mellitus (T1DM), autoimmune thyroiditis is the most common comorbid autoimmune disease. Extracellular vesicles (EVs) have em",https://pubmed.ncbi.nlm.nih.gov/42688475/,PubMed
PEBP1 Regulates Ferroptosis in Acute Glaucoma: Targeted Therapy Using Engineered Exosomes.,"Huang Yijia, Gong Di, Guo Junhong",FASEB journal : official publication of the Federation of American Societies for Experimental Biology,2026-09-04,"Glaucoma is the leading cause of irreversible blindness worldwide, primarily driven by the progressive loss of retinal ganglion cells (RGCs) under pathological high intraocular pressure (ph-IOP). Despite the established role of ferroptosis in RGC degeneration, specific molecular targets that can be used for clinical intervention still need to be optimized, and the slow onset of conventional gene t",https://pubmed.ncbi.nlm.nih.gov/42687852/,PubMed
ROS-responsive injectable hydrogel enables controlled release of human adipose tissue-derived extracellular vesicles for multifaceted osteoarthritis therapy.,"Wang Yikai, Kang Le, Chen Kaizhe",Journal of nanobiotechnology,2026-09-04,"Chronic inflammation and elevated reactive oxygen species (ROS) are pivotal drivers of osteoarthritis (OA), demanding integrated, pathology-adaptive strategies. Here, we develop an injectable, ROS-responsive hydrogel for intra-articular delivery of human adipose tissue-derived extracellular vesicles (AT-EVs) to enable multifaceted OA treatment. Unlike conventional cell-derived MSC-EVs, AT-EVs are ",https://pubmed.ncbi.nlm.nih.gov/42687185/,PubMed
Creating bottom-up RNA transfer vehicles from synthetic protein assemblies.,"Schuhmacher Maren Kirstin, Gruber Christoph, Lang Christopher M R",Nature,2026-09-04,"Evolution guides biological systems to populate ecological niches, with viruses among the most successful examples of this principle. Viruses evolved over billions of years to efficiently transfer genetic information. Although viruses are highly diverse, most have converged towards remarkable similarity in the size and shape of their capsids",https://pubmed.ncbi.nlm.nih.gov/42686908/,PubMed
Research progress and future trends in advanced biomaterials for the treatment of liver fibrosis.,"Li Benteng, Zhu Ruisi, Lv Yonggang","Biomedical materials (Bristol, England)",2026-09-04,"Liver fibrosis is a hallmark pathological feature of chronic liver diseases and poses a major threat to the health of millions of people worldwide. Without timely diagnosis and effective intervention, liver fibrosis can progress to cirrhosis, liver failure, and even hepatocellular carcinoma (HCC). The limited availability of donor organs for orthotopic liver transplantation has driven the continuo",https://pubmed.ncbi.nlm.nih.gov/42685774/,PubMed
MicroRNA-224 orchestrates BMP and TGFβ signaling and is a therapeutic target in preclinical pulmonary arterial hypertension.,"Bikou Olympia, Halouani Aymen, Sun Yifei",Science translational medicine,2026-09-04,"Pulmonary arterial hypertension (PAH) is a progressive pulmonary vascular disease that leads to right heart failure and ultimately death. Therapeutic options targeting the underlying mechanisms of the disease are urgently needed. MicroRNAs (miRs) have emerged as critical regulators of cardiovascular homeostasis and disease. Here, we identified microRNA-224-5p (miR-224) as a regulator of pulmonary ",https://pubmed.ncbi.nlm.nih.gov/42685153/,PubMed
How a polymer filling enhances the rate and selectivity of colloid permeation across mesopores,"Mikhail Y. Laktionov, Frans A. M. Leermakers, Ralf P. Richter",arXiv,2026-09-04,"Polymer-functionalised mesopores are an emerging technology for colloid separation, sensing and delivery. Their potential is strikingly illustrated in living cells, where nuclear pore complexes (NPCs) control biocolloid transport between the nucleus and the cytosol. Even colloids much smaller than the biopolymer-filled NPC channel are effectively blocked, but some larger colloids with distinct sur",http://arxiv.org/abs/2608.27995v1,arXiv
Manganese-Functionalized GelMA Hydrogels for MRI-Guided Immunotheranostics in Precision Oncology,"Motahareh Nazari, Keyvan Alavi",arXiv,2026-09-04,"Precision oncology requires multifunctional platforms capable of integrating accurate tumor diagnosis, localized therapeutic delivery, immune modulation, and real-time monitoring of treatment response. Gelatin methacryloyl (GelMA) hydrogels have emerged as versatile biomaterials for biomedical engineering because of their biocompatibility, extracellular matrix-like structure, tunable mechanical pr",http://arxiv.org/abs/2606.29599v1,arXiv
Estimating the National Disease Burden and Economic Burden of Respiratory Syncytial Virus (RSV) in Thailand.,"Boonpattharatthiti Kansak, Techasaensiri Chonnamet, Phongsamart Wanatpreeya",Influenza and other respiratory viruses,2026-09-04,"Respiratory syncytial virus (RSV), a single-stranded negative-sense RNA virus, causes respiratory tract infections in children and adults, leading to hospitalization and mortality. However, the national disease burden and economic impact of RSV in Thailand remain undetermined. This study aims to estimate the national disease and economic burden of RSV infections in 2023 in Thailand. An incidence-b",https://pubmed.ncbi.nlm.nih.gov/42693667/,PubMed
High-yield production of immunogenic PV3 virus-like particle in yeast.,"Chen Tian, Hong Qin, Han Wenyu",Antiviral research,2026-09-04,"The identification of thermally stabilized mutants of all three poliovirus serotypes (PV1, PV2, and PV3) has enabled the development of virus-like particle (VLP)-based next-generation poliovirus vaccines. PV3 stabilized mutant-derived VLPs (sVLPs) have been produced in several recombinant systems through co-expression of mutant P1 polyprotein with native or uncleavable viral protease 3CD, and have",https://pubmed.ncbi.nlm.nih.gov/42692371/,PubMed
"Host regulatory interactions with Moraxella catarrhalis: emerging hypotheses on microRNA networks, extracellular vesicle RNAs, and phasevarions-mediated epigenetics in respiratory pathogenesis.","Goodarzi Golnaz, Besharati Reza, Kebriaei Abdollah",Microbial pathogenesis,2026-09-04,"Moraxella catarrhalis is a Gram-negative opportunistic pathogen of the human respiratory tract, historically considered a commensal but now established as a leading cause of otitis media in children and acute exacerbations of chronic obstructive pulmonary disease (COPD) in adults. While phylogenomic studies have revealed two deeply divergent evolutionary lineages, Sero resistant (SR) and Sero sens",https://pubmed.ncbi.nlm.nih.gov/42692274/,PubMed
"Incidence, risk factors, and association with vaccination of thrombocytopenia and immune thrombocytopenia (ITP): A scoping review.","Dudley Matthew Z, Ali Hammad, Villaescusa Marta Rojo",Vaccine,2026-09-04,"The Brighton Collaboration published its standard harmonized case definition for thrombocytopenia in 2007 to facilitate collection of valid and reproducible vaccine safety evidence and enable valid comparisons across studies. A companion guide to this case definition (including background incidence, risk factors, evidence for or against an association with vaccination, medical codes, data collecti",https://pubmed.ncbi.nlm.nih.gov/42691821/,PubMed
Early-life colonization with ,"Semon Alexa, Manzer Haider S, Keenan Orlaith","Science (New York, N.Y.)",2026-09-04,,https://pubmed.ncbi.nlm.nih.gov/42691172/,PubMed
Evaluation of the contribution of the minor envelope complex glycoprotein 3 ectodomain to the porcine reproductive and respiratory syndrome virus 1 neutralizing antibody response.,"Hayes Jack W P, Edwards Jane C, Valdez Kristel Ramirez",The Journal of general virology,2026-09-04,"Porcine reproductive and respiratory syndrome viruses (PRRSVs) cause significant economic losses to the global swine industry. Current live attenuated vaccines are unable to effectively control PRRSV infection, and strain variability, driven by rapid mutation, complicates the development of improved vaccines. Identification of the targets of broadly neutralizing antibodies is crucial for guiding n",https://pubmed.ncbi.nlm.nih.gov/42690728/,PubMed
The Brucella effector protein BtpB facilitates STAT3 activation to regulate polarization in macrophages during infection.,"Yuan Ye, Wang Minghui, Hao Mingyue",Veterinary research,2026-09-04,Brucella is a Gram-negative facultative intracellular pathogen that causes widespread zoonotic infections. Macrophages are crucial immune and antigen-presenting cells that differentiate into proinflammatory M1-type or anti-inflammatory M2-type cells in different microenvironments. The BtpB protein of Brucella is a type IV secretion system effector protein that modulates host inflammatory responses,https://pubmed.ncbi.nlm.nih.gov/42687195/,PubMed
A dimeric mRNA vaccine based on key-mutant and KP.3 RBDs induces broad-spectrum immunity and protects mice against JN.1 and XDV challenges.,"Xu Jiali, Peng Rui, Yuan Longhai",Molecular biomedicine,2026-09-04,"The continued antigenic evolution of SARS-CoV-2 Omicron subvariants has progressively eroded vaccine-elicited protective immunity, driving demand for next-generation candidates that confer broad-spectrum protection against phylogenetically divergent strains. Here we report the design and preclinical evaluation of SV, an mRNA vaccine encoding a heterodimeric receptor-binding domain (RBD) antigen. I",https://pubmed.ncbi.nlm.nih.gov/42687061/,PubMed
Immuno-Oncology: New Insights into Targets and Therapies.,"Schokrpur Shiruyeh, White Michael G, Roland Christina L",Hematology/oncology clinics of North America,2026-09-04,"The role of immunotherapy in the care of surgical oncology patients promises to expand as investigators and clinicians evaluate new targets and approaches. Currently active clinical trials evaluate new immune checkpoints, including lymphocyte activation gene 3, T cell immunoreceptor with Ig and ITIM domains, and killer Ig-like receptor 2DL1/2L3. Vaccines delivered through mRNA have demonstrated ex",https://pubmed.ncbi.nlm.nih.gov/42686326/,PubMed
Navigating patient access pathways for non-viral RNA-based therapeutics: a comparative review of health technology assessment and reimbursement pathways across six countries.,"Alshaikh Rasha A, Cronin Diarmuid J, Hughes Dyfrig A",European journal of pharmaceutical sciences : official journal of the European Federation for Pharmaceutical Sciences,2026-09-04,"RNA therapies are transforming the treatment landscape for several rare, severe, and previously untreatable diseases. Regulatory approval only permits the medicine to be marketed; it does not determine whether a public health system will fund it. In Europe, this typically relies on national reimbursement bodies, following a Health Technology Assessment (HTA) or comparable processes. Despite the cl",https://pubmed.ncbi.nlm.nih.gov/42685807/,PubMed
Benchmarking methods for extracting microbial signal from host-dominated metatranscriptomes.,"Colajanni Antonin, Uricaru Raluca, Darko Samuel",Briefings in bioinformatics,2026-09-04,"Human RNA sequencing (RNA-seq) data originally generated for human transcriptome profiling are overwhelmingly dominated by host sequences, yet they often contain a small fraction of non-human reads that can be exploited for microbial detection. When such datasets are repurposed for secondary microbiome-oriented analyses, extracting and accurately classifying this weak microbial signal becomes tech",https://pubmed.ncbi.nlm.nih.gov/42685266/,PubMed
Tissue origins and immune correlates of viral rebound in SIV-infected rhesus macaques after ART discontinuation.,"King Irena V, Aid Malika, Kose Emek",Science translational medicine,2026-09-04,"Most persons living with HIV-1 who discontinue antiretroviral therapy (ART) demonstrate viral rebound, but the tissue-level events that lead to rebound viremia remain poorly understood. Here, we report the origin, dynamics, and correlates of viral rebound in 16 rhesus macaques (RMs) infected with molecularly barcoded SIVmac239M, treated with ART for 70 weeks, and necropsied on day 12 after ART dis",https://pubmed.ncbi.nlm.nih.gov/42685152/,PubMed
Breast cancer prevention by prophylactic Lalba mRNA-LNP vaccination.,"Nishida Jun, Seehawer Marco, Rojas Jimenez Ernesto",Proceedings of the National Academy of Sciences of the United States of America,2026-09-04,Tumor-suppressive immunity is more evident in early-stage compared to advanced tumors making it the ideal point for cancer interceptive immunotherapies. We previously described that higher peripheral T cell diversity is associated with more pronounced CD8,https://pubmed.ncbi.nlm.nih.gov/42685084/,PubMed
Age-specific humoral immune response to SARS-CoV-2: A comparative analysis of antibody levels in children and adults after vaccination with primary series or infection.,"Hawkes Brooke A, Hollister James, Porter Cynthia",PloS one,2026-09-04,"Age is a crucial factor in COVID-19 risk and severity, however its role in humoral immunity is unclear. This study compares associations between age and immune response following COVID-19 vaccination and SARS-CoV-2 infection. Data from the Arizona Healthcare, Emergency Response, and Other Essential Workers study (AZ-HEROES), a prospective cohort, were used to create two analytic groups: 1) a post-",https://pubmed.ncbi.nlm.nih.gov/42685055/,PubMed
An endonuclease inhibitor unlocks the PA-X shutoff mechanism in influenza A virus.,"Oishi Kohei, Sano Kaori, Yamayoshi Seiya",Cell reports,2026-09-04,"Influenza A virus protein PA-X mediates host shutoff, yet its molecular mechanism and the role of its C-terminal region remain unclear. When ectopically expressed via plasmids, PA-X cleaves its own mRNAs, leading to remarkably low intracellular expression, which makes its characterization challenging. In this study, we utilize an endonuclease inhibitor to suppress PA-X shutoff activity, enabling i",https://pubmed.ncbi.nlm.nih.gov/42684885/,PubMed
"Molecular epidemiology of foot-and-mouth disease viruses collected from Khartoum, Blue Nile, and Northern States of Sudan (2019-2022).","Ragab Maysa, Almofti Yassir A, Rauouf Yazeed A",Scientific reports,2026-09-04,"Foot-and-mouth disease (FMD) is a highly contagious transboundary viral disease causing significant economic losses in livestock. This study investigated the serotype distribution and molecular epidemiology of FMD viruses (FMDV) circulating in Sudan between 2019 and 2022. A total of 51 epithelial tissue samples were collected from outbreaks in Khartoum, Blue Nile and Northern States. Samples were ",https://pubmed.ncbi.nlm.nih.gov/42680782/,PubMed
Normal-immunopeptidome denominator: a safety atlas for immunotherapies targeting non-canonical and aberrantly expressed tumor antigens.,Chen Li-Zhen,Journal for immunotherapy of cancer,2026-09-04,"Proteogenomic cancer antigen discovery now extends beyond somatic mutations to include unmutated, aberrantly expressed, and non-canonical sources. We distinguish two orthogonal dimensions: molecular origin (canonical or non-canonical) and normal-tissue distribution (tumor-specific antigen, tumor-associated antigen, or lineage-specific antigen). Importantly, non-canonical origin does not imply tumo",https://pubmed.ncbi.nlm.nih.gov/42680204/,PubMed
From conventional biologics-device combination products to advanced therapies: current state and future trends in patient-centric delivery.,"Bhambhani Akhilesh, Wei Julie Y, Zhang Hairui",Advanced drug delivery reviews,2026-09-04,"Patient-centric Biologics-Device Combination Products (BDCP) improve patient experience and compliance, while enhancing therapeutic outcomes by enabling novel routes of delivery, tackling frequent dosing and large-volume delivery requirements, and/or by simplifying administration in a healthcare setting as well as in out-patient dosing (e.g. self-administration). They also present promising soluti",https://pubmed.ncbi.nlm.nih.gov/42680108/,PubMed
An Integrative Computational Approach to Predict Viral Epitopes by Targeting the MHC-TCR Complexation,"Jaya Vasavi Pamidimukkala, Roshan Balaji, Nirav Pravinbhai Bhatt",arXiv,2026-09-04,"T-cell immunity acts as a major defense system against controlling viral infections in vertebrates. During viral entry, innate immune cells degrade the viral proteins (antigens) and present them on their surface via Major Histocompatibility (MHC) proteins. T-cell receptors (TCRs) recognize these antigens/peptides presented by MHC (pMHC), initiating a T-cell mediated immune response. Despite its si",http://arxiv.org/abs/2609.03182v1,arXiv
Transformer-Based Active Learning for Data-Efficient Vaccine Epitope Selection in PRRS,"Aspen Erlandsson Brisebois, Zahed Khatooni, Connor Burbridge",arXiv,2026-09-04,"High-fidelity molecular docking simulations can produce biologically relevant estimates of epitope-receptor binding affinity but are computationally expensive and therefore limit the number of candidates that can be screened for vaccine design. In this work, we evaluate machine learning (ML) approaches where variants of active learning are used to classify instances of high binding affinity betwee",http://arxiv.org/abs/2606.28659v1,arXiv
Exploring the Effects of Entanglement on Quantum Machine Learning of Pathogen Epitope-Receptor Binding,"Aspen Erlandsson Brisebois, Luis Pablo Gonzalez Dominguez, Shivansi Prajapati",arXiv,2026-09-04,"Parameterized quantum circuits (PQCs) provide a flexible substrate for hybrid quantum machine learning (QML), but their practical value on Noisy Intermediate-Scale Quantum (NISQ) devices remains an empirical question, especially because training depth and scale can introduce optimization challenges such as barren plateaus. Here we study how the number and topology of two-qubit entangling gates in ",http://arxiv.org/abs/2606.28655v1,arXiv
Targeting Klotho Signaling for Neuroprotection in Huntington's Disease: A Comprehensive Review.,"Singh Shikha, Kumar Avnesh, Goel Falguni",Current molecular medicine,2026-09-04,"HD is a hereditary neurodegenerative disease caused by the amplification of the CAG trinucleotide repeat in the HTT gene, leading to a Mutant Huntingtin (mHTT) protein that dysregulates transcription, promotes protein aggregation, induces neuroinflammation, and impairs mitochondrial function. Motor dysfunction, cognitive decline, and mental disorders are manifestations of these biochemical abnorma",https://pubmed.ncbi.nlm.nih.gov/42693859/,PubMed
[Mechanism study on baicalein inhibiting cervical cancer driven by persistent HPV infection via restoring MAVS-IRF3-IFN-β mitochondrial antiviral signal].,"Chen Jin, Kang Heng-Yuan, Jiang Yu-Han",Zhongguo Zhong yao za zhi = Zhongguo zhongyao zazhi = China journal of Chinese materia medica,2026-09-04,"This study aims to investigate the inhibitory effect of baicalein on cervical cancer driven by persistent human papillomavirus(HPV) infection and clarify its regulatory mechanism on the mitochondrial antiviral signaling protein(MAVS)-interferon regulatory factor 3(IRF3)-interferon-β(IFN-β) signaling pathway, so as to provide experimental evidence for the clinical transformation of baicalein. AutoD",https://pubmed.ncbi.nlm.nih.gov/42693064/,PubMed
Three-dimensional primary myofibroblast culture reveals morphological alterations in CPAMD8 deficiency.,"Liu Houyi, Ning Li, Xiao Binghe",Experimental eye research,2026-09-04,"To describe the novel clinical phenotypes and develop a three-dimensional (3D) primary myofibroblast culture model to investigate morphological alterations associated with CPAMD8 deficiency. We identified novel CPAMD8 variants by exome sequencing. Primary myofibroblasts from human ciliary muscle were cultured in a Matrigel-based 3D system, and CPAMD8 was knocked down by siRNA to assess effects on ",https://pubmed.ncbi.nlm.nih.gov/42692183/,PubMed
"Galectin-1 Modulates Cell Adhesions, Cavin-1 phosphorylation, and Vascular Permeability in Kidney Endothelial Cells - Insights from Proteomics, Phosphoproteomics, and Functional Studies.","Boshart Alex, Farkona Sofia, Rajasekar Shravanthi",Molecular & cellular proteomics : MCP,2026-09-04,"Microvascular inflammation and endothelial injury, triggered by interferon-gamma (IFNγ), are hallmarks of antibody-mediated rejection (ABMR), the leading cause of premature kidney allograft loss. Glomerular extracellular matrix (ECM) remodeling and endothelial caveolae formation are important aspects of chronic ABMR. We found galectin-1, an immunomodulatory protein that interacts with the ECM, to ",https://pubmed.ncbi.nlm.nih.gov/42692155/,PubMed
Oxypalmatine alleviates ulcerative colitis through RAB8A-mediated inhibition of STAT1-driven pro-inflammatory macrophage polarization.,"Huang Zhuowen, Zhang Xia, Fang Yilong",Phytomedicine : international journal of phytotherapy and phytopharmacology,2026-09-04,"Ulcerative colitis (UC) is a type of inflammatory bowel disease. Macrophage polarization is crucial in the development of UC. Oxypalmatine (OPAL) is an isoquinoline alkaloid that can be isolated from various plant, including Phellodendron amurense and Sinomenium acutum. It is also an oxidative metabolite derived from the hepatic biotransformation of palmatine (PAL), which is one of the active cons",https://pubmed.ncbi.nlm.nih.gov/42691593/,PubMed
EIF1 coordinates transcriptomic and splicing networks associated with cell cycle dysregulation in diabetic retinopathy.,"Li Na, Ma Qian, Fan Xin",PloS one,2026-09-04,"EIF1, an RNA-binding protein implicated in multiple diseases, remains poorly characterized in diabetic retinopathy (DR). This study therefore investigated EIF1 expression and function in an in vitro model of DR pathogenesis. Human retinal pigment epithelial cells (ARPE-19) were exposed to 50 mM glucose to model DR. EIF1 was knocked down using siRNA under hyperglycemic conditions, followed by trans",https://pubmed.ncbi.nlm.nih.gov/42691050/,PubMed
Dietary Citrus Flavonoid Hesperetin Attenuates Metabolic Dysfunction-Associated Steatotic Liver Disease via Modulation of MAPK-RARα Axis.,"Fu Yilong, Lin Yiyou, Liu Fucai",Journal of agricultural and food chemistry,2026-09-04,"Metabolic dysfunction-associated steatotic liver disease (MASLD) lacks effective nutrition-based interventions. Hesperetin, a dietary citrus flavonoid, was evaluated for its hepatoprotective mechanism using high-fat diet-induced MASLD mice and free fatty acid-challenged hepatocytes. Hesperetin improved glucose and lipid metabolism, alleviated steatosis and inflammation, and restored hepatic functi",https://pubmed.ncbi.nlm.nih.gov/42690782/,PubMed
Desmoplakin loss in alveolar epithelium drives Wnt/β-Catenin-mediated extracellular matrix remodeling and fibrotic signaling in vitro.,"Singh Pooja, Chakraborty Krishnendu, Bansal Aparna",Molecular biology reports,2026-09-04,"Idiopathic pulmonary fibrosis (IPF) is a progressive fibrotic interstitial lung disease characterized by aberrant extracellular matrix (ECM) remodeling, epithelial dysfunction, and limited therapeutic options. Genetic studies implicate Desmoplakin (DSP), a desmosomal adhesion protein, in IPF susceptibility; however, its mechanistic role remains unclear. This study aimed to investigate the role of ",https://pubmed.ncbi.nlm.nih.gov/42690534/,PubMed
Macrophage FOXO1 Inhibition Protects Against Hyperglycaemia-Associated Kidney Injury.,"Zhu Hejie, Liu Qian, Yang Lunqiang",Basic & clinical pharmacology & toxicology,2026-09-04,"Diabetic kidney disease (DKD) is one of the most significant microvascular complications of diabetes, characterized by high incidence and mortality; however, its pathogenesis remains unclear. Renal inflammation and macrophage infiltration play pivotal roles in driving DKD progression. The transcription factor forkhead box protein O1 (FOXO1) regulates the transcriptional expression of multiple pro-",https://pubmed.ncbi.nlm.nih.gov/42690145/,PubMed
Integrated transcriptomic and immunogenomic analysis unravels the immunological functions and prognostic landscape of WD repeat domain 76.,"Wang Yifan, Zhou Rong, Guo Shenglong",International journal of immunopathology and pharmacology,2026-09-04,"BackgroundWD Repeat Domain 76 (WDR76) plays a potential role in cellular regulation; however, its comprehensive landscape across human malignancies and its specific biological function in hepatocellular carcinoma (HCC) remain largely unexplored.MethodsWe conducted a systematic pan-cancer analysis utilizing multi-omics data from The Cancer Genome Atlas (TCGA), Genotype-Tissue Expression (GTEx), and",https://pubmed.ncbi.nlm.nih.gov/42690047/,PubMed
IFIT1,"Liu Rui, Fang Yilin, Zheng Ruxi",Frontiers in bioscience (Landmark edition),2026-09-04,"Epithelial ovarian cancer (EOC) is typically diagnosed at an advanced stage and is associated with high mortality due to metastasis and chemoresistance. Cancer stem cells (CSCs) are central to EOC progression, recurrence, and treatment resistance, with their functional behavior shaped by the tumor immune microenvironment. While M1 and M2 macrophages have been well-characterized, the role of interf",https://pubmed.ncbi.nlm.nih.gov/42690005/,PubMed
Silencing GJB2 attenuates IL-1β-induced chondrocyte injury by activating Nrf2/HO-1 signaling and preserving mitochondrial function.,"Pan Hongyi, Wu Lianguo",Folia histochemica et cytobiologica,2026-09-04,"Mitochondrial oxidative stress is a key driver of inflammation-induced chondrocyte dysfunction and cartilage degeneration. However, the molecular regulators linking inflammatory signaling to mitochondrial impairment in chondrocytes remain incompletely understood. Public transcriptomic datasets were analyzed using differential expression analysis, weighted gene co-expression network analysis (WGCNA",https://pubmed.ncbi.nlm.nih.gov/42689374/,PubMed
Immune Checkpoint B7-H3 Inhibition Reprograms Acute Neuroinflammation and Protects the Brain After Acute Ischemic Stroke.,"Boda Arun Kumar, Mak Kit-Kay, Li Weiguo",Stroke,2026-09-04,"The role of immune checkpoint B7-H3 in acute ischemic stroke prognosis and poststroke immunosuppression remains uninvestigated, despite the clinical significance of immune checkpoints with inflammaging and poststroke infections. In this study, we investigated the effect of regulating cerebral induction of B7-H3 after acute ischemic stroke and evaluated its longitudinal impact on brain damage, neur",https://pubmed.ncbi.nlm.nih.gov/42689339/,PubMed
Endothelin-1 drives COX-2 and prostaglandin E,"Fan Fang-Yu, Vo Thi Thuy Tien, Kuo Hsuan",Journal of dental sciences,2026-09-04,"Endothelin-1 (ET-1) has been implicated in inflammatory tissue responses, but its role in osteoblast-mediated inflammation during periodontal inflammation remains unclear. This study investigated whether ET-1 induces cyclooxygenase-2 (COX-2) expression and prostaglandin E Murine osteoblast-like MC3T3-E1 cells were stimulated with ET-1. COX-2 protein and mRNA expression, promoter activity, and PGE ",https://pubmed.ncbi.nlm.nih.gov/42689040/,PubMed
Synergistic Combination of Hypericin-Mediated Photodynamic Therapy and HIF-1α siRNA Inhibits Triple-Negative Breast Cancer via Inducing PANoptosis in vitro.,"Wen Xin, Song Jiangluqi, Yu Yirui",Cancer management and research,2026-09-04,Triple-negative breast cancer (TNBC) is an aggressive subtype of breast cancer associated with high global morbidity and mortality. Hypericin is a natural photosensitizer that can preferentially accumulate in tumor tissues. Photodynamic therapy (PDT) is an emerging anticancer strategy that eliminates tumor cells through reactive oxygen species (ROS) generation by light-activated photosensitizers i,https://pubmed.ncbi.nlm.nih.gov/42688896/,PubMed
[CAMK2a Regulates Paclitaxel Resistance in Oral Squamous Cell Carcinoma Cells by Activating the ERK Signaling Pathway].,"Wang Junfeng, Chen Hongli, Chen Jiao",Sichuan da xue xue bao. Yi xue ban = Journal of Sichuan University. Medical science edition,2026-09-04,To investigate the molecular mechanisms by which calcium signaling pathways regulate the paclitaxel resistance and the survival of oral squamous cell carcinoma (OSCC) cells. A paclitaxel-resistant OSCC cell model was established through continuous low-dose paclitaxel induction with dose escalation. The stability of the paclitaxel-resistant model was assessed using the Cell Counting Kit-8 (CCK-8) a,https://pubmed.ncbi.nlm.nih.gov/42688348/,PubMed
DeepSilencer: A Novel Deep Learning Model for Predicting siRNA Knockdown Efficiency,"Wangdan Liao, Weidong Wang",arXiv,2026-09-04,"Background: Small interfering RNA (siRNA) is a promising therapeutic agent due to its ability to silence disease-related genes via RNA interference. While traditional machine learning and early deep learning methods have made progress in predicting siRNA efficacy, there remains significant room for improvement. Advanced deep learning techniques can enhance prediction accuracy, reducing the relianc",http://arxiv.org/abs/2503.04200v1,arXiv
Maturation of siRNA by strand separation: Steered Molecular dynamics study,"Rakesh K Mishra, Sanchita Mukherjee, Dhananjay Bhattacharyya",arXiv,2026-09-04,"RNA interference, particularly siRNA induced gene silencing is becoming an important avenue of modern therapeutics. The siRNA is delivered to the cells as short double helical RNA which becomes single stranded for forming the RISC complex. Significant experimental evidence is available for most of the steps except the process of the separation of the two strands. We have attempted to understand th",http://arxiv.org/abs/1910.03778v1,arXiv
Using a hydrogen-bond index to predict the gene-silencing efficiency of siRNA based on the local structure of mRNA,"Kathy Q. Luo, Donald C. Chang",arXiv,2026-09-04,The gene silencing effect of short interfering RNA (siRNA) is known to vary strongly with the targeted position of the mRNA. A number of hypotheses have been suggested to explain this phenomenon. We would like to test if this positional effect is mainly due to the secondary structure of the mRNA at the target site. We proposed that this structural factor can be characterized by a single parameter ,http://arxiv.org/abs/1710.07413v1,arXiv
Unraveling siRNA Unzipping Kinetics with Graphene,"Santosh Mogurampelly, Swati Panigrahi, Dhananjay Bhattacharyya",arXiv,2026-09-04,"Using all atom molecular dynamics simulations, we report spontaneous unzipping and strong binding of small interfering RNA (siRNA) on graphene. Our dispersion corrected density functional theory based calculations suggest that nucleosides of RNA have stronger attractive interactions with graphene as compared to DNA residues. These stronger interactions force the double stranded siRNA to spontaneou",http://arxiv.org/abs/1207.4569v1,arXiv
Unzipping and binding of small interfering RNA with single walled Carbon Nanotube: a platform for small interfering RNA delivery,"Mogurampelly Santosh, Swati Panigrahi, Dhananjay Bhattacharyya",arXiv,2026-09-04,"In an effort to design efficient platform for siRNA delivery, we combine all atom classical and quantum simulations to study the binding of small interfering RNA (siRNA) by pristine single wall carbon nanotube (SWCNT). Our results show that siRNA strongly binds to SWCNT surface via unzipping its base-pairs and the propensity of unzipping increases with the increase in the diameter of the SWCNTs. T",http://arxiv.org/abs/1203.2409v1,arXiv
Nanodiamond as a vector for siRNA delivery to Ewing sarcoma cells,"Anna Alhaddad, Marie-Pierre Adam, Jacques Botsoa",arXiv,2026-09-04,"We investigated the ability of diamond nanoparticles (nanodiamonds, NDs) to deliver small interfering RNA (siRNA) in Ewing sarcoma cells, in the perspective of in vivo anti-cancer nucleic acid drug delivery. siRNA was adsorbed onto NDs previously coated with cationic polymer. Cell uptake of NDs has been demonstrated by taking advantage of NDs intrinsic fluorescence coming from embedded color cente",http://arxiv.org/abs/1106.2252v2,arXiv
Target prediction and a statistical sampling algorithm for RNA-RNA interaction,"F. W. D. Huang, J. Qin, C. M. Reidys",arXiv,2026-09-04,"It has been proven that the accessibility of the target sites has a critical influence for miRNA and siRNA. In this paper, we present a program, rip2.0, not only the energetically most favorable targets site based on the hybrid-probability, but also a statistical sampling structure to illustrate the statistical characterization and representation of the Boltzmann ensemble of RNA-RNA interaction st",http://arxiv.org/abs/0908.0597v1,arXiv
In silico evidence of the relationship between miRNAs and siRNAs,"Ludovica Montanucci, Piero Fariselli, Pier Luigi Martelli",arXiv,2026-09-04,"Both short interfering RNAs (siRNAs) and microRNAs (miRNAs) mediate the repression of specific sequences of mRNA through the RNA interference pathway. In the last years several experiments have supported the hypothesis that siRNAs and miRNAs may be functionally interchangeable, at least in cultured cells. In this work we verify that this hypothesis is also supported by a computational evidence. We",http://arxiv.org/abs/0705.2355v1,arXiv
