title,authors,journal,date,abstract,link,source
In Silico Analysis of Potential miRNAs-EGFR Binding Complex for EGFR-TKI Resistance Lung Cancer Cells.,"Ray Manisha, Naim Sheikh, Mishra Pritinanda","MicroRNA (Shariqah, United Arab Emirates)",2026-09-08,"Overexpression of Epidermal Growth Factor Receptor (EGFR) plays a critical role in the progression and high mortality of Non-Small Cell Lung Cancer (NSCLC). Although EGFR tyrosine kinase inhibitors (EGFR-TKIs) demonstrate promising efficacy as first-line therapy, acquired resistance remains a major clinical challenge. Increasing evidence suggests that microRNAs (miRNAs) regulate EGFR signaling pat",https://pubmed.ncbi.nlm.nih.gov/42706974/,PubMed
Scutellaria Barbata Flavonoids Mitigate Alzheimer's Disease-related Aβ25-35 Toxicity in N2a Cells through CREB Phosphorylation.,"Yu Xiaomin, Yi Yan, Liu Xinyang",Current medicinal chemistry,2026-09-08,"Mouse neuroblastoma cells (N2a) are spontaneously derived from mice and possess the characteristics of neural stem cells. The proliferation, differentiation, and protrusion growth of N2a cells in vitro are consistent with those in vivo. Flavonoids isolated from the aerial parts of Scutellaria barbata (SBFs) can improve learning and memory deficits and protect against neuronal injury in many in viv",https://pubmed.ncbi.nlm.nih.gov/42706972/,PubMed
MicroRNA-mRNA Networks in Skeletal Muscle of Tailored Pig Models for Dystrophinopathies.,"Reschke Sarah, Graf Alexander, Hadlich Frieder","Journal of cachexia, sarcopenia and muscle",2026-09-08,"Duchenne muscular dystrophy (DMD) and Becker muscular dystrophy (BMD) are X-linked dystrophinopathies caused by mutations in the dystrophin (DMD) gene. A common DMD-causing mutation in humans is exon 52 deletion (DMDΔ52), which disrupts the reading frame and abolishes dystrophin expression. Therapeutic skipping of exon 51 or 53 can restore the reading frame, producing a truncated but functional pr",https://pubmed.ncbi.nlm.nih.gov/42706869/,PubMed
Exosomes-mediated molecular mechanisms underlying the transformation of ovarian tissue into a functional placental analogue in black rockfish ( ,"Zheng Bing-Yan, Wang Xiao-Jie, Wen Hai-Shen",Zoological research,2026-09-08,"Viviparity has independently evolved multiple times in teleosts, leading to diverse modes of maternal nutrient provisioning. In black rockfish (  胎生繁殖策略在真骨鱼类中多次独立进化，从而衍生出多样化的母体营养供给模式。在许氏平鲉妊娠期间，胚胎干重持续增加，母胎之间通过胎盘连接结构进行营养物质传递。先前的研究描述了许氏平鲉胎盘类似物的基本形态和进化趋同性，然而其完整的结构体系以及背后的分子机制仍未得到明确解释。该研究发现来源于卵巢滤泡组织的胎盘类似物的母体部分由血管化的外层和具有腺体和分泌功能的内层构成，并形成包裹胚胎的囊状结构。在分子层面，这一转化过程涉及上皮–间充质相互作用、血管生成以及免疫反应。此外，该研究在胎盘类似物周围观察到外泌体样结构",https://pubmed.ncbi.nlm.nih.gov/42706793/,PubMed
METTL3 Promotes the Growth of Triple-Negative Breast Cancer Cells by Modulating Ferroptosis-Related Oxidative Stress via the ELF1/GPX4 Axis.,"Wang Jincheng, Wang Wei, Hu Junjie",Asia-Pacific journal of clinical oncology,2026-09-08,"Triple-negative breast cancer (TNBC) is an aggressive malignancy with limited treatment options, highlighting the urgent need to identify novel therapeutic targets. The present study investigates the role of the RNA methyltransferase METTL3 in promoting TNBC progression by modulating a ferroptosis-related phenotype, an iron-dependent form of regulated cell death. Using TNBC cell lines (BT549 and M",https://pubmed.ncbi.nlm.nih.gov/42706600/,PubMed
Pathogenicity of NUSAP1 Variants Is Defined by NMD-Escape: Evidence From Two Novel Cases and Systematic Population-Based Variant Analysis.,"Jacob Maureen, Badmann Susann, Bigoni Stefania",Clinical genetics,2026-09-08,"Protein-truncating variants in the 3' region of a transcript, evading mRNA degradation and giving rise to aberrant truncated proteins, are an underrecognized cause in Mendelian diseases. Here, we report two individuals with heterozygous de novo nonsense variants in the penultimate and last exon of NUSAP1, both presenting with early-onset refractory epilepsy, global developmental delay, congenital ",https://pubmed.ncbi.nlm.nih.gov/42706591/,PubMed
A truncated COL10A1 protein causes Schmid metaphyseal chondrodysplasia via protein downregulation and impairing α1 trimer formation and secretion.,"Sun Zhe, He Yaqiong, Zhang Ting",Functional & integrative genomics,2026-09-08,"Schmid-type metaphyseal chondrodysplasia (SMCD) is primarily caused by mutations in the COL10A1 gene. This study reports a novel frameshift mutation, c.1940dup (p.Asn647Lysfs*2), identified in a Chinese SMCD pedigree. The mutation did not alter messenger RNA levels but significantly reduced COL10A1 protein expression. The mutant protein lacks the C-terminal 33 amino acids, resulting in a truncated",https://pubmed.ncbi.nlm.nih.gov/42706449/,PubMed
"Convergent and Divergent Molecular Pathways in FMR1-, TSC2- and FMR1/TSC2 Knockout Neurons.","Utami Kagistia Hana, Yusof Nur Amirah Binte Muhammed, Ramaswamy Yazhini",Molecular neurobiology,2026-09-08,"Fragile X syndrome (FXS) and tuberous sclerosis complex (TSC) are common monogenic causes of autism spectrum disorder (ASD). FXS arises from FMR1 silencing, while TSC results from mutations in TSC1 or TSC2, both converging on dysregulated ERK and mTORC1 signaling. Animal knockout models suggest opposing effects on synaptic plasticity, with reciprocal compensation in double knockouts (dKO). However",https://pubmed.ncbi.nlm.nih.gov/42706412/,PubMed
Machine learning identifies plasma-derived exosomal miRNAs associated with low muscle mass in Tibetan patients with rheumatoid arthritis.,"Tang Li, Lin Zhigang, Zou Linmeng",Scientific reports,2026-09-08,"Sarcopenia poses a significant health burden in aging populations, particularly among patients with rheumatoid arthritis (RA), but current diagnostic approaches face limitations in early detection. This study aims to identify plasma-derived exosomal miRNA features associated with low muscle mass in Tibetan patients with RA. High-throughput sequencing identified 101 candidate dysregulated miRNAs in",https://pubmed.ncbi.nlm.nih.gov/42706366/,PubMed
Multi-population GWAS meta-analysis identifies bladder cancer susceptibility loci and highlights genetic regulation of smoking-related risk.,"Prokunina-Olsson Ludmila, Florez-Vargas Oscar, Levin Michael G",Nature communications,2026-09-08,"Bladder cancer is the ninth most common cancer worldwide, caused by genetic and environmental risk factors. Here, we report the findings of a multi-population meta-analysis of genome-wide association studies, including 32,470 individuals with and 1,753,462 without bladder cancer. We identify 70 independent risk loci, of which 43 are novel. Using a 70-marker polygenic risk score (HR = 1.63 per stan",https://pubmed.ncbi.nlm.nih.gov/42706231/,PubMed
[Adipose-derived stem cell exosomes promote regulatory T cell-mediated immunosuppression in a murine model of allergic rhinitis].,"Dai B, Zhang B, Wang Y",Zhonghua er bi yan hou tou jing wai ke za zhi = Chinese journal of otorhinolaryngology head and neck surgery,2026-09-08,,https://pubmed.ncbi.nlm.nih.gov/42706187/,PubMed
[Inter-laboratory comparison of international standardized BCR::ABL1 (P210) mRNA of chronic myeloid leukemia patients by digital PCR].,"Qin Y Z, Ma D X, Yao Y",Zhonghua xue ye xue za zhi = Zhonghua xueyexue zazhi,2026-09-08,,https://pubmed.ncbi.nlm.nih.gov/42706170/,PubMed
[SARS-CoV-2 disrupts the blood-retinal barrier via the interaction between Spike protein and PARP-1 in mice: an experimental study].,"Xi Y X, Chang T F, Zhou Z Y",[Zhonghua yan ke za zhi] Chinese journal of ophthalmology,2026-09-08,,https://pubmed.ncbi.nlm.nih.gov/42706144/,PubMed
[Role and mechanism of infrared thermography in early identification of necrosis risk in random-pattern flaps of mice].,"Jiang X Q, Xu J, Ling X W",Zhonghua shao shang yu chuang mian xiu fu za zhi,2026-09-08,,https://pubmed.ncbi.nlm.nih.gov/42706051/,PubMed
Cancer-associated synonymous mutations target mRNA structures and protein activity.,Fahraeus Robin,Trends in cancer,2026-09-08,"The role of adaptive mRNA structures in regulating gene expression in mammalian cells remains poorly understood. Synonymous mutations have been linked to a range of diseases, including cancer, yet their impact on cell biology remains largely unexplored. This opinion focuses on how cancer-associated synonymous mutations (CASMs) in the TP53 mRNA disrupt signal-induced mRNA structures and alter the a",https://pubmed.ncbi.nlm.nih.gov/42706007/,PubMed
Circular RNAs as central regulators of RNA stability.,"Boo Sung Ho, Kang Eunchae, Kang Dahyeon",Trends in genetics : TIG,2026-09-08,"Circular RNAs (circRNAs) are a class of covalently closed, single-stranded RNAs generated predominantly through back-splicing of pre-mRNAs. Unlike their linear counterparts, circRNAs lack free 5' and 3' termini, rendering them intrinsically resistant to exoribonucleolytic degradation and conferring exceptional stability. In addition, accumulating evidence has revealed that circRNAs actively partic",https://pubmed.ncbi.nlm.nih.gov/42705918/,PubMed
Transcriptomic analysis of a phase 1 trial for intraperitoneal monocytes plus IFNs in ovarian cancer reveals support and recruitment of cell-mediated immunity.,"Ning Franklin, San Andres-Montalvan Emily, Meyer Thomas J",Journal for immunotherapy of cancer,2026-09-08,"Ovarian cancer is the most lethal gynecological malignancy and lacks therapeutic options in the recurrent setting. We previously determined the safety and initial clinical activity of intraperitoneal autologous monocytes with interferon gamma and interferon alpha (AMIGA) in women with recurrent, platinum-resistant ovarian cancer, but not all enrolled patients showed benefit, warranting further ana",https://pubmed.ncbi.nlm.nih.gov/42705863/,PubMed
FGF-21 Protects Against Sepsis-Associated Acute Kidney Injury by Modulating Inflammation and Autophagy via the AMPK/mTOR1 Pathway.,"Huan Guiming, Zhou Juan, Liao Qizhi",European journal of pharmacology,2026-09-08,"This preclinical/clinical study aimed to evaluate the potential protective effects of fibroblast growth factor-21 (FGF-21) against sepsis-associated acute kidney injury (S-AKI). Serum samples from patients diagnosed with sepsis and S-AKI were collected. In the cecal ligation and puncture (CLP) model of S-AKI, recombinant FGF-21 or small interference RNAs targeting FGF-21 (si-FGF-21) were given to ",https://pubmed.ncbi.nlm.nih.gov/42705587/,PubMed
Postnatal expression of phoenixin-14 and GPR173 gene and protein in the mice testis and its effect on steroidogenesis in the early stage.,"Marak Dombera K, Gurusubramanian Guruswami, Roy Vikas Kumar",The Journal of steroid biochemistry and molecular biology,2026-09-08,"Phoenixin-14 is a neuropeptide that has been shown to bind to GPR173 for biological functions. Its expression has been shown in various tissues, including the ovaries of porcine, human, and rat. However, no information is available on its expression in postnatal mouse testes. Phoenixin-14 is derived from the gene Smim20. Here we report that Smim20 and Gpr173 mRNA expression shows a decline from PN",https://pubmed.ncbi.nlm.nih.gov/42705557/,PubMed
Design and applications of chimeric antisense oligonucleotides that bind TPP mRNAs as antibacterial agents.,"Traykovska Martina, Pavlova Nikolet, Kaloudas Dimitrios",Journal of microbiological methods,2026-09-08,"The rapid emergence of antibiotic-resistant bacteria has created an urgent need for innovative therapeutic strategies that go beyond conventional small-molecule antibiotics. Among the most promising approaches is the use of nucleic acid-based therapeutics, particularly antisense oligonucleotides (ASOs), which offer high specificity in targeting essential bacterial genes at the mRNA level. Chimeric",https://pubmed.ncbi.nlm.nih.gov/42705552/,PubMed
Optimizing RNA yield using deep neural networks coupled to massively parallel screening,"Dinghai Zheng, Justin Hong, Jun Wang",arXiv,2026-09-08,"Messenger RNA (mRNA)-based therapeutics have emerged as a powerful platform for vaccines, protein replacement therapies, and cancer immunotherapy. A critical bottleneck in mRNA development is manufacturing large quantities of RNA economically, as measured by RNA yield emerging from an in vitro transcription (IVT) reaction. However, how promoter-adjacent DNA sequences influence RNA yield remains po",http://arxiv.org/abs/2608.23722v1,arXiv
Energy-efficient codon optimization on thermodynamic hardware,"Andraz Jelincic, Ross C. Walker",arXiv,2026-09-08,"The growing energy demand for computation is becoming increasingly unsustainable. Thermodynamic computing, which harnesses physical thermal fluctuations as a computational resource rather than suppressing them, offers orders-of-magnitude energy savings for probabilistic and combinatorial tasks. Pharmaceutical R&D, heavily reliant on computational optimization and sampling, is a natural application",http://arxiv.org/abs/2606.17327v1,arXiv
mRNAutilus: Multi-Objective-Guided Discrete Generation of mRNA with Optimized Therapeutic Properties,"Sawan Patel, Sophia Tang, Yesol Kim",arXiv,2026-09-08,"Therapeutic mRNA design requires coordinating multiple interacting sequence features across the full transcript, where codon usage, untranslated regions (UTRs), and their coupling jointly determine stability, translation efficiency, and protein expression. Here, we present mRNA generation via unrolled trajectories and informed latent updates (mRNAutilus), a framework for simultaneous codon optimiz",http://arxiv.org/abs/2605.31296v1,arXiv
Sampling-based Continuous Optimization for Messenger RNA Design,"Feipeng Yue, Ning Dai, Wei Yu Tang",arXiv,2026-09-08,"Designing messenger RNA (mRNA) sequences for a fixed target protein requires searching an exponentially large synonymous space while optimizing properties that affect stability and downstream performance. This is challenging because practical mRNA design involves multiple coupled objectives beyond classical folding criteria, and different applications prefer different trade-offs. We propose a gene",http://arxiv.org/abs/2603.06559v1,arXiv
Drug-like antibodies with low immunogenicity in human panels designed with Latent-X2," Latent Labs Team, Henry Kenlay, Daniella Pretorius",arXiv,2026-09-08,"Drug discovery has long sought computational systems capable of designing drug-like molecules directly: developable and non-immunogenic from the start. Here we introduce Latent-X2, a frontier generative model that achieves this goal through zero-shot design of antibodies with strong binding affinities, drug-like properties, and, for the first time for any de novo generated antibody, confirmed low ",http://arxiv.org/abs/2512.20263v1,arXiv
"RNAGenScape: Property-Guided, Optimized Generation of mRNA Sequences with Manifold Langevin Dynamics","Danqi Liao, Chen Liu, Xingzhi Sun",arXiv,2026-09-08,"Generating property-optimized mRNA sequences is central to applications such as vaccine design and protein replacement therapy, but remains challenging due to limited data, complex sequence-function relationships, and the narrow space of biologically viable sequences. Generative methods that drift away from the data manifold can yield sequences that fail to fold, translate poorly, or are otherwise",http://arxiv.org/abs/2510.24736v3,arXiv
The proportional scaling of mRNA and ribosome concentrations controls eukaryotic cell growth,"Xin Gao, Michael Lanz, Rosslyn Grosely",arXiv,2026-09-08,"Cell growth underlies nearly all eukaryotic physiology, yet its quantitative principles remain unclear. Using single-molecule ribosome tracking, spike-in RNA sequencing, and quantitative proteomics across 15 nutrient-limited conditions in budding yeast, we define how growth is controlled in the budding yeast Saccharomyces cerevisiae. Ribosome concentration scales linearly with growth rate, while p",http://arxiv.org/abs/2508.14997v2,arXiv
mRNA Folding Algorithms for Structure and Codon Optimization,"Max Ward, Mary Richardson, Mihir Metkar",arXiv,2026-09-08,"mRNA technology has revolutionized vaccine development, protein replacement therapies, and cancer immunotherapies, offering rapid production and precise control over sequence and efficacy. However, the inherent instability of mRNA poses significant challenges for drug storage and distribution, particularly in resource-limited regions. Co-optimizing RNA structure and codon choice has emerged as a p",http://arxiv.org/abs/2503.19273v1,arXiv
Generative Model for Synthesizing Ionizable Lipids: A Monte Carlo Tree Search Approach,"Jingyi Zhao, Yuxuan Ou, Austin Tripp",arXiv,2026-09-08,"Ionizable lipids are essential in developing lipid nanoparticles (LNPs) for effective messenger RNA (mRNA) delivery. While traditional methods for designing new ionizable lipids are typically time-consuming, deep generative models have emerged as a powerful solution, significantly accelerating the molecular discovery process. However, a practical challenge arises as the molecular structures genera",http://arxiv.org/abs/2412.00807v1,arXiv
Machine learning framework to predict the performance of lipid nanoparticles for nucleic acid delivery,"Gaurav Kumar, Arezoo M. Ardekani",arXiv,2026-09-08,"Lipid nanoparticles (LNPs) are highly effective carriers for gene therapies, including mRNA and siRNA delivery, due to their ability to transport nucleic acids across biological membranes, low cytotoxicity, improved pharmacokinetics, and scalability. A typical approach to formulate LNPs is to establish a quantitative structure-activity relationship (QSAR) between their compositions and in vitro/in",http://arxiv.org/abs/2411.14293v1,arXiv
Joint Design of 5' Untranslated Region and Coding Sequence of mRNA,"Yang Liu, Jie Gao, Xiaonan Zhang",arXiv,2026-09-08,"Messenger RNA (mRNA) vaccines and therapeutics are emerging as powerful tools against a variety of diseases, including infectious diseases and cancer. The design of mRNA molecules, particularly the untranslated region (UTR) and coding sequence (CDS) is crucial for optimizing translation efficiency and stability. Current design approaches generally focus solely on either the 5' UTR or the CDS, whic",http://arxiv.org/abs/2410.20781v1,arXiv
Bacterial stress granule protects mRNA through ribonucleases exclusion,"Linsen Pei, Yujia Xian, Xiaodan Yan",arXiv,2026-09-08,"Membraneless droplets formed through liquid-liquid phase separation (LLPS) play a crucial role in mRNA storage, enabling organisms to swiftly respond to environmental changes. However, the mechanisms underlying mRNA integration and protection within droplets remain unclear. Here, we unravel the role of bacterial aggresomes as stress granules (SGs) in safeguarding mRNA during stress. We discovered ",http://arxiv.org/abs/2404.17873v2,arXiv
"Hypolipidemic effect of brown seaweed (Sargassum crassifolium) extract in vivo (Study of histopathology, mRNA expression, and immunohistochemistry (IHC) with VCAM-1, ICAM-1, and MCP-1 parameters)","Sarah Zaidan, Syamsudin Abdillah, Nur Arfian",arXiv,2026-09-08,The purpose of this study was to obtain natural drugs from brown seaweed (Sargassum crassifolium) as antiatherosclerosis candidates through the study of hypolipidemic mechanisms of action. Modeling of dyslipidemia rats was carried out by feeding high-fat (HFF) and doses of crude fucoidan 100. 200. 400mg / KgBB. in both treatments measured blood lipid profile levels taken from the orbital sinuses. ,http://arxiv.org/abs/2402.07497v1,arXiv
Machine Learning Modeling Of SiRNA Structure-Potency Relationship With Applications Against Sars-Cov-2 Spike Gene,Damilola Oshunyinka,arXiv,2026-09-08,"The pharmaceutical Research and development (R&D) process is lengthy and costly, taking nearly a decade to bring a new drug to the market. However, advancements in biotechnology, computational methods, and machine learning algorithms have the potential to revolutionize drug discovery, speeding up the process and improving patient outcomes. The COVID-19 pandemic has further accelerated and deepened",http://arxiv.org/abs/2401.12232v1,arXiv
Messenger RNA Design via Expected Partition Function and Continuous Optimization,"Ning Dai, Wei Yu Tang, Tianshuo Zhou",arXiv,2026-09-08,"The tasks of designing RNAs are discrete optimization problems, and several versions of these problems are NP-hard. As an alternative to commonly used local search methods, we formulate these problems as continuous optimization and develop a general framework for this optimization based on a generalization of classical partition function which we call ""expected partition function"". The basic idea ",http://arxiv.org/abs/2401.00037v2,arXiv
Machine Learning-guided Lipid Nanoparticle Design for mRNA Delivery,"Daisy Yi Ding, Yuhui Zhang, Yuan Jia",arXiv,2026-09-08,"While RNA technologies hold immense therapeutic potential in a range of applications from vaccination to gene editing, the broad implementation of these technologies is hindered by the challenge of delivering these agents effectively. Lipid nanoparticles have emerged as one of the most widely used delivery agents, but their design optimization relies on laborious and costly experimental methods. W",http://arxiv.org/abs/2308.01402v2,arXiv
Corrected Hill Function in Stochastic Gene Regulatory Networks,"Manuel Eduardo Hernández-García, Jorge Velázquez-Castro",arXiv,2026-09-08,"Describing reaction rates in stochastic bio-circuits is commonly done by directly introducing the deterministically deduced Hill function into the master equation. However, when fluctuations in enzymatic reaction rates are not neglectable, the Hill function must be derived, considering all the involved stochastic reactions. In this work, we derived the stochastic version of the Hill function from ",http://arxiv.org/abs/2307.03057v4,arXiv
Stochastic dynamics and ribosome-RNAP interactions in Transcription-Translation Coupling,"Xiangting Li, Tom Chou",arXiv,2026-09-08,"Under certain cellular conditions, transcription and mRNA translation in prokaryotes appear to be ""coupled,"" in which the formation of mRNA transcript and production of its associated protein are temporally correlated. Such transcription-translation coupling (TTC) has been evoked as a mechanism that speeds up the overall process, provides protection during the transcription, and/or regulates the t",http://arxiv.org/abs/2207.04568v1,arXiv
Coronavirus RNA Sensor Using Single-Stranded DNA Bonded to Sub-Percolated Gold Films on Monolayer Graphene Field-Effect Transistors,"Nicholas E. Fuhr, Mohamed Azize, David J. Bishop",arXiv,2026-09-08,"Electrical detection of messenger ribonucleic acid (mRNA) is a promising approach to enhancing transcriptomics and disease diagnostics because of its sensitivity, rapidity, and modularity. Reported here is a fast SARS-CoV-2 mRNA biosensor (<1 minute) with a limit of detection of 1 aM, and dynamic range of 4 orders of magnitude and a linear sensitivity of 22 mV per molar decade. These figures of me",http://arxiv.org/abs/2205.05143v1,arXiv
Deep learning models for predicting RNA degradation via dual crowdsourcing,"Hannah K. Wayment-Steele, Wipapat Kladwang, Andrew M. Watkins",arXiv,2026-09-08,"Messenger RNA-based medicines hold immense potential, as evidenced by their rapid deployment as COVID-19 vaccines. However, worldwide distribution of mRNA molecules has been limited by their thermostability, which is fundamentally limited by the intrinsic instability of RNA molecules to a chemical degradation reaction called in-line hydrolysis. Predicting the degradation of an RNA molecule is a ke",http://arxiv.org/abs/2110.07531v2,arXiv
Transcriptomic analysis combined with RNAi reveals defense strategies and molecular mechanisms in Western and Eastern honeybees against attacks by the yellow-legged hornet.,"Xiong Ting, Yang Zhi-Yue, Xie Dao-Hao",Zoological research,2026-09-08,"Attack and defense are critical to animal survival, yet the defensive strategies of Western honeybees (  攻击与防御是动物生存的核心问题，捕食者与猎物之间的相互作用驱动了防御行为的进化。然而西方蜜蜂（ ",https://pubmed.ncbi.nlm.nih.gov/42706787/,PubMed
Protein-RNA control networks at the plant-pathogen interface.,"Zaman Wajid, Ayaz Asma",Planta,2026-09-08,"Plant immunity depends on coordinated control of signaling gain, molecular persistence, RNA fate, interorganismal exchange and timely attenuation, defining testable routes to durable disease control. Plant immunity is often reviewed as a sequence of receptor activation, transcriptional reprogramming, and antimicrobial output. That organization is useful, but it obscures a central mechanistic probl",https://pubmed.ncbi.nlm.nih.gov/42706462/,PubMed
Catalase protects Penaeus vannamei against WSSV by regulating redox homeostasis.,"Ni Jia, Yang Bingbing, Jin Yiqin",Fish & shellfish immunology,2026-09-08,"White spot syndrome virus (WSSV) remains one of the most destructive viral pathogens in shrimp aquaculture. Reactive oxygen species (ROS) are required for innate immune signaling, but uncontrolled ROS accumulation can damage host tissues and compromise antiviral defense. Catalase (CAT) decomposes hydrogen peroxide and is therefore positioned to connect redox homeostasis with immune resilience duri",https://pubmed.ncbi.nlm.nih.gov/42705425/,PubMed
miR-206 regulates copper-induced pyroptosis in porcine jejunal epithelial cells by targeting Caspase-1.,"Huang Hai, Yu Jingling, Chen Kaiyuan",Comparative biochemistry and physiology. Toxicology & pharmacology : CBP,2026-09-08,"Copper (Cu) is an essential trace element in animal organisms, participating in numerous vital processes. However, excessive intake can cause poisonous damage to organs such as the intestines. This study aims to elucidate the role of miR-206 in copper-induced pyroptosis in porcine jejunal epithelial cells and its molecular mechanism. In this study, we found that high-dose copper exposure induces p",https://pubmed.ncbi.nlm.nih.gov/42705371/,PubMed
"Vitamin D receptor silencing impairs the 1,25-dihydroxyvitamin D","Zhang Weiyun, Li Tingting, Cao Chunyu",Poultry science,2026-09-08,"Our previous study detected the potential regulatory role of vitamin D receptor (VDR) in 1,25-dihydroxyvitamin D",https://pubmed.ncbi.nlm.nih.gov/42705192/,PubMed
GmERF109 Positively Enhances Soybean Resistance to Phytophthora sojae by Transcriptionally Activating GmG4DT-Like to Promote Glyceollin I Accumulation.,"Fang Xin, Liang Rui, Cheng Yiling",Molecular plant pathology,2026-09-08,"Phytophthora root rot, a devastating disease caused by Phytophthora sojae, poses a significant threat to worldwide soybean (Glycine max) production. Therefore, enhancing crop resistance to this pathogen is a major breeding objective. However, the signalling mechanisms underlying the response of soybean plants to P. sojae infection, and the networks and targets of key transcription factors TFs, are",https://pubmed.ncbi.nlm.nih.gov/42703042/,PubMed
"A Dual-Membrane Biomimetic Nanoplatform Enables Triple-Modal Therapy Against SARS-CoV-2 Through Viral Decoy, Inflammation Neutralizing, and Intracellular RNAi.","Li Hui, Zhang Bohan, Shang Chao","Advanced science (Weinheim, Baden-Wurttemberg, Germany)",2026-09-08,"The persistent evolution of SARS-CoV-2 and the concomitant risk of life-threatening hyperinflammation, such as cytokine storm syndrome, underscore the urgent need for therapeutic strategies that simultaneously target viral replication and dysregulated host immunity. Herein, we describe a dual-membrane biomimetic nanoplatform, designated [A&T]MLN, comprising siRNA-loaded lipid nanoparticles with a ",https://pubmed.ncbi.nlm.nih.gov/42702867/,PubMed
RNAi in the Rhizarian Phytopathogen Plasmodiophora brassicae: The Causal Agent of Clubroot Disease in Cruciferous Crops.,"Zhang Xiong, Wu Yupo, Hou Jiachang","Advanced science (Weinheim, Baden-Wurttemberg, Germany)",2026-09-08,"Although RNA interference (RNAi) is widespread and functionally important across eukaryotes, RNAi pathways are diverse or even lost in some lineages. Rhizaria represents a major and distinct eukaryotic supergroup that includes Plasmodiophora brassicae (Pb), the causal agent of cruciferous clubroot disease, yet RNAi in this lineage remains poorly understood. Here, we characterized an unusual RNAi p",https://pubmed.ncbi.nlm.nih.gov/42702850/,PubMed
5-Aminolevulinic acid promotes cell division and young fruit development by suppressing the PpARF9-PpGH3.1 auxin-conjugation module in peach.,"Gan Xing, Zhang Jianting, Liu Longbo",Molecular horticulture,2026-09-08,"5-Aminolevulinic acid (ALA) is an emerging plant growth regulator, yet its mechanisms in fruit development remain unclear. Here, we show that ALA promotes early growth and ultimate size in peach (Prunus persica) fruits. ALA treatment significantly enhanced the mesocarp area and the cell number, accompanied by elevated levels of indole-3-acetic acid (IAA) and trans-zeatin riboside. Transcriptomic a",https://pubmed.ncbi.nlm.nih.gov/42702726/,PubMed
Validation of a standardized quantitative RT-qPCR workflow for detection and quantification of airborne respiratory viruses using gelatin membranes as sampling matrix.,"Rusticano Irene Tellini, Berti Fabiola, Calonico Carmela",Journal of microbiological methods,2026-09-08,"Airborne microbiological monitoring is increasingly relevant for identifying and quantifying viral pathogens; however, standardized analytical workflows for respiratory viruses recovered from environmental matrices remain limited. This study reports the full analytical validation of a quantitative RT-qPCR workflow for the simultaneous detection and quantification of SARS-CoV-2, influenza A, influe",https://pubmed.ncbi.nlm.nih.gov/42702290/,PubMed
"Research Progress on Tumor Microenvironment-Responsive siRNA Nanocarriers: Design Strategies, Delivery Efficiency, and Future Perspectives.","Zhu Xiaoxi, Zhang Gong, Li Lin",International journal of nanomedicine,2026-09-08,"Gene silencing by RNA interference (RNAi) has emerged as a promising strategy for cancer therapy. Small interfering RNA (siRNA), a class of small regulatory RNAs that recognize and degrade complementary target messenger RNAs (mRNAs) in a sequence-specific manner at the post-transcriptional level, plays a critical role in regulating gene expression. However, the in vivo delivery of siRNA remains a ",https://pubmed.ncbi.nlm.nih.gov/42701815/,PubMed
"Engineering extracellular vesicles for targeted siRNA delivery: Advances, therapeutic applications, and clinical translation.","Varshan G S Amrish, Namasivayam S Karthick Raja","Nanomedicine : nanotechnology, biology, and medicine",2026-09-08,"Small interfering RNA (siRNA) therapeutics have emerged as a transformative approach for sequence-specific gene silencing, offering the potential to treat a broad spectrum of diseases by selectively suppressing disease-associated genes. However, the clinical translation of siRNA remains limited by rapid enzymatic degradation, poor cellular uptake, inadequate endosomal escape, and off-target effect",https://pubmed.ncbi.nlm.nih.gov/42700828/,PubMed
An entomopathogen-based small-RNA delivery system promotes the biocontrol efficacy against termites.,"Zhao Chen-Chen, Lu Hang, Mao Xiao-Long",Pesticide biochemistry and physiology,2026-09-08,"Entomopathogenic fungus-derived microRNA-like RNAs (milRNAs) have been determined as novel virulence factors that exhibit cross-kingdom RNAi effects on insect hosts. However, which factors and how they function in social insects are still largely unknown. Using the pathogen Metarhizium anisopliae and its social host Reticulitermes aculabialis, we investigated how pathogen-derived small RNAs mediat",https://pubmed.ncbi.nlm.nih.gov/42697687/,PubMed
LsS6K acts as a negative regulator of thiamethoxam tolerance in Laodelphax striatellus.,"Fang Shu, Shi Yuyang, Zhou Mi",Pesticide biochemistry and physiology,2026-09-08,"The ribosomal protein S6 kinase (S6K) transduces the anabolic signals from nutrients and is involved in insect development and reproduction, however, its role in the regulation of the insecticide detoxification is still unclear. In this study, LsS6K was cloned and characterized from Laodelphax striatellus. RT-qPCR analysis revealed tissue-specific expression of LsS6K with the highest expression le",https://pubmed.ncbi.nlm.nih.gov/42697685/,PubMed
A dual-barrier disruption strategy employing lufenuron/dsRNA nanocomplexes overcomes both cuticular and intestinal barriers in late-instar lepidopteran pests.,"Wang Haiqi, Xu Siyun, Hu Jie",Pesticide biochemistry and physiology,2026-09-08,"Managing late-instar lepidopteran pests remains a critical challenge due to their robust physiological and physical barriers, which severely compromise the efficacy of insecticides. Lufenuron, an insect growth regulator, controls lepidopteran pests by inhibiting chitin biosynthesis, but its efficacy against late-instar larvae needs improvement. Here, we developed a dual-barrier disruption strategy",https://pubmed.ncbi.nlm.nih.gov/42697679/,PubMed
A co-delivery nanosystem of dsRNA and nitenpyram for insecticide resistance management in Nilaparvata lugens.,"He Chengshuai, Liao Ziang, Li Zesen",Pesticide biochemistry and physiology,2026-09-08,"Nilaparvata lugens has evolved high resistance to neonicotinoid insecticides such as nitenpyram (NTP), driven by detoxification-associated genes. RNA interference (RNAi) can suppress these genes and restore insecticide susceptibility, but delivering double-stranded RNA (dsRNA) in the field remains a major challenge because naked dsRNA degrades within hours. To overcome this barrier, a layered doub",https://pubmed.ncbi.nlm.nih.gov/42697677/,PubMed
Metarhizium anisopliae infection-associated metabolites act upon LmOBP2 to suppress locust feeding.,"Jia Chen, Mohamed Amr, Al-Akeel Rasha",Pesticide biochemistry and physiology,2026-09-08,"Entomopathogenic fungi can manipulate host behavior to promote infection success, but the molecular effectors remain largely unknown. Here we show that Metarhizium anisopliae suppresses feeding in the migratory locust Locusta migratoria by downregulating an antenna-enriched odorant-binding protein gene, LmOBP2. Metabolomic profiling of infected hemolymph identified infection-associated increases i",https://pubmed.ncbi.nlm.nih.gov/42697657/,PubMed
Characterization of CYP402C5 associated with field resistance to three neonicotinoids in Bemisia tabaci.,"Wang Chao, Zhang Rong, Yang Jing",Pesticide biochemistry and physiology,2026-09-08,"The widespread use of neonicotinoid insecticides has resulted in extensive resistance in field populations of the whitefly Bemisia tabaci, posing a major challenge to sustainable pest management. However, the molecular basis of cross-resistance to multiple neonicotinoids remains to be fully elucidated. In this study, resistance levels to thiamethoxam, thiacloprid, and nitenpyram were evaluated in ",https://pubmed.ncbi.nlm.nih.gov/42697656/,PubMed
Three carboxylesterase genes are involved in spinosad resistance in Frankliniella occidentalis (Pergande).,"Wu Yulei, Wang Jing, Chen Sirui",Pesticide biochemistry and physiology,2026-09-08,"Carboxylesterases (CarEs) are key enzymes in insect detoxification and metabolism, playing a crucial role in resistance development to various insecticides. In this study, CarE activity was significantly higher in spinosad-resistant strains of Frankliniella occidentalis (NIL-R) than in susceptible strains (Ivf03), suggesting a potential role of CarEs in spinosad resistance. RNA-seq and quantitativ",https://pubmed.ncbi.nlm.nih.gov/42697649/,PubMed
"Low-lethal and intergenerational effects of broflanilide on the diamondback moth, Plutella xylostella (L.).","Wang Kunkun, Zhao Qiqi, Yang Chenyao",Pesticide biochemistry and physiology,2026-09-08,"The diamondback moth (DBM), Plutella xylostella (L.) is an important agricultural pest worldwide that causes substantial damage to cruciferous crops. Broflanilide is a novel insecticide with high activity against DBM. This study demonstrated that exposure of DBM larvae to low concentrations (LC",https://pubmed.ncbi.nlm.nih.gov/42697643/,PubMed
Advancing Alzheimer's Disease Treatment: Synergistic Ligand Combinations Targeting BACE1 via Multi-Ligand Simultaneous Docking,"Pronama Biswas, Surya Shanbhog, Merla Sudha",arXiv,2026-09-08,"Alzheimer's disease is a progressive neurodegenerative disorder characterized by memory loss, cognitive decline, and behavioral changes, primarily affecting the elderly. Current treatments focus on symptom management as no therapies effectively halt or reverse disease progression. Newer therapies targeting BACE1, a key enzyme in amyloid plaque formation, have shown promise in clinical trials, thou",http://arxiv.org/abs/2609.04301v1,arXiv
From static structures to dynamic landscapes: cryo-EM redefines RNA biology,"Shekhar Jadhav, Spandan Saha, Qingbin Shang",arXiv,2026-09-08,RNA molecules perform diverse biological functions by dynamically exploring multiple conformational states rather than adopting a single static structure. Capturing these ensembles is a challenge in molecular biology. Recent advances in cryoEM are now transforming this landscape by enabling the visualization of RNA molecules across a broad spectrum of functionally relevant conformations at near at,http://arxiv.org/abs/2609.01132v1,arXiv
Designability of RNA Targets with Up to Two Length-2 Helices,Ashutosh S. Jogalekar,arXiv,2026-09-08,"RNA inverse folding asks for an RNA sequence whose prescribed secondary structure is the unique maximum-base-pair compatible fold. In the four-letter Watson-Crick model (A-U and C-G pairs only, no pseudoknots, and zero minimum base-pair span), Hales et al. introduced a separated-coloring certificate and an even-odd device, while Boury et al. generalized this to modulo-$m$ separability, gave an $O(",http://arxiv.org/abs/2608.25194v1,arXiv
Leveraging generative hallucination and biophysics-informed modeling for unified biomolecular sequence-structure co-design,"Xuefeng Liu, Mingxuan Cao, Xiao Luo",arXiv,2026-09-08,"Biomolecular design underpins applications from molecular recognition to therapeutics and synthetic biology, yet de novo interaction design remains challenging-especially for DNA/RNA, underexplored non-protein modalities with scarce, heterogeneous complex data and sharper geometric and chemical constraints. We introduce MCTH (Monte Carlo Tree Hallucination), an inference-only framework that casts ",http://arxiv.org/abs/2608.17381v1,arXiv
"MultiStructRNA: a Python package for multi-algorithm RNA secondary structure prediction, ensemble analysis, and visualization","Yashrajsinh Jadeja, Haining Lin, Mihir Metkar",arXiv,2026-09-08,"We introduce MultiStructRNA, a unified Python toolkit for RNA secondary structure prediction, ensemble analysis, and visualization. Although RNA secondary structure is central to RNA biology and therapeutic design, practical adoption is often hindered by fragmented tooling, incompatible input and output formats, and limited visualization support. MultiStructRNA addresses these challenges through a",http://arxiv.org/abs/2608.14846v1,arXiv
Evolutionary Curriculum Learning Improves Biological Sequence Modeling,"Richard Zhu, Kento Nishi",arXiv,2026-09-08,"Variational autoencoders (VAEs) trained on multiple sequence alignments (MSAs) have emerged as powerful generative models for biological sequences, with applications ranging from disease variant prediction to functional RNA design. However, standard biological VAE training treats all sequences as exchangeable, ignoring the rich evolutionary structure that organizes homologous sequences from evolut",http://arxiv.org/abs/2608.00697v2,arXiv
Engineering T7 RNA Polymerase for High-Purity In Vitro Transcription,"Pauline Hermans, Youlia Serikova, José Castillo",arXiv,2026-09-08,"In vitro transcription using bacteriophage T7 RNA polymerase (T7 RNAP) is the gold-standard platform for RNA production in both research and therapeutic applications. Despite its high processivity and promoter specificity, T7 RNAP generates multiple RNA by-products, including double-stranded RNA, 3'-extended transcripts, abortive RNAs, and prematurely terminated products. These impurities reduce R",http://arxiv.org/abs/2607.18468v1,arXiv
Enhanced sampling and cryo-EM data resolve magnesium binding to RNA,"Olivier Languin-Cattoën, Elisa Posani, Giovanni Bussi",arXiv,2026-09-08,"Magnesium ions are essential for RNA structure but difficult to model due to slow binding kinetics and experimental limitations. We present an enhanced-sampling strategy that accelerates Mg$^{2+}$ inner-shell binding by orders of magnitude, enabling quantitative exploration of ion-binding motifs in a large ribozyme. The method combines a barrier-flattening bias with Hamiltonian replica exchange to",http://arxiv.org/abs/2607.07186v1,arXiv
Bayesian Sampling of Structural Ensembles: The Role of Ensemble-Counting Measures,"Ivan Gilardoni, Giovanni Bussi",arXiv,2026-09-08,"Structural ensemble refinement is widely used to integrate molecular simulations with experimental measurements. While most applications focus on the maximum-a-posteriori (MAP) ensemble, Bayesian sampling of the posterior distribution can provide uncertainty estimates and posterior averages for arbitrary observables. A notable step in this direction was introduced by the Bayesian Energy Landscape ",http://arxiv.org/abs/2606.18495v1,arXiv
MultiMolecule: a modular ecosystem for biomolecular sequence-model workflows,Zhiyuan Chen,arXiv,2026-09-08,"Biomolecular sequence models are increasingly reused outside the studies in which they were introduced, but public checkpoints rarely preserve the execution context needed to inspect source-defined behavior, adapt models to new assays, compare models under shared task definitions or deploy biological predictions. MultiMolecule is an open-source Python ecosystem that turns heterogeneous RNA, DNA an",http://arxiv.org/abs/2606.16540v1,arXiv
The Montparnasse Algorithm for RNA Design,Tristan Cazenave,arXiv,2026-09-08,"RNA design consists of discovering a nucleotide sequence that optimizes predefined criteria, such as secondary structure. It is useful for synthetic biology, medicine, and nanotechnology. We propose Montparnasse, a Monte Carlo search framework based on Generalized Nested Rollout Policy Adaptation, augmented with a problem-specific prior, slow and long adaptation at level 1, and a lexicographic mul",http://arxiv.org/abs/2606.07562v1,arXiv
Multimodal Alignment and Preference Optimization for Zero-Shot Conditional RNA Generation,"Roman Klypa, Alberto Bietti, Sergei Grudinin",arXiv,2026-09-08,"The design of RNA molecules that interact with specific proteins is a critical challenge in experimental and computational biology. Despite recent progress in natural language modeling and deep learning-based protein design, there remains significant room to improve the frequency of successful interactions and the authenticity of generated sequences for functional applications. In this work, we fr",http://arxiv.org/abs/2605.23961v1,arXiv
"GoForth: Language Models for RNA Design under Structure, Sequence, and Coding Constraints",Michael Lindsey,arXiv,2026-09-08,"RNA inverse sequence design has broad biological and engineering applications, but computational methods for practical design queries remain limited. Such queries may impose several constraints at once, including target folds or motifs, fixed bases, and coding restrictions, while leaving arbitrary sequence and structure in unspecified regions. Because these constraints may permit many acceptable s",http://arxiv.org/abs/2605.07608v1,arXiv
Bayesian Rate Inference for Sequence Motif Dynamics in Systems of Reactive Nucleic Acids,"Johannes Harth-Kitzerow, Ulrich Gerland, Torsten A. Enßlin",arXiv,2026-09-08,"The RNA world hypothesis suggests a pathway of how life emerged on early earth. It assumes that life started with RNA based systems, capable of storing, transmitting and replicating information, envisioning that monomers and short RNA oligomers interact to form longer strands, eventually becoming catalytically active ribozymes. Key reactions in RNA pools are hybridization, dehybridization, templat",http://arxiv.org/abs/2604.25701v2,arXiv
VARIANT: Web Server for Decoding and Analyzing Viral Mutations at Genome and Protein Levels,"Rui Wang, Xuhang Dai, Xin Cao",arXiv,2026-09-08,"A comprehensive analysis of viral mutations is essential for understanding viral evolution, disease epidemiology, diagnosis, drug resistance, etc. However, challenges remain in capturing complex mutation patterns and supporting diverse viral families with varying genome architectures. To address these needs, we present VARIANT, an web server for mutational analysis of RNA viral genomes and associa",http://arxiv.org/abs/2604.20942v1,arXiv
Interfacial Potential Transduction for Diagnostics,"Hyun-June Jang, Peuli Nath, Yuqin Wang",arXiv,2026-09-08,"A major barrier to decentralized, near-patient diagnostics is the lack of a signal transduction modality that is both analytically precise and accessible at the point of care. Optical readouts remain instrument-dependent and difficult to miniaturize, while compact electrochemical readouts are prone to matrix-derived signal distortion, limiting their biomarker coverage in real clinical settings. He",http://arxiv.org/abs/2603.23775v1,arXiv
ZeroFold: Protein-RNA Binding Affinity Predictions from Pre-Structural Embeddings,"Josef Hanke, Sebastian Pujalte Ojeda, Shengyu Zhang",arXiv,2026-09-08,"The accurate prediction of protein-RNA binding affinity remains an unsolved problem in structural biology, limiting opportunities in understanding gene regulation and designing RNA-targeting therapeutics. A central obstacle is the structural flexibility of RNA, as, unlike proteins, RNA molecules exist as dynamic conformational ensembles. Thus, committing to a single predicted structure discards in",http://arxiv.org/abs/2603.23583v1,arXiv
Computational modeling of RNA-protein binding interactions under an external force,"Danielle Wampler, Ralf Bundschuh",arXiv,2026-09-08,"RNA binding proteins play a crucial role in post-transcriptional gene regulation by controlling the transport, processing, and translation of their target RNAs. Post-transcriptional gene regulation leads to the differential expression of genetic material and loss of regulation or over-regulation relates to a large range of cancers and diseases - many of which have directly been associated with RNA",http://arxiv.org/abs/2603.22269v1,arXiv
Fair splits flip the leaderboard: CHANRG reveals limited generalization in RNA secondary-structure prediction,"Zhiyuan Chen, Zhenfeng Deng, Pan Deng",arXiv,2026-09-08,"Accurate prediction of RNA secondary structure underpins transcriptome annotation, mechanistic analysis of non-coding RNAs, and RNA therapeutic design. Recent gains from deep learning and RNA foundation models are difficult to interpret because current benchmarks may overestimate generalization across RNA families. We present the Comprehensive Hierarchical Annotation of Non-coding RNA Groups (CHAN",http://arxiv.org/abs/2603.22330v1,arXiv
Duplexes of 21-nucleotide RNAs mediate RNA interference in cultured mammalian cells,"Sayda M. Elbashir, J. Harborth, Winfried Lendeckel",Nature,2001-05-24,,https://www.semanticscholar.org/paper/efd52e2f0692d5aba49c037cd4869e68345b5760,Semantic Scholar
Potent and specific genetic interference by double-stranded RNA in Caenorhabditis elegans,"A. Fire, Siqun Xu, M. Montgomery",Nature,1998-02-19,"Experimental introduction of RNA into cells can be used in certain biological systems to interfere with the function of an endogenous gene,. Such effects have been proposed to result from a simple antisense mechanism that depends on hybridization between the injected RNA and endogenous messenger RNA transcripts. RNA interference has been used in the nematode Caenorhabditis elegans to manipulate ge",https://www.semanticscholar.org/paper/15aa036f9761495ca881a3f21b09ceab90821104,Semantic Scholar
RNA interference in the era of nucleic acid therapeutics,"Vasant Jadhav, A. Vaishnaw, Kevin Fitzgerald",Nature Biotechnology,2024-02-26,,https://www.semanticscholar.org/paper/a6faa3f952999102506ee0621fc78cfd12b2d72a,Semantic Scholar
"Zilebesiran, an RNA Interference Therapeutic Agent for Hypertension.","Akshay S. Desai, D. Webb, J. Taubel",New England Journal of Medicine,2023-07-20,"BACKGROUND
Angiotensinogen is the sole precursor of angiotensin peptides and has a key role in the pathogenesis of hypertension. Zilebesiran, an investigational RNA interference therapeutic agent with a prolonged duration of action, inhibits hepatic angiotensinogen synthesis.


METHODS
In this phase 1 study, patients with hypertension were randomly assigned in a 2:1 ratio to receive either a singl",https://www.semanticscholar.org/paper/b99f28968069b9f552c652ce7a75fb809eb43f68,Semantic Scholar
Systematic RNA interference reveals that oncogenic KRAS-driven cancers require TBK1,"D. Barbie, P. Tamayo, J. Boehm",Nature,2009-10-01,"The proto-oncogene KRAS is mutated in a wide array of human cancers, most of which are aggressive and respond poorly to standard therapies. Although the identification of specific oncogenes has led to the development of clinically effective, molecularly targeted therapies in some cases, KRAS has remained refractory to this approach. A complementary strategy for targeting KRAS is to identify gene p",https://www.semanticscholar.org/paper/161d9631eed25724e7d8c609081da93718198cc2,Semantic Scholar
RNA interference is mediated by 21- and 22-nucleotide RNAs.,"Sayda M. Elbashir, Winfried Lendeckel, T. Tuschl",Genes & Development,2001-01-15,"Double-stranded RNA (dsRNA) induces sequence-specific posttranscriptional gene silencing in many organisms by a process known as RNA interference (RNAi). Using a Drosophila in vitro system, we demonstrate that 21- and 22-nt RNA fragments are the sequence-specific mediators of RNAi. The short interfering RNAs (siRNAs) are generated by an RNase III-like processing reaction from long dsRNA. Chemicall",https://www.semanticscholar.org/paper/2e2ec00f9c7e13170c199d5ab1269520d18e0c8b,Semantic Scholar
RNA Interference Past and Future Applications in Plants,"Sarah Koeppe, L. Kawchuk, M. Kalischuk",International Journal of Molecular Sciences,2023-06-01,"Antisense RNA was observed to elicit plant disease resistance and post-translational gene silencing (PTGS). The universal mechanism of RNA interference (RNAi) was shown to be induced by double-stranded RNA (dsRNA), an intermediate produced during virus replication. Plant viruses with a single-stranded positive-sense RNA genome have been instrumental in the discovery and characterization of systemi",https://www.semanticscholar.org/paper/412e4bcb155db36fa32b3f415ba7933bfbc9320a,Semantic Scholar
Foliar application of clay-delivered RNA interference for whitefly control,"R. Jain, Stephen J. Fletcher, Narelle Manzie",Nature Plants,2022-05-01,,https://www.semanticscholar.org/paper/56499a2bf21ed3a7566ccf9a614e3768bb80c115,Semantic Scholar
A first-in-human phase 0 clinical study of RNA interference-based Spherical Nucleic Acids in patients with recurrent Glioblastoma,"P. Kumthekar, C. H. Ko, T. Paunesku",Science Translational Medicine,2021-03-10,"RNA interference–based spherical nucleic acid nanoconjugates are a potentially safe and brain-penetrant approach for glioblastoma treatment. A golden opportunity to treat glioblastoma Glioblastoma (GBM) is a difficult cancer to treat, partly due to the blood-brain and blood-tumor barriers. Kumthekar et al. studied NU-0129, spherical nucleic acids consisting of gold nanoparticle cores conjugated wi",https://www.semanticscholar.org/paper/be9c8721f3f23b424de0fb42e2877ea78d16a0ea,Semantic Scholar
Strategies for Enhancing the Efficiency of RNA Interference in Insects.,"K. Silver, Anastasia M W Cooper, K. Zhu",Pest Management Science,2021-01-13,Low RNA interference (RNAi) efficiency in many insect pests has significantly prevented its widespread application for insect pest management. This article provides a comprehensive review on recent research in developing various strategies for enhancing RNAi efficiency. Our review focuses on the strategies in target gene selection and double-stranded RNA (dsRNA) delivery technologies. For target g,https://www.semanticscholar.org/paper/8cacc5f770545c206470f3464c60129688879b83,Semantic Scholar
"Mechanisms, Applications, and Challenges of Insect RNA Interference","K. Zhu, S. R. Palli",Annual Review of Entomology,2019-10-14,The RNA interference (RNAi) triggered by short/small interfering RNA (siRNA) was discovered in nematodes and found to function in most living organisms. RNAi has been widely used as a research tool to study gene functions and has shown great potential for the development of novel pest management strategies. RNAi is highly efficient and systemic in coleopterans but highly variable or inefficient in,https://www.semanticscholar.org/paper/76e439e11bfc8c5e2b450c118c7e4eeaa8194872,Semantic Scholar
The initiation of RNA interference (RNAi) in plants.,"Yu-Hung Hung, R. K. Slotkin",Current opinion in plant biology,2021-02-28,"When an mRNA enters into the RNA degradation pathway called RNA interference (RNAi), it is cleaved into small interfering RNAs (siRNAs) that then target complementary mRNAs for destruction. The consequence of entry into RNAi is mRNA degradation, post-transcriptional silencing and in some cases transcriptional silencing. RNAi functions as a defense against transposable element and virus activity, a",https://www.semanticscholar.org/paper/41b69115ecf0c33b05b871b5ce35deaf2d96d926,Semantic Scholar
A Cellular Function for the RNA-Interference Enzyme Dicer in the Maturation of the let-7 Small Temporal RNA,"G. Hutvagner, Juanita Mclachlan, A. Pasquinelli",Science,2001-07-12,,https://www.semanticscholar.org/paper/33da7580803c6e2dc0eb67116fbac7d5a9a2519a,Semantic Scholar
RNA Interference Therapy With ARC‐520 Results in Prolonged Hepatitis B Surface Antigen Response in Patients With Chronic Hepatitis B Infection,"M. Yuen, I. Schiefke, Jung‐Hwan Yoon",Hepatology,2020-04-23,"ARC‐520, the first an RNA interference (RNAi) therapeutic, was designed to reduce all RNA transcripts derived from covalently closed circular DNA, leading to a reduction in viral antigens and hepatitis B virus (HBV) DNA.",https://www.semanticscholar.org/paper/ea7818a0cabfbf64323928c5fa2d186ebd714523,Semantic Scholar
Phase 1 Trial of an RNA Interference Therapy for Acute Intermittent Porphyria,"Eliane Sardh, P. Harper, M. Balwani",New England Journal of Medicine,2019-02-06,"BACKGROUND Induction of delta aminolevulinic acid synthase 1 (ALAS1) gene expression and accumulation of neurotoxic intermediates result in neurovisceral attacks and disease manifestations in patients with acute intermittent porphyria, a rare inherited disease of heme biosynthesis. Givosiran is an investigational RNA interference therapeutic agent that inhibits hepatic ALAS1 synthesis. METHODS We ",https://www.semanticscholar.org/paper/6dbfd741f0973c7a0069dd9c9c70ccf490eb9959,Semantic Scholar
Genetically Modified Organism-Free RNA Interference: Exogenous Application of RNA Molecules in Plants1[OPEN],"Athanasios Dalakouras, M. Wassenegger, E. Dadami",Plant Physiology,2019-07-08,The latest advances in the field exogenous application of RNA molecules in plants help to protect and modify them through RNA interference (RNAi).,https://www.semanticscholar.org/paper/22e1de12e144aa0aae71c6d1c76755680c67243d,Semantic Scholar
Conserved chromosomal functions of RNA interference,"Michael J. Gutbrod, R. Martienssen",Nature reviews genetics,2020-02-12,"RNA interference (RNAi), a cellular process through which small RNAs target and regulate complementary RNA transcripts, has well-characterized roles in post-transcriptional gene regulation and transposon repression. Recent studies have revealed additional conserved roles for RNAi proteins, such as Argonaute and Dicer, in chromosome function. By guiding chromatin modification, RNAi components promo",https://www.semanticscholar.org/paper/6abaf3f5d1a1d702d5e3423889f7861abbfec529,Semantic Scholar
Key Mechanistic Principles and Considerations Concerning RNA Interference,P. Svoboda,Frontiers in Plant Science,2020-08-13,"Canonical RNAi, one of the so-called RNA-silencing mechanisms, is defined as sequence-specific RNA degradation induced by long double-stranded RNA (dsRNA). RNAi occurs in four basic steps: (i) processing of long dsRNA by RNase III Dicer into small interfering RNA (siRNA) duplexes, (ii) loading of one of the siRNA strands on an Argonaute protein possessing endonucleolytic activity, (iii) target rec",https://www.semanticscholar.org/paper/4d95ea2dbbc92f4bc5c28c58e730493b333a2f1d,Semantic Scholar
RNA interference,Diane Carrera,The Biomedical &amp; Life Sciences Collection,2026-01-28,,https://www.semanticscholar.org/paper/43db2a8a27ba892a2f8c4832961dd9198f085ccf,Semantic Scholar
P granules protect RNA interference genes from silencing by piRNAs,"J. P. T. Ouyang, Andrew W. Folkmann, Lauren Bernard",bioRxiv,2019-07-18,"P granules are perinuclear condensates in C. elegans germ cells proposed to serve as hubs for self/non-self RNA discrimination by Argonautes. We report that a mutant (meg-3 meg-4) that does not assemble P granules in primordial germ cells loses competence for RNA-interference over several generations and accumulates silencing small RNAs against hundreds of endogenous genes, including the RNA-inter",https://www.semanticscholar.org/paper/d940aa5d8854119e236c2b2947b650ba411b3d8c,Semantic Scholar
Identifying Co-Expressed lncRNAs Correlated With Traits of Interest in an Animal Model for Metabolic Diseases in Humans.,"Nascimento Lucas Echevarria, da Silva Bruna Pereira Martins, de Oliveira Camila Sabino",Animal genetics,2026-09-08,"Nutrigenomics investigates how nutrients modulate gene expression. Among them, fatty acids (FA) play important roles in regulating gene transcription, while long non-coding RNAs (lncRNAs) may be associated with gene regulation and metabolic diseases. This study aimed to analyze the hepatic transcriptome of pigs, a species frequently used as a model for nutrigenomic studies, to identify novel lncRN",https://pubmed.ncbi.nlm.nih.gov/42706873/,PubMed
Forensic wound age estimation: Unveiling the potential of non-coding RNA biomarkers in skin and skeletal muscle injuries.,"Pan Yuxin, Lv Yehui, Zhao Jiuhong","Medicine, science, and the law",2026-09-08,"Forensic wound age estimation holds significant importance for criminal investigation and judicial identification. However, accurately deducing the time of injury remains a tricky point. In recent years, non-coding RNAs (ncRNAs) have emerged as novel biomarkers, demonstrating great potential for estimating the age of skin and skeletal muscle wounds. This narrative review focuses on the regulatory ",https://pubmed.ncbi.nlm.nih.gov/42706614/,PubMed
Rebalancing the non-coding RNA research agenda: future directions for long non-coding RNA and circular RNA research.,"Kim Young-Kook, Kook Hyun",Experimental & molecular medicine,2026-09-08,,https://pubmed.ncbi.nlm.nih.gov/42706373/,PubMed
The skin-specific long non-coding RNA TEDAR orchestrates late epidermal differentiation via an ERK-KLF4 cytoplasmic regulatory axis.,"Das Mahapatra Kunal, Arslan Özge, Luo Longlong",Cell death & disease,2026-09-08,"The formation of a functional skin barrier depends on terminal keratinocyte differentiation, yet the contribution of long non-coding RNAs to this process remains incompletely understood. Here, using transcriptome analysis of more than 15,000 RNA-seq samples across 54 human tissues, we identify TEDAR (Terminal Epidermal Differentiation-Associated RNA), a highly skin-enriched lncRNA. Single-molecule",https://pubmed.ncbi.nlm.nih.gov/42706248/,PubMed
The long noncoding RNA Peanut (Gm11454) biases progenitors towards neurogenesis and rod photoreceptor differentiation during postnatal retinal development.,"Hostetler Jade Enright, Shiau Fion, Zhang Xiaodong",Developmental biology,2026-09-08,"Long noncoding RNAs (lncRNAs) display pervasive expression and function in the developing nervous system. Temporal profiling of gene expression in the retina has demonstrated differential expression of lncRNAs throughout development; however, determinations of lncRNA function during retinal development remain limited. In this study, we identify numerous lncRNAs with dynamic temporal expression and",https://pubmed.ncbi.nlm.nih.gov/42705432/,PubMed
Regulation of the lncRNA NEAT1 by p53-ΔNp63 crosstalk modulates the DNA damage response and therapeutic efficacy in HNSCC.,"De Domenico Sara, La Banca Veronica, D'Amico Silvia",Molecular oncology,2026-09-08,"Head and neck squamous cell carcinomas (HNSCCs) are characterized by recurrent genetic alterations, including the inactivation of the tumor suppressor TP53 gene and dysregulation of the TP63 gene. The TP63 gene encodes multiple isoforms, among which the N-terminal truncated isoform ΔNp63 is fundamental for the integrity of stratified epithelial tissues. We previously demonstrated that ΔNp63 repres",https://pubmed.ncbi.nlm.nih.gov/42704200/,PubMed
The Interplay of the LncRNA AFAP1-AS1 and the Soluble Immune Checkpoint Proteins sPD-1/sPD-L1 in Breast Cancer: Tumor-Immune Crosstalk.,"AbdelHamid Sherihan G, Kamal Amany M, AbdelAziz Hany",Bioscience reports,2026-09-08,"Breast cancer (BC) remains a major health issue worldwide. Immuno-oncology has recently garnered much attention with unprecedented bench-to-bedside revolutions in cancer diagnosis and treatment. The PD-1/PD-L1 pathway is an adaptive mechanism in cancer immune escape that can be regulated epigenetically via long non-coding RNAs (lncRNAs). In this study, we sought to investigate the potential clinic",https://pubmed.ncbi.nlm.nih.gov/42704047/,PubMed
Adaptation to Plant Defence in an Agricultural Insect Pest: Integrating Genome Scans and Gene Expression in the Soybean Aphid Reveals Multi-Genic Pathways.,"Pavinato Vitor A C, Penton-Michel Erin H, Shahid Saima",Molecular ecology,2026-09-08,"In agroecosystems, intense selection pressures cause species to adapt and spread, often leading to the evolution and persistence of pests. Understanding how pests rapidly adapt can help develop sustainable strategies for their management and improve agroecosystem health. Pest adaptation involves stable variations in DNA sequence, as well as dynamic shifts in gene expression, often mediated by non-",https://pubmed.ncbi.nlm.nih.gov/42703793/,PubMed
An Insight into the Emerging Role of Extracellular Vesicle-derived Noncoding RNAs in Colorectal Cancer.,"Jayaraman Vijayalakshmi, Apthi Soniga, Datta Liza","MicroRNA (Shariqah, United Arab Emirates)",2026-09-08,"Colorectal cancer (CRC) ranks among the most frequent and lethal cancers globally, with early detection remaining a significant challenge because of asymptomatic early stages and limitations of current screening methods. This underscores the pressing need for new, non-invasive biomarkers for early CRC detection to enhance patient outcomes. Advancements in the molecular biology of cancer have highl",https://pubmed.ncbi.nlm.nih.gov/42703176/,PubMed
Machine learning approaches for cancer prognosis and diagnosis via non-coding RNA: a comprehensive review.,"Hossain Md Shafayet, Chen Yi-Ping Phoebe",Briefings in bioinformatics,2026-09-08,"Non-coding RNAs (ncRNAs), once considered genomic dark matter, are now established as key regulators of gene expression with widespread roles in cellular homeostasis and disease. In cancer, ncRNA expression is frequently and systematically dysregulated, and many of these molecules circulate in stable, protected form within biofluids, offering a compelling basis for non-invasive or minimally invasi",https://pubmed.ncbi.nlm.nih.gov/42702370/,PubMed
Regulatory roles of pyroptosis-associated lncRnas in breast cancer progression and immune microenvironment.,"Hsu Chou-Yi, Mukhlif Bilal AbdulMajeed, Nematov Ozodbek","Cell cycle (Georgetown, Tex.)",2026-09-08,"Breast cancer progression and therapeutic response are profoundly influenced by tumor immune interactions, yet the molecular regulators linking cell death pathways with immune modulation remain incompletely understood. Pyroptosis, a gasdermin-mediated inflammatory form of programmed cell death, has emerged as a key determinant of tumor immunity, while long non-coding RNAs are increasingly recogniz",https://pubmed.ncbi.nlm.nih.gov/42701903/,PubMed
"Correction to ""Long Noncoding RNA OVAAL Enhances Nucleotide Synthesis Through Pyruvate Carboxylase to Promote 5-Fluorouracil Resistance in Gastric Cancer"".",,Cancer science,2026-09-08,,https://pubmed.ncbi.nlm.nih.gov/42700161/,PubMed
"Epigenetic pacemaker: A review of DNA methylation, histone lactylation, and non-coding RNAs in autoimmune skin diseases.","Chen Jinfang, Feng Xiaoyan, Li Yuling",Journal of translational autoimmunity,2026-09-08,"Autoimmune skin diseases, including psoriasis, cutaneous forms of systemic lupus erythematosus, and scleroderma, involve complicated interactions between genetic and environmental factors. Modern developments have pointed out the importance of regulatory epigenetic processes associated with DNA methylation, histone lactylation, and different types of non-coding RNA molecules like miRNA, lncRNAs, a",https://pubmed.ncbi.nlm.nih.gov/42699774/,PubMed
The identification of growth-promoting lncRNAs in oral cavity squamous cell carcinoma.,"Chen Ronghao, Lin Chenyu, Koshre Ganesh",Non-coding RNA research,2026-09-08,Oral Cavity Squamous Cell Carcinoma (OCSCC) is an aggressive tumor that develops within the mouth of patients. Tumor-suppressor gene loss and genomic arrangements fuel tumorigenesis and transcriptional reprogramming. Understanding how these alterations contribute to OCSCC growth and cell survival may identify new therapeutic vulnerabilities or biomarkers. We profiled the role of long non-coding RN,https://pubmed.ncbi.nlm.nih.gov/42699306/,PubMed
"Erratum: [Corrigendum] Long non-coding RNA CCAT2 functions as an oncogene in hepatocellular carcinoma, regulating cellular proliferation, migration and apoptosis.","Zhou Ning, Si Zhongzhou, Li Ting",Oncology letters,2026-09-08,[This corrects the article DOI: 10.3892/ol.2016.4580.].,https://pubmed.ncbi.nlm.nih.gov/42698850/,PubMed
Long non-coding RNA GAS5 binds to miR-137 and regulates Nrf2 to ameliorate insulin resistance in adipose tissue in gestational diabetes mellitus.,"Guo Yuanyuan, Jiao Jingru, Zheng Xian",Diabetic medicine : a journal of the British Diabetic Association,2026-09-08,"This study aimed to explore whether GAS5 improves gestational diabetes mellitus (GDM)-associated insulin resistance (IR) via the miR-137/Nrf2 axis, thereby elucidating a potential novel mechanism underlying GDM pathogenesis. GAS5 and Nrf2 expression was compared between GDM patients and normal glucose tolerance pregnant women, and their correlations with IR and lipid metabolism indexes were analys",https://pubmed.ncbi.nlm.nih.gov/42698187/,PubMed
Context-dependent effects of MIR100HG on tumorigenic phenotypes and p38/MAPK-AKT signaling in hepatocellular carcinoma.,"Tokay Esra, Koc Sevin Avsar, Dulger Aylin Turkoglu",Functional & integrative genomics,2026-09-08,"Hepatocellular carcinoma (HCC) is one of the leading causes of cancer-related mortality worldwide and is characterized by a hypoxic tumor microenvironment that promotes tumor progression, cellular adaptation, and therapeutic resistance. Increasing evidence indicates that long non-coding RNAs (lncRNAs) play critical roles in regulating tumor-associated signaling networks; however, the contribution ",https://pubmed.ncbi.nlm.nih.gov/42698010/,PubMed
Topology-aware relational learning on heterogeneous networks for lncRNA-disease association prediction.,"Liu Jiajia, Lin Mugang, Zhu Lingzhi",Bio Systems,2026-09-08,"Long non-coding RNAs (lncRNAs) play an irreplaceable role in critical physiological processes such as cell cycle regulation, chromatin remodeling, and tumor suppression, yet traditional wet-lab molecular experiments are expensive and time-consuming. Consequently, there is an urgent need to develop efficient computational prediction models to prioritize disease-related lncRNAs, aiming to discover p",https://pubmed.ncbi.nlm.nih.gov/42697469/,PubMed
Abalone genomics reveals an ancient asymmetry axis and the multifunctionality of the mantle.,"Wang Xiaotong, Li Chunhui, Xin Peidong",Science advances,2026-09-08,"Gastropod diversification represents one of the most spectacular evolutionary radiations, underpinned by a fundamentally asymmetric body plan and diverse pigmentation patterns. To understand the genetic underpinnings of these cardinal traits, we constructed a chromosome-level genome assembly for the rainbow abalone, ",https://pubmed.ncbi.nlm.nih.gov/42696593/,PubMed
"The regulation of COX-2, ABCA1, and ABCG1 by the lncRNA PACERR links the inflammatory response and cholesterol homeostasis.","Hennessy Elizabeth J, Tanosaki Takae, Lordan Ronan",Cell reports,2026-09-08,"Cyclooxygenase-2 (COX-2) plays a central role in inflammation, but its inhibition is associated with increased cardiovascular risk. Here, we investigate the COX-2 antisense long non-coding RNA (lncRNA) PTGS2 antisense complex-mediated expression regulator RNA (PACERR) and its potential role in pathways linking inflammation and cholesterol homeostasis. PACERR expression is induced by high-density l",https://pubmed.ncbi.nlm.nih.gov/42696452/,PubMed
An Evaluation on the Role of Non-Coding RNA in HIV Transcription and Latency: A Review,Xiangshuai Liu,arXiv,2026-09-08,"The existence of latent cellular reservoirs is recognized as the major barrier to an HIV cure. Reactivating and eliminating ""shock and kill"" or permanently silencing ""block and lock"" the latent HIV reservoir, as well as gene editing, remain promising approaches, but so far have proven to be only partially successful. Moreover, using latency reversing agents or ""block and lock"" drugs pose additiona",http://arxiv.org/abs/2502.06107v1,arXiv
"Blood-derived lncRNAs as potential biomarkers for early cancer diagnosis: The Good, the Bad and the Beauty","Cedric Badowski, Bing He, Lana X Garmire",arXiv,2026-09-08,Cancer ranks as one of the deadliest diseases worldwide. The high mortality rate associated with cancer is partially due to the lack of reliable early detection methods and/or inaccurate diagnostic tools such as certain protein biomarkers. Cell-free nucleic acids (cfNA) such as circulating long non-coding RNAs (lncRNAs) have recently been proposed as a new class of potential biomarkers that could ,http://arxiv.org/abs/2109.11746v1,arXiv
BPPart and BPMax: RNA-RNA Interaction Partition Function and Structure Prediction for the Base Pair Counting Model,"Ali Ebrahimpour-Boroojeny, Sanjay Rajopadhye, Hamidreza Chitsaz",arXiv,2026-09-08,"RNA-RNA interaction (RRI) is ubiquitous and has complex roles in the cellular functions. In human health studies, miRNA-target and lncRNAs are among an elite class of RRIs that have been extensively studied. Bacterial ncRNA-target and RNA interference are other classes of RRIs that have received significant attention. In recent studies, mRNA-mRNA interaction instances have been observed, where bot",http://arxiv.org/abs/1904.01235v2,arXiv
Different functionalized nanocarriers for improvement of gene delivery.,"Nekounam Houra, Karbalaeimahdi Ali, Mohammadi Faranak",Nanotechnology,2026-09-08,"Gene delivery is a highly advanced therapeutic approach that involves the introduction of therapeutic nucleic acids, including DNA and RNA, into target cells to restore, regulate or enhance cellular function. Delivery vectors are a critical determinant of gene therapy efficacy and are generally classified as either viral or non-viral. Viruses vectors are often transfection efficient, but the clini",https://pubmed.ncbi.nlm.nih.gov/42705265/,PubMed
Smart Colloidal Systems as Drug Delivery and Therapeutic Modulation Platforms for Renal Cell Carcinoma.,"Sun Liming, Zhao Xinming, Li Xiaoting",International journal of nanomedicine,2026-09-08,"Renal cell carcinoma (RCC) is one of the major malignant tumors of the genitourinary system and remains difficult to treat in advanced or recurrent settings. Although surgery, antiangiogenic targeted therapy, immune checkpoint blockade, mTOR inhibition, and HIF-2α-targeted therapy have improved clinical outcomes, recurrence, therapeutic resistance, heterogeneous tumor exposure, and systemic toxici",https://pubmed.ncbi.nlm.nih.gov/42703368/,PubMed
Intranasal administration of spike-specific mRNA-LNP confers more protection than the intramuscular route against SARS-CoV-2.,"Abdoli Mohsen, Soleimanjahi Hoorieh, Soudi Sara",Iranian journal of basic medical sciences,2026-09-08,"Intranasal vaccination mimics natural infection and induces mucosal immunity against respiratory viruses. This study compared the immunogenicity and protective efficacy of a nucleoside-modified messenger RNA (mRNA) encoding the SARS-CoV-2 spike protein, encapsulated in lipid nanoparticles (LNPs), administered via intranasal (I.N) versus intramuscular (I.M) routes. BALB/c mice received mRNA-LNP vac",https://pubmed.ncbi.nlm.nih.gov/42703288/,PubMed
Targeting m,"Xu Liangfu, Pan Yuanwei, Li Guanjun",Nature communications,2026-09-08,"Epigenetic editing, particularly N",https://pubmed.ncbi.nlm.nih.gov/42702629/,PubMed
Localized hydrogel delivery of photoactivatable mRNA lipid nanoparticles and hyaluronidase for postoperative TNBC immunotherapy.,"Tong Ao Hoi, Zhu Haichao, Zou Chenming",International journal of biological macromolecules,2026-09-08,"Triple-negative breast cancer (TNBC) responds poorly to immunotherapy, in part because its hyaluronic acid (HA)-rich and immunosuppressive tumor microenvironment restricts drug penetration and antitumor immune activation. Here, we developed an injectable alginate hydrogel platform (ICG-LNP@ALG-H) for localized co-delivery of hyaluronidase (HAase) and indocyanine green (ICG)-functionalized lipid na",https://pubmed.ncbi.nlm.nih.gov/42702319/,PubMed
Surface-engineered milk-derived extracellular vesicles enable oral miRNA therapy against immunosuppressive pancreatic cancer.,"Ryu Youngri, Jang Hochung, Kim Eun Hye",Materials today. Bio,2026-09-08,"Pancreatic ductal adenocarcinoma (PDAC) shows limited responsiveness to conventional therapies due to an immunosuppressive tumor microenvironment (TME) characterized by programmed death-ligand 1 (PD-L1)-mediated immune escape and oncogenic microRNA-21 (miR-21) signaling. Despite the potential of miRNA therapeutics, their clinical translation is hindered by the lack of stable, non-invasive delivery",https://pubmed.ncbi.nlm.nih.gov/42701371/,PubMed
Nanoparticle-Based miRNA Therapeutics in Breast Cancer Highlighting Design Strategies and Translational Potential.,"Lukumci Övünç Efe, Cansaran-Duman Demet, Mutlu Pelin",International journal of nanomedicine,2026-09-08,"Breast cancer remains one of the leading causes of cancer-related mortality worldwide, with its marked molecular heterogeneity and therapeutic resistance continuing to limit long-term clinical success. Although advances in targeted therapies have improved patient outcomes, tumor recurrence, systemic toxicity, and drug resistance remain major clinical challenges. MicroRNAs (miRNAs) have emerged as ",https://pubmed.ncbi.nlm.nih.gov/42699688/,PubMed
Tissue-specific transcriptomic responses and skeletal-muscle ultrastructural observations in Semah mahseer (,"Uchuwittayakul Anurak, Phuthong Witchukorn, Kong Chamroeun",Food chemistry. Molecular sciences,2026-09-08,Semah mahseer (,https://pubmed.ncbi.nlm.nih.gov/42699323/,PubMed
Sub-stoichiometric 5-methoxyuridine modification enables tunable immune evasion and protein expression from synthetic mRNAs.,"Miles Jonathan R, Masterson Sarah, Bellows Eleanor",Molecular therapy. Nucleic acids,2026-09-08,"mRNA therapeutics depend on nucleotide modification to evade innate immunity and sustain translation. Current clinical designs replace all uridine with N1-methylpseudouridine (m1Ψ). However, full substitution is costly and can perturb translational fidelity and RNA structure. Here, we show that sub-stoichiometric incorporation of 5-methoxyuridine (5moU) is sufficient to confer immune evasion while",https://pubmed.ncbi.nlm.nih.gov/42699029/,PubMed
Research progress on glioma drug resistance: mechanism analysis and therapeutic strategies.,"Bai Zetong, Liu Haiguang, Wang Yan",Frontiers in pharmacology,2026-09-08,"Glioma, especially glioblastoma multiforme (GBM), has become one of the major clinical challenges in the field of neurooncology due to its high invasiveness and significant multidrug resistance (MDR). The mechanism of drug resistance is complex and involves the synergy of many factors, including the overexpression of MDR related transporters such as P-glycoprotein (P-gp), multidrug resistance asso",https://pubmed.ncbi.nlm.nih.gov/42698858/,PubMed
A dual functional hybrid lipid-polymeric nanoparticle co-loaded coenzyme Q10 and siRNA TNFα for anti-inflammatory skin therapy.,"Pupo Silvestrini Ana Vitória, Morais Milena Finazzi, Dos Santos Thatiani Figueiredo",International journal of pharmaceutics,2026-09-08,"Inflammatory skin diseases, such as psoriasis, lead to significant humanistic and economic burdens, mainly psychosocial impacts due to the relapsing papulosquamous characteristic of the disease. Due to the extensive skin lesions, topical therapies remain the main form of treatment. However, their effectiveness is limited by poor skin penetration. In addition, single-target mechanisms limit the sim",https://pubmed.ncbi.nlm.nih.gov/42697387/,PubMed
Messenger RNA delivery of a dual CD25/CD122 affinity-tuned IL-2 variant prolongs exposure and potentiates antitumor T cell immunity.,"Vormehr Mathias, Kranz Lena M, Muik Alexander",Science advances,2026-09-08,"The therapeutic potential of interleukin-2 (IL-2) in cancer treatment is limited by toxicity challenges, partly due to an unfavorable pharmacokinetic profile and unintended activation of regulatory T (T",https://pubmed.ncbi.nlm.nih.gov/42696566/,PubMed
Photo-Activated microRNA 20a Delivery via Core-Shell-Shell Nanoparticles for the Suppression of Head and Neck Cancer.,"Helton Angelica M, Yeingst Tyus J, Stone Lindsay P",Journal of biomedical materials research. Part A,2026-09-08,"Current treatment modalities for head and neck cancer often leave patients with severe morbidities including difficulty swallowing, breathing, and speaking. Novel therapeutics are needed which induce suppress tumors, provide more precise surgical resection, and minimize damage to the complex surrounding tissue. In this study, plasmonic gold-silver-gold core-shell-shell (CSS) nanoparticles were fun",https://pubmed.ncbi.nlm.nih.gov/42695350/,PubMed
"Biologic and regenerative strategies for osteoarthritis: advances in MSC, exosome, and PRP based therapies.","Yue Haiyuan, Alhaskawi Ahmad, Ezzi Sohaib Hasan Abdullah",Frontiers in pharmacology,2026-09-08,"Osteoarthritis (OA) is a prevalent degenerative joint disorder characterized by progressive cartilage destruction, chronic inflammation, pain, and functional impairment. Conventional therapies primarily focus on symptom management and are unable to restore damaged articular cartilage or effectively modify disease progression. Consequently, increasing attention has been directed toward biologic and",https://pubmed.ncbi.nlm.nih.gov/42694831/,PubMed
How a polymer filling enhances the rate and selectivity of colloid permeation across mesopores,"Mikhail Y. Laktionov, Frans A. M. Leermakers, Ralf P. Richter",arXiv,2026-09-08,"Polymer-functionalised mesopores are an emerging technology for colloid separation, sensing and delivery. Their potential is strikingly illustrated in living cells, where nuclear pore complexes (NPCs) control biocolloid transport between the nucleus and the cytosol. Even colloids much smaller than the biopolymer-filled NPC channel are effectively blocked, but some larger colloids with distinct sur",http://arxiv.org/abs/2608.27995v1,arXiv
Manganese-Functionalized GelMA Hydrogels for MRI-Guided Immunotheranostics in Precision Oncology,"Motahareh Nazari, Keyvan Alavi",arXiv,2026-09-08,"Precision oncology requires multifunctional platforms capable of integrating accurate tumor diagnosis, localized therapeutic delivery, immune modulation, and real-time monitoring of treatment response. Gelatin methacryloyl (GelMA) hydrogels have emerged as versatile biomaterials for biomedical engineering because of their biocompatibility, extracellular matrix-like structure, tunable mechanical pr",http://arxiv.org/abs/2606.29599v1,arXiv
"Digital twins and explainable AI across the vaccine life cycle: from mRNA manufacturing to thermostability, cold-chain logistics, and immunisation services.","Ugwu Okechukwu Paul-Chima, Okon Michael Ben, Ogenyi Fabian C",Vaccine,2026-09-08,"The COVID-19 era accelerated the deployment of mRNA vaccines while exposing persistent weaknesses in manufacturing, thermostability and cold-chain systems, particularly in low- and middle-income countries (LMICs). This narrative review, informed by an explicit search of PubMed, Web of Science, Scopus, IEEE Xplore and the ACM Digital Library (2019-2025), synthesises over 50 studies of digital twins",https://pubmed.ncbi.nlm.nih.gov/42705167/,PubMed
Immunoinformatics Approach for the Designing of a Novel mRNA Vaccine Candidate Against Trypanosoma brucei.,"Nil Monira Swapna, Khandker Shupriti, Sadaf Samia",Acta parasitologica,2026-09-08,"Trypanosoma brucei causes Human African Trypanosomiasis (HAT), which has a devastating impact on an individual's health. Currently, there is no FDA-approved vaccine for HAT prevention. Therefore, reverse vaccinology approaches were utilized to design an mRNA vaccine candidate. Variant surface glycoprotein, heat shock protein 70, and vacuolar transporter chaperone complex of T. brucei were targeted",https://pubmed.ncbi.nlm.nih.gov/42704553/,PubMed
Improvement of post-COVID-19 vaccination dysautonomia with GLP-1 receptor agonist.,"Blitshteyn Svetlana, Schofield Jill R, Haire Nichole",Immunopharmacology and immunotoxicology,2026-09-08,"Vasovagal syncope (VVS) is the most common form of cardiovascular dysautonomia that has multiple etiologies. Post-vaccination dysautonomia, in the form of VVS and postural orthostatic tachycardia syndrome, has been reported in the literature after various vaccines, including COVID-19 mRNA vaccination. Treatment of post-vaccination syndromes has not been explored leaving patients with post-vaccinat",https://pubmed.ncbi.nlm.nih.gov/42703003/,PubMed
"Incidence, pathogenesis, clinical manifestations, and pharmacological management of the 2026 Andes virus outbreak.","Ghasemiyeh Parisa, Mohammadi-Samani Soliman",Virology journal,2026-09-08,"Hantavirus is considered as a fatal zoonotic pathogen that can be commonly transmitted from rodents to humans. However, the Andes virus (ANDV), a type of New World hantavirus, can also be transmitted from human to human. It is the cause of the 2026 hantavirus outbreak on a cruise ship. Hantavirus can rapidly progress to a severe respiratory distress, known as hantavirus cardiopulmonary syndrome (H",https://pubmed.ncbi.nlm.nih.gov/42702719/,PubMed
Cancer vaccines as targeted therapies: translational advances and challenges.,"Shafaghat Zahra, Sadri Maryam, Roozbehani Mona",Immunotherapy,2026-09-08,"Cancer vaccines represent a promising class of immunotherapeutic agents with potential applications in cancer prevention and treatment. By eliciting tumor-specific immune responses, these vaccines may offer durable protection against tumor progression, recurrence, and metastasis while minimizing off-target toxicity associated with conventional therapies. In addition, activation of adaptive immunit",https://pubmed.ncbi.nlm.nih.gov/42701036/,PubMed
Improving intradermal dosing consistency in mice using a hollow microneedle: A model study with a SARS-CoV-2 mRNA vaccine.,"Onishi Shintaro, Suzuki Yuta, Sugimoto Koki",Vaccine,2026-09-08,"Intradermal vaccination can enhance immune responses, yet reproducible intradermal injection remains technically challenging, particularly for hollow microneedle delivery. Herein, using a mouse model, we aimed to establish a preclinical platform that enables more consistent intradermal vaccine delivery. We quantified age-dependent changes in mouse dorsal skin thickness and developed a pinch-type a",https://pubmed.ncbi.nlm.nih.gov/42700750/,PubMed
The platform trial in COVID-19 priming and BOOsting (PICOBOO): The reactogenicity of nine licensed COVID-19 vaccines delivered in immunocompetent adults.,"C McLeod, Dymock M, Flanagan K L",Vaccine,2026-09-08,"PICOBOO is a randomised, Bayesian adaptive trial evaluating immunogenicity and reactogenicity of licensed COVID-19 vaccines in immunocompetent individuals aged >12 years. We present reactogenicity data for nine vaccines administered as additional doses within adult strata based on age cohort and primary vaccination regimen. Individuals who had not received a COVID-19 vaccine within three months we",https://pubmed.ncbi.nlm.nih.gov/42700749/,PubMed
Virus-like particle display of the SARS-CoV-2 receptor-binding domain using a modular tag/catcher system enhances immunogenicity of a DNA vaccine in mice.,"Okholm Anna K, Fougeroux Cyrielle, Hagen Sven H",Vaccine,2026-09-08,"The COVID-19 pandemic highlighted the critical need for adaptable, rapid-response vaccine platforms. While mRNA vaccines enabled fast and scalable development, their stringent cold-chain requirements limited global accessibility. DNA vaccines offer a similarly fast and flexible vaccine design, but require far less complex manufacturing and distribution conditions, which is an advantage during a pa",https://pubmed.ncbi.nlm.nih.gov/42700748/,PubMed
Assessing the pandemic potential of Nipah virus: From molecular pathogenesis to ecological spillover risks.,"Yin Qikai, Nie Kai, Wang Shiwen",Infectious medicine,2026-09-08,"Nipah virus, a highly lethal zoonotic paramyxovirus with a case‑fatality rate of 40-75%, poses a formidable threat to global health security. This review synthesizes its evolving epidemiology, contrasting the Malaysian and Bangladesh‑India strains, and dissects molecular pathogenesis focusing on G/F glycoprotein recognition of ephrin receptors and the multi‑layered immune evasion mediated by P gen",https://pubmed.ncbi.nlm.nih.gov/42699591/,PubMed
Endolysosomal routing combined with immune stimulation enhances anti-tumor efficacy of an HPV16 mRNA therapeutic vaccine.,"Song Wenjie, Ying Bo, Gao Peng",Materials today. Bio,2026-09-08,"Despite the widespread use of prophylactic vaccines, Human papillomavirus (HPV) related cancers persist as a substantial global health burden, highlighting the high demand for effective therapeutics. Signal peptide (SP) and major histocompatibility complex (MHC) class I trafficking domain (MITD) have been utilized in HPV messenger RNA (mRNA) therapeutic vaccines to improve MHC class I and II prese",https://pubmed.ncbi.nlm.nih.gov/42699170/,PubMed
Live-attenuated vaccines of human respiratory syncytial virus for infants and young children: Progress and prospects of an old yet promising platform.,"Yu Jiemei, Fu Yuanhui, Zheng Yanpeng",Biosafety and health,2026-09-08,"Human respiratory syncytial virus (RSV) remains a leading cause of lower respiratory tract illness (LRTI) in infants, young children, and the elderly. Although long-acting monoclonal antibodies, subunit, and messenger ribonucleic acid (mRNA) vaccines can protect vulnerable populations (infants < 6 months old and older adults) ",https://pubmed.ncbi.nlm.nih.gov/42698634/,PubMed
Mixing versus matching booster vaccines: A longitudinal humoral immune kinetics against Omicron in a Malaysian cohort.,"Thundakattil Ashwathy Varadarajan, Prabhu Rekha, Prabhu Girish",International journal of infectious diseases : IJID : official publication of the International Society for Infectious Diseases,2026-09-08,"The objective of our study was to evaluate the longitudinal humoral immune response following booster regimens in Malaysia during the Omicron outbreak. In this prospective cohort study, 268 healthcare professionals and medical students in Malaysia were followed up for 24 weeks following homologous (mRNA-mRNA (mR-mR), viral vector-viral vector (VV-VV), inactivated virus-inactivated virus (IV-IV) an",https://pubmed.ncbi.nlm.nih.gov/42697472/,PubMed
"Safety, humoral and cellular immune responses to a pre-pandemic adjuvanted influenza A (H5N8) vaccine.","Maria Durvanei Augusto, Martins Isabela Mancini, Porto Giselle Pidde Marques",Vaccine,2026-09-08,"Highly pathogenic avian influenza (HPAI) A(H5) viruses can be transmitted from infected birds to various mammalian species, including humans. Avian influenza viruses (AIVs), members of the Orthomyxoviridae family, possess segmented RNA genomes prone to reassortment, favoring the emergence of novel genetic traits that may alter transmissibility, pathogenicity, and antigenicity. Although no sustaine",https://pubmed.ncbi.nlm.nih.gov/42696822/,PubMed
Safe prolonged prophylactic use and tolerability of Ashwagandha following COVISHIELD™ vaccination over 24 weeks: a multicentre randomized double-blind placebo-controlled trial.,"Chopra Arvind, Chaudhuri Susmita, Gundeti Manohar S",Frontiers in medicine,2026-09-08,"Ashwagandha ( 1,200 consenting apparently healthy participants (age 18-70 years) with a negative SARS-CoV-2 RNA assay (RT-PCR using oral and nasal swab) were randomized within 7 days of vaccine administration (primary or booster) to receive oral standardized Ashwagandha (500 mg aqueous root extract) or a matching placebo daily. Participants were monitored every 4 weeks till weeks 28 (study complet",https://pubmed.ncbi.nlm.nih.gov/42694770/,PubMed
Estimating the National Disease Burden and Economic Burden of Respiratory Syncytial Virus (RSV) in Thailand.,"Boonpattharatthiti Kansak, Techasaensiri Chonnamet, Phongsamart Wanatpreeya",Influenza and other respiratory viruses,2026-09-08,"Respiratory syncytial virus (RSV), a single-stranded negative-sense RNA virus, causes respiratory tract infections in children and adults, leading to hospitalization and mortality. However, the national disease burden and economic impact of RSV in Thailand remain undetermined. This study aims to estimate the national disease and economic burden of RSV infections in 2023 in Thailand. An incidence-b",https://pubmed.ncbi.nlm.nih.gov/42693667/,PubMed
High-yield production of immunogenic PV3 virus-like particle in yeast.,"Chen Tian, Hong Qin, Han Wenyu",Antiviral research,2026-09-08,"The identification of thermally stabilized mutants of all three poliovirus serotypes (PV1, PV2, and PV3) has enabled the development of virus-like particle (VLP)-based next-generation poliovirus vaccines. PV3 stabilized mutant-derived VLPs (sVLPs) have been produced in several recombinant systems through co-expression of mutant P1 polyprotein with native or uncleavable viral protease 3CD, and have",https://pubmed.ncbi.nlm.nih.gov/42692371/,PubMed
"Host regulatory interactions with Moraxella catarrhalis: emerging hypotheses on microRNA networks, extracellular vesicle RNAs, and phasevarions-mediated epigenetics in respiratory pathogenesis.","Goodarzi Golnaz, Besharati Reza, Kebriaei Abdollah",Microbial pathogenesis,2026-09-08,"Moraxella catarrhalis is a Gram-negative opportunistic pathogen of the human respiratory tract, historically considered a commensal but now established as a leading cause of otitis media in children and acute exacerbations of chronic obstructive pulmonary disease (COPD) in adults. While phylogenomic studies have revealed two deeply divergent evolutionary lineages, Sero resistant (SR) and Sero sens",https://pubmed.ncbi.nlm.nih.gov/42692274/,PubMed
An Integrative Computational Approach to Predict Viral Epitopes by Targeting the MHC-TCR Complexation,"Jaya Vasavi Pamidimukkala, Roshan Balaji, Nirav Pravinbhai Bhatt",arXiv,2026-09-08,"T-cell immunity acts as a major defense system against controlling viral infections in vertebrates. During viral entry, innate immune cells degrade the viral proteins (antigens) and present them on their surface via Major Histocompatibility (MHC) proteins. T-cell receptors (TCRs) recognize these antigens/peptides presented by MHC (pMHC), initiating a T-cell mediated immune response. Despite its si",http://arxiv.org/abs/2609.03182v1,arXiv
Transformer-Based Active Learning for Data-Efficient Vaccine Epitope Selection in PRRS,"Aspen Erlandsson Brisebois, Zahed Khatooni, Connor Burbridge",arXiv,2026-09-08,"High-fidelity molecular docking simulations can produce biologically relevant estimates of epitope-receptor binding affinity but are computationally expensive and therefore limit the number of candidates that can be screened for vaccine design. In this work, we evaluate machine learning (ML) approaches where variants of active learning are used to classify instances of high binding affinity betwee",http://arxiv.org/abs/2606.28659v1,arXiv
Exploring the Effects of Entanglement on Quantum Machine Learning of Pathogen Epitope-Receptor Binding,"Aspen Erlandsson Brisebois, Luis Pablo Gonzalez Dominguez, Shivansi Prajapati",arXiv,2026-09-08,"Parameterized quantum circuits (PQCs) provide a flexible substrate for hybrid quantum machine learning (QML), but their practical value on Noisy Intermediate-Scale Quantum (NISQ) devices remains an empirical question, especially because training depth and scale can introduce optimization challenges such as barren plateaus. Here we study how the number and topology of two-qubit entangling gates in ",http://arxiv.org/abs/2606.28655v1,arXiv
FKBP5 promotes pro-inflammatory microglial activation and neuronal injury through NF-κB/NLRP3 signaling in convulsive status epilepticus.,"Zhang Haiping, Wu Lin, Su Ting",Immunopharmacology and immunotoxicology,2026-09-08,"Convulsive status epilepticus (CSE) triggers profound neuroinflammatory responses that exacerbate neuronal injury and impair long-term neurological recovery. FKBP5, a co-chaperone protein implicated in immune regulation, has been increasingly recognized as a modulator of inflammatory signaling. However, its role in microglial activation and neuroinflammation during CSE remains elusive. A pilocarpi",https://pubmed.ncbi.nlm.nih.gov/42707019/,PubMed
A double-blinded randomized controlled pilot study evaluating the efficacy of siRNA inhibiting SPARC microneedle patch versus siRNA inhibiting SPARC and IL4-RA microneedle patch in reducing scar volume.,"Chai Eleanor Shu Xian, Lim Delwyn Zhi Jie, Zhao Xiahong",The British journal of dermatology,2026-09-08,,https://pubmed.ncbi.nlm.nih.gov/42706910/,PubMed
[The role of TXNIP-mediated ferroptosis in the senescence of cochlear hair cells in age-related hearing loss].,"Ma T Y, Hu Q, Han L",Zhonghua er bi yan hou tou jing wai ke za zhi = Chinese journal of otorhinolaryngology head and neck surgery,2026-09-08,,https://pubmed.ncbi.nlm.nih.gov/42706065/,PubMed
Transcriptome screening identifies circRNA-INSR as a novel host factor associated with avian influenza virus replication.,"Liu Zhiyuan, Fan Menglu, Zheng Yiqing",Virology,2026-09-08,"Circular RNAs (circRNAs) represent a class of covalently closed non-coding RNA molecules that exert vital regulatory effects on host-pathogen interplay. The H9N2 subtype of avian influenza virus (AIV) is a widespread pathogen on a global scale, inflicting considerable economic damage to the poultry sector and harboring potential risks of cross-species transmission to humans. Despite growing eviden",https://pubmed.ncbi.nlm.nih.gov/42704957/,PubMed
Dickkopf-1 (DKK1) controls papillary and follicular thyroid cancer growth.,"Fiorentino Gloria, Latiano Beatrice, Rinella Letizia",Endocrine-related cancer,2026-09-08,"Thyroid cancer, the most frequent endocrine tumor, has a good prognosis. However, the survival rate of patients with recurrent or metastatic forms that become resistant to conventional treatments, drops to less than 20% at 10 years, with a mean life expectancy of 3-5 years. The molecular mechanisms that drive the advancement of these forms are still largely unknown, and, therefore, the identificat",https://pubmed.ncbi.nlm.nih.gov/42704709/,PubMed
Trpv4 links environmental temperature to testicular differentiation in hermaphroditic ricefield eel.,"Yang Zhi, Luo Tingting, Zhang Yimin",eLife,2026-09-08,The ricefield eel (,https://pubmed.ncbi.nlm.nih.gov/42704655/,PubMed
Activation of the cGAS-STING Pathway by NETs Promotes Inflammatory Injury in Myocardial Ischemia-Reperfusion.,"Jiang Jie, Wu Haonan, Zhou Lingfeng",Journal of inflammation research,2026-09-08,"Myocardial ischemia-reperfusion injury (MIRI) is a major complication of reperfusion therapy, driven by excessive sterile inflammation. During this process, neutrophils release abundant neutrophil extracellular traps (NETs), which exacerbate tissue damage, yet the underlying molecular mechanisms remain incompletely understood. This study tested the hypothesis that NETs activate the cGAS-STING path",https://pubmed.ncbi.nlm.nih.gov/42703426/,PubMed
Targeting SOD3-Mediated Oxidative Stress with Betulonic Acid Protects Against Steroid-Induced Femoral Head Necrosis.,"Chen Qi, Hao Yangquan, Yu Wenxing","Drug design, development and therapy",2026-09-08,"Steroid-induced osteonecrosis of the femoral head (SONFH) is a devastating complication of glucocorticoid therapy, fundamentally driven by oxidative stress. Although Betulonic acid (Ba), a natural pentacyclic triterpenoid, exhibits potent antioxidant properties, its therapeutic efficacy in SONFH remains unknown. This study investigates the protective effects of Ba against SONFH, specifically focus",https://pubmed.ncbi.nlm.nih.gov/42703376/,PubMed
Vascular smooth muscle cell-derived osteoprotegerin drives pulmonary arterial hypertension via AKT activation and is attenuated by monoclonal antibody therapy.,"Keles Merve, West Laura E, Arnold Nadine D",Cardiovascular research,2026-09-08,"Pulmonary arterial hypertension (PAH) is driven by sustained vasoconstriction and structural remodelling of distal pulmonary arteries. We have previously demonstrated that osteoprotegerin (OPG, tnfrsf11b) is upregulated in PAH animal models and patient tissues, with circulating levels being prognostic. OPG knockout mice exhibit an attenuated PAH phenotype, and therapeutic inhibition using a human ",https://pubmed.ncbi.nlm.nih.gov/42702807/,PubMed
The RNA helicase domain of NAT10 promotes the biogenesis of hypomodified ribosomes to enhance cancer cell proliferation.,"Dalhat Mahmood H, Narayan Sharath, Eleftheriou Maria",Nature communications,2026-09-08,"N-acetyltransferase 10 (NAT10) is a multifunctional enzyme that harbors RNA acetyltransferase and RNA helicase domains and has emerged as a therapeutic vulnerability in solid and hematological malignancies. By coupling Proteolysis Targeting Chimera-mediated degradation of NAT10 with a deep mutational scanning assay, followed by validations in biochemical assays, human cell lines, and female mouse ",https://pubmed.ncbi.nlm.nih.gov/42702606/,PubMed
Involvement of Protein Kinase C Delta and Monocarboxylate Transporter 4 in the Development of Statin-Induced Cytotoxicity in a Rhabdomyosarcoma-Derived Cell Line.,"Okamoto Keisuke, Matsui Toya, Kikutani Yurika",Biological & pharmaceutical bulletin,2026-09-08,"Statins, inhibitors of 3-hydroxy-3-methylglutaryl CoA reductase, are widely prescribed lipid-lowering agents. Nevertheless, their use is occasionally associated with muscle toxicity, including rhabdomyolysis. Exercise reportedly exacerbates statin-induced muscle injury; however, the underlying mechanisms remain poorly understood. Here, we investigated the role of protein kinase C (PKC) signaling i",https://pubmed.ncbi.nlm.nih.gov/42702544/,PubMed
miR-519d-3p inhibits gastric cancer progression by targeting the Beclin-1-dependent autophagy pathway.,"Shi Yuanbin, Guo Mengfu, Liu Haokun",Gene,2026-09-08,"Dysregulation of microRNA networks is a hallmark of gastric cancer pathogenesis, but the mechanisms driving early-stage disease remain poorly understood. This study utilized integrative bioinformatics analysis of the Gene Expression Omnibus dataset GSE158315 to identify tumor-suppressive microRNAs in early gastric cancer. We identified hsa-miR-519d-3p as a core downregulated microRNA in early-stag",https://pubmed.ncbi.nlm.nih.gov/42702298/,PubMed
Calcitriol attenuates form-deprivation myopia through VDR-mediated inhibition of NF-κB signaling and scleral remodeling.,"Liang Rongbin, Li Meilin, Li Jiakun",International immunopharmacology,2026-09-08,To investigate the role and mechanisms of calcitriol in form-deprivation myopia (FDM). Calcitriol was evaluated in a guinea pig FDM model and a tumor necrosis factor-alpha (TNF-α)-induced inflammatory model using human retinal pigment epithelial (RPE) cells. Vitamin D receptor (VDR) dependence was assessed by adeno-associated virus- or small interfering RNA-mediated VDR knockdown. Refractive statu,https://pubmed.ncbi.nlm.nih.gov/42702162/,PubMed
DeepSilencer: A Novel Deep Learning Model for Predicting siRNA Knockdown Efficiency,"Wangdan Liao, Weidong Wang",arXiv,2026-09-08,"Background: Small interfering RNA (siRNA) is a promising therapeutic agent due to its ability to silence disease-related genes via RNA interference. While traditional machine learning and early deep learning methods have made progress in predicting siRNA efficacy, there remains significant room for improvement. Advanced deep learning techniques can enhance prediction accuracy, reducing the relianc",http://arxiv.org/abs/2503.04200v1,arXiv
Maturation of siRNA by strand separation: Steered Molecular dynamics study,"Rakesh K Mishra, Sanchita Mukherjee, Dhananjay Bhattacharyya",arXiv,2026-09-08,"RNA interference, particularly siRNA induced gene silencing is becoming an important avenue of modern therapeutics. The siRNA is delivered to the cells as short double helical RNA which becomes single stranded for forming the RISC complex. Significant experimental evidence is available for most of the steps except the process of the separation of the two strands. We have attempted to understand th",http://arxiv.org/abs/1910.03778v1,arXiv
Using a hydrogen-bond index to predict the gene-silencing efficiency of siRNA based on the local structure of mRNA,"Kathy Q. Luo, Donald C. Chang",arXiv,2026-09-08,The gene silencing effect of short interfering RNA (siRNA) is known to vary strongly with the targeted position of the mRNA. A number of hypotheses have been suggested to explain this phenomenon. We would like to test if this positional effect is mainly due to the secondary structure of the mRNA at the target site. We proposed that this structural factor can be characterized by a single parameter ,http://arxiv.org/abs/1710.07413v1,arXiv
Unraveling siRNA Unzipping Kinetics with Graphene,"Santosh Mogurampelly, Swati Panigrahi, Dhananjay Bhattacharyya",arXiv,2026-09-08,"Using all atom molecular dynamics simulations, we report spontaneous unzipping and strong binding of small interfering RNA (siRNA) on graphene. Our dispersion corrected density functional theory based calculations suggest that nucleosides of RNA have stronger attractive interactions with graphene as compared to DNA residues. These stronger interactions force the double stranded siRNA to spontaneou",http://arxiv.org/abs/1207.4569v1,arXiv
Unzipping and binding of small interfering RNA with single walled Carbon Nanotube: a platform for small interfering RNA delivery,"Mogurampelly Santosh, Swati Panigrahi, Dhananjay Bhattacharyya",arXiv,2026-09-08,"In an effort to design efficient platform for siRNA delivery, we combine all atom classical and quantum simulations to study the binding of small interfering RNA (siRNA) by pristine single wall carbon nanotube (SWCNT). Our results show that siRNA strongly binds to SWCNT surface via unzipping its base-pairs and the propensity of unzipping increases with the increase in the diameter of the SWCNTs. T",http://arxiv.org/abs/1203.2409v1,arXiv
Nanodiamond as a vector for siRNA delivery to Ewing sarcoma cells,"Anna Alhaddad, Marie-Pierre Adam, Jacques Botsoa",arXiv,2026-09-08,"We investigated the ability of diamond nanoparticles (nanodiamonds, NDs) to deliver small interfering RNA (siRNA) in Ewing sarcoma cells, in the perspective of in vivo anti-cancer nucleic acid drug delivery. siRNA was adsorbed onto NDs previously coated with cationic polymer. Cell uptake of NDs has been demonstrated by taking advantage of NDs intrinsic fluorescence coming from embedded color cente",http://arxiv.org/abs/1106.2252v2,arXiv
Target prediction and a statistical sampling algorithm for RNA-RNA interaction,"F. W. D. Huang, J. Qin, C. M. Reidys",arXiv,2026-09-08,"It has been proven that the accessibility of the target sites has a critical influence for miRNA and siRNA. In this paper, we present a program, rip2.0, not only the energetically most favorable targets site based on the hybrid-probability, but also a statistical sampling structure to illustrate the statistical characterization and representation of the Boltzmann ensemble of RNA-RNA interaction st",http://arxiv.org/abs/0908.0597v1,arXiv
In silico evidence of the relationship between miRNAs and siRNAs,"Ludovica Montanucci, Piero Fariselli, Pier Luigi Martelli",arXiv,2026-09-08,"Both short interfering RNAs (siRNAs) and microRNAs (miRNAs) mediate the repression of specific sequences of mRNA through the RNA interference pathway. In the last years several experiments have supported the hypothesis that siRNAs and miRNAs may be functionally interchangeable, at least in cultured cells. In this work we verify that this hypothesis is also supported by a computational evidence. We",http://arxiv.org/abs/0705.2355v1,arXiv
