title,authors,journal,date,abstract,link,source
Intranasal Drop of Multiplex RNA Therapy for SARS-CoV-2 Infections: Baicalein-Enhanced FEN1 Nuclease Cleaving as a Virus Buster.,"Cao Jiyanuo, Wan Meng, Gu Jiayu",Emerging microbes & infections,2026-07-27,"Although the acute phase of the SARS-CoV-2 pandemic has subsided, viral persistence and variant evolution continue to challenge existing antiviral strategies. Here, we investigated an intranasal nanomedicine formulation comprising flap-endonuclease 1 (FEN1) and a panel of hairpin-structured DNA probes (hpDNAs), which we designed to concurrently target the highly conserved nucleocapsid RNA and host",https://pubmed.ncbi.nlm.nih.gov/42504705/,PubMed
ZC3H13-mediated m6A stabilization of CCND1 promotes malignant progression and is associated with poor anti-PD-1 response in HNSCC.,"Chen Wenqing, Li Yun, Chen Shuang",Clinical and translational medicine,2026-07-27,"Resistance to immune checkpoint blockade substantially limits its clinical efficacy in head and neck squamous cell carcinoma(HNSCC). ZC3H13 is a component of the N6-methyladenosine writer complex, but its roles in HNSCC progression and response to anti-programmed cell death protein 1(anti-PD-1) therapy remain unclear. The expression and clinical relevance of ZC3H13 were evaluated using clinical co",https://pubmed.ncbi.nlm.nih.gov/42504531/,PubMed
Precisely Engineered Block Copolymers for Efficient PTEN mRNA Therapy of Non-Small Cell Lung Cancer.,"Zhao Hongyang, Zhang Shiting, Tian Chang",ACS applied materials & interfaces,2026-07-27,"Restoring the tumor suppressor PTEN (phosphatase and tensin homolog) offers a promising therapeutic strategy for nonsmall cell lung cancer (NSCLC). In particular, mRNA-based therapy provides a compelling alternative to small molecules and DNA-based gene therapy, combining high specificity with an excellent safety profile. However, its clinical translation hinges on the development of safe and effi",https://pubmed.ncbi.nlm.nih.gov/42504429/,PubMed
The Potential Role of MicroRNAs as Cardioprotective Agents During Cardioplegia: A Preliminary Qualitative Systematic Review.,"Baniani Maryam, Dabbagh Ali, Shokri Pourya",Health science reports,2026-07-27,"Recent advancements in gene expression studies have shed light on the role of non-coding RNAs in negatively regulating mRNA and inhibiting mRNA translation. Given the significant impact of miRNAs on cardiovascular function, our review aims to comprehensively explore their contribution to mitigating heart injury and their protective effects during cardioplegic-induced cardiac arrest. A systematic s",https://pubmed.ncbi.nlm.nih.gov/42504224/,PubMed
SARS-CoV-2 mRNA Vaccination Induces Neutralizing Antibodies and Type I IFN Changes in People Living With HIV.,"Frasca Federica, Maddaloni Luca, D'Auria Alessandra",Journal of medical virology,2026-07-27,"This study examined changes in anti-Spike (anti-S) antibodies (Abs) and type I interferon (IFN-I) following the BNT162b2 vaccine in people living with HIV (PLWH) and analyzed the impact of demographic and immunological factors. In total, 75 PLWH and 28 healthy donors were followed at baseline (T0), at the second dose (T1), after the second dose (T2), and more than 1 year later (T3). Anti-S Abs wer",https://pubmed.ncbi.nlm.nih.gov/42504161/,PubMed
Depot-specific differences in visceral and subcutaneous adipose tissue from patients with obesity.,"Neuhaus Mathis, Fryklund Claes, Cai Min",Adipocyte,2026-07-27,"Factors limiting fat cell expandability remain scarcely explored, and comprehensive functional comparisons of adipose depots in humans are limited. In the present study, we collected visceral adipose tissue (VAT) and subcutaneous adipose tissue (SAT) paired-samples from 22 patients with obesity undergoing elective Roux-en-Y gastric bypass surgery. Whole tissue samples were used to determine adipoc",https://pubmed.ncbi.nlm.nih.gov/42504078/,PubMed
CD73 Expression Correlates With Malignant Progression in NF1-Associated Peripheral Nerve Sheath Tumors: Potential Role in Pathological Diagnosis.,"Matsuda Ai, Koga Kaori, Aoki Mikiko",The Journal of dermatology,2026-07-27,This study investigated the association between CD73 expression and malignant progression in NF1-associated peripheral nerve sheath tumors and evaluated its potential as a diagnostic marker. Histopathological differentiation of atypical neurofibromatous neoplasms of uncertain biological potential (ANNUBP) and low-grade malignant peripheral nerve sheath tumors (MPNST) in patients with NF1 remains c,https://pubmed.ncbi.nlm.nih.gov/42504063/,PubMed
[Advances in research on the molecular mechanisms and gene therapy of hereditary hearing impairment].,"Yang X P, Gao Y Q, Huang L",Zhonghua yu fang yi xue za zhi [Chinese journal of preventive medicine],2026-07-27,"Hereditary hearing impairment represents a significant etiology of language and social dysfunction in both children and adults, primarily caused by genetic factors. To date, over 150 genes have been identified in association with this disorder. The pathogenic mechanisms involve multiple molecular levels, including abnormalities in hair cell cytoskeleton and stereociliary structure, dysfunction of ",https://pubmed.ncbi.nlm.nih.gov/42503939/,PubMed
Letter on 'Downregulation of EPAS1 and EGLN1 mRNA Expression Associated With High-Altitude Adaptive Genetic Variants in Sherpa Highlanders'.,Malik Maajid Mohi Ud Din,Annals of human genetics,2026-07-27,,https://pubmed.ncbi.nlm.nih.gov/42503878/,PubMed
Clinical Relevance of BACH1 Expression in Non-Small Cell Lung Cancer.,"Liu Jing, Schneider Marc A, Held Julia",International journal of cancer,2026-07-27,"BTB and CNC homolog 1 (BACH1) is a redox-sensitive transcription factor implicated in tumor progression, metabolic reprogramming, and therapy resistance in several cancers. However, its prognostic significance and role in therapy resistance in non-small cell lung cancer (NSCLC) remain unclear. BACH1 mRNA and protein expression were quantified in resected lung adenocarcinoma (LUAD) and squamous cel",https://pubmed.ncbi.nlm.nih.gov/42503861/,PubMed
Decoding the Functional Roles of Individual Components in mRNA Lipid Nanoparticles.,"Su Kexin, Wang Zichuan, Shi Lu",ACS nano,2026-07-27,"Lipid nanoparticles (LNPs) have represented a leading platform for mRNA delivery and therapeutics. While extensive studies have focused on optimizing ionizable lipids, the specific roles of helper lipids such as cholesterol, phospholipid, and polyethylene glycol lipid (PEG-lipid) remain relatively poorly understood. To elucidate the distinct contributions of individual lipid components, we reengin",https://pubmed.ncbi.nlm.nih.gov/42503852/,PubMed
Self-Assembly of Virus-like Nanoparticles for Nucleic Acid Delivery Based on De Novo Designed α-Helix Peptides.,"Han Mingshan, Feng Jintao, Rong Xi",Langmuir : the ACS journal of surfaces and colloids,2026-07-27,"Efficient and safe delivery of nucleic acids remains a major challenge for clinical translation of gene therapies. Here, we report de novo-designed α-helical peptides that coassemble with lipids and nucleic acids to form core-shell, virus-like nanoparticles (VLNs). The peptides combine a cationic N-terminus for nucleic acid binding, an anionic C-terminus for lipid coordination, and pH-responsive r",https://pubmed.ncbi.nlm.nih.gov/42503802/,PubMed
Ultrasensitive Detection of Tumor-Derived Extracellular Vesicle microRNAs via Aptamer-Driven Targeted Membrane Fusion and Nonenzymatic Amplification.,"Peng Ruixiao, Xiao Weirong, Xu Xiaodong",Analytical chemistry,2026-07-27,"Extracellular vesicles (EVs) have emerged as a prominent and rapidly evolving class of biomarkers, garnering an increasing amount of attention in recent years. The analysis of diverse EV-derived biomolecules, including proteins, mRNA, and miRNA, has driven the development of numerous innovative analytical technologies for EV detection. Nevertheless, despite significant advancements, most current E",https://pubmed.ncbi.nlm.nih.gov/42503764/,PubMed
Early Rehabilitation Exercise Promotes Vestibular Compensation in UVN Mice by Regulating Microglial Polarization Balance via the PGC-1α/FNDC5/BDNF Pathway.,"Wu Junyu, Zheng Zhihui, Lu Gengxin",Molecular neurobiology,2026-07-27,"Acute unilateral vestibular lesions cause disabling vertigo, postural imbalance, and gait instability. Functional recovery depends on vestibular compensation (VC), a neuroplastic process whose cellular and molecular mechanisms remain incompletely understood. Although vestibular rehabilitation effectively accelerates recovery in clinical practice, the underlying pathways are still elusive. Here, we",https://pubmed.ncbi.nlm.nih.gov/42503585/,PubMed
Upregulation of PTEN mediated by FTO-m6A-YTHDF2 improves airway epithelial barrier damage and inflammation in asthma by inhibiting endoplasmic reticulum stress.,"Li Junwei, Wang Dan, Zhang Yan",Experimental cell research,2026-07-27,"Phosphatase and tensin homolog deleted on chromosome ten (PTEN) alleviates airway remodeling in asthmatic mice by inhibiting CD38 protein expression. Dysregulation of PTEN expression mediated by N6-methyladenosine (m6A) regulators is involved in the progression of a variety of diseases. However, whether the dysregulated expression of PTEN in asthma is regulated by m6A modification remains unclear.",https://pubmed.ncbi.nlm.nih.gov/42503369/,PubMed
Integrated miRNA-mRNA-degradome analysis unveils the key regulatory mechanism of ginseng under temperature-water stress.,"Sui Jiahong, Xue Yan, Zhang Jing",Planta,2026-07-27,MYB and bHLH are the key transcription factors to coordinate the balance between antioxidant system and secondary metabolism under combined temperature-water stress. Low temperature and drought severely impede medicinal plant growth and secondary metabolite accumulation. Identifying key regulatory genes or modules and clarifying their molecular mechanisms is critical for advancing the ginseng indu,https://pubmed.ncbi.nlm.nih.gov/42503062/,PubMed
Identification of the Novel HLA-C*03:760 Allele by Next-Generation Sequencing.,"Du Zeying, Sudario Ma Easter April, Cussen Kelly",HLA,2026-07-27,HLA-C*03:760 differs from HLA-C*03:04:01:01 by a single nucleotide substitution in exon 4 at codon 236.,https://pubmed.ncbi.nlm.nih.gov/42503037/,PubMed
The Novel HLA-B*78:04:02 Allele Identified in Patient and His Sibling.,"Loginova Maria, Morozova Nadezhda, Paramonov Igor",HLA,2026-07-27,The novel HLA-B*78:04:02 allele differs from HLA-B*78:04:01 by two changes in exon 3 and intron 2.,https://pubmed.ncbi.nlm.nih.gov/42503034/,PubMed
Acute anaphylactic and multiorgan inflammatory effects of Comirnaty in pigs: evidence of spike protein mRNA transfection and paralleling inflammatory cytokine upregulation.,"Dézsi László, Kökény Gábor, Szénási Gábor",British journal of pharmacology,2026-07-27,"Rare but severe adverse events (AEs) associated with mRNA-lipid nanoparticle (LNP) COVID-19 vaccines, such as Comirnaty, include anaphylaxis and inflammatory organ disorders, but their underlying mechanisms are poorly understood. We aimed to develop an animal model to study these phenomena. Naive and anti-polyethylene (PEG) antibody-sensitised pigs were injected with Comirnaty i.v. Responses were ",https://pubmed.ncbi.nlm.nih.gov/42503016/,PubMed
"Human Islet miR-199a-5p and miR-214-3p Associate With Donor Age, BMI, and Sex and Mediate Cellular Aging in Islet-Derived Cells.","Wong Wilson K M, El-Azzi Isabelle, Nachanekar Aditya","Acta physiologica (Oxford, England)",2026-07-27,"Human islets are widely researched to understand pathophysiological mechanisms leading to diabetes. Sex, age, and body mass index (BMI) are key donor traits influencing islet function, which is also regulated by an intricate network of microRNAs. Here, we profiled 754 microRNAs and 58 191 gene transcripts (19 919 protein-coding) in up to 131 different human islet donor preparations (without diabet",https://pubmed.ncbi.nlm.nih.gov/42502989/,PubMed
Energy-efficient codon optimization on thermodynamic hardware,"Andraz Jelincic, Ross C. Walker",arXiv,2026-07-27,"The growing energy demand for computation is becoming increasingly unsustainable. Thermodynamic computing, which harnesses physical thermal fluctuations as a computational resource rather than suppressing them, offers orders-of-magnitude energy savings for probabilistic and combinatorial tasks. Pharmaceutical R&D, heavily reliant on computational optimization and sampling, is a natural application",http://arxiv.org/abs/2606.17327v1,arXiv
mRNAutilus: Multi-Objective-Guided Discrete Generation of mRNA with Optimized Therapeutic Properties,"Sawan Patel, Sophia Tang, Yesol Kim",arXiv,2026-07-27,"Therapeutic mRNA design requires coordinating multiple interacting sequence features across the full transcript, where codon usage, untranslated regions (UTRs), and their coupling jointly determine stability, translation efficiency, and protein expression. Here, we present mRNA generation via unrolled trajectories and informed latent updates (mRNAutilus), a framework for simultaneous codon optimiz",http://arxiv.org/abs/2605.31296v1,arXiv
Sampling-based Continuous Optimization for Messenger RNA Design,"Feipeng Yue, Ning Dai, Wei Yu Tang",arXiv,2026-07-27,"Designing messenger RNA (mRNA) sequences for a fixed target protein requires searching an exponentially large synonymous space while optimizing properties that affect stability and downstream performance. This is challenging because practical mRNA design involves multiple coupled objectives beyond classical folding criteria, and different applications prefer different trade-offs. We propose a gene",http://arxiv.org/abs/2603.06559v1,arXiv
Drug-like antibodies with low immunogenicity in human panels designed with Latent-X2," Latent Labs Team, Henry Kenlay, Daniella Pretorius",arXiv,2026-07-27,"Drug discovery has long sought computational systems capable of designing drug-like molecules directly: developable and non-immunogenic from the start. Here we introduce Latent-X2, a frontier generative model that achieves this goal through zero-shot design of antibodies with strong binding affinities, drug-like properties, and, for the first time for any de novo generated antibody, confirmed low ",http://arxiv.org/abs/2512.20263v1,arXiv
"RNAGenScape: Property-Guided, Optimized Generation of mRNA Sequences with Manifold Langevin Dynamics","Danqi Liao, Chen Liu, Xingzhi Sun",arXiv,2026-07-27,"Generating property-optimized mRNA sequences is central to applications such as vaccine design and protein replacement therapy, but remains challenging due to limited data, complex sequence-function relationships, and the narrow space of biologically viable sequences. Generative methods that drift away from the data manifold can yield sequences that fail to fold, translate poorly, or are otherwise",http://arxiv.org/abs/2510.24736v3,arXiv
The proportional scaling of mRNA and ribosome concentrations controls eukaryotic cell growth,"Xin Gao, Michael Lanz, Rosslyn Grosely",arXiv,2026-07-27,"Cell growth underlies nearly all eukaryotic physiology, yet its quantitative principles remain unclear. Using single-molecule ribosome tracking, spike-in RNA sequencing, and quantitative proteomics across 15 nutrient-limited conditions in budding yeast, we define how growth is controlled in the budding yeast Saccharomyces cerevisiae. Ribosome concentration scales linearly with growth rate, while p",http://arxiv.org/abs/2508.14997v2,arXiv
mRNA Folding Algorithms for Structure and Codon Optimization,"Max Ward, Mary Richardson, Mihir Metkar",arXiv,2026-07-27,"mRNA technology has revolutionized vaccine development, protein replacement therapies, and cancer immunotherapies, offering rapid production and precise control over sequence and efficacy. However, the inherent instability of mRNA poses significant challenges for drug storage and distribution, particularly in resource-limited regions. Co-optimizing RNA structure and codon choice has emerged as a p",http://arxiv.org/abs/2503.19273v1,arXiv
Generative Model for Synthesizing Ionizable Lipids: A Monte Carlo Tree Search Approach,"Jingyi Zhao, Yuxuan Ou, Austin Tripp",arXiv,2026-07-27,"Ionizable lipids are essential in developing lipid nanoparticles (LNPs) for effective messenger RNA (mRNA) delivery. While traditional methods for designing new ionizable lipids are typically time-consuming, deep generative models have emerged as a powerful solution, significantly accelerating the molecular discovery process. However, a practical challenge arises as the molecular structures genera",http://arxiv.org/abs/2412.00807v1,arXiv
Machine learning framework to predict the performance of lipid nanoparticles for nucleic acid delivery,"Gaurav Kumar, Arezoo M. Ardekani",arXiv,2026-07-27,"Lipid nanoparticles (LNPs) are highly effective carriers for gene therapies, including mRNA and siRNA delivery, due to their ability to transport nucleic acids across biological membranes, low cytotoxicity, improved pharmacokinetics, and scalability. A typical approach to formulate LNPs is to establish a quantitative structure-activity relationship (QSAR) between their compositions and in vitro/in",http://arxiv.org/abs/2411.14293v1,arXiv
Joint Design of 5' Untranslated Region and Coding Sequence of mRNA,"Yang Liu, Jie Gao, Xiaonan Zhang",arXiv,2026-07-27,"Messenger RNA (mRNA) vaccines and therapeutics are emerging as powerful tools against a variety of diseases, including infectious diseases and cancer. The design of mRNA molecules, particularly the untranslated region (UTR) and coding sequence (CDS) is crucial for optimizing translation efficiency and stability. Current design approaches generally focus solely on either the 5' UTR or the CDS, whic",http://arxiv.org/abs/2410.20781v1,arXiv
Bacterial stress granule protects mRNA through ribonucleases exclusion,"Linsen Pei, Yujia Xian, Xiaodan Yan",arXiv,2026-07-27,"Membraneless droplets formed through liquid-liquid phase separation (LLPS) play a crucial role in mRNA storage, enabling organisms to swiftly respond to environmental changes. However, the mechanisms underlying mRNA integration and protection within droplets remain unclear. Here, we unravel the role of bacterial aggresomes as stress granules (SGs) in safeguarding mRNA during stress. We discovered ",http://arxiv.org/abs/2404.17873v2,arXiv
"Hypolipidemic effect of brown seaweed (Sargassum crassifolium) extract in vivo (Study of histopathology, mRNA expression, and immunohistochemistry (IHC) with VCAM-1, ICAM-1, and MCP-1 parameters)","Sarah Zaidan, Syamsudin Abdillah, Nur Arfian",arXiv,2026-07-27,The purpose of this study was to obtain natural drugs from brown seaweed (Sargassum crassifolium) as antiatherosclerosis candidates through the study of hypolipidemic mechanisms of action. Modeling of dyslipidemia rats was carried out by feeding high-fat (HFF) and doses of crude fucoidan 100. 200. 400mg / KgBB. in both treatments measured blood lipid profile levels taken from the orbital sinuses. ,http://arxiv.org/abs/2402.07497v1,arXiv
Machine Learning Modeling Of SiRNA Structure-Potency Relationship With Applications Against Sars-Cov-2 Spike Gene,Damilola Oshunyinka,arXiv,2026-07-27,"The pharmaceutical Research and development (R&D) process is lengthy and costly, taking nearly a decade to bring a new drug to the market. However, advancements in biotechnology, computational methods, and machine learning algorithms have the potential to revolutionize drug discovery, speeding up the process and improving patient outcomes. The COVID-19 pandemic has further accelerated and deepened",http://arxiv.org/abs/2401.12232v1,arXiv
Messenger RNA Design via Expected Partition Function and Continuous Optimization,"Ning Dai, Wei Yu Tang, Tianshuo Zhou",arXiv,2026-07-27,"The tasks of designing RNAs are discrete optimization problems, and several versions of these problems are NP-hard. As an alternative to commonly used local search methods, we formulate these problems as continuous optimization and develop a general framework for this optimization based on a generalization of classical partition function which we call ""expected partition function"". The basic idea ",http://arxiv.org/abs/2401.00037v2,arXiv
Machine Learning-guided Lipid Nanoparticle Design for mRNA Delivery,"Daisy Yi Ding, Yuhui Zhang, Yuan Jia",arXiv,2026-07-27,"While RNA technologies hold immense therapeutic potential in a range of applications from vaccination to gene editing, the broad implementation of these technologies is hindered by the challenge of delivering these agents effectively. Lipid nanoparticles have emerged as one of the most widely used delivery agents, but their design optimization relies on laborious and costly experimental methods. W",http://arxiv.org/abs/2308.01402v2,arXiv
Corrected Hill Function in Stochastic Gene Regulatory Networks,"Manuel Eduardo Hernández-García, Jorge Velázquez-Castro",arXiv,2026-07-27,"Describing reaction rates in stochastic bio-circuits is commonly done by directly introducing the deterministically deduced Hill function into the master equation. However, when fluctuations in enzymatic reaction rates are not neglectable, the Hill function must be derived, considering all the involved stochastic reactions. In this work, we derived the stochastic version of the Hill function from ",http://arxiv.org/abs/2307.03057v4,arXiv
Stochastic dynamics and ribosome-RNAP interactions in Transcription-Translation Coupling,"Xiangting Li, Tom Chou",arXiv,2026-07-27,"Under certain cellular conditions, transcription and mRNA translation in prokaryotes appear to be ""coupled,"" in which the formation of mRNA transcript and production of its associated protein are temporally correlated. Such transcription-translation coupling (TTC) has been evoked as a mechanism that speeds up the overall process, provides protection during the transcription, and/or regulates the t",http://arxiv.org/abs/2207.04568v1,arXiv
Coronavirus RNA Sensor Using Single-Stranded DNA Bonded to Sub-Percolated Gold Films on Monolayer Graphene Field-Effect Transistors,"Nicholas E. Fuhr, Mohamed Azize, David J. Bishop",arXiv,2026-07-27,"Electrical detection of messenger ribonucleic acid (mRNA) is a promising approach to enhancing transcriptomics and disease diagnostics because of its sensitivity, rapidity, and modularity. Reported here is a fast SARS-CoV-2 mRNA biosensor (<1 minute) with a limit of detection of 1 aM, and dynamic range of 4 orders of magnitude and a linear sensitivity of 22 mV per molar decade. These figures of me",http://arxiv.org/abs/2205.05143v1,arXiv
Deep learning models for predicting RNA degradation via dual crowdsourcing,"Hannah K. Wayment-Steele, Wipapat Kladwang, Andrew M. Watkins",arXiv,2026-07-27,"Messenger RNA-based medicines hold immense potential, as evidenced by their rapid deployment as COVID-19 vaccines. However, worldwide distribution of mRNA molecules has been limited by their thermostability, which is fundamentally limited by the intrinsic instability of RNA molecules to a chemical degradation reaction called in-line hydrolysis. Predicting the degradation of an RNA molecule is a ke",http://arxiv.org/abs/2110.07531v2,arXiv
Coagulapathies after vaccination against SARS-CoV-2 may be derived from a combination effect of SARS-CoV-2 spike protein and adenovirus vector-triggered signaling pathways,Ralf Kircheis,arXiv,2026-07-27,"The novel coronavirus SARS-CoV-2 has resulted in a global pandemic with worldwide 6-digital infection rates and thousands death tolls daily. Enormeous effords are undertaken to achieve high coverage of immunization in order to reach herd immunity to stop spreading of SARS-CoV-2 infection. Several SARS-CoV-2 vaccines, based either on mRNA, viral vectors, or inactivated SARS-CoV-2 virus have been ap",http://arxiv.org/abs/2109.00089v1,arXiv
Overexpression of Cytochrome P450 ,"Wang Falong, Yin Chunyan, Qin Zhiyuan",Journal of agricultural and food chemistry,2026-07-27,"Pyridalyl is a novel insecticide with a unique mode of action, but resistance in ",https://pubmed.ncbi.nlm.nih.gov/42504399/,PubMed
From Antibody Drugs to RNA Interference and Nanotherapy: The Evolution and Integration of Targeted Strategies in Gastric Cancer.,"Wang Songlin, Dong Yinhong, Ma Lan",International journal of nanomedicine,2026-07-27,"Gastric cancer is a leading cause of cancer death worldwide. Targeted therapy is shifting from blocking signaling pathways to precise gene regulation. This review covers three key areas: antibody drugs, RNAi, and nanocarriers. Anti-HER2 agents, VEGFR2 inhibitors, Claudin 18.2-directed therapies and PD-1/PD-L1 inhibitors improve survival in biomarker-selected patients-but resistance and low respons",https://pubmed.ncbi.nlm.nih.gov/42504259/,PubMed
Function of OBP11 and GOBP2 in Oviposition Preference of ,"Wang Chen, Wang Dianxuan, Zeng Fangfang",Journal of agricultural and food chemistry,2026-07-27,Odorant-binding proteins (OBPs) play essential roles in olfactory-mediated oviposition site selection in insects. The expression of OBPs in female ,https://pubmed.ncbi.nlm.nih.gov/42503789/,PubMed
Screening and Synergistic Effects of Phenoloxidase Inhibitors in ,"Liu Ning, Li Xiaodi, Hu Jiayun",Journal of agricultural and food chemistry,2026-07-27,"Phenoloxidase (PO) is a key factor in insect immune defense and a potential target for immunosuppressive insecticide synergists. This study used RNA interference, immune assays, computer-aided drug design, and bioactivity assays to clarify the role of PO in ",https://pubmed.ncbi.nlm.nih.gov/42503673/,PubMed
Incorporation of powerful RNA interference targets within nano-enabled co-delivery platforms for broad-spectrum resistance management.,"Zhao Jiajia, Ullah Farman, Peng Huan",Biotechnology advances,2026-07-27,"The continuous escalation of pest resistance leads to the ineffectiveness of most conventional pesticides, which has posed a serious threat to global food security and public health. Metabolic resistance regulated by core detoxification enzymes and penetration resistance mediated by thickened body wall/intestine are the key drivers for resistance evolution. Most existing publications focus on the ",https://pubmed.ncbi.nlm.nih.gov/42503340/,PubMed
BmDll regulates appendage morphogenesis in Bombyx mori and is a candidate target for RNA-based control of lepidopteran pests.,"Chen Hao, Liu Qingsong, Li Guoli",Pest management science,2026-07-27,"Lepidopteran pests cause major agricultural losses, and overreliance on chemical pesticides raises environmental and health concerns. Genes controlling insect wing development offer promising targets for sustainable pest management. Here, we used the silkworm (Bombyx mori) as a model to investigate the transcription factor BmDll (BmDistal-less) in appendage development and to evaluate its potentia",https://pubmed.ncbi.nlm.nih.gov/42503293/,PubMed
Manipulating insect sex is a promising pest control strategy: from theory to application.,"Huang Mi, Gong Run-Na, Smagghe Guy",Pest management science,2026-07-27,"Insect sex manipulation has emerged as a transformative approach in sustainable pest management. This review summarizes the molecular mechanisms underlying insect sex determination and their application in artificial sex manipulation, offering novel strategies for natural enemy breeding and pest control. We systematically examine key technologies enabling artificial sex manipulation, with a focus ",https://pubmed.ncbi.nlm.nih.gov/42503168/,PubMed
Integrated multi-omics analysis suggests a potential mechanism of DEHP-induced monocyte infiltration in MASH via the FOS-CCL3/4 axis.,"Wang Chaojie, Zhang Zhihao, Huang Yuqing",Ecotoxicology and environmental safety,2026-07-27,"Di-(2-ethylhexyl) phthalate (DEHP) is a widespread environmental obesogen; however, its immune-proinflammatory mechanisms in the progression of metabolic dysfunction-associated steatohepatitis (MASH) remain incompletely elucidated. This study aims to comprehensively characterize the core targets and molecular mechanisms by which DEHP disrupts the hepatic microenvironment and drives disease progres",https://pubmed.ncbi.nlm.nih.gov/42501686/,PubMed
"Acute low-salinity stress induces gill injury, oxidative stress, and apoptosis via the JNK-JUN/MAPK axis in the swimming crab (Portunus trituberculatus).","Lu Xiang, An Xin-Yao, Liu Xin",Ecotoxicology and environmental safety,2026-07-27,"Salinity fluctuation is a common environmental stressor threatening coastal crustaceans. Abrupt salinity drop can disrupt osmotic balance, trigger oxidative damage, and impair tissue homeostasis, yet the underlying molecular mechanism in Portunus trituberculatus remains insufficiently understood. In this study, we integrated histopathology, biochemical assays, transcriptomics, RNA interference (RN",https://pubmed.ncbi.nlm.nih.gov/42501681/,PubMed
Editorial: Harnessing the power of small RNAs: advances and applications in plant gene silencing and stress response.,"Prieto Humberto, Castro Álvaro",Frontiers in plant science,2026-07-27,,https://pubmed.ncbi.nlm.nih.gov/42500487/,PubMed
From phenotype to mechanism: background-dependent function of ,"Wang Lining, Ma Chaoxue, Zhao Siyu",Frontiers in microbiology,2026-07-27,"The two haploids, Ct001_29 and Ct001_31, derived from the thermotolerant strain ",https://pubmed.ncbi.nlm.nih.gov/42499662/,PubMed
Sequential expression of heat shock proteins 70 contributing to the heat response of Haemaphysalis longicornis (Acari: Ixodidae).,"Gao Jinrong, Li Tong, Cui Litian",Journal of thermal biology,2026-07-27,"The hard tick Haemaphysalis longicornis serves as a vector for multiple pathogens and can cause severe tick-borne diseases. Temperature is a key environmental factor influencing its population dynamics and disease transmission risk. As a crucial molecular mechanism underlying thermal adaptation, the upregulation of heat shock protein 70 (Hsp70) is generally regarded as an important adaptive respon",https://pubmed.ncbi.nlm.nih.gov/42497653/,PubMed
Viral replication dynamics: Coinfection and superinfection of Vero cells with Zika virus and West Nile virus or Zika virus and Mayaro virus.,"Krokovsky Larissa, Garrido de Castro Mariana, Williams Amanda J M",PloS one,2026-07-27,"Globalization and climate change have contributed to the emergence and spread of arboviruses, with the possibility of their cocirculation in the same geographic region at the same time. Understanding the effects of concurrent infections within a mosquito vector or human host is therefore an emerging focus in arboviral research. Studies using mosquito- and mammalian-derived cell lines provide a con",https://pubmed.ncbi.nlm.nih.gov/42497147/,PubMed
[Expression of Concern] Exposure to acoustic stimuli promotes the development and differentiation of neural stem cells from the cochlear nuclei through the clusterin pathway.,"Xue Tao, Wei Li, Zha Ding-Jun",International journal of molecular medicine,2026-07-27,"Following the publication of this paper, it was drawn to the Editor's attention by a concerned reader that various of the flow cytometry plots featured in Fig. 6A subsequently appeared in six papers written by different authors at different research institutes that were published in the years 2017‑8, one of which has since been retracted (a paper in ",https://pubmed.ncbi.nlm.nih.gov/42495758/,PubMed
SNHG15 Positively Regulates Influenza Virus Infection Through Its Association With miR-153 and RABL2A.,"Pushparaj Samuel, Vaddadi Kishore, Huang Chaoqun",Journal of medical virology,2026-07-27,"Influenza viruses cause seasonal epidemics, and current vaccines do not fully protect against them. This study focuses on long non-coding RNAs (lncRNAs), which are RNA molecules that do not code for proteins but play crucial roles in various biological processes. We identified 17 lncRNAs altered by the influenza virus. Among these, SNHG15 was found to enhance influenza virus infection. Knockdown o",https://pubmed.ncbi.nlm.nih.gov/42494191/,PubMed
Shared CRISPR arrays underpin type I-A/I-B coexistence.,"Liu Kunming, Ren Chunjiang, Liu Xinyue",Protein & cell,2026-07-27,"CRISPR-Cas systems provide adaptive immunity in prokaryotes, yet how multiple CRISPR-Cas subtypes coexist and coordinate within a single genome remains unclear. Comparative genomic analysis revealed that nearly one-third of type I-A CRISPR-Cas3 systems are adjacent to a type I-B system, often sharing a single CRISPR array. Using Thermococcus siculi RG-20 (Tsi) as a model, we show that purified Tsi",https://pubmed.ncbi.nlm.nih.gov/42494101/,PubMed
ABCG and ABCH transporters at the interface of cuticular lipid transport and insecticide handling.,"Qiao Jian-Wen, Li Li, Mobarak Syed Husne",Pesticide biochemistry and physiology,2026-07-27,"ATP-binding cassette (ABC) transporters are widely associated with insecticide resistance, yet the physiological links between endogenous transport and xenobiotic handling remain incompletely resolved for ABCG and arthropod-associated ABCH subfamilies. Unlike many canonical full ABC transporters, ABCG and ABCH proteins usually have reverse half-transporter topology and require dimeric assembly, cr",https://pubmed.ncbi.nlm.nih.gov/42493065/,PubMed
Cell autophagy promotes nucleopolyhedrovirus infection in the fall armyworm.,"Qian Xin, Li Ting, Lu Juan",Pesticide biochemistry and physiology,2026-07-27,"Pathogens, such as nucleopolyhedroviruses (NPVs), are promising biological control agents for lepidopteran pests to protect crops. However, a major drawback, their field application is limited by slower virulence compared with chemical insecticides. Modulating host pathways to enhance viral infectivity offers a potential strategy for improving NPV-based biocontrol. In this study, the expression le",https://pubmed.ncbi.nlm.nih.gov/42493063/,PubMed
"Corrigendum to ""Evolution of pyraclostrobin resistance in Botrytis cinerea from Xinxiang City of China and its targeted management via RNA interference"" [Pesticide Biochemistry and Physiology 221 (2026) 107105].","Zhou Feng, Su Haichuan, Jia Huifang",Pesticide biochemistry and physiology,2026-07-27,,https://pubmed.ncbi.nlm.nih.gov/42493057/,PubMed
The effects of dsRNases on RNA interference efficiency in insects and future research directions.,"Liu Jisheng, Chen Yuying, Zhu Ziqi",Pesticide biochemistry and physiology,2026-07-27,"RNA interference (RNAi), a gene silencing mechanism mediated by double-stranded RNA (dsRNA), is critical for insect gene function research and sustainable pest control. However, RNAi efficacy varies drastically across insect orders, with dsRNA stability, tightly linked to the action of double-stranded ribonucleases (dsRNases), as a key determinant. This review focuses on three representative insec",https://pubmed.ncbi.nlm.nih.gov/42493049/,PubMed
Engineering T7 RNA Polymerase for High-Purity In Vitro Transcription,"Pauline Hermans, Youlia Serikova, José Castillo",arXiv,2026-07-27,"In vitro transcription using bacteriophage T7 RNA polymerase (T7 RNAP) is the gold-standard platform for RNA production in both research and therapeutic applications. Despite its high processivity and promoter specificity, T7 RNAP generates multiple RNA by-products, including double-stranded RNA, 3'-extended transcripts, abortive RNAs, and prematurely terminated products. These impurities reduce R",http://arxiv.org/abs/2607.18468v1,arXiv
Enhanced sampling and cryo-EM data resolve magnesium binding to RNA,"Olivier Languin-Cattoën, Elisa Posani, Giovanni Bussi",arXiv,2026-07-27,"Magnesium ions are essential for RNA structure but difficult to model due to slow binding kinetics and experimental limitations. We present an enhanced-sampling strategy that accelerates Mg$^{2+}$ inner-shell binding by orders of magnitude, enabling quantitative exploration of ion-binding motifs in a large ribozyme. The method combines a barrier-flattening bias with Hamiltonian replica exchange to",http://arxiv.org/abs/2607.07186v1,arXiv
Bayesian Sampling of Structural Ensembles: The Role of Ensemble-Counting Measures,"Ivan Gilardoni, Giovanni Bussi",arXiv,2026-07-27,"Structural ensemble refinement is widely used to integrate molecular simulations with experimental measurements. While most applications focus on the maximum-a-posteriori (MAP) ensemble, Bayesian sampling of the posterior distribution can provide uncertainty estimates and posterior averages for arbitrary observables. A notable step in this direction was introduced by the Bayesian Energy Landscape ",http://arxiv.org/abs/2606.18495v1,arXiv
MultiMolecule: a modular ecosystem for biomolecular sequence-model workflows,Zhiyuan Chen,arXiv,2026-07-27,"Biomolecular sequence models are increasingly reused outside the studies in which they were introduced, but public checkpoints rarely preserve the execution context needed to inspect source-defined behavior, adapt models to new assays, compare models under shared task definitions or deploy biological predictions. MultiMolecule is an open-source Python ecosystem that turns heterogeneous RNA, DNA an",http://arxiv.org/abs/2606.16540v1,arXiv
The Montparnasse Algorithm for RNA Design,Tristan Cazenave,arXiv,2026-07-27,"RNA design consists of discovering a nucleotide sequence that optimizes predefined criteria, such as secondary structure. It is useful for synthetic biology, medicine, and nanotechnology. We propose Montparnasse, a Monte Carlo search framework based on Generalized Nested Rollout Policy Adaptation, augmented with a problem-specific prior, slow and long adaptation at level 1, and a lexicographic mul",http://arxiv.org/abs/2606.07562v1,arXiv
Multimodal Alignment and Preference Optimization for Zero-Shot Conditional RNA Generation,"Roman Klypa, Alberto Bietti, Sergei Grudinin",arXiv,2026-07-27,"The design of RNA molecules that interact with specific proteins is a critical challenge in experimental and computational biology. Despite recent progress in natural language modeling and deep learning-based protein design, there remains significant room to improve the frequency of successful interactions and the authenticity of generated sequences for functional applications. In this work, we fr",http://arxiv.org/abs/2605.23961v1,arXiv
"GoForth: Language Models for RNA Design under Structure, Sequence, and Coding Constraints",Michael Lindsey,arXiv,2026-07-27,"RNA inverse sequence design has broad biological and engineering applications, but computational methods for practical design queries remain limited. Such queries may impose several constraints at once, including target folds or motifs, fixed bases, and coding restrictions, while leaving arbitrary sequence and structure in unspecified regions. Because these constraints may permit many acceptable s",http://arxiv.org/abs/2605.07608v1,arXiv
Bayesian Rate Inference for Sequence Motif Dynamics in Systems of Reactive Nucleic Acids,"Johannes Harth-Kitzerow, Ulrich Gerland, Torsten A. Enßlin",arXiv,2026-07-27,"The RNA world hypothesis suggests a pathway of how life emerged on early earth. It assumes that life started with RNA based systems, capable of storing, transmitting and replicating information, envisioning that monomers and short RNA oligomers interact to form longer strands, eventually becoming catalytically active ribozymes. Key reactions in RNA pools are hybridization, dehybridization, templat",http://arxiv.org/abs/2604.25701v2,arXiv
VARIANT: Web Server for Decoding and Analyzing Viral Mutations at Genome and Protein Levels,"Rui Wang, Xuhang Dai, Xin Cao",arXiv,2026-07-27,"A comprehensive analysis of viral mutations is essential for understanding viral evolution, disease epidemiology, diagnosis, drug resistance, etc. However, challenges remain in capturing complex mutation patterns and supporting diverse viral families with varying genome architectures. To address these needs, we present VARIANT, an web server for mutational analysis of RNA viral genomes and associa",http://arxiv.org/abs/2604.20942v1,arXiv
Interfacial Potential Transduction for Diagnostics,"Hyun-June Jang, Peuli Nath, Yuqin Wang",arXiv,2026-07-27,"A major barrier to decentralized, near-patient diagnostics is the lack of a signal transduction modality that is both analytically precise and accessible at the point of care. Optical readouts remain instrument-dependent and difficult to miniaturize, while compact electrochemical readouts are prone to matrix-derived signal distortion, limiting their biomarker coverage in real clinical settings. He",http://arxiv.org/abs/2603.23775v1,arXiv
ZeroFold: Protein-RNA Binding Affinity Predictions from Pre-Structural Embeddings,"Josef Hanke, Sebastian Pujalte Ojeda, Shengyu Zhang",arXiv,2026-07-27,"The accurate prediction of protein-RNA binding affinity remains an unsolved problem in structural biology, limiting opportunities in understanding gene regulation and designing RNA-targeting therapeutics. A central obstacle is the structural flexibility of RNA, as, unlike proteins, RNA molecules exist as dynamic conformational ensembles. Thus, committing to a single predicted structure discards in",http://arxiv.org/abs/2603.23583v1,arXiv
Computational modeling of RNA-protein binding interactions under an external force,"Danielle Wampler, Ralf Bundschuh",arXiv,2026-07-27,"RNA binding proteins play a crucial role in post-transcriptional gene regulation by controlling the transport, processing, and translation of their target RNAs. Post-transcriptional gene regulation leads to the differential expression of genetic material and loss of regulation or over-regulation relates to a large range of cancers and diseases - many of which have directly been associated with RNA",http://arxiv.org/abs/2603.22269v1,arXiv
Fair splits flip the leaderboard: CHANRG reveals limited generalization in RNA secondary-structure prediction,"Zhiyuan Chen, Zhenfeng Deng, Pan Deng",arXiv,2026-07-27,"Accurate prediction of RNA secondary structure underpins transcriptome annotation, mechanistic analysis of non-coding RNAs, and RNA therapeutic design. Recent gains from deep learning and RNA foundation models are difficult to interpret because current benchmarks may overestimate generalization across RNA families. We present the Comprehensive Hierarchical Annotation of Non-coding RNA Groups (CHAN",http://arxiv.org/abs/2603.22330v1,arXiv
Reverse Distillation: Consistently Scaling Protein Language Model Representations,"Darius Catrina, Christian Bepler, Samuel Sledzieski",arXiv,2026-07-27,"Unlike the predictable scaling laws in natural language processing and computer vision, protein language models (PLMs) scale poorly: for many tasks, models within the same family plateau or even decrease in performance, with mid-sized models often outperforming the largest in the family. We introduce Reverse Distillation, a principled framework that decomposes large PLM representations into orthog",http://arxiv.org/abs/2603.07710v1,arXiv
Fast and Versatile RNA Design via Motif-level Divide-and-Conquer and Structure-level Rival Search,"Tianshuo Zhou, David H. Mathews, Liang Huang",arXiv,2026-07-27,"RNA design aims to identify RNA sequences that fold into a target secondary structure. This task is challenging in terms of computational efficiency. Most existing methods focus on either minimum free energy (MFE)-based or ensemble-based metrics, leaving a gap for a unified approach that performs well across both. We introduce a fast and versatile RNA design algorithm inspired by our previous work",http://arxiv.org/abs/2603.02283v1,arXiv
CryoNet.Refine: A One-step Diffusion Model for Rapid Refinement of Structural Models with Cryo-EM Density Map Restraints,"Fuyao Huang, Xiaozhu Yu, Kui Xu",arXiv,2026-07-27,"High-resolution structure determination by cryo-electron microscopy (cryo-EM) requires the accurate fitting of an atomic model into an experimental density map. Traditional refinement pipelines such as Phenix.real_space_refine and Rosetta are computationally expensive, demand extensive manual tuning, and present a significant bottleneck for researchers. We present CryoNet.Refine, an end-to-end dee",http://arxiv.org/abs/2602.22263v2,arXiv
CPTCs Drive Somatic-Visceral Communication via the Wnt Axis in Somatic Mechanotherapy: A Single-Cell Deep Learning Study,"Haixiang Huang, Zhenwei Zhang, BingBing Shen",arXiv,2026-07-27,"Somatic mechanical stimulation (e.g., acupuncture) exerts systemic immunomodulatory effects, yet the cellular bridge translating peripheral physical force into visceral repair remains elusive. Here, employing a custom interpretable deep learning framework (CARSS) on single-cell RNA sequencing data, we identify CD34$^{+}$PDGFR$α$$^{+}$ telocytes (CPTCs) as the primary mechanosensors in both fascia ",http://arxiv.org/abs/2602.05451v2,arXiv
Tensor-DTI: Enhancing Biomolecular Interaction Prediction with Contrastive Embedding Learning,"Manel Gil-Sorribes, Júlia Vilalta-Mor, Isaac Filella-Mercè",arXiv,2026-07-27,"Accurate drug-target interaction (DTI) prediction is essential for computational drug discovery, yet existing models often rely on single-modality predefined molecular descriptors or sequence-based embeddings with limited representativeness. We propose Tensor-DTI, a contrastive learning framework that integrates multimodal embeddings from molecular graphs, protein language models, and binding-site",http://arxiv.org/abs/2601.05792v1,arXiv
MERGE-RNA: a physics-based model to predict RNA secondary structure ensembles with chemical probing,"Giuseppe Sacco, Jianhui Li, Redmond P. Smyth",arXiv,2026-07-27,"RNA function is tied to secondary structure, operating through dynamic and heterogeneous structural ensembles. While current analysis tools typically output single static structures or averaged contact maps, chemical probing methods like DMS capture nucleotide-resolution signals representing the full structural ensemble, which remain difficult to interpret structurally. To address this, we present",http://arxiv.org/abs/2512.20581v3,arXiv
Mechanistic and functional study of lncRNA SNHG3/miR-128-3p/UBR5 axis in neuroinflammation in Alzheimer's disease.,"Zhu Xin-An, Lu Huijie, Liu Yumei","The journals of gerontology. Series A, Biological sciences and medical sciences",2026-07-27,"Neuroinflammation assumes a pivotal role in Alzheimer's disease (AD) pathogenesis. Long noncoding RNAs (lncRNAs) regulate neuroinflammation through a competitive endogenous RNA (ceRNA) mechanism. This study aimed to explore the mechanism of SNHG3/miR-128-3p/UBR5 axis in AD associated neuroinflammation. SNHG3, miR-128-3p, and UBR5 levels were recognized by reverse transcription - quantitative polym",https://pubmed.ncbi.nlm.nih.gov/42502987/,PubMed
Whole-genome discovery of pathogenic snRNA variants and efficient extended-exome screening.,"Nakano Yuka, Suzuki Hisato, Kuroda Yukiko",iScience,2026-07-27,"Pathogenic variants in small nuclear RNA (snRNA) genes have recently emerged as a major cause of Mendelian disorders, particularly neurodevelopmental disorders, yet they remain difficult to detect in routine diagnostics because conventional whole-exome sequencing (WES) does not capture snRNA loci. Here, we reanalyzed whole-genome sequencing (WGS) data from 1,578 unsolved probands and identified pa",https://pubmed.ncbi.nlm.nih.gov/42502410/,PubMed
"Trdn-as directs m6A-dependent transcriptional termination for accurate triadin isoform switching, preventing aberrant dyads and cardiomyopathy.","Hofmann Theresa, Hettrich Sara, Idrissou Bio Maria Ghéo",Nature communications,2026-07-27,"Heart failure is a leading cause of mortality, and impaired cardiac excitation-contraction coupling represents a potentially fatal trigger for myocardial dysfunction. Long non-coding RNAs (lncRNAs) can contribute to cardiomyopathy, but comprehensive mechanistic insights remain elusive. We demonstrate that reduction of the lncRNA TRDN-AS in human cardiomyopathy or abrogating it in human iPSC-derive",https://pubmed.ncbi.nlm.nih.gov/42502078/,PubMed
Design and development of therapeutics targeting METTL14-mediated signaling pathways to treat cardiovascular diseases.,"Yang Yutong, Zheng Suqing, Lin Fu",European journal of medicinal chemistry,2026-07-27,"Cardiovascular disease (CVD) encompasses a group of severe cardiac and vascular disorders with high global prevalence and mortality rates. CVD is characterized by abnormal cell death and inflammation of cardiomyocytes and vascular endothelial cells, involving mutually interconnected pathogenic mechanisms. N6-methyladenosine (m6A) RNA modification has emerged as a key mechanism promoting the progre",https://pubmed.ncbi.nlm.nih.gov/42501454/,PubMed
Long non-coding RNAs and their potential role in predicting immunotherapy response and prognosis: a systematic review.,"Alshamlani Lamia K, Alrowaydan Sara M, Almutairi Nora S",Frontiers in immunology,2026-07-27,"Immune checkpoint inhibitors (ICIs) have revolutionized cancer treatment; however, durable clinical benefit is limited to a subset of patients. Long non-coding RNAs (lncRNAs) have emerged as important regulators of tumor biology and immune responses and may serve as novel biomarkers to predict prognosis and response to ICIs. The systematic review was conducted according to PRISMA guidelines and re",https://pubmed.ncbi.nlm.nih.gov/42500647/,PubMed
Long non-coding RNAs in the crosstalk between diabetes and colorectal cancer: molecular mechanisms and endocrine pathways.,"Zhang Lu, Li Min",Frontiers in molecular biosciences,2026-07-27,"Colorectal cancer (CRC) and diabetes mellitus are major global health burdens that frequently coexist and share overlapping metabolic and molecular abnormalities. Accumulating epidemiological evidence indicates that diabetes is associated with an increased risk of CRC; however, the underlying mechanisms remain incompletely defined. Long non-coding RNAs (lncRNAs) have recently emerged as important ",https://pubmed.ncbi.nlm.nih.gov/42500611/,PubMed
A Comparative Study of Genital Lichen Sclerosus Transcriptomes.,"Margasyuk S D, Kuznetsova A L, Skvortsov D A",Acta naturae,2026-07-27,"Genital lichen sclerosus (GLS) is a chronic inflammatory dermatosis that affects the genital skin. Despite different clinical manifestations, the pathogenesis of GLS in men and women is believed to be common and is attributed to a combination of autoimmune and genetic factors. In this study, we compared the transcriptomic profiles of penile (mGLS) and vulvar lichen sclerosus (VLS), aiming to ident",https://pubmed.ncbi.nlm.nih.gov/42499679/,PubMed
Long Non-Coding RNAs: Allies and Enemies of HIV Infection.,"Kikhai T F, Mashkovskaia A V, Oretskaya T S",Acta naturae,2026-07-27," significant impact on the pathogenesis of viral infections by acting as both positive and negative regulators of viral gene expression. This review summarizes the available data on lncRNAs associated with human immunodeficiency virus type 1 (HIV-1). LncRNAs can regulate both the active replication cycle and the latent phase of the HIV-1 infection, during which the integrated proviral DNA remains ",https://pubmed.ncbi.nlm.nih.gov/42499673/,PubMed
Long noncoding RNA Gpr137b-ps mediates 15-PGDH-induced angiogenesis in brain microvasculature following tMCAO in mice.,"Wang Di, Zhang Guojian, Gou Haiyan",PloS one,2026-07-27,"Angiogenesis is essential for recovery following ischemic stroke, as brain microvascular endothelial cells (BMVECs) drive vascular repair. 15-hydroxyprostaglandin dehydrogenase (15-PGDH) is a major regulator of endothelial function in some vascular contexts, but it is unknown whether 15-PGDH plays a significant role in angiogenesis following stroke. Notably, based on preliminary bioinformatics pre",https://pubmed.ncbi.nlm.nih.gov/42497132/,PubMed
Small nucleolar RNA host genes in hepatocellular carcinoma: an evidence-weighted and etiology-aware framework for mechanistic and translational interpretation.,"El-Sehrawy Amr Ali Mohamed Abdelgawwad, Ahmed Yasmeen Kateb, Djumayeva Nasiba",Molecular biology reports,2026-07-27,"Small nucleolar RNA host genes (SNHGs) are a distinctive subgroup of long non-coding RNAs whose loci can generate both host lncRNA transcripts and intronic small nucleolar RNAs. In hepatocellular carcinoma (HCC), dysregulated SNHGs have been linked to tumor growth, epithelial-mesenchymal transition, metastasis, stemness, immune remodeling, extracellular vesicle communication, and therapeutic resis",https://pubmed.ncbi.nlm.nih.gov/42496957/,PubMed
Atranorin suppresses the LUCAT1/STAT3 axis to induce ferroptotic cell death in ovarian cancer.,"Al-Qaysi Ahmed Saad Abdullah, Ensoy Mine, Cansaran-Duman Demet",Molecular biology reports,2026-07-27,"Ovarian cancer remains the most lethal gynecological malignancy and represents a major cause of cancer-related mortality among women worldwide. Despite advances in therapeutic strategies, treatment efficacy is frequently limited by systemic toxicity, chemoresistance, and disease recurrence, highlighting the urgent need for novel, mechanism-based targeted therapies with improved safety profiles. In",https://pubmed.ncbi.nlm.nih.gov/42496762/,PubMed
"Epigenetic Mechanisms of Breast and Ovarian Cancer Development: Interplay Between DNA Methylation/Demethylation Enzymes, MicroRNAs, and Long Non-Coding RNAs.","Lukina Svetlana S, Pronina Irina V, Bril Alexander A",Epigenomes,2026-07-27,"Structural and functional disruptions of the epigenome are hallmarks of breast and ovarian carcinogenesis. This review dissects the reciprocal regulatory networks co-operated by DNA methyltransferases (DNMTs), ten-eleven translocation enzymes (TETs), and key non-coding RNAs (microRNAs and lncRNAs). We map the precise molecular mechanisms through which these epigenetic modulators alter chromatin ac",https://pubmed.ncbi.nlm.nih.gov/42496533/,PubMed
"Integrated Transcriptomic, In Silico, and In Vitro Characterization of lncRNA ENST00000615487.1 Reveals Epithelial-Specific Expression, Differential Subcellular Distribution Between Normal and Colorectal Cancer Cells, and Potential Regulatory Functions.","Đokić Nataša, Bubanja Anastasija, Karanović Jelena",Non-coding RNA,2026-07-27,,https://pubmed.ncbi.nlm.nih.gov/42496243/,PubMed
Frequent Functional Orthology of Characterized Long Noncoding RNAs and Genomic Loci Associated with Complex Traits and Disorders.,"Cummins Mitchell J, Mattick John S",Molecular and cellular biology,2026-07-27,"Genome wide association studies (GWAS) have identified many haplotype blocks linked to a wide range of complex human traits, including intelligence, neuropsychiatric disorders, and immunological disorders, among many others. Approximately a quarter of these haplotype blocks lack protein-coding sequences but most express long noncoding RNAs (lncRNAs). Here we show that human loci orthologous with m",https://pubmed.ncbi.nlm.nih.gov/42496200/,PubMed
LncRNA ckATP1A1-AS1 inhibits influenza A virus replication by mediating innate immune responses and suppressing viral nuclear import.,"Fan Menglu, Liu Zhiyuan, Deng Lulu",Journal of virology,2026-07-27,"Influenza A viruses (IAVs) pose an ongoing threat to humans and other species because of their zoonotic potential. Accumulating evidence has demonstrated that certain long non-coding RNAs (lncRNAs) exhibit differential expression during viral infection and modulate diverse facets of viral pathogenesis. As key regulatory RNAs, lncRNAs participate in fundamental physiological processes and disease p",https://pubmed.ncbi.nlm.nih.gov/42496117/,PubMed
Cell surface RNAs define a new interface for immune recognition.,"Zhang Xinming, Liao Jiahao, Chang Yuduo",Frontiers in immunology,2026-07-27,"Cell surface glycoRNAs have recently emerged as an unexpected class of RNA-glycan conjugates. Their discovery challenges the long-standing view that RNA is confined to intracellular compartments. These small noncoding RNAs, modified with N- or O-linked glycans and displayed on the outer leaflet of the plasma membrane, create a unique molecular interface recognizable by both glycan-binding and nucl",https://pubmed.ncbi.nlm.nih.gov/42495650/,PubMed
Mechanistic study of antisense long non-coding RNA ,"Sun Jinquan, Cui Jiayong, Qiu Tianlei",Exploration of targeted anti-tumor therapy,2026-07-27,This study aims to investigate the expression and function of antisense long non-coding RNA (lncRNA)  Database prediction and collection of tissue samples were employed alongside a cell proliferation assay and Transwell migration and invasion assay to examine  Both database and 9 paired clinical tissue sample results demonstrate that  This study is the first to demonstrate the tumor-suppressive ro,https://pubmed.ncbi.nlm.nih.gov/42495581/,PubMed
Long noncoding RNA MNX1-AS1 mediated regulation of one-carbon metabolism by preventing CACYBP degradation to promote lung cancer progression.,"Yang Juze, Qian Xinyi, Ren Jiayi",Cell death and differentiation,2026-07-27,"Lung cancer remains the leading cause of cancer-related death worldwide, and long noncoding RNAs (lncRNAs) have been implicated in its tumourigenesis and progression. However, the roles lncRNAs play in lung cancer remain unclear. In this study, we discovered an important role for the lncRNA MNX1 Antisense RNA 1 (MNX1-AS1) as a critical regulator of one-carbon metabolism reprogramming. Glutamine de",https://pubmed.ncbi.nlm.nih.gov/42493541/,PubMed
"Corrigendum to ""Identification of pyroptosis-related lncRNAs for constructing a prognostic model and their correlation with immune infiltration in pancreatic cancer"" [Hepatobiliary Pancreat Dis Int 24 (2025) 579-585].","Ye Zhou, Zhang Qi-Jun, Chen Wei",Hepatobiliary & pancreatic diseases international : HBPD INT,2026-07-27,,https://pubmed.ncbi.nlm.nih.gov/42493381/,PubMed
An Evaluation on the Role of Non-Coding RNA in HIV Transcription and Latency: A Review,Xiangshuai Liu,arXiv,2026-07-27,"The existence of latent cellular reservoirs is recognized as the major barrier to an HIV cure. Reactivating and eliminating ""shock and kill"" or permanently silencing ""block and lock"" the latent HIV reservoir, as well as gene editing, remain promising approaches, but so far have proven to be only partially successful. Moreover, using latency reversing agents or ""block and lock"" drugs pose additiona",http://arxiv.org/abs/2502.06107v1,arXiv
"Blood-derived lncRNAs as potential biomarkers for early cancer diagnosis: The Good, the Bad and the Beauty","Cedric Badowski, Bing He, Lana X Garmire",arXiv,2026-07-27,Cancer ranks as one of the deadliest diseases worldwide. The high mortality rate associated with cancer is partially due to the lack of reliable early detection methods and/or inaccurate diagnostic tools such as certain protein biomarkers. Cell-free nucleic acids (cfNA) such as circulating long non-coding RNAs (lncRNAs) have recently been proposed as a new class of potential biomarkers that could ,http://arxiv.org/abs/2109.11746v1,arXiv
BPPart and BPMax: RNA-RNA Interaction Partition Function and Structure Prediction for the Base Pair Counting Model,"Ali Ebrahimpour-Boroojeny, Sanjay Rajopadhye, Hamidreza Chitsaz",arXiv,2026-07-27,"RNA-RNA interaction (RRI) is ubiquitous and has complex roles in the cellular functions. In human health studies, miRNA-target and lncRNAs are among an elite class of RRIs that have been extensively studied. Bacterial ncRNA-target and RNA interference are other classes of RRIs that have received significant attention. In recent studies, mRNA-mRNA interaction instances have been observed, where bot",http://arxiv.org/abs/1904.01235v2,arXiv
Long non-coding RNA (LncRNA) and cancer: a new paradigm,"A. Bhan, Milad Soleimani, S. Mandal",Cancer Research,2017-07-12,"In addition to mutations or aberrant expression in the protein coding genes, mutations and misregulation of non-coding RNAs, in particular long noncoding RNAs (lncRNA), appear to play major roles in cancer. Genome-wide association studies (GWAS) of tumor samples have identified a large number of lncRNAs associated with various types of cancer. Alterations in lncRNA expression and their mutations p",https://www.semanticscholar.org/paper/e5156419c49266fe24b0d422f3e4a7e248bbd5c1,Semantic Scholar
LNCcation: lncRNA localization and function,"M. Bridges, Amanda C. Daulagala, A. Kourtidis",Journal of Cell Biology,2021-01-19,"Bridges et al. discuss current knowledge, lingering questions, and emerging themes surrounding lncRNA subcellular localization and its impact on cellular functions.",https://www.semanticscholar.org/paper/7eb1e61fdce6d4579eb564a6a2435cc2cc9b1454,Semantic Scholar
LncRNA-encoded peptides in cancer,Yaguang Zhang,Journal of Hematology & Oncology,2024-08-12,"Long non-coding RNAs (lncRNAs), once considered transcriptional noise, have emerged as critical regulators of gene expression and key players in cancer biology. Recent breakthroughs have revealed that certain lncRNAs can encode small open reading frame (sORF)-derived peptides, which are now understood to contribute to the pathogenesis of various cancers. This review synthesizes current knowledge o",https://www.semanticscholar.org/paper/a753881bf9c86a668e56968e00f894e3e096e26d,Semantic Scholar
Mechanism of LncRNA Gm2044 in germ cell development,"Qinran Zhu, Junpei Sun, Chuangchuang An",Frontiers in Cell and Developmental Biology,2024-07-04,"Germ cell development in mammals is a complex physiological process that involves the proliferation of primordial germ cells, meiosis, and the formation of male and female gametes. Long non-coding RNA (lncRNA) is a type of RNA with more than 200 nucleotides that does not code for proteins. A small number of lncRNAs have been shown to participate in spermatogenesis in the testes and in follicular d",https://www.semanticscholar.org/paper/92733180054e2ad19304182d62caceac54b84b61,Semantic Scholar
Machine learning-based integration develops an immune-derived lncRNA signature for improving outcomes in colorectal cancer,"Zaoqu Liu, Long Liu, Siyuan Weng",Nature Communications,2022-02-10,"Long noncoding RNAs (lncRNAs) are recently implicated in modifying immunology in colorectal cancer (CRC). Nevertheless, the clinical significance of immune-related lncRNAs remains largely unexplored. In this study, we develope a machine learning-based integrative procedure for constructing a consensus immune-related lncRNA signature (IRLS). IRLS is an independent risk factor for overall survival a",https://www.semanticscholar.org/paper/84e7b5a6477033e8ca58e8f015c7027556e664f6,Semantic Scholar
Integrated LncRNA Function Upon Genomic and Epigenomic Regulation,"Allison B Herman, Dimitrios Tsitsipatis, M. Gorospe",Molecules and Cells,2022-06-01,"Summary Although some long noncoding (lnc)RNAs are known since the 1950s, the past 25 years have uncovered myriad lncRNAs with diverse sequences, structures, and functions. The advent of high-throughput and sensitive technologies has further uncovered the vast heterogeneity of lncRNA-interacting molecules and patterns of expressed lncRNAs. We propose a unifying functional theme for the expansive f",https://www.semanticscholar.org/paper/69c8661a7817b2212cc72a0ed702c2ce011a53f8,Semantic Scholar
Mechanisms of lncRNA biogenesis as revealed by nascent transcriptomics,"Takayuki Nojima, N. Proudfoot",Nature reviews. Molecular cell biology,2022-01-25,,https://www.semanticscholar.org/paper/3eba950f49e1a3d1b11b62633556f5be6c961930,Semantic Scholar
LncRNA-mediated regulation of cell signaling in cancer,"Wan-Xin Peng, Pratirodh Koirala, Y. Mo",Oncogene,2017-06-12,"To date, a large number of long non-coding RNAs (lncRNAs) have been recently discovered through functional genomics studies. Importantly, lncRNAs have been shown, in many cases, to function as master regulators for gene expression and thus, they can play a critical role in various biological functions and disease processes including cancer. Although the lncRNA-mediated gene expression involves var",https://www.semanticscholar.org/paper/ac6ae0080808b9e98dd9ab38a109af91340188fe,Semantic Scholar
LncRNA‐mediated posttranslational modifications and reprogramming of energy metabolism in cancer,"Yue Tan, Jin-Fei Lin, Ting Li",Cancer Communications,2020-10-29,"Altered metabolism is a hallmark of cancer, and the reprogramming of energy metabolism has historically been considered a general phenomenon of tumors. It is well recognized that long noncoding RNAs (lncRNAs) regulate energy metabolism in cancer. However, lncRNA‐mediated posttranslational modifications and metabolic reprogramming are unclear at present. In this review, we summarized the current un",https://www.semanticscholar.org/paper/033094e6d7a944eba3f2b1e64d35e0f555d164c6,Semantic Scholar
Emerging role of tumor-related functional peptides encoded by lncRNA and circRNA,"Pan Wu, Yongzhen Mo, M. Peng",Molecular Cancer,2020-02-04,"Non-coding RNAs do not encode proteins and regulate various oncological processes. They are also important potential cancer diagnostic and prognostic biomarkers. Bioinformatics and translation omics have begun to elucidate the roles and modes of action of the functional peptides encoded by ncRNA. Here, recent advances in long non-coding RNA (lncRNA) and circular RNA (circRNA)-encoded small peptide",https://www.semanticscholar.org/paper/105a4e7a723e1482c58f9d35dcea2e58eb17ebf3,Semantic Scholar
Predicting the potential human lncRNA-miRNA interactions based on graph convolution network with conditional random field,"Wenya Wang, Li Zhang, Jianqiang Sun",Briefings Bioinform.,2022-10-27,,https://www.semanticscholar.org/paper/c63ec713721aae7d498a7189bc3012067a0a195b,Semantic Scholar
Engineered exosome as targeted lncRNA MEG3 delivery vehicles for osteosarcoma therapy.,"Xin Huang, Wei Wu, Doudou Jing",Journal of Controlled Release,2022-01-01,"Exosomes as nanosized membrane vesicles, could targeted deliver therapeutic agents by modification with target ligands. Exosome-derived non-coding RNAs play a vital role in the development of tumors. Previous evidences reveal that long non-coding RNA maternally expressed gene 3 (lncRNA MEG3) has anti-tumor properties. Whereas, the inhibitory effects of exosome-derived lncRNA MEG3 in osteosarcoma (",https://www.semanticscholar.org/paper/8c5f23d8b9e047e4cdf5ed0362eb07435d851455,Semantic Scholar
The lncRNA Neat1 promotes activation of inflammasomes in macrophages,"Pengfei Zhang, Limian Cao, Rongbin Zhou",Nature Communications,2019-04-02,"The inflammasome has an essential function in innate immune, responding to a wide variety of stimuli. Here we show that the lncRNA Neat1 promotes the activation of several inflammasomes. Neat1 associates with the NLRP3, NLRC4, and AIM2 inflammasomes in mouse macrophages to enhance their assembly and subsequent pro-caspase-1 processing. Neat1 also stabilizes the mature caspase-1 to promote interleu",https://www.semanticscholar.org/paper/3011698601e9267fe18739b25c31c18b6c6e1230,Semantic Scholar
LncRNA-mediated DNA methylation: an emerging mechanism in cancer and beyond,"Wanxu Huang, Hua Li, Qingsong Yu",Journal of experimental & clinical cancer research : CR,2022-03-15,"DNA methylation is one of the most important epigenetic mechanisms to regulate gene expression, which is highly dynamic during development and specifically maintained in somatic cells. Aberrant DNA methylation patterns are strongly associated with human diseases including cancer. How are the cell-specific DNA methylation patterns established or disturbed is a pivotal question in developmental biol",https://www.semanticscholar.org/paper/9398460ec2ef3fe209f36563f807813832f80206,Semantic Scholar
Long non-coding RNA (lncRNA) H19 in human cancer: From proliferation and metastasis to therapy.,"M. Hashemi, MA Moosavi, Hedyeh Maghareh Abed",Pharmacological Research,2022-08-26,"Initiation and development of cancer depend on multiple factors that mutations in genes and epigenetic level can be considered as important drivers. Epigenetic factors include a large family of members and understanding their function in cancer has been a hot topic. LncRNAs are RNA molecules with no capacity in synthesis of proteins, and they have regulatory functions in cells. LncRNAs are localiz",https://www.semanticscholar.org/paper/19370fbdbcec2c5d1947bcfa94776616c26d4ed4,Semantic Scholar
Long Noncoding RNA (lncRNA)-Mediated Competing Endogenous RNA Networks Provide Novel Potential Biomarkers and Therapeutic Targets for Colorectal Cancer,"Liye Wang, Kwang Bog Cho, Yan Li",International Journal of Molecular Sciences,2019-11-01,Colorectal cancer (CRC) is the third most common cancer and has a high metastasis and reoccurrence rate. Long noncoding RNAs (lncRNAs) play an important role in CRC growth and metastasis. Recent studies revealed that lncRNAs participate in CRC progression by coordinating with microRNAs (miRNAs) and protein-coding mRNAs. LncRNAs function as competitive endogenous RNAs (ceRNAs) by competitively occu,https://www.semanticscholar.org/paper/45a115f40a71143c63b7bc1d666e2720cc0dd1c8,Semantic Scholar
A novel Cuproptosis-related LncRNA signature to predict prognosis in hepatocellular carcinoma,"Genhao Zhang, Jianping Sun, Xianwei Zhang",Scientific Reports,2022-07-05,Increased intracellular toxicity due to an imbalance in copper homeostasis caused by copper ion accumulation could regulate the rate of cancer cell growth and proliferation. The goal of this study was to create a novel Cuproptosis-related lncRNA signature that may be utilized to predict survival and immunotherapy in HCC patients. Cuproptosis-associated lncRNAs and differentially expressed lncRNAs ,https://www.semanticscholar.org/paper/48ea9b7ab84a738537e3c45d45119d6991c301dc,Semantic Scholar
LncRNA HEPFAL accelerates ferroptosis in hepatocellular carcinoma by regulating SLC7A11 ubiquitination,"Baofu Zhang, Wenming Bao, Sina Zhang",Cell Death and Disease,2022-08-01,"Ferroptosis is a new type of cell death that has been recognized in recent years and is different from apoptosis, autophagy, and necrosis. It is mainly due to cellular iron homeostasis and lipid peroxidation of iron metabolism caused by large accumulation. There is a close correlation between ferroptosis and hepatocellular carcinoma (HCC). This study shows that the expression of the long noncoding",https://www.semanticscholar.org/paper/e53126b6cb0ee99fdb9e2939d8bd66b3aaaef76f,Semantic Scholar
Biological Function of Long Non-coding RNA (LncRNA) Xist,"Wenlun Wang, Lu Min, Xinyuan Qiu",Frontiers in Cell and Developmental Biology,2021-06-10,"Long non-coding RNAs (lncRNAs) regulate gene expression in a variety of ways at epigenetic, chromatin remodeling, transcriptional, and translational levels. Accumulating evidence suggests that lncRNA X-inactive specific transcript (lncRNA Xist) serves as an important regulator of cell growth and development. Despites its original roles in X-chromosome dosage compensation, lncRNA Xist also particip",https://www.semanticscholar.org/paper/fb79a63f189cec74ab96bdc29ac8325e8d1a16ea,Semantic Scholar
LncRNA-PACERR induces pro-tumour macrophages via interacting with miR-671-3p and m6A-reader IGF2BP2 in pancreatic ductal adenocarcinoma,"Yihao Liu, Minmin Shi, Xingfeng He",Journal of Hematology & Oncology,2022-05-07,"Background LncRNA-PACERR plays critical role in the polarization of tissue-associated macrophages (TAMs). In this study, we found the function and molecular mechanism of PACERR in TAMs to regulate pancreatic ductal adenocarcinoma (PDAC) progression. Methods We used qPCR to analyse the expression of PACERR in TAMs and M1-tissue-resident macrophages (M1-NTRMs) which were isolated from 46 PDAC tissue",https://www.semanticscholar.org/paper/81f75883d7cffce695c17c3fa583d8059eb1f72d,Semantic Scholar
Protocol for quantifying miRNA trafficking across the endosomal membrane.,"Ghosh Syamantak, Mukherjee Kamalika, Bhattacharyya Suvendra N",FEBS open bio,2026-07-27,"The import of miRNA across the endosomal membrane is an essential prerequisite for the loading of miRNAs into the endosomal lumen. These miRNAs are then incorporated into mature multivesicular bodies (MVBs), which then fuse with the plasma membrane, leading to the release of exosomes or extracellular vesicles carrying miRNAs into the intercellular space. Here, we present a reproducible in vitro as",https://pubmed.ncbi.nlm.nih.gov/42504016/,PubMed
AntagomiR-155 hitchhiking on biomimetic yeast microcapsules alleviate atherosclerosis by inhibiting M1-like macrophages.,"Zhang Ruilin, Wu Ya, Kou Tao",Materials today. Bio,2026-07-27,"Atherosclerosis progression is driven by the plasticity of plaque macrophages, making the suppression of M1-like macrophage polarization a promising therapeutic goal. While inhibiting the M1-regulator microRNA-155 (miR-155) is a viable strategy, its clinical application is limited with inadequate systemic bioavailability and off-target organ damage. Herein, we developed YC/ANM-155, an orally deliv",https://pubmed.ncbi.nlm.nih.gov/42502820/,PubMed
Exosomes delivering a high-throughput-screened RNA polymerase inhibitor for highly effective therapy of multidrug-resistant bacterial infected pneumonia.,"Xiang Yiming, Gong Ziya, Liu Juying",Bioactive materials,2026-07-27,"Bacterial pneumonia remains a primary global health threat, necessitating the development of novel therapeutic strategies to overcome escalating antibiotic resistance. In this study, we identified a highly active bacterial RNAP inhibitor, the repurposed semi-synthetic anthracycline hydrochloride Epirubicin (EPI), via the in silico high-throughput screening of a commercial library containing 16,563",https://pubmed.ncbi.nlm.nih.gov/42502321/,PubMed
tRNA-derived small RNAs in tumor microenvironment remodeling: From mechanistic insights to therapeutic perspectives.,Zhang Yaguang,Oncogene,2026-07-27,"Transfer RNA-derived small RNAs (tsRNAs) represent an emerging class of non-coding RNAs involved in gene expression and cellular homeostasis. Growing evidence suggests that tsRNAs contribute to tumor initiation and progression, in part by reshaping the tumor microenvironment (TME). This review systematically summarizes the biogenesis and molecular mechanisms of tsRNAs and discusses how they regula",https://pubmed.ncbi.nlm.nih.gov/42502104/,PubMed
Bioorthogonal epigenetic anchoring of heterochromatin to the nuclear lamina reverses senescence and osteoarthritis.,"Ren Xunshan, Zhuang Huangming, Zhu Junming",Journal of advanced research,2026-07-27,"An increase in the number of senescent cells with advancing age is a major predisposing factor for aging-related osteoarthritis (OA). However, effective intervention strategies targeting cellular senescence have yet to be developed. Increasing evidence suggests that rising epigenetic entropy, specifically the detachment of heterochromatin from the nuclear envelope, is a driver of cellular senescen",https://pubmed.ncbi.nlm.nih.gov/42501863/,PubMed
Therapeutic potential of antisense oligonucleotides in hematological malignancies.,"Cousin Elie, Picard Agathe, Perrudin Elfie",Biomedicine & pharmacotherapy = Biomedecine & pharmacotherapie,2026-07-27,"Antisense oligonucleotides (ASOs) are short synthetic oligonucleotides composed of DNA, RNA, or chemically modified nucleotides, that represent a promising class of therapeutics for personalized medicine. This review synthesizes the clinical evidence from published studies evaluating ASOs in myelodysplastic syndromes, acute myeloid leukemia, acute lymphoblastic leukemia and chronic lymphocytic leu",https://pubmed.ncbi.nlm.nih.gov/42501515/,PubMed
ETTAS: a modular aptamer-recruited platform for programmable translational activation.,"Li Aolin, Zhang Xiaoting, Li Senmao",Nucleic acids research,2026-07-27,"Precise enhancement of endogenous protein synthesis offers a reversible therapeutic strategy without permanent genomic modification. However, existing Cas13-mediated translational activation systems are limited by modest potency and restricted modular expandability. Here, we developed the Enhanced Targeted Translational Activation System (ETTAS), a modular RNA-guided platform that combines dCas13a",https://pubmed.ncbi.nlm.nih.gov/42500818/,PubMed
Endocytosis-independent cytosolic entry of messenger RNA via fluorous bilayer zippering attenuating Toll-like receptor signaling and enables ischemic tissue salvage.,"Wang Yue, Xie Haitao, Xiang Guoqing",Smart molecules : open access,2026-07-27,"A fundamental constraint of conventional messenger RNA (mRNA) delivery systems is their obligatory trafficking through endosomal-lysosomal compartments, wherein cargo degradation and activation of endosomal Toll-like receptors precipitate substantial translational attrition and deleterious inflammatory cascades. We herein report a chemically engineered platform that circumvents these limitations a",https://pubmed.ncbi.nlm.nih.gov/42500712/,PubMed
MicroRNAs in periodontal disease: from pathogenic mechanisms and RANKL/OPG regulation to nanoparticle delivery and personalized medicine.,"Yang Peiru, Li Zhulin, Li Sisi",Frontiers in immunology,2026-07-27,"Dysregulated host-microbe interactions are a hallmark of periodontal disease (PD), a chronic inflammatory condition that causes progressive alveolar bone resorption and tooth loss. MicroRNAs (miRNAs) have become important epigenetic regulators, offering new ways to understand disease pathophysiology and to provide tailored treatments. The current analysis uniquely synthesizes pathogen-specific miR",https://pubmed.ncbi.nlm.nih.gov/42500654/,PubMed
Safety profile of small interfering RNA therapeutics: a systematic review and meta-analysis of randomized controlled trials.,"Ahn Cheewon, Jeong Hyunsuk, Yim Hyeon Woo",Frontiers in drug safety and regulation,2026-07-27,"Small interfering RNAs (siRNAs) represent a promising therapeutic platform addressing unmet clinical needs. Recent advances have improved siRNA design, stability, specificity, and delivery; however, translating preclinical findings into clinical practice remains challenging due to the lack of standardized safety evaluation frameworks. This study conducted a systematic review and meta-analysis of p",https://pubmed.ncbi.nlm.nih.gov/42499353/,PubMed
Prime editing in neuropsychiatric disorders: From mutation-specific target selection to clinical translation.,"Ji Tianshan, Zhang Yuan, Zhao Jinyi","Neuroprotection (Chichester, England)",2026-07-27,"Prime editing, a novel clustered regularly interspaced short palindromic repeats (CRISPR)-based technology, fuses a reverse transcriptase (RT) to an engineered CRISPR-associated protein 9 (Cas9) and uses a prime editing guide RNA (pegRNA)-encoded template. It enables precise base substitutions, small insertions, and deletions without introducing double-strand breaks, thereby expanding the range of",https://pubmed.ncbi.nlm.nih.gov/42499346/,PubMed
Emerging and targeted therapeutic strategies in colorectal cancer: molecular mechanisms and clinical perspectives.,"Ganguly Debgopal, Choudhury Ananta, Deka Himangshu",Clinical & translational oncology : official publication of the Federation of Spanish Oncology Societies and of the National Cancer Institute of Mexico,2026-07-27,"Colorectal cancer (CRC) remains a leading cause of cancer-related morbidity and mortality worldwide, driven by complex genetic, epigenetic, and environmental factors. Despite advances in conventional treatments such as surgery, chemotherapy, and radiotherapy, therapeutic resistance and disease recurrence continue to limit long-term outcomes. This review provides a comprehensive overview of emergin",https://pubmed.ncbi.nlm.nih.gov/42498870/,PubMed
Functional delivery of commercially-available microRNA mimics to the organs of developing mice.,"Willen Sven, Myti Despoina, Obeidat Razan","RNA (New York, N.Y.)",2026-07-27,"MicroRNA are pivotal regulators of organ and tissue homeostasis and development, and pathogenic mediators of disease. While antagonism of specific microRNA species ",https://pubmed.ncbi.nlm.nih.gov/42498504/,PubMed
MicroRNAs and SGLT2 inhibitors in cardiovascular disease: Shared pathways and emerging roles.,"Bhaskaran Anna Bjarvin, Sakr Antoine, Doycheva Desislava",Journal of molecular and cellular cardiology plus,2026-07-27,"MicroRNAs are non-coding RNA sequences capable of transport outside the cell to regulate essential cellular processes. They are able to induce structural changes implicated in prevalent cardiovascular conditions such as heart failure, atherosclerosis and myocardial ischemia. SGLT2 inhibitors are newer anti-diabetic drugs used in the prevention and treatment of cardiovascular disease, which modulat",https://pubmed.ncbi.nlm.nih.gov/42495428/,PubMed
Selection of two pronuclei zygotes before electroporation does not improve gene editing efficiency or reduce mosaicism in porcine embryos despite optimized timing and Hoechst staining.,"Takebayashi Koki, Otoi Takeshige, Wittayarat Manita",Veterinary world,2026-07-27,"Electroporation-mediated delivery of Clustered-Regularly Interspaced Short Palindromic Repeats (CRISPR)/CRISPR-associated protein 9 components is an effective approach for genome editing in porcine embryos; however, mosaicism remains a major limitation. Selecting normally fertilized zygotes with two pronuclei (2PN) before electroporation may improve editing uniformity and reduce mosaicism. Therefo",https://pubmed.ncbi.nlm.nih.gov/42494698/,PubMed
Exploratory profiling of serum small extracellular vesicle-associated miRNAs as candidate biomarkers for Moyamoya disease.,"Yan Lin, Ding Hao, Zhao Ruifang",Biochemistry and biophysics reports,2026-07-27,"Moyamoya disease (MMD) is a chronic progressive cerebrovascular disease with elevated rates of mortality and disability in children and adults. Therefore, early and accurate identification of MMD is crucial for good prognosis, effective therapeutics, and increased clinical survival rates. Serum small extracellular vesicles (EVs) have attracted significant attention as innovative liquid biopsy biom",https://pubmed.ncbi.nlm.nih.gov/42494421/,PubMed
Enhancing pulp regeneration through metabolic reprogramming of mature dental pulp stem cells mediated by GLUT1/HK2 mRNA delivery.,"Di Tiankai, Liu Yuhan, Li Zhili",International journal of oral science,2026-07-27,"The age-related decline in the pro-angiogenic capacity of mature dental pulp stem cells (DPSCs) severely limits pulp regeneration. We identify impaired glycolytic metabolism, driven by reduced glucose transporter type 1 (GLUT1) and hexokinase 2 (HK2) expression, as the key mechanism, as its inhibition diminished endothelial tube formation. To reverse this, we developed an aminolyzed highly branche",https://pubmed.ncbi.nlm.nih.gov/42493486/,PubMed
Manganese-Functionalized GelMA Hydrogels for MRI-Guided Immunotheranostics in Precision Oncology,"Motahareh Nazari, Keyvan Alavi",arXiv,2026-07-27,"Precision oncology requires multifunctional platforms capable of integrating accurate tumor diagnosis, localized therapeutic delivery, immune modulation, and real-time monitoring of treatment response. Gelatin methacryloyl (GelMA) hydrogels have emerged as versatile biomaterials for biomedical engineering because of their biocompatibility, extracellular matrix-like structure, tunable mechanical pr",http://arxiv.org/abs/2606.29599v1,arXiv
Reinforcement-guided generative protein language models enable de novo design of highly diverse AAV capsids,"Lucas Ferraz, Ana F. Rodrigues, Pedro Giesteira Cotovio",arXiv,2026-07-27,"Adeno-associated viral (AAV) vectors are widely used delivery platforms in gene therapy, and the design of improved capsids is key to expanding their therapeutic potential. A central challenge in AAV bioengineering, as in protein design more broadly, is the vast sequence design space relative to the scale of feasible experimental screening. Machine-guided generative approaches provide a powerful m",http://arxiv.org/abs/2603.19473v1,arXiv
Predicting Early and Complete Drug Release from Long-Acting Injectables Using Explainable Machine Learning,"Karla N. Robles, Manar D. Samad",arXiv,2026-07-27,"Polymer-based long-acting injectables (LAIs) have transformed the treatment of chronic diseases by enabling controlled drug delivery, thus reducing dosing frequency and extending therapeutic duration. Achieving controlled drug release from LAIs requires extensive optimization of the complex underlying physicochemical properties. Machine learning (ML) can accelerate LAI development by modeling the ",http://arxiv.org/abs/2601.02265v1,arXiv
Adapted XBB.1.5 vaccine effectiveness against severe COVID-19 outcomes among immunocompromised persons in 2023-24 in six European countries: a VEBIS-EHR network study.,"Blake Alexandre, Humphreys James, Olson Kate",Expert review of vaccines,2026-07-27,"We estimated the XBB.1.5 vaccine effectiveness (VE) against COVID-19 hospitalization and death in Belgium, Denmark, Italy, Portugal, Spain (Navarre), and Sweden following the 2023-24 fall vaccination campaign among immunocompromised persons (ICPs). We conducted a multi-country retrospective cohort study using electronic health records. Study sites identified ICPs aged ≥18 years through a common se",https://pubmed.ncbi.nlm.nih.gov/42504085/,PubMed
IDEAL-Age: an interpretable deep learning framework for single-cell resolution profiling of immunological aging.,"Xu Yin, Luo Zhengchao, He Kai",Genome biology,2026-07-27,"Immunosenescence increases susceptibility to infection and reduces vaccine responsiveness, yet bulk transcriptomic clocks obscure the cellular heterogeneity underlying this process. Here, we present IDEAL-Age, an interpretable deep learning framework that operates directly on single-cell PBMC transcriptomes. Benchmarking against 35 methods across independent cohorts demonstrates superior predictiv",https://pubmed.ncbi.nlm.nih.gov/42503507/,PubMed
Mucosal BCG vaccination reprograms lung interstitial macrophages and enhances antimicrobial defense in mice.,"Forde Aaron James, Esposito Mara, Kerschbamer Emanuela",Mucosal immunology,2026-07-27,"Bacille Calmette-Guérin (BCG) is the only licensed vaccine against tuberculosis (TB) but provides inconsistent protection against disease. Alveolar macrophages (AM) are widely considered the primary myeloid mediators of BCG-induced lung immunity, whereas the contribution of lung interstitial macrophages (IM) remains poorly defined. Here, we investigated pulmonary macrophage remodeling following BC",https://pubmed.ncbi.nlm.nih.gov/42503329/,PubMed
"Interim analysis of effectiveness of JN.1-adapted conventional and self-amplifying mRNA COVID-19 vaccines against symptomatic SARS-CoV-2 infection in adults aged ≥60 years, Japan, October 2024-April 2025.","Maeda Haruka, Igarashi Ataru, Mitsui Shinya",Vaccine,2026-07-27,"In Japan, JN.1-adapted conventional mRNA and self-amplifying mRNA (sa-mRNA) COVID-19 vaccines were introduced during the 2024-2025 season. We estimated the effectiveness of these vaccines against symptomatic SARS-CoV-2 infection among adults aged ≥60 years using a test-negative design (October 1, 2024-April 30, 2025). Eligible episodes were ≥1 COVID-19-like symptom and SARS-CoV-2 testing. Vaccine ",https://pubmed.ncbi.nlm.nih.gov/42501715/,PubMed
Multi-copy expression of classical swine fever virus E2 in a recombinant pseudorabies virus enhances immunogenicity and supports its potential as a PRV-CSFV bivalent vaccine candidate.,"Shang Xianfei, Zhao Hui, He Yufeng",Veterinary microbiology,2026-07-27,"Classical swine fever virus (CSFV) and pseudorabies virus (PRV) remain significant threats to the swine industry. Although recombinant PRV vectors represent promising platforms for bivalent vaccine development, their application is frequently limited by insufficient expression of heterologous antigens, which may compromise protective efficacy. To address this limitation, we employed a multi-copy e",https://pubmed.ncbi.nlm.nih.gov/42501659/,PubMed
Computational Design of a Broad-Spectrum Multi-Epitope mRNA Vaccine Candidate for Mammarenaviruses.,"Zhang Ding, Li Ruxia, Fang Xue",Applied biochemistry and biotechnology,2026-07-27,"Mammarenaviruses cause serious diseases such as Lassa fever and Argentine hemorrhagic fever that threaten global public health; however, vaccines and therapeutic options remain limited. Therefore, developing a broadly effective vaccine against mammarenaviruses is a priority. In this study, we systematically analyzed the main structural protein sequences of ten mammarenaviruses. We combined antigen",https://pubmed.ncbi.nlm.nih.gov/42501279/,PubMed
Innate immune responses underlying local and systemic adverse reactions to mRNA-lipid nanoparticle vaccines.,"Takano Tomohiro, Matsumura Takayuki, Takahashi Yoshimasa",International immunology,2026-07-27,"Vaccine reactogenicity refers to the capacity of a vaccine to induce transient local and systemic adverse reactions (ARs). Although these ARs are often attributed to vaccine-induced innate inflammation, accumulating evidence indicates that the inflammatory pathways causing symptoms are not necessarily identical to those required for protective immunity. mRNA-lipid nanoparticle (LNP) vaccines provi",https://pubmed.ncbi.nlm.nih.gov/42500975/,PubMed
"Hantavirus: A Comprehensive Narrative Review of Virology, Epidemiology, Pathogenesis, Clinical Manifestations, Diagnostics, and Emerging Therapeutic Strategies.","Kamran Muhammad, Habib Muhammad Bilal, Shahid Adeel",Reviews in medical virology,2026-07-27,"Hantaviruses are a genus of negative-sense, single-stranded, tri-segmented RNA viruses that are distributed worldwide. They cause two severe zoonotic diseases in humans: haemorrhagic fever with renal syndrome (HFRS) and hantavirus pulmonary syndrome (HPS), also known as hantavirus cardiopulmonary syndrome (HCPS). Hantaviruses are primarily spread by inhaling aerosolised excreta from infected roden",https://pubmed.ncbi.nlm.nih.gov/42499279/,PubMed
JN.1-adapted vaccination is associated with readjustment of ancestral memory B cells toward neutralization within the JN.1 antigenic space.,"Stankov Metodi V, Bruhn Matthias, Hoffmann Markus",Nature communications,2026-07-27,"The antigenic drift of SARS-CoV-2 toward the JN.1 lineage has prompted the development of variant-adapted COVID-19 booster vaccines. However, these boosters are thought to primarily recall pre-existing memory B cells (MBC), raising concerns about their ability to realign the immune response in highly pre-exposed populations. Here we analyze antibody and B cell responses in pre-exposed individuals ",https://pubmed.ncbi.nlm.nih.gov/42498786/,PubMed
"Characterization of vaccine viremia, attenuation reversion, and safety: Combined results from the TAK-003 dengue vaccine clinical development program.","Tricou Vianney, Saez-Llorens Xavier, Kosalaraksa Pope",Vaccine,2026-07-27,"Live-attenuated vaccines can replicate for a transient period post-vaccination and may be associated with symptoms resembling natural infection. The tetravalent dengue vaccine, TAK-003, has undergone extensive preclinical assessment to investigate vaccine RNAemia, viremia, genetic stability, and transmissibility. Here, we investigated the presence of vaccine RNAemia, attenuation loci reversions, a",https://pubmed.ncbi.nlm.nih.gov/42497670/,PubMed
A Simple Method to Evaluate the Length of Poly(A) Tails in mRNA.,"Mumenthaler Jonas, Feldmann Maximilian, Mamaghani Shahab",Methods and protocols,2026-07-27,Synthetic mRNA produced by in vitro transcription is the active pharmaceutical ingredient of approved vaccines and of many drugs under development. It typically contains a 3' poly(A) tail required for optimal stabilization and translation of the mRNA. The average length of the poly(A) tail in the produced mRNA cannot be precisely predicted and consequently must be measured using complicated techno,https://pubmed.ncbi.nlm.nih.gov/42496561/,PubMed
Twenty-year persistence of WT1-specific cytotoxic T lymphocytes in peritumoral brain tissue by peptide vaccine therapy: Transcriptomic evidence for resident memory T-cell induction.,"Nakata Jun, Nakamura Natsuki, Motooka Daisuke",Neuro-oncology advances,2026-07-27,"Sustained immune surveillance at tumor sites is considered essential for effective cancer immunotherapy; however, direct evidence of immune surveillance in humans is limited due to difficulty obtaining tumor and peritumoral tissues through invasive procedures. Peritumoral brain tissue was obtained during reoperation from a patient with  A high level of T-cell infiltration was observed in peritumor",https://pubmed.ncbi.nlm.nih.gov/42494995/,PubMed
"Dendritic cells in cancer immunotherapy: functional barriers, reprogramming strategies and translational challenges.","Xiao Ningping, Chen Chao, Yang Xiuyu",Frontiers in immunology,2026-07-27,"Cancer immunotherapy depends on effective antigen presentation and T cell activation. Antigen-presenting cells (APCs), especially dendritic cells (DCs), play a central role in this process by capturing tumor antigens, processing them, and presenting antigenic peptides to T cells through major histocompatibility complex molecules. However, APC function is often impaired within the tumor microenviro",https://pubmed.ncbi.nlm.nih.gov/42491063/,PubMed
EscaPRRS-ORF5: A Structure-Aware Evolutionary Framework for Prioritizing Immune Escape-Prone Variants in Porcine Reproductive and Respiratory Syndrome Virus.,"S R Vaishnavey, Dey Supantha, Ferdous Sakib","Bioinformatics (Oxford, England)",2026-07-27,"Porcine Reproductive and Respiratory Syndrome Virus (PRRSV) is a rapidly evolving RNA virus causing significant economic losses, posing a formidable challenge to vaccine efficacy due to its high mutational variability and immune escape. As the viral mutants evolve, their ability to sustain in population is driven by a range of host biology factors such as receptor binding, fusion, and uncoating. E",https://pubmed.ncbi.nlm.nih.gov/42489519/,PubMed
Gut Microbiota-Derived Bacterial Extracellular Vesicles in COVID-19: Their Signature and Immunological Impact.,"Ishizaka Aya, Koga Michiko, Hayashi Tomoya",Journal of extracellular vesicles,2026-07-27,"Gut microbial dysbiosis has been observed in several diseases. Although causal links and direct effects on host cells remain unclear, bacteria-derived extracellular vesicles (BEVs) from the gut microbiota may regulate the host immune response. We examined the impact of severe acute respiratory syndrome coronavirus 2 (SARS-CoV-2) infection on the gut microbiome and BEVs release, and the effects of ",https://pubmed.ncbi.nlm.nih.gov/42489221/,PubMed
Hydrophobic Tail and Linker Diversification of PEG-Lipids Unlocks Precise Muscle Tropism of mRNA-Lipid Nanoparticles.,"Ou Bingqian, Tang Xuying, Qian Sunxiang","Small (Weinheim an der Bergstrasse, Germany)",2026-07-27,"Intramuscular mRNA lipid nanoparticles (LNPs) often exhibit undesirable liver accumulation, compromising safety and efficacy. While optimization efforts focus on ionizable and helper lipids, the role of trace PEG-lipids remains underexplored. To address this, we constructed a 45-member PEG-lipid library via Ugi/Passerini reactions, keeping the PEG chain constant at 2 kDa while systematically diver",https://pubmed.ncbi.nlm.nih.gov/42489054/,PubMed
Increased Autoreactive CD8,"Roy Payel, Parashar Smriti, Sidney John",Circulation research,2026-07-27,"Atherosclerosis is a chronic inflammatory disease with a strong autoimmune component, marked by the detection of autoreactive T cells and autoantibodies. Recent single-cell RNA sequencing studies have shown that atherosclerotic plaques contain clonally expanded CD8 We studied CD8 Some APOB peptides triggered robust CD8 The discovery of immunodominant major histocompatibility complex class I-restri",https://pubmed.ncbi.nlm.nih.gov/42488951/,PubMed
Safety of mRNA COVID-19 Vaccination during Pregnancy: Findings from Post-vaccination Follow-up Data from the Canadian National Vaccine Safety Network.,"Soe Phyumar, Muller Matthew P, Isenor Jennifer E",Journal of obstetrics and gynaecology Canada : JOGC = Journal d'obstetrique et gynecologie du Canada : JOGC,2026-07-27,"This communication reports post-vaccination follow-up findings from the Canadian National Vaccine Safety network on COVID-19 vaccination during pregnancy. Among 6606 pregnant individuals who received an mRNA COVID-19 primary series, 4302 provided pregnancy status in follow-up surveys. Within seven months of vaccination, live birth was the most reported outcome, followed by ongoing pregnancy. Our d",https://pubmed.ncbi.nlm.nih.gov/42486365/,PubMed
Transformer-Based Active Learning for Data-Efficient Vaccine Epitope Selection in PRRS,"Aspen Erlandsson Brisebois, Zahed Khatooni, Connor Burbridge",arXiv,2026-07-27,"High-fidelity molecular docking simulations can produce biologically relevant estimates of epitope-receptor binding affinity but are computationally expensive and therefore limit the number of candidates that can be screened for vaccine design. In this work, we evaluate machine learning (ML) approaches where variants of active learning are used to classify instances of high binding affinity betwee",http://arxiv.org/abs/2606.28659v1,arXiv
Exploring the Effects of Entanglement on Quantum Machine Learning of Pathogen Epitope-Receptor Binding,"Aspen Erlandsson Brisebois, Luis Pablo Gonzalez Dominguez, Shivansi Prajapati",arXiv,2026-07-27,"Parameterized quantum circuits (PQCs) provide a flexible substrate for hybrid quantum machine learning (QML), but their practical value on Noisy Intermediate-Scale Quantum (NISQ) devices remains an empirical question, especially because training depth and scale can introduce optimization challenges such as barren plateaus. Here we study how the number and topology of two-qubit entangling gates in ",http://arxiv.org/abs/2606.28655v1,arXiv
Personalized Autologous Vaccines Activate Stimulator of Interferon Gene and Suppress Dendritic Cell Programmed Death Ligand 1 to Potentiate Antitumor Immunity.,"Yang Zhijuan, Han Huize, Zhao Zhihao",ACS nano,2026-07-27,"Cancer vaccines have underperformed clinically, largely because antigen-specific CTL priming and expansion are constrained by insufficient costimulatory activation and increased DC-mediated coinhibition. Here, we present a personalized cancer vaccine platform, STAR, which engineers stimulator of interferon gene (STING)-activating autologous tumor-derived microvesicles (TMVs) to concurrently amplif",https://pubmed.ncbi.nlm.nih.gov/42503762/,PubMed
Engineered extracellular vesicles derived from sweet potato loaded with siPOLD1 for targeted therapy of glioma.,"Jin Zhiyong, Jiang Shan, Yuan Liujie",Journal of advanced research,2026-07-27,"Glioma is the most common malignant tumor of the central nervous system, with high malignancy and poor prognosis, necessitating the development of novel targeted therapies. DNA polymerase delta catalytic subunit 1 (POLD1) is implicated in multiple cancers, but its role in glioma remains unclear. Plant-derived extracellular vesicles (PDEVs) have emerged as biocompatible, targetable nanocarriers wit",https://pubmed.ncbi.nlm.nih.gov/42503395/,PubMed
Naringenin from Citrus aurantium L. alleviates loperamide-induced constipation by inhibiting excessive autophagy-mediated apoptosis in interstitial cells of Cajal via the AKT1 signaling pathway.,"Lin Renjing, Nie Yingling, He Yongheng",International journal of biological macromolecules,2026-07-27,"Constipation is a prevalent gastrointestinal disorder frequently associated with the dysfunction and loss of Interstitial Cells of Cajal (ICCs). Zhishi, the dried young fruit of Citrus aurantium L. (CAL), is a traditional medicine used for constipation; however, its specific bioactive constituents and mechanisms of action remain unclear. This study aimed to investigate the therapeutic effects of C",https://pubmed.ncbi.nlm.nih.gov/42503375/,PubMed
Lgals3high Macrophages Orchestrate Neuroinflammation and Extracellular Matrix Remodelling via NF-κB Pathway in Acute Spinal Cord Injury.,"Feng Yaping, Yang Ling, Liu Yuyang",Brain research bulletin,2026-07-27,"Acute spinal cord injury (ASCI) causes severe dysfunction, with secondary ECM remodelling being more destructive than primary injury. Macrophages regulate neuroinflammation and ECM remodelling in ASCI. Studies shown ECM related gene Lgals3 regulate macrophage polarization across various diseases. However, the role of Lgals3 in ASCI-related ECM remodelling and neuroinflammation remains unclear. We ",https://pubmed.ncbi.nlm.nih.gov/42503354/,PubMed
Endothelial VEGFR2 insufficiency promotes the transition of lymphatic to hematopoietic transcriptional programs.,"Li Taotao, Cao Xudong, Zhou Fei",Angiogenesis,2026-07-27,Vascular endothelial growth factor receptor-2 (VEGFR2) is a key target for regulating the endothelial cell lineage and angiogenesis. It is also expressed by lymphatic endothelial cells (LECs) while its participation in lymphangiogenesis remains inadequately characterized. We demonstrate in this study that VEGFR2 is highly expressed in dermal initial lymphatic vessels and valves. The induced deleti,https://pubmed.ncbi.nlm.nih.gov/42503070/,PubMed
Downregulation of FTO aggravates osteoarthritis with obesity by erasing m,"Sun Xu-Ying, Su Jing-Yue, Chen Xin",Military Medical Research,2026-07-27,"Osteoarthritis (OA) is currently the most common age-related degenerative joint disease, but there remains a lack of disease-modifying therapy for OA treatment. This study aimed to elucidate the critical roles and underlying mechanism of the fat mass and obesity associated gene (FTO) in OA pathogenesis induced by high fat diet (HFD) and HFD coupled with destabilized medial meniscus (DMM) surgery, ",https://pubmed.ncbi.nlm.nih.gov/42502479/,PubMed
Cancer-associated fibroblast-derived CCL11 promotes prostate cancer malignancy by inducing epithelial-mesenchymal transition via CDK5.,"Wu Yu, Chen Xingyu, Yuan Xinwei",Cytotechnology,2026-07-27,"To elucidate the key role and underlying mechanisms of C-C motif chemokine ligand 11 (CCL11) in cancer-associated fibroblasts (CAFs)-mediated prostate cancer (PCa) progression. In this study, we analyzed the dataset GSE85606 and validated the upregulation of  The online version contains supplementary material available at 10.1007/s10616-026-01037-0.",https://pubmed.ncbi.nlm.nih.gov/42502315/,PubMed
KATP Channel Expression Determines ONC212 Sensitivity via Mitochondrial Dysfunction and PERK/ATF4/CHOP Activation in Glioblastoma.,"Taskesen Ahmet, Hacioglu Ceyhan",Journal of cellular and molecular medicine,2026-07-27,"Glioblastoma (GBM) exhibits profound metabolic plasticity and resistance to conventional therapies, partly driven by mitochondrial adaptability and stress response mechanisms. ONC212, a second-generation imipridone, targets mitochondrial proteostasis, yet determinants of tumour sensitivity remain unclear. This study aimed to investigate whether ATP-sensitive potassium (KATP) channel expression mod",https://pubmed.ncbi.nlm.nih.gov/42502247/,PubMed
WEHI-345 alleviates sepsis-induced cardiomyopathy by suppressing the RIPK2-mediated MAPK/NF-κB pathway.,"Yu Qian, Wang Yijie, Liu Zilin",Life sciences,2026-07-27,"Sepsis-induced cardiomyopathy (SICM) is a severe complication of sepsis for which effective pharmacological treatment options remain limited. This study aimed to investigate the role of RIPK2, prioritized through cardiac proteomic screening, and evaluate the protective effects of the RIPK2 inhibitor WEHI-345 in SICM. Quantitative proteomics was performed on cardiac tissues from lipopolysaccharide ",https://pubmed.ncbi.nlm.nih.gov/42501938/,PubMed
SIRT3 inhibition promotes age-associated vascular impairment by mediating mitochondrial dysfunction and endothelial-to-mesenchymal transition.,"Ke Shiye, Yang Huijun, Lu Weifeng",Experimental gerontology,2026-07-27,"Vascular aging profoundly impacts on cardiovascular disease. Sirtuin 3 (SIRT3) is a key regulator of metabolic homeostasis whose expression declines with age; however, the mechanisms linking SIRT3 deficiency to age-associated vascular impairment remain unclear. Here, we investigated whether SIRT3 deficiency drives age-associated vascular impairment by inducing mitochondrial dysfunction and initiat",https://pubmed.ncbi.nlm.nih.gov/42501906/,PubMed
The gut microbiota metabolite IAA modulates gut-brain axis to alleviate reproductive endocrine dysfunction in PCOS.,"Wu Yifan, Yu Juanjuan, He Jiangshuang",Journal of advanced research,2026-07-27,"Circadian rhythm disruption (CD) and gut microbiota dysbiosis are emerging drivers of the polycystic ovary syndrome (PCOS). However, the specific microbial metabolites mediating the gut-brain-ovary axis remain poorly defined, limiting the development of targeted microecological therapies. We aimed to identify the functional role of the gut microbiota-derived metabolite indole-3-acetic acid (IAA) i",https://pubmed.ncbi.nlm.nih.gov/42501862/,PubMed
Ginsenoside Rh1 ameliorates polystyrene nanoplastics-caused vascular injury by regulating HSP70 to suppress endoplasmic reticulum stress and pyroptosis.,"Song Yue-Qin, Ren Shen, Wang Yi-Yue",Journal of advanced research,2026-07-27,"The vascular toxicity of polystyrene nanoparticles (PS-Nps) via the circulatory system has emerged as novel critical health risk factors. However, the specific mechanisms underlying PS-Nps-induced vascular endothelial injury and corresponding protective strategies remain poorly understood. This work seeks to assess the vascular toxicity of PS-Nps and the function and mechanism of rare ginsenoside ",https://pubmed.ncbi.nlm.nih.gov/42501861/,PubMed
Xiaoyaosan reactivates the muscle-brain axis via FNDC5/Irisin to ameliorate LPS-induced depression.,"Yan Peiting, Zheng Yantao, Li Junjie",Phytomedicine : international journal of phytotherapy and phytopharmacology,2026-07-27,"The muscle-brain axis is critical in neuropsychiatric disorders. However, its role in the antidepressant mechanism of Xiaoyaosan (XYS) remains unclear. This study explored whether XYS exerts antidepressant effects by modulating the muscle FNDC5/Irisin-mediated muscle-brain axis to restore hippocampal synaptic plasticity. LPS-induced mouse model was established for in vivo evaluation. In vitro, siR",https://pubmed.ncbi.nlm.nih.gov/42501549/,PubMed
Dibutyl phthalate exposure induced hepatotoxicity via VDAC2 mediated mitochondria-dependent ferroptosis.,"Li Zixu, Zhang Jialing, Wang Haodong","Aquatic toxicology (Amsterdam, Netherlands)",2026-07-27,"Widely used plasticiser, dibutyl phthalate (DBP), poses a serious threat to ecosystems and human health. Although evidence of the toxic effects of DBP is growing, the specific mechanisms underlying its hepatotoxicity is still unclear. Previous studies have confirmed that CH-223191 (AhR inhibitor) could not completely alleviate DBP-induced ferroptosis and the consequent hepatotoxicity, suggesting t",https://pubmed.ncbi.nlm.nih.gov/42501521/,PubMed
Glycolytic enzyme PGK1 restricts viral replication via a glycolysis-independent mechanism.,"Wei Yanli, Xu Shuai, Wang Qian",Science China. Life sciences,2026-07-27,"The development of effective and broad-spectrum antiviral therapies remains an urgent need. Identifying key host factors that participate in the viral life cycle may provide novel targets for the development of antiviral strategies. Herein, through tandem affinity purification-mass spectrometry and siRNA screening, we identified that a glycolytic enzyme, phosphoglycerate kinase 1 (PGK1), exerts a ",https://pubmed.ncbi.nlm.nih.gov/42501189/,PubMed
DeepSilencer: A Novel Deep Learning Model for Predicting siRNA Knockdown Efficiency,"Wangdan Liao, Weidong Wang",arXiv,2026-07-27,"Background: Small interfering RNA (siRNA) is a promising therapeutic agent due to its ability to silence disease-related genes via RNA interference. While traditional machine learning and early deep learning methods have made progress in predicting siRNA efficacy, there remains significant room for improvement. Advanced deep learning techniques can enhance prediction accuracy, reducing the relianc",http://arxiv.org/abs/2503.04200v1,arXiv
Maturation of siRNA by strand separation: Steered Molecular dynamics study,"Rakesh K Mishra, Sanchita Mukherjee, Dhananjay Bhattacharyya",arXiv,2026-07-27,"RNA interference, particularly siRNA induced gene silencing is becoming an important avenue of modern therapeutics. The siRNA is delivered to the cells as short double helical RNA which becomes single stranded for forming the RISC complex. Significant experimental evidence is available for most of the steps except the process of the separation of the two strands. We have attempted to understand th",http://arxiv.org/abs/1910.03778v1,arXiv
Using a hydrogen-bond index to predict the gene-silencing efficiency of siRNA based on the local structure of mRNA,"Kathy Q. Luo, Donald C. Chang",arXiv,2026-07-27,The gene silencing effect of short interfering RNA (siRNA) is known to vary strongly with the targeted position of the mRNA. A number of hypotheses have been suggested to explain this phenomenon. We would like to test if this positional effect is mainly due to the secondary structure of the mRNA at the target site. We proposed that this structural factor can be characterized by a single parameter ,http://arxiv.org/abs/1710.07413v1,arXiv
Unraveling siRNA Unzipping Kinetics with Graphene,"Santosh Mogurampelly, Swati Panigrahi, Dhananjay Bhattacharyya",arXiv,2026-07-27,"Using all atom molecular dynamics simulations, we report spontaneous unzipping and strong binding of small interfering RNA (siRNA) on graphene. Our dispersion corrected density functional theory based calculations suggest that nucleosides of RNA have stronger attractive interactions with graphene as compared to DNA residues. These stronger interactions force the double stranded siRNA to spontaneou",http://arxiv.org/abs/1207.4569v1,arXiv
Unzipping and binding of small interfering RNA with single walled Carbon Nanotube: a platform for small interfering RNA delivery,"Mogurampelly Santosh, Swati Panigrahi, Dhananjay Bhattacharyya",arXiv,2026-07-27,"In an effort to design efficient platform for siRNA delivery, we combine all atom classical and quantum simulations to study the binding of small interfering RNA (siRNA) by pristine single wall carbon nanotube (SWCNT). Our results show that siRNA strongly binds to SWCNT surface via unzipping its base-pairs and the propensity of unzipping increases with the increase in the diameter of the SWCNTs. T",http://arxiv.org/abs/1203.2409v1,arXiv
Nanodiamond as a vector for siRNA delivery to Ewing sarcoma cells,"Anna Alhaddad, Marie-Pierre Adam, Jacques Botsoa",arXiv,2026-07-27,"We investigated the ability of diamond nanoparticles (nanodiamonds, NDs) to deliver small interfering RNA (siRNA) in Ewing sarcoma cells, in the perspective of in vivo anti-cancer nucleic acid drug delivery. siRNA was adsorbed onto NDs previously coated with cationic polymer. Cell uptake of NDs has been demonstrated by taking advantage of NDs intrinsic fluorescence coming from embedded color cente",http://arxiv.org/abs/1106.2252v2,arXiv
Target prediction and a statistical sampling algorithm for RNA-RNA interaction,"F. W. D. Huang, J. Qin, C. M. Reidys",arXiv,2026-07-27,"It has been proven that the accessibility of the target sites has a critical influence for miRNA and siRNA. In this paper, we present a program, rip2.0, not only the energetically most favorable targets site based on the hybrid-probability, but also a statistical sampling structure to illustrate the statistical characterization and representation of the Boltzmann ensemble of RNA-RNA interaction st",http://arxiv.org/abs/0908.0597v1,arXiv
In silico evidence of the relationship between miRNAs and siRNAs,"Ludovica Montanucci, Piero Fariselli, Pier Luigi Martelli",arXiv,2026-07-27,"Both short interfering RNAs (siRNAs) and microRNAs (miRNAs) mediate the repression of specific sequences of mRNA through the RNA interference pathway. In the last years several experiments have supported the hypothesis that siRNAs and miRNAs may be functionally interchangeable, at least in cultured cells. In this work we verify that this hypothesis is also supported by a computational evidence. We",http://arxiv.org/abs/0705.2355v1,arXiv
