title,authors,journal,date,abstract,link,source
Single-molecule insights into SAM-I riboswitch ligand binding using scaled magnetic force spectroscopy with comparison to conventional biophysical methods.,"Wang Zhen, Labuhn Henning, Moulinas Rémi",RNA biology,2026-09-03,"Biophysical methods are widely used for drug discovery, with surface plasmon resonance (SPR) and isothermal titration calorimetry (ITC) being amongst the most used techniques. However, these types of bulk or ensemble methods do not provide single-molecule resolution or structural and mechanistic insights, so that researchers are forced to rely upon a battery of complementary techniques. Here, we u",https://pubmed.ncbi.nlm.nih.gov/42687492/,PubMed
The Brucella effector protein BtpB facilitates STAT3 activation to regulate polarization in macrophages during infection.,"Yuan Ye, Wang Minghui, Hao Mingyue",Veterinary research,2026-09-03,Brucella is a Gram-negative facultative intracellular pathogen that causes widespread zoonotic infections. Macrophages are crucial immune and antigen-presenting cells that differentiate into proinflammatory M1-type or anti-inflammatory M2-type cells in different microenvironments. The BtpB protein of Brucella is a type IV secretion system effector protein that modulates host inflammatory responses,https://pubmed.ncbi.nlm.nih.gov/42687195/,PubMed
"Ivangustin, a sesquiterpene lactone from Inula japonica Thunb., attenuates neuroinflammation through covalent inhibition of ubiquitin-conjugating enzyme UBE2L3.","Qiao Mengyuan, Gan Hanyue, Shi Yuying",Chinese medicine,2026-09-03,"Neuroinflammation is a key driver and an important therapeutic target of neurodegeneration. Dysregulated nuclear factor-κB (NF-κB) signaling plays a central role in neuroinflammation and depends on M1 and K63 ubiquitination of NF-κB essential modulator (NEMO). Ivangustin (IVA) is a sesquiterpene lactone isolated from Inula japonica Thunb., a traditional Chinese medicine has been used to treat infl",https://pubmed.ncbi.nlm.nih.gov/42687180/,PubMed
Mechanism of RNA-Binding Protein ELAVL1 in Promoting Th2 Cell Differentiation Through Stabilizing CPA3 mRNA in Allergic Rhinitis.,"Liu Meng-Ya, Yao Hong-Bing, Chen Cheng",The Kaohsiung journal of medical sciences,2026-09-03,"This study aimed to elucidate the role of the RNA-binding protein embryonic lethality abnormal vision-like protein 1 (ELAVL1) in the pathogenesis of allergic rhinitis (AR), specifically by investigating its potential to promote T helper 2 (Th2) cell differentiation by regulating the stability of carboxypeptidase A3 (CPA3) mRNA. Differentially expressed genes associated with AR were screened via bi",https://pubmed.ncbi.nlm.nih.gov/42687110/,PubMed
A dimeric mRNA vaccine based on key-mutant and KP.3 RBDs induces broad-spectrum immunity and protects mice against JN.1 and XDV challenges.,"Xu Jiali, Peng Rui, Yuan Longhai",Molecular biomedicine,2026-09-03,"The continued antigenic evolution of SARS-CoV-2 Omicron subvariants has progressively eroded vaccine-elicited protective immunity, driving demand for next-generation candidates that confer broad-spectrum protection against phylogenetically divergent strains. Here we report the design and preclinical evaluation of SV, an mRNA vaccine encoding a heterodimeric receptor-binding domain (RBD) antigen. I",https://pubmed.ncbi.nlm.nih.gov/42687061/,PubMed
RNA m⁶A modification and its regulatory factors are altered in granulosa cells from women with PMOS.,"Bhingardeve Snehal, Sagvekar Pooja, Desai Sadhana",Journal of assisted reproduction and genetics,2026-09-03,"Polyendocrine metabolic ovarian syndrome (PMOS), an endocrine disorder with unknown aetiology is the leading cause of anovulatory infertility. N6-methyladenosine (m GCs were collected from 23 women with PMOS and 23 age- and BMI- matched controls undergoing in vitro fertilization. Global m The total m Coordinated alterations in global m",https://pubmed.ncbi.nlm.nih.gov/42687053/,PubMed
Association of miRNA-31 & miRNA 192 with Nrf2/NF-κB Biomarkers in Occupational Lead Toxicity: A Cross-Sectional Observational Study.,"Kumar Kanishka, Anjali Sudha, Sharma Shailja",Biological trace element research,2026-09-03,"Lead (Pb) exposure is a global health threat characterized by oxidative stress. While Nrf2 and NF-κB pathways are known mediators of systemic toxicity, the epigenetic modulation of these defences via microRNAs (miRNAs) in human cohorts remains to be fully elucidated. This study investigates the association between blood lead levels (BLL) and a potential molecular signalling involving miRNA-31, miR",https://pubmed.ncbi.nlm.nih.gov/42686977/,PubMed
Danggui Sini Decoction Alleviates Sciatica by Reducing Peripheral Sensitization through Downregulation of Transient Receptor Potential Channels in Dorsal Root Ganglions.,"Zhang Di, Zhuang Zi-Feng, Lin Shao-Zi",Chinese journal of integrative medicine,2026-09-03,"To elucidate whether Danggui Sini Decoction (DGSD) relieves sciatica by downregulating transient receptor potential (TRP) channels involved in peripheral sensitization. After conducting chronic constriction injury of sciatic nerve (CCI) operation, 32 SD rats, randomly assigned to the sham, CCI 7d, CCI 14d, and CCI 21d groups (n=8 per group), were used to observe the course of sciatica. mRNA sequen",https://pubmed.ncbi.nlm.nih.gov/42686949/,PubMed
Long non-coding RNAs link DNA methylation to immune regulatory networks in bovine subclinical mastitis.,"Dwivedi Shraddha, Kumar Amit, De Ujjwal Kumar",Mammalian genome : official journal of the International Mammalian Genome Society,2026-09-03,"Long non-coding RNAs (lncRNAs) are emerging as important regulators of inflammatory and immune signaling, yet their contribution to bovine subclinical mastitis remains poorly defined. Here, we characterized the lncRNA expression landscape associated with disease in milk somatic cells of healthy and subclinical mastitic Vrindavani cattle. We identified 11,403 high-confidence lncRNAs, of which 104 w",https://pubmed.ncbi.nlm.nih.gov/42686917/,PubMed
Functional chimeric mRNAs encode proteins in mammalian immunity.,"Venezia Olivia, Kane Harry, Du Gang",Nature,2026-09-03,"Individual mammalian mRNAs and proteins are typically believed to originate from single genomic loci, with isoform diversity arising through cis-splicing of pre-mRNA. Whether mRNA from distant genes can undergo trans-splicing to generate functionally relevant chimeric transcripts has remained unclear. Here we develop a pipeline combining long-read direct RNA sequencing with non-targeted and target",https://pubmed.ncbi.nlm.nih.gov/42686912/,PubMed
Rewiring the ribosome to translate proteins encoded in its own RNA.,"Alizadeh Kasra, Klepacki Dorota, Vázquez-Laslop Nora",Nature,2026-09-03,"Cellular protein synthesis relies on random encounters between ribosomes and mRNAs, limiting optimization of the translation machinery for production of a single protein-a key need in biotechnology. One potential solution is integrating the protein-coding sequence into the ribosome itself, thereby committing the ribosome to synthesis of a single polypeptide. The feasibility of such integration cou",https://pubmed.ncbi.nlm.nih.gov/42686901/,PubMed
"A Novel Exonic Variant MICB*075 Was Identified in an Individual From Maharashtra, India.","Tambe Manisha, Firfire Alfiya, D'Silva Selma Z",HLA,2026-09-03,MICB*075 differs from MICB*004:01:11 by a single nucleotide substitution in codon 6 within exon 2.,https://pubmed.ncbi.nlm.nih.gov/42686642/,PubMed
Properties of the Isolated Strain of Pseudobutyrivibrio sp. and Its Effect on the Alleviation of Allergic Dermatitis in a Mouse Model.,"Kaneko Hiroki, Asanuma Narito",Journal of oleo science,2026-09-03,"Microbial properties of the strain MDT-5, which was isolated from the rumen of a goat, were investigated. Comparative 16S rRNA gene sequence analysis revealed that MDT-5 belongs to the family Lachnospiraceae with the highest homology to Pseudobutyrivibrio ruminis DSM 9787",https://pubmed.ncbi.nlm.nih.gov/42686597/,PubMed
The moonlighting functions of SEC13 in nonsense-mediated mRNA decay and the regulation of ER stress.,"Monaghan Laura, Srinath Chetan, Mann Abigail R","RNA (New York, N.Y.)",2026-09-03,"The nonsense-mediated decay pathway (NMD) is an RNA quality control mechanism that regulates the stability of target RNAs. We previously identified the ER-localized SEC13 protein as a novel NMD factor in C. elegans and in HeLa cells; raising the possibility that it could be involved in regulating the stability of mRNAs translated at the ER. SEC13 is a component of several cellular complexes, inclu",https://pubmed.ncbi.nlm.nih.gov/42686406/,PubMed
Immuno-Oncology: New Insights into Targets and Therapies.,"Schokrpur Shiruyeh, White Michael G, Roland Christina L",Hematology/oncology clinics of North America,2026-09-03,"The role of immunotherapy in the care of surgical oncology patients promises to expand as investigators and clinicians evaluate new targets and approaches. Currently active clinical trials evaluate new immune checkpoints, including lymphocyte activation gene 3, T cell immunoreceptor with Ig and ITIM domains, and killer Ig-like receptor 2DL1/2L3. Vaccines delivered through mRNA have demonstrated ex",https://pubmed.ncbi.nlm.nih.gov/42686326/,PubMed
Low-load blood flow restriction training and ischemia modulate expression of Na,"Jan Vid, Miš Katarina, Kacin Alan","American journal of physiology. Regulatory, integrative and comparative physiology",2026-09-03,Anterior cruciate ligament (ACL) rupture leads to muscle deconditioning and downregulation of Na,https://pubmed.ncbi.nlm.nih.gov/42686218/,PubMed
Chitosan hydrogel loaded with mesenchymal stem cell-derived exosomes significantly accelerated wound closure and enhanced tissue regeneration in a full thickness porcine skin defect model.,"Cui Guanghui, Yan Jinjin, Cui Peng",Journal of biomaterials applications,2026-09-03,"There is an urgent need for more effective wound healing therapies, particularly wound dressings that not only promote wound closure and reduce scar formation but also retain antibacterial properties. Chitosan, a natural copolymer with inherent hemostatic and antibacterial properties, and mesenchymal stem cell derived exosomes, which promote rapid re-epithelialization, collagen maturation, and sca",https://pubmed.ncbi.nlm.nih.gov/42686187/,PubMed
Buspirone attenuates neuropathic pain and related depression following sciatic nerve injury in mice: Role of opioid receptors.,"Ghorbanzadeh Behnam, Foroughinia Ali, Notash Reza",Behavioural brain research,2026-09-03,"Patients with neuropathic pain also experience depression. Although they are treated with various therapies, the effectiveness of these medications is unclear. In the present study, the effect of buspirone on allodynia and depressive-like behavior caused by chronic constriction injury (CCI) of the sciatic nerve, as well as the role of opioid pathways, was investigated. Our findings showed that acu",https://pubmed.ncbi.nlm.nih.gov/42685990/,PubMed
Histone demethylase JMJD2D promotes lung cancer progression by activating Wnt/β-catenin signaling.,"Lu Qiuxia, Tang Yicong, Li Sida",Cellular signalling,2026-09-03,"JMJD2D is a histone demethylase implicated in cancer-associated gene regulation, but its role in non-small cell lung cancer (NSCLC) remains incompletely defined. We examined JMJD2D expression and functional effects in patient specimens and lung cancer models. JMJD2D expression was higher in 41 paired NSCLC tissues than in adjacent non-tumor tissues, was greater in stage III-IV than in stage I-II t",https://pubmed.ncbi.nlm.nih.gov/42685882/,PubMed
Soluble PD-1/PD-L1 biomarkers in NSCLC: prognostic and diagnostic value.,"Vachlas Konstantinos, Fatouros Chronis",Molecular and cellular probes,2026-09-03,Tissue-based immunohistochemistry (IHC) for programmed death-ligand 1 (PD-L1) remains the clinical standard for guiding immunotherapy selection in non-small cell lung cancer (NSCLC) but is constrained by intratumoral spatial heterogeneity and procedural sampling risks. Circulating soluble PD-1 (sPD-1) and soluble PD-L1 (sPD-L1) generated either through alternative mRNA splicing or by ADAM10/17-med,https://pubmed.ncbi.nlm.nih.gov/42685840/,PubMed
Optimizing RNA yield using deep neural networks coupled to massively parallel screening,"Dinghai Zheng, Justin Hong, Jun Wang",arXiv,2026-09-03,"Messenger RNA (mRNA)-based therapeutics have emerged as a powerful platform for vaccines, protein replacement therapies, and cancer immunotherapy. A critical bottleneck in mRNA development is manufacturing large quantities of RNA economically, as measured by RNA yield emerging from an in vitro transcription (IVT) reaction. However, how promoter-adjacent DNA sequences influence RNA yield remains po",http://arxiv.org/abs/2608.23722v1,arXiv
Energy-efficient codon optimization on thermodynamic hardware,"Andraz Jelincic, Ross C. Walker",arXiv,2026-09-03,"The growing energy demand for computation is becoming increasingly unsustainable. Thermodynamic computing, which harnesses physical thermal fluctuations as a computational resource rather than suppressing them, offers orders-of-magnitude energy savings for probabilistic and combinatorial tasks. Pharmaceutical R&D, heavily reliant on computational optimization and sampling, is a natural application",http://arxiv.org/abs/2606.17327v1,arXiv
mRNAutilus: Multi-Objective-Guided Discrete Generation of mRNA with Optimized Therapeutic Properties,"Sawan Patel, Sophia Tang, Yesol Kim",arXiv,2026-09-03,"Therapeutic mRNA design requires coordinating multiple interacting sequence features across the full transcript, where codon usage, untranslated regions (UTRs), and their coupling jointly determine stability, translation efficiency, and protein expression. Here, we present mRNA generation via unrolled trajectories and informed latent updates (mRNAutilus), a framework for simultaneous codon optimiz",http://arxiv.org/abs/2605.31296v1,arXiv
Sampling-based Continuous Optimization for Messenger RNA Design,"Feipeng Yue, Ning Dai, Wei Yu Tang",arXiv,2026-09-03,"Designing messenger RNA (mRNA) sequences for a fixed target protein requires searching an exponentially large synonymous space while optimizing properties that affect stability and downstream performance. This is challenging because practical mRNA design involves multiple coupled objectives beyond classical folding criteria, and different applications prefer different trade-offs. We propose a gene",http://arxiv.org/abs/2603.06559v1,arXiv
Drug-like antibodies with low immunogenicity in human panels designed with Latent-X2," Latent Labs Team, Henry Kenlay, Daniella Pretorius",arXiv,2026-09-03,"Drug discovery has long sought computational systems capable of designing drug-like molecules directly: developable and non-immunogenic from the start. Here we introduce Latent-X2, a frontier generative model that achieves this goal through zero-shot design of antibodies with strong binding affinities, drug-like properties, and, for the first time for any de novo generated antibody, confirmed low ",http://arxiv.org/abs/2512.20263v1,arXiv
"RNAGenScape: Property-Guided, Optimized Generation of mRNA Sequences with Manifold Langevin Dynamics","Danqi Liao, Chen Liu, Xingzhi Sun",arXiv,2026-09-03,"Generating property-optimized mRNA sequences is central to applications such as vaccine design and protein replacement therapy, but remains challenging due to limited data, complex sequence-function relationships, and the narrow space of biologically viable sequences. Generative methods that drift away from the data manifold can yield sequences that fail to fold, translate poorly, or are otherwise",http://arxiv.org/abs/2510.24736v3,arXiv
The proportional scaling of mRNA and ribosome concentrations controls eukaryotic cell growth,"Xin Gao, Michael Lanz, Rosslyn Grosely",arXiv,2026-09-03,"Cell growth underlies nearly all eukaryotic physiology, yet its quantitative principles remain unclear. Using single-molecule ribosome tracking, spike-in RNA sequencing, and quantitative proteomics across 15 nutrient-limited conditions in budding yeast, we define how growth is controlled in the budding yeast Saccharomyces cerevisiae. Ribosome concentration scales linearly with growth rate, while p",http://arxiv.org/abs/2508.14997v2,arXiv
mRNA Folding Algorithms for Structure and Codon Optimization,"Max Ward, Mary Richardson, Mihir Metkar",arXiv,2026-09-03,"mRNA technology has revolutionized vaccine development, protein replacement therapies, and cancer immunotherapies, offering rapid production and precise control over sequence and efficacy. However, the inherent instability of mRNA poses significant challenges for drug storage and distribution, particularly in resource-limited regions. Co-optimizing RNA structure and codon choice has emerged as a p",http://arxiv.org/abs/2503.19273v1,arXiv
Generative Model for Synthesizing Ionizable Lipids: A Monte Carlo Tree Search Approach,"Jingyi Zhao, Yuxuan Ou, Austin Tripp",arXiv,2026-09-03,"Ionizable lipids are essential in developing lipid nanoparticles (LNPs) for effective messenger RNA (mRNA) delivery. While traditional methods for designing new ionizable lipids are typically time-consuming, deep generative models have emerged as a powerful solution, significantly accelerating the molecular discovery process. However, a practical challenge arises as the molecular structures genera",http://arxiv.org/abs/2412.00807v1,arXiv
Machine learning framework to predict the performance of lipid nanoparticles for nucleic acid delivery,"Gaurav Kumar, Arezoo M. Ardekani",arXiv,2026-09-03,"Lipid nanoparticles (LNPs) are highly effective carriers for gene therapies, including mRNA and siRNA delivery, due to their ability to transport nucleic acids across biological membranes, low cytotoxicity, improved pharmacokinetics, and scalability. A typical approach to formulate LNPs is to establish a quantitative structure-activity relationship (QSAR) between their compositions and in vitro/in",http://arxiv.org/abs/2411.14293v1,arXiv
Joint Design of 5' Untranslated Region and Coding Sequence of mRNA,"Yang Liu, Jie Gao, Xiaonan Zhang",arXiv,2026-09-03,"Messenger RNA (mRNA) vaccines and therapeutics are emerging as powerful tools against a variety of diseases, including infectious diseases and cancer. The design of mRNA molecules, particularly the untranslated region (UTR) and coding sequence (CDS) is crucial for optimizing translation efficiency and stability. Current design approaches generally focus solely on either the 5' UTR or the CDS, whic",http://arxiv.org/abs/2410.20781v1,arXiv
Bacterial stress granule protects mRNA through ribonucleases exclusion,"Linsen Pei, Yujia Xian, Xiaodan Yan",arXiv,2026-09-03,"Membraneless droplets formed through liquid-liquid phase separation (LLPS) play a crucial role in mRNA storage, enabling organisms to swiftly respond to environmental changes. However, the mechanisms underlying mRNA integration and protection within droplets remain unclear. Here, we unravel the role of bacterial aggresomes as stress granules (SGs) in safeguarding mRNA during stress. We discovered ",http://arxiv.org/abs/2404.17873v2,arXiv
"Hypolipidemic effect of brown seaweed (Sargassum crassifolium) extract in vivo (Study of histopathology, mRNA expression, and immunohistochemistry (IHC) with VCAM-1, ICAM-1, and MCP-1 parameters)","Sarah Zaidan, Syamsudin Abdillah, Nur Arfian",arXiv,2026-09-03,The purpose of this study was to obtain natural drugs from brown seaweed (Sargassum crassifolium) as antiatherosclerosis candidates through the study of hypolipidemic mechanisms of action. Modeling of dyslipidemia rats was carried out by feeding high-fat (HFF) and doses of crude fucoidan 100. 200. 400mg / KgBB. in both treatments measured blood lipid profile levels taken from the orbital sinuses. ,http://arxiv.org/abs/2402.07497v1,arXiv
Machine Learning Modeling Of SiRNA Structure-Potency Relationship With Applications Against Sars-Cov-2 Spike Gene,Damilola Oshunyinka,arXiv,2026-09-03,"The pharmaceutical Research and development (R&D) process is lengthy and costly, taking nearly a decade to bring a new drug to the market. However, advancements in biotechnology, computational methods, and machine learning algorithms have the potential to revolutionize drug discovery, speeding up the process and improving patient outcomes. The COVID-19 pandemic has further accelerated and deepened",http://arxiv.org/abs/2401.12232v1,arXiv
Messenger RNA Design via Expected Partition Function and Continuous Optimization,"Ning Dai, Wei Yu Tang, Tianshuo Zhou",arXiv,2026-09-03,"The tasks of designing RNAs are discrete optimization problems, and several versions of these problems are NP-hard. As an alternative to commonly used local search methods, we formulate these problems as continuous optimization and develop a general framework for this optimization based on a generalization of classical partition function which we call ""expected partition function"". The basic idea ",http://arxiv.org/abs/2401.00037v2,arXiv
Machine Learning-guided Lipid Nanoparticle Design for mRNA Delivery,"Daisy Yi Ding, Yuhui Zhang, Yuan Jia",arXiv,2026-09-03,"While RNA technologies hold immense therapeutic potential in a range of applications from vaccination to gene editing, the broad implementation of these technologies is hindered by the challenge of delivering these agents effectively. Lipid nanoparticles have emerged as one of the most widely used delivery agents, but their design optimization relies on laborious and costly experimental methods. W",http://arxiv.org/abs/2308.01402v2,arXiv
Corrected Hill Function in Stochastic Gene Regulatory Networks,"Manuel Eduardo Hernández-García, Jorge Velázquez-Castro",arXiv,2026-09-03,"Describing reaction rates in stochastic bio-circuits is commonly done by directly introducing the deterministically deduced Hill function into the master equation. However, when fluctuations in enzymatic reaction rates are not neglectable, the Hill function must be derived, considering all the involved stochastic reactions. In this work, we derived the stochastic version of the Hill function from ",http://arxiv.org/abs/2307.03057v4,arXiv
Stochastic dynamics and ribosome-RNAP interactions in Transcription-Translation Coupling,"Xiangting Li, Tom Chou",arXiv,2026-09-03,"Under certain cellular conditions, transcription and mRNA translation in prokaryotes appear to be ""coupled,"" in which the formation of mRNA transcript and production of its associated protein are temporally correlated. Such transcription-translation coupling (TTC) has been evoked as a mechanism that speeds up the overall process, provides protection during the transcription, and/or regulates the t",http://arxiv.org/abs/2207.04568v1,arXiv
Coronavirus RNA Sensor Using Single-Stranded DNA Bonded to Sub-Percolated Gold Films on Monolayer Graphene Field-Effect Transistors,"Nicholas E. Fuhr, Mohamed Azize, David J. Bishop",arXiv,2026-09-03,"Electrical detection of messenger ribonucleic acid (mRNA) is a promising approach to enhancing transcriptomics and disease diagnostics because of its sensitivity, rapidity, and modularity. Reported here is a fast SARS-CoV-2 mRNA biosensor (<1 minute) with a limit of detection of 1 aM, and dynamic range of 4 orders of magnitude and a linear sensitivity of 22 mV per molar decade. These figures of me",http://arxiv.org/abs/2205.05143v1,arXiv
Deep learning models for predicting RNA degradation via dual crowdsourcing,"Hannah K. Wayment-Steele, Wipapat Kladwang, Andrew M. Watkins",arXiv,2026-09-03,"Messenger RNA-based medicines hold immense potential, as evidenced by their rapid deployment as COVID-19 vaccines. However, worldwide distribution of mRNA molecules has been limited by their thermostability, which is fundamentally limited by the intrinsic instability of RNA molecules to a chemical degradation reaction called in-line hydrolysis. Predicting the degradation of an RNA molecule is a ke",http://arxiv.org/abs/2110.07531v2,arXiv
Efficiency of RNAi-based gene silencing in fungi: a meta-analysis.,"Barth Patrick, Drumm Jakob, Schmidt Alexandra Erika",The New phytologist,2026-09-03,"RNA interference (RNAi) shows great potential to protect crops against fungal diseases, yet reported protection efficiencies vary greatly, and our understanding of the factors responsible for this variance remains limited. In this meta-analysis, we evaluated 89 studies that compare the efficiency of host-induced gene silencing (HIGS) and spray-induced gene silencing (SIGS) in controlling fungal di",https://pubmed.ncbi.nlm.nih.gov/42687115/,PubMed
A newly established reverse genetic system for a circular RNA virus reveals new requirements for infection and its biocontrol potential.,"Guo Yi, Forgia Marco, Serale Nadia",Science advances,2026-09-03,"Ambiviruses are fungal-infecting circular RNA viruses that uniquely combine viroid-like and viral features, yet the function of their conserved ORF-B protein and their effects on hosts remain unknown, hindered by the lack of a reverse genetics system. Here, we constructed the first infectious cDNA clone of an ambivirus, Fusarium graminearum ambivirus 1 (FgAV1), using a head-to-tail dimer placed do",https://pubmed.ncbi.nlm.nih.gov/42685207/,PubMed
Hijacking pre-tRNA enables LTR-retrotransposon-initiated constitutive heterochromatin formation.,"Deng Yazi, Liang Yu, Luo Yi Ni",Science advances,2026-09-03,"Pericentric heterochromatin serves as a fundamental component of eukaryotic chromosomes, endowing specialized genomic architecture with broad functional consequences. Although it is universally marked by H3K9me3 modification, the underlying pericentric DNA sequences diverge substantially across species. Here, by leveraging a transposition reporter system combined with a genome-wide RNA interferenc",https://pubmed.ncbi.nlm.nih.gov/42685192/,PubMed
Functional Validation of the Phase I-II-III Detoxification Pathway in Azumapecten farreri using Optimized RNA Interference Technology.,"Lu Limin, Zheng Guanchao, Lin Yichen","Marine biotechnology (New York, N.Y.)",2026-09-03,"Paralytic shellfish toxins (PSTs) are widely distributed neurotoxins that accumulate and transform in bivalves, but the metabolic mechanisms after exposure of Azumapecten farreri (A. farreri) to PSTs remain unknown. To verify the phase I (cytochrome P450, CYP450)-II (glutathione S-transferase, GST)-III (ABC transport) metabolic genes for PSTs, we used RNA interference (RNAi) to silence target gene",https://pubmed.ncbi.nlm.nih.gov/42684466/,PubMed
Cullin 3 ubiquitin ligase regulates redox defense and metabolic programs in proximal tubule cells.,"Saritas Turgay, Chen Lu, Ijaz Sadaf","Nephrology, dialysis, transplantation : official publication of the European Dialysis and Transplant Association - European Renal Association",2026-09-03,"Chronic kidney disease (CKD) is characterized by proximal tubule (PT) stress, oxidative injury, and metabolic dysfunction. Human kidney single-nucleus RNA-sequencing (snRNA-seq) identified enrichment of ubiquitin-dependent protein catabolic processes in injured PT cells, suggesting activation of the ubiquitin-proteasome system during tubular stress. Because Cullin 3 (CUL3), scaffold of ubiquitin l",https://pubmed.ncbi.nlm.nih.gov/42684049/,PubMed
Multi-Species Tardigrade RNA Isolation Protocol.,"Ryals Jesse E, Kayastha Pushpalata, Clark-Hachtel Courtney M",Journal of visualized experiments : JoVE,2026-09-03,"Tardigrades are microscopic animals that are known for their exceptional tolerance to environmental stress. These animals can survive desiccation, extreme pressure, low temperatures, and high levels of ionizing radiation. However, the molecular mechanisms underlying these extremotolerant capabilities remain incompletely understood. The molecular approaches used to investigate these mechanisms, whi",https://pubmed.ncbi.nlm.nih.gov/42683905/,PubMed
Identification and characterization of ,"Deng Dong, Wu Wenqi, Duan Canxing",Horticulture research,2026-09-03,Pea (,https://pubmed.ncbi.nlm.nih.gov/42683150/,PubMed
"Screening, optimization and artificial recombination of dsRNA fragments for RNAi-mediated pest resistance in ","Luo Juan, Guo Qianqian, Hu Ruyi",Frontiers in insect science,2026-09-03,"RNA interference (RNAi) is an eco-friendly strategy for pest management, with double-stranded RNA (dsRNA) as the core functional component. In this study, three RNAi target genes (",https://pubmed.ncbi.nlm.nih.gov/42682586/,PubMed
Computational Resources for Studying miRNA-lncRNA Interactions.,"Orilio Francesco, Brancaccio Rosario Nicola, Verona Francesco","Methods in molecular biology (Clifton, N.J.)",2026-09-03,"The discovery of microRNAs (miRNAs), small non-coding RNAs approximately 22 nucleotides in length, revolutionized our understanding of post-transcriptional gene regulation in the early part of the twenty-first century. Since then, non-coding RNAs (ncRNAs) have become a major focus of scientific research, revealing their critical roles in cellular processes. Advances in high-throughput sequencing t",https://pubmed.ncbi.nlm.nih.gov/42681325/,PubMed
Target-Directed miRNA Degradation: Mechanisms and Significance.,"Attathikhun Michael, Jurj Ancuta, Calin George A","Methods in molecular biology (Clifton, N.J.)",2026-09-03,"MicroRNAs are small noncoding RNAs that regulate gene expression within cells through the translational repression or degradation of targeted mRNA. miRNAs undergo a multiphase synthesis that includes conformational changes mediated by Drosha, Dicer, and Argonaute to integrate mature miRNA into the RNA-induced silencing complex to target messenger (m)RNA. miRNAs have been characterized through thei",https://pubmed.ncbi.nlm.nih.gov/42681318/,PubMed
Co-extraction of Small RNAs and Total RNA from Arbuscular Mycorrhizal Roots Using Laser Microdissection.,"Fiorilli Valentina, Rubio-Somoza Ignacio, Balestrini Raffaella","Methods in molecular biology (Clifton, N.J.)",2026-09-03,"Understanding gene expression at the cellular level is essential for dissecting plant-microbe interactions. Laser microdissection (LMD) is a powerful approach for isolating specific plant cell types without the need for molecular markers, enabling the recovery of nucleic acids from defined cellular populations. In plant systems, LMD has been widely applied to study cell-type-specific transcriptome",https://pubmed.ncbi.nlm.nih.gov/42681286/,PubMed
Simultaneously PYCR-1 and ALH-6 inhibition exacerbates 6-PPD quinone toxicity via disrupting proline and glutamate metabolisms and activating insulin signals in Caenorhabditis elegans.,"Wang Wei, Li Yunhui, Wang Dayong",Journal of environmental sciences (China),2026-09-03,"Glutamate synthesized from the proline can serve as a precursor for key intermediate metabolites of citric acid cycle. Recently, we observed reduced glutamate content and expression of alh-6 controlling glutamate synthesis by 6-PPD quinone (6-PPDQ) in Caenorhabditis elegans. However, possible effect of 6-PPDQ on proline synthesis and the association with 6-PPDQ toxicity induction remain unclear. A",https://pubmed.ncbi.nlm.nih.gov/42680426/,PubMed
Noncanonical Functions of DICER-Mediated Pathways.,"Drula Rareș, Arur Swathi",Annual review of genetics,2026-09-03,"Dicer has long been viewed as the RNAse III enzyme that generates small regulatory RNAs to drive RNA interference (RNAi) machinery and posttranscriptional gene silencing. However, a growing body of evidence reveals that Dicer's functional landscape extends far beyond its canonical role in the cytoplasmic RNAi pathway. In this review, we delineate the classical, RNAse III-dependent small RNA proces",https://pubmed.ncbi.nlm.nih.gov/42679851/,PubMed
Characterization and Functional Analysis of UDP-Glycosyltransferases Reveal Their Contribution to Insecticides Detoxification in Sogatella furcifera (Horváth).,"Zhang Hongli, Zhou Jing, Wu Shuai",Journal of agricultural and food chemistry,2026-09-03,"Sogatella furcifera poses a serious threat to rice production. Resistance to multiple insecticides has been widely reported in this species. To investigate the role of UDP-glycosyltransferases (UGTs) in the detoxification metabolism of S. furcifera, synergism assays and enzyme activity assays were performed. The involvement of UGTs in the detoxification of commonly used insecticides was confirmed.",https://pubmed.ncbi.nlm.nih.gov/42677612/,PubMed
Novel dsRNA designs increase the stability and bioefficacy of RNAi-based pesticides for ,"Muita Biko K, Damayo James E, Remnant Emily J",Frontiers in insect science,2026-09-03,,https://pubmed.ncbi.nlm.nih.gov/42677012/,PubMed
A hydrogel microsphere-based catalytic hairpin assembly for simple miRNA detection.,"Liu Na, Yang Chun-Guang, Xu Zhang-Run",Analytical methods : advancing methods and applications,2026-09-03,"MicroRNAs (miRNAs) are endogenous non-protein-coding single-stranded RNAs that play a pivotal role in gene regulation and hold great biomarker potential for cancer diagnosis. However, the detection of miRNAs in blood samples still faces challenges due to their short chain length, low abundance, high sequence homology, severe matrix interference, and susceptibility to degradation. Although the RT-q",https://pubmed.ncbi.nlm.nih.gov/42676189/,PubMed
A Cationic Ionic Liquid-Liposome Nanoplatform Enables Transdermal asiRNA Delivery for Androgen-Dependent Dermatoses.,"Zhou Mingqing, Tang Yixuan, Chen Haowei",ACS applied materials & interfaces,2026-09-03,"A safe and effective topical therapy targeting the androgen receptor (AR), responsible for prevalent skin disorders, such as androgenetic alopecia (AGA), acne, and seborrhea, remains lacking. Macromolecular nucleic acid drugs such as siRNA have potential because of their high specificity. However, their clinical application has been hindered by the physical barrier of the stratum corneum. This stu",https://pubmed.ncbi.nlm.nih.gov/42675896/,PubMed
Reprogramming pulmonary B cells by ANXA1 silencing halts lung metastatic niche formation in breast cancer.,"Gao Xiaoke, Zhang Meng, Yao Xiaohan",Journal of nanobiotechnology,2026-09-03,"Lung metastasis remains a determinant of poor prognosis and survival in breast cancer and is understood to depend on a permissive pulmonary immune niche rather than tumor cell traits alone. Here, we developed a host-directed RNA interference strategy to modulate this niche by reprogramming pulmonary B cells for breast cancer lung metastasis treatment. IF7C peptide-decorated cationic liposomes were",https://pubmed.ncbi.nlm.nih.gov/42675493/,PubMed
How Epitranscriptomic Machinery Senses Environmental Cues.,"Jalali Shayan, Ahi Ehsan Pashay",Advanced biology,2026-09-03,"Environmental fluctuations remodel RNA modification landscapes, yet the routes that connect cue detection to writer-eraser-reader control remain dispersed across disciplines. Here, we consolidate upstream mechanisms capable of driving epitranscriptomic change and organize them by response speed. At the fastest proximal level, catalytic output can be modulated through shifts in substrate and cofact",https://pubmed.ncbi.nlm.nih.gov/42672728/,PubMed
"NlOrai1 regulates wing dimorphism via the Akt-FoxO signaling pathway in the brown planthopper, Nilaparvata lugens.","Tian Miao-Miao, Luo Ji-Guang, Zhu Xun-Kun",Pest management science,2026-09-03,"The brown planthopper (BPH), Nilaparvata lugens, exhibits wing dimorphism, a phenotypic plasticity crucial for its dispersal and population dynamics. While the insulin/insulin-like growth factor signaling (IIS)-FoxO pathway regulates organ growth, its upstream modulators in BPH wing dimorphism remain poorly defined. Among the four calcium signaling genes (NlITPR, NlRyr, NlStim1, and NlOrai1), NlOr",https://pubmed.ncbi.nlm.nih.gov/42669903/,PubMed
From static structures to dynamic landscapes: cryo-EM redefines RNA biology,"Shekhar Jadhav, Spandan Saha, Qingbin Shang",arXiv,2026-09-03,RNA molecules perform diverse biological functions by dynamically exploring multiple conformational states rather than adopting a single static structure. Capturing these ensembles is a challenge in molecular biology. Recent advances in cryoEM are now transforming this landscape by enabling the visualization of RNA molecules across a broad spectrum of functionally relevant conformations at near at,http://arxiv.org/abs/2609.01132v1,arXiv
Designability of RNA Targets with Up to Two Length-2 Helices,Ashutosh S. Jogalekar,arXiv,2026-09-03,"RNA inverse folding asks for an RNA sequence whose prescribed secondary structure is the unique maximum-base-pair compatible fold. In the four-letter Watson-Crick model (A-U and C-G pairs only, no pseudoknots, and zero minimum base-pair span), Hales et al. introduced a separated-coloring certificate and an even-odd device, while Boury et al. generalized this to modulo-$m$ separability, gave an $O(",http://arxiv.org/abs/2608.25194v1,arXiv
Leveraging generative hallucination and biophysics-informed modeling for unified biomolecular sequence-structure co-design,"Xuefeng Liu, Mingxuan Cao, Xiao Luo",arXiv,2026-09-03,"Biomolecular design underpins applications from molecular recognition to therapeutics and synthetic biology, yet de novo interaction design remains challenging-especially for DNA/RNA, underexplored non-protein modalities with scarce, heterogeneous complex data and sharper geometric and chemical constraints. We introduce MCTH (Monte Carlo Tree Hallucination), an inference-only framework that casts ",http://arxiv.org/abs/2608.17381v1,arXiv
"MultiStructRNA: a Python package for multi-algorithm RNA secondary structure prediction, ensemble analysis, and visualization","Yashrajsinh Jadeja, Haining Lin, Mihir Metkar",arXiv,2026-09-03,"We introduce MultiStructRNA, a unified Python toolkit for RNA secondary structure prediction, ensemble analysis, and visualization. Although RNA secondary structure is central to RNA biology and therapeutic design, practical adoption is often hindered by fragmented tooling, incompatible input and output formats, and limited visualization support. MultiStructRNA addresses these challenges through a",http://arxiv.org/abs/2608.14846v1,arXiv
Evolutionary Curriculum Learning Improves Biological Sequence Modeling,"Richard Zhu, Kento Nishi",arXiv,2026-09-03,"Variational autoencoders (VAEs) trained on multiple sequence alignments (MSAs) have emerged as powerful generative models for biological sequences, with applications ranging from disease variant prediction to functional RNA design. However, standard biological VAE training treats all sequences as exchangeable, ignoring the rich evolutionary structure that organizes homologous sequences from evolut",http://arxiv.org/abs/2608.00697v2,arXiv
Engineering T7 RNA Polymerase for High-Purity In Vitro Transcription,"Pauline Hermans, Youlia Serikova, José Castillo",arXiv,2026-09-03,"In vitro transcription using bacteriophage T7 RNA polymerase (T7 RNAP) is the gold-standard platform for RNA production in both research and therapeutic applications. Despite its high processivity and promoter specificity, T7 RNAP generates multiple RNA by-products, including double-stranded RNA, 3'-extended transcripts, abortive RNAs, and prematurely terminated products. These impurities reduce R",http://arxiv.org/abs/2607.18468v1,arXiv
Enhanced sampling and cryo-EM data resolve magnesium binding to RNA,"Olivier Languin-Cattoën, Elisa Posani, Giovanni Bussi",arXiv,2026-09-03,"Magnesium ions are essential for RNA structure but difficult to model due to slow binding kinetics and experimental limitations. We present an enhanced-sampling strategy that accelerates Mg$^{2+}$ inner-shell binding by orders of magnitude, enabling quantitative exploration of ion-binding motifs in a large ribozyme. The method combines a barrier-flattening bias with Hamiltonian replica exchange to",http://arxiv.org/abs/2607.07186v1,arXiv
Bayesian Sampling of Structural Ensembles: The Role of Ensemble-Counting Measures,"Ivan Gilardoni, Giovanni Bussi",arXiv,2026-09-03,"Structural ensemble refinement is widely used to integrate molecular simulations with experimental measurements. While most applications focus on the maximum-a-posteriori (MAP) ensemble, Bayesian sampling of the posterior distribution can provide uncertainty estimates and posterior averages for arbitrary observables. A notable step in this direction was introduced by the Bayesian Energy Landscape ",http://arxiv.org/abs/2606.18495v1,arXiv
MultiMolecule: a modular ecosystem for biomolecular sequence-model workflows,Zhiyuan Chen,arXiv,2026-09-03,"Biomolecular sequence models are increasingly reused outside the studies in which they were introduced, but public checkpoints rarely preserve the execution context needed to inspect source-defined behavior, adapt models to new assays, compare models under shared task definitions or deploy biological predictions. MultiMolecule is an open-source Python ecosystem that turns heterogeneous RNA, DNA an",http://arxiv.org/abs/2606.16540v1,arXiv
The Montparnasse Algorithm for RNA Design,Tristan Cazenave,arXiv,2026-09-03,"RNA design consists of discovering a nucleotide sequence that optimizes predefined criteria, such as secondary structure. It is useful for synthetic biology, medicine, and nanotechnology. We propose Montparnasse, a Monte Carlo search framework based on Generalized Nested Rollout Policy Adaptation, augmented with a problem-specific prior, slow and long adaptation at level 1, and a lexicographic mul",http://arxiv.org/abs/2606.07562v1,arXiv
Multimodal Alignment and Preference Optimization for Zero-Shot Conditional RNA Generation,"Roman Klypa, Alberto Bietti, Sergei Grudinin",arXiv,2026-09-03,"The design of RNA molecules that interact with specific proteins is a critical challenge in experimental and computational biology. Despite recent progress in natural language modeling and deep learning-based protein design, there remains significant room to improve the frequency of successful interactions and the authenticity of generated sequences for functional applications. In this work, we fr",http://arxiv.org/abs/2605.23961v1,arXiv
"GoForth: Language Models for RNA Design under Structure, Sequence, and Coding Constraints",Michael Lindsey,arXiv,2026-09-03,"RNA inverse sequence design has broad biological and engineering applications, but computational methods for practical design queries remain limited. Such queries may impose several constraints at once, including target folds or motifs, fixed bases, and coding restrictions, while leaving arbitrary sequence and structure in unspecified regions. Because these constraints may permit many acceptable s",http://arxiv.org/abs/2605.07608v1,arXiv
Bayesian Rate Inference for Sequence Motif Dynamics in Systems of Reactive Nucleic Acids,"Johannes Harth-Kitzerow, Ulrich Gerland, Torsten A. Enßlin",arXiv,2026-09-03,"The RNA world hypothesis suggests a pathway of how life emerged on early earth. It assumes that life started with RNA based systems, capable of storing, transmitting and replicating information, envisioning that monomers and short RNA oligomers interact to form longer strands, eventually becoming catalytically active ribozymes. Key reactions in RNA pools are hybridization, dehybridization, templat",http://arxiv.org/abs/2604.25701v2,arXiv
VARIANT: Web Server for Decoding and Analyzing Viral Mutations at Genome and Protein Levels,"Rui Wang, Xuhang Dai, Xin Cao",arXiv,2026-09-03,"A comprehensive analysis of viral mutations is essential for understanding viral evolution, disease epidemiology, diagnosis, drug resistance, etc. However, challenges remain in capturing complex mutation patterns and supporting diverse viral families with varying genome architectures. To address these needs, we present VARIANT, an web server for mutational analysis of RNA viral genomes and associa",http://arxiv.org/abs/2604.20942v1,arXiv
Interfacial Potential Transduction for Diagnostics,"Hyun-June Jang, Peuli Nath, Yuqin Wang",arXiv,2026-09-03,"A major barrier to decentralized, near-patient diagnostics is the lack of a signal transduction modality that is both analytically precise and accessible at the point of care. Optical readouts remain instrument-dependent and difficult to miniaturize, while compact electrochemical readouts are prone to matrix-derived signal distortion, limiting their biomarker coverage in real clinical settings. He",http://arxiv.org/abs/2603.23775v1,arXiv
ZeroFold: Protein-RNA Binding Affinity Predictions from Pre-Structural Embeddings,"Josef Hanke, Sebastian Pujalte Ojeda, Shengyu Zhang",arXiv,2026-09-03,"The accurate prediction of protein-RNA binding affinity remains an unsolved problem in structural biology, limiting opportunities in understanding gene regulation and designing RNA-targeting therapeutics. A central obstacle is the structural flexibility of RNA, as, unlike proteins, RNA molecules exist as dynamic conformational ensembles. Thus, committing to a single predicted structure discards in",http://arxiv.org/abs/2603.23583v1,arXiv
Computational modeling of RNA-protein binding interactions under an external force,"Danielle Wampler, Ralf Bundschuh",arXiv,2026-09-03,"RNA binding proteins play a crucial role in post-transcriptional gene regulation by controlling the transport, processing, and translation of their target RNAs. Post-transcriptional gene regulation leads to the differential expression of genetic material and loss of regulation or over-regulation relates to a large range of cancers and diseases - many of which have directly been associated with RNA",http://arxiv.org/abs/2603.22269v1,arXiv
Fair splits flip the leaderboard: CHANRG reveals limited generalization in RNA secondary-structure prediction,"Zhiyuan Chen, Zhenfeng Deng, Pan Deng",arXiv,2026-09-03,"Accurate prediction of RNA secondary structure underpins transcriptome annotation, mechanistic analysis of non-coding RNAs, and RNA therapeutic design. Recent gains from deep learning and RNA foundation models are difficult to interpret because current benchmarks may overestimate generalization across RNA families. We present the Comprehensive Hierarchical Annotation of Non-coding RNA Groups (CHAN",http://arxiv.org/abs/2603.22330v1,arXiv
Reverse Distillation: Consistently Scaling Protein Language Model Representations,"Darius Catrina, Christian Bepler, Samuel Sledzieski",arXiv,2026-09-03,"Unlike the predictable scaling laws in natural language processing and computer vision, protein language models (PLMs) scale poorly: for many tasks, models within the same family plateau or even decrease in performance, with mid-sized models often outperforming the largest in the family. We introduce Reverse Distillation, a principled framework that decomposes large PLM representations into orthog",http://arxiv.org/abs/2603.07710v1,arXiv
"Retraction Notice to: ""Super-Enhancer-Driven Long Non-Coding RNA LINC01503, Regulated by TP63, Is Over-Expressed and Oncogenic in Squamous Cell Carcinoma"" Gastroenterology 2018;154:2137-2151.e1.","Xie Jian-Jun, Jiang Yan-Yi, Jiang Yuan",Gastroenterology,2026-09-03,,https://pubmed.ncbi.nlm.nih.gov/42687469/,PubMed
The long non-coding RNA-encoded microprotein MKKS3 drives colorectal cancer chemoresistance.,"Hu Hui-Fang, Zhou Qi, Huang Jia-Zhen",Experimental & molecular medicine,2026-09-03,"Although oxaliplatin is widely used in the frontline treatment of colorectal cancer (CRC), CRC recurrence is commonly observed owing to oxaliplatin resistance. The roles of long non-coding RNAs-encoded microproteins in oxaliplatin chemoresistance remain inadequately explored. In this study, a CRISPR/Cas9 library was developed to target previously identified 314 microproteins translated from long n",https://pubmed.ncbi.nlm.nih.gov/42686984/,PubMed
Regulatory role of lncRNA DANCR in osteogenic differentiation of bone marrow mesenchymal stem cells through targeting the miR-19a-3p/PTEN/AKT/mTOR pathway.,"Zhai Chenglei, Lv Yan, Sun Gang",In vitro cellular & developmental biology. Animal,2026-09-03,"Given the involvement of long non-coding RNA-differentiation antagonizing non-protein coding RNA (lncRNA DANCR) in osteoporosis (OP), this study aimed to investigate its role in osteogenic differentiation (OD) of bone marrow mesenchymal stem cells (BMSCs) and underlying mechanisms. BMSCs were intervened with sh-DANCR, oe-DANCR, sh-phosphatase and tensin homolog (PTEN) lentivirus, miR-19a-3p agomir",https://pubmed.ncbi.nlm.nih.gov/42686955/,PubMed
Nuclear Bodies and RNA Regulation in Psychiatric Disorders: Current Perspectives and Therapeutic Alternatives.,"Fukumitsu Hidefumi, Soumiya Hitomi",Biological & pharmaceutical bulletin,2026-09-03,"Nuclear bodies are membrane-less compartments formed via liquid-liquid phase separation (LLPS) and serve as ""dynamic information-processing hubs"" for key molecular processes, including transcription and RNA metabolism. In the nervous system, these functional condensates provide a physical substrate for the formation of diverse splicing isoforms, which are essential for maintaining the complexity o",https://pubmed.ncbi.nlm.nih.gov/42686619/,PubMed
Growing Clinical Challenge-Arsenic-Induced Kidney Injury: Mechanisms and Management of Integrating Conventional and Traditional ChineseMedicine Approaches.,"Wang Zhong, Wang Qiuhan, Gong Xuezhong",Seminars in nephrology,2026-09-03,"Arsenic is a toxic element that is widely present in both natural and clinical environments, posing a significant threat to human health. Long-term exposure to arsenic may lead to multiorgan damage, with the kidneys, as the primary target organs for arsenic metabolism and excretion, being particularly vulnerable to its toxic effects. Increasing evidence suggests that arsenic exposure is associated",https://pubmed.ncbi.nlm.nih.gov/42686433/,PubMed
Computational insights into the regulatory role and functional significance of NOTCH1 intronic SNP rs3124599 and its link to NPC.,"Sultan Mujeeb A, Romdhoni Achmad Chusnu, Wungu Citrawati Dyah Kencono",Computational biology and chemistry,2026-09-03,"Nasopharyngeal carcinoma (NPC) is a multifactorial disease driven by both genetic and environmental factors. The neurogenic locus notch homolog 1 (NOTCH1) gene has dual oncogenic and tumor-suppressive effects that depend on the cellular context. An intronic single nucleotide polymorphism (SNP) in NOTCH1, rs3124599, has been linked to various diseases. However, its involvement in NPC remains unknow",https://pubmed.ncbi.nlm.nih.gov/42685632/,PubMed
Altered expression of the ferroptosis-related lncRNA TUG1 correlates with impaired sperm motility in asthenozoospermic men.,"Kouchackzadeh Kamran, Arjmand Sareh, Ghaemimanesh Fatemeh",Reproductive biology,2026-09-03,"Asthenozoospermia, a common cause of male infertility characterized by reduced sperm motility, has been linked to oxidative stress and ferroptosis. Long non-coding RNAs (lncRNAs) are emerging regulators of redox balance and cell death. This study aimed to investigate the expression profile of the lncRNA taurine upregulated gene 1 (TUG1) and its relationship with ferroptosis-related dysfunction in ",https://pubmed.ncbi.nlm.nih.gov/42685516/,PubMed
Integrative morphological and transcriptomic analysis reveals pectoral girdle adaptation in domesticated paddy field carp.,"Lu Xiaodong, Shu Mengxia, Kong Yating","Comparative biochemistry and physiology. Part D, Genomics & proteomics",2026-09-03,"The paddy-field carp, domesticated in paddy ecosystems and cocultured with rice in Qingtian for over a millennium, exhibits physiology, behavior and morphology shift from its local wild progenitor. To investigate genetic and morphological adaptations of pectoral girdle, a key locomotor structure for extremely shallow water, we integrated skeletal anatomy, SMRT full-length transcriptome sequencing,",https://pubmed.ncbi.nlm.nih.gov/42685484/,PubMed
"Editorial Note: In silico analyses identify lncRNAs: WDFY3-AS2, BDNF-AS and AFAP1-AS1 as potential prognostic factors for patients with triple-negative breast tumors.",,PloS one,2026-09-03,,https://pubmed.ncbi.nlm.nih.gov/42685044/,PubMed
Emerging molecular mechanisms of the ECM-exosome growth-plate axis in idiopathic short stature.,"Piao Lizhen, Wang Hong, Zhang Qiuying",Frontiers in cell and developmental biology,2026-09-03,"Idiopathic short stature (ISS) remains a clinically heterogeneous diagnosis in which impaired linear growth is often defined by exclusion rather than by mechanism. Increasing evidence suggests that ISS and related short-stature phenotypes may converge on overlapping growth-plate abnormalities characterised by disrupted chondrocyte proliferation, hypertrophic differentiation, extracellular matrix (",https://pubmed.ncbi.nlm.nih.gov/42682878/,PubMed
MicroRNA signatures in inflammatory dental tissues: biomarkers and molecular mechanisms.,"Shao Dandan, Yao Zhenyu",Frontiers in molecular biosciences,2026-09-03,"Inflammatory immune responses in the dental pulp are shaped by interacting cellular and molecular processes, and microRNAs (miRNAs) are important post-transcriptional regulators. However, an integrated understanding of how miRNA networks orchestrate the balance between pulpitis progression and tissue repair remains incomplete. This review examines the differential expression profiles of miRNAs in ",https://pubmed.ncbi.nlm.nih.gov/42682623/,PubMed
CPT1A through succinylation regulates the CTCF/LINC01503‒91aa feedback loop to promote gemcitabine resistance in pancreatic ductal adenocarcinoma.,"Fang De-Liang, Lu Si-Yuan, Liu Zhi-De",Clinical and translational medicine,2026-09-03,"Pancreatic ductal adenocarcinoma (PDAC) is one of the most malignant solid tumors, characterized by strong invasiveness and poor clinical prognosis. Recent studies have revealed that long non-coding RNAs (lncRNAs) can serve as translational templates to produce functional microproteins, which further participate in the regulation of cellular metabolism. To investigate the function and detailed mec",https://pubmed.ncbi.nlm.nih.gov/42681939/,PubMed
RAP-RNA: A Methodological Approach to Study Base-Pairing Between Endogenous RNAs.,"Wood Sylvia, Flowers Bridget, Lee Jong-Sun","Methods in molecular biology (Clifton, N.J.)",2026-09-03,"Long non-coding RNAs (lncRNAs) engage in RNA-RNA interactions (RRIs) that shape transcript fate and gene regulation, yet these duplexes are often transient and difficult to capture in cells. This chapter presents RNA Antisense Purification-RNA coupled to psoralen crosslinking (RAP-RNA[AMT]), a targeted method to capture direct RNA-RNA base-paired partners of a chosen lncRNA in its native cellular ",https://pubmed.ncbi.nlm.nih.gov/42681520/,PubMed
Labeling of Long Noncoding RNAs to Study Virus-Induced Nuclear Aggregates.,Kim Eui Tae,"Methods in molecular biology (Clifton, N.J.)",2026-09-03,"Nuclear RNA-protein condensates, including nuclear speckles and paraspeckles, are highly dynamic subnuclear compartments that influence RNA processing and transcriptional control. During viral infection, particularly by herpes simplex virus 1 (HSV-1), these structures undergo marked reorganization. The long noncoding RNA NEAT1 is a key determinant of paraspeckle assembly and activity under such co",https://pubmed.ncbi.nlm.nih.gov/42681518/,PubMed
Detection of Long Non-Coding RNA Localization by RNA Fluorescence In Situ Hybridization (FISH).,"Shin Hye-Rim, Oh Hyun Jung","Methods in molecular biology (Clifton, N.J.)",2026-09-03,"Long non-coding RNAs (lncRNAs) regulate a wide range of important biological processes through their RNA molecules, yet the majority remain poorly understood at the functional level. Because subcellular localization plays a critical role in lncRNA function, determining spatial distribution is essential for understanding their mechanisms of action. To this end, RNA fluorescence in situ hybridizatio",https://pubmed.ncbi.nlm.nih.gov/42681517/,PubMed
Simultaneous Visualization of NEAT1_2 and Paraspeckle Proteins by Sequential RNA-FISH and Immunofluorescence.,"Lee Joonwoo, Gwon Youngdae","Methods in molecular biology (Clifton, N.J.)",2026-09-03,"Paraspeckles are membrane-less subnuclear assemblies whose organization depends on the long isoform of nuclear paraspeckle assembly transcript 1 (NEAT1_2), which scaffolds paraspeckle proteins into a core-shell architecture. Disruption of the layered structure within paraspeckles occurs when paraspeckle components are depleted, potentially leading to functional impairment. Here, we describe a prot",https://pubmed.ncbi.nlm.nih.gov/42681516/,PubMed
RNAscope™ In Situ Hybridization for the Detection of a Long Noncoding RNA in an Organ-on-a-Chip.,"Petta Dalila, Zaninelli Francesca, Moretti Matteo","Methods in molecular biology (Clifton, N.J.)",2026-09-03,"RNAscope™ is a highly sensitive technique for detecting RNA molecules within cells, offering superior specificity and signal amplification compared with traditional in situ hybridization methods. This technique enables the visualization of gene expression patterns at the single-cell level, making it particularly advantageous for studies involving complex tissues or 3D culture systems. In this stud",https://pubmed.ncbi.nlm.nih.gov/42681466/,PubMed
Experimental Validation of MicroRNA Targets: Mutagenesis of Binding Regions Mutagenesis-Based Validation of MicroRNA Target Binding.,"Karna Roma, Sharma Soumya, Calore Federica","Methods in molecular biology (Clifton, N.J.)",2026-09-03,"MicroRNAs (miRNAs) are small, noncoding RNA molecules, typically 22 to 25 nucleotides long, that serve as critical regulators of gene expression at the post-transcriptional level. By binding to specific messenger RNAs (mRNAs), miRNAs can lead to translational repression or mRNA degradation, thereby modulating various cellular processes. While computational tools utilizing algorithmic models have b",https://pubmed.ncbi.nlm.nih.gov/42681333/,PubMed
How to Validate miRNA Targeting: Western Blot Analysis.,"Karna Roma, Calore Federica","Methods in molecular biology (Clifton, N.J.)",2026-09-03,"MicroRNAs (miRNAs) are non-coding RNA molecules, usually 19-22 nucleotides long, that modulate gene expression by binding to specific mRNA targets. This interaction involves both the translation process and the stability of the mRNAs, thereby affecting gene expression after transcription. Their regulatory activity is carried out by binding to complementary sequences on target mRNAs, usually at the",https://pubmed.ncbi.nlm.nih.gov/42681331/,PubMed
An Evaluation on the Role of Non-Coding RNA in HIV Transcription and Latency: A Review,Xiangshuai Liu,arXiv,2026-09-03,"The existence of latent cellular reservoirs is recognized as the major barrier to an HIV cure. Reactivating and eliminating ""shock and kill"" or permanently silencing ""block and lock"" the latent HIV reservoir, as well as gene editing, remain promising approaches, but so far have proven to be only partially successful. Moreover, using latency reversing agents or ""block and lock"" drugs pose additiona",http://arxiv.org/abs/2502.06107v1,arXiv
"Blood-derived lncRNAs as potential biomarkers for early cancer diagnosis: The Good, the Bad and the Beauty","Cedric Badowski, Bing He, Lana X Garmire",arXiv,2026-09-03,Cancer ranks as one of the deadliest diseases worldwide. The high mortality rate associated with cancer is partially due to the lack of reliable early detection methods and/or inaccurate diagnostic tools such as certain protein biomarkers. Cell-free nucleic acids (cfNA) such as circulating long non-coding RNAs (lncRNAs) have recently been proposed as a new class of potential biomarkers that could ,http://arxiv.org/abs/2109.11746v1,arXiv
BPPart and BPMax: RNA-RNA Interaction Partition Function and Structure Prediction for the Base Pair Counting Model,"Ali Ebrahimpour-Boroojeny, Sanjay Rajopadhye, Hamidreza Chitsaz",arXiv,2026-09-03,"RNA-RNA interaction (RRI) is ubiquitous and has complex roles in the cellular functions. In human health studies, miRNA-target and lncRNAs are among an elite class of RRIs that have been extensively studied. Bacterial ncRNA-target and RNA interference are other classes of RRIs that have received significant attention. In recent studies, mRNA-mRNA interaction instances have been observed, where bot",http://arxiv.org/abs/1904.01235v2,arXiv
PEBP1 Regulates Ferroptosis in Acute Glaucoma: Targeted Therapy Using Engineered Exosomes.,"Huang Yijia, Gong Di, Guo Junhong",FASEB journal : official publication of the Federation of American Societies for Experimental Biology,2026-09-03,"Glaucoma is the leading cause of irreversible blindness worldwide, primarily driven by the progressive loss of retinal ganglion cells (RGCs) under pathological high intraocular pressure (ph-IOP). Despite the established role of ferroptosis in RGC degeneration, specific molecular targets that can be used for clinical intervention still need to be optimized, and the slow onset of conventional gene t",https://pubmed.ncbi.nlm.nih.gov/42687852/,PubMed
ROS-responsive injectable hydrogel enables controlled release of human adipose tissue-derived extracellular vesicles for multifaceted osteoarthritis therapy.,"Wang Yikai, Kang Le, Chen Kaizhe",Journal of nanobiotechnology,2026-09-03,"Chronic inflammation and elevated reactive oxygen species (ROS) are pivotal drivers of osteoarthritis (OA), demanding integrated, pathology-adaptive strategies. Here, we develop an injectable, ROS-responsive hydrogel for intra-articular delivery of human adipose tissue-derived extracellular vesicles (AT-EVs) to enable multifaceted OA treatment. Unlike conventional cell-derived MSC-EVs, AT-EVs are ",https://pubmed.ncbi.nlm.nih.gov/42687185/,PubMed
Creating bottom-up RNA transfer vehicles from synthetic protein assemblies.,"Schuhmacher Maren Kirstin, Gruber Christoph, Lang Christopher M R",Nature,2026-09-03,"Evolution guides biological systems to populate ecological niches, with viruses among the most successful examples of this principle. Viruses evolved over billions of years to efficiently transfer genetic information. Although viruses are highly diverse, most have converged towards remarkable similarity in the size and shape of their capsids",https://pubmed.ncbi.nlm.nih.gov/42686908/,PubMed
Research progress and future trends in advanced biomaterials for the treatment of liver fibrosis.,"Li Benteng, Zhu Ruisi, Lv Yonggang","Biomedical materials (Bristol, England)",2026-09-03,"Liver fibrosis is a hallmark pathological feature of chronic liver diseases and poses a major threat to the health of millions of people worldwide. Without timely diagnosis and effective intervention, liver fibrosis can progress to cirrhosis, liver failure, and even hepatocellular carcinoma (HCC). The limited availability of donor organs for orthotopic liver transplantation has driven the continuo",https://pubmed.ncbi.nlm.nih.gov/42685774/,PubMed
MicroRNA-224 orchestrates BMP and TGFβ signaling and is a therapeutic target in preclinical pulmonary arterial hypertension.,"Bikou Olympia, Halouani Aymen, Sun Yifei",Science translational medicine,2026-09-03,"Pulmonary arterial hypertension (PAH) is a progressive pulmonary vascular disease that leads to right heart failure and ultimately death. Therapeutic options targeting the underlying mechanisms of the disease are urgently needed. MicroRNAs (miRs) have emerged as critical regulators of cardiovascular homeostasis and disease. Here, we identified microRNA-224-5p (miR-224) as a regulator of pulmonary ",https://pubmed.ncbi.nlm.nih.gov/42685153/,PubMed
Presence of Dolosigranulum pigrum in the nasopharynx and its relationship with respiratory health status in paediatric population.,"Cisneros Maria, Henares Desirée, Lluansí Aleix",PloS one,2026-09-03,"Respiratory tract infections range from asymptomatic colonisation to an invasive disease. Recent studies suggest that nasopharyngeal microbiota may influence this variability. Emerging evidence points to Dolosigranulum pigrum, a nasopharyngeal commensal, as a potentially protective bacterium. This study aimed to identify variables associated with the presence of D. pigrum in the nasopharynx of chi",https://pubmed.ncbi.nlm.nih.gov/42685020/,PubMed
Polyaspartamide-Mediated Messenger RNA Delivery Enables Efficient Ex Vivo Engineering of Chimeric Antigen Receptor Natural Killer Cells via Enhanced Cellular Internalization.,"Park Ha Yeon, Kim SeonJeong, Kim Kyuree",ACS applied materials & interfaces,2026-09-03,"Engineered natural killer (NK) cells expressing chimeric antigen receptor (CAR) represent a promising alternative to CAR T-cell therapy due to their allogeneic potential. However, current CAR NK cell production relies on lentiviral or retroviral transduction to achieve stable CAR expression, requiring complex, multistep, and time-consuming manufacturing processes that limit scalability and timely ",https://pubmed.ncbi.nlm.nih.gov/42684144/,PubMed
RNA-Binding Protein MBNL2 Drives Cardiac Hypertrophy and Dysfunction by Facilitating TPM3 Splicing.,"Shi Yuanqi, Sheng Siqi, Wang Bin",Circulation research,2026-09-03,"Cardiac hypertrophy is a major contributor to heart failure development, making its prevention and treatment critical for reducing heart failure-associated mortality. Although alternative splicing is recognized as a key regulatory mechanism in myocardial hypertrophy, the precise pathways involved remain incompletely defined. To investigate the role of MBNL2 (muscleblind-like protein 2) in the hear",https://pubmed.ncbi.nlm.nih.gov/42683526/,PubMed
Adipose-derived microRNA-518a drives hepatic cholesterol dysregulation and hypertension-related vascular remodeling in metabolic dysfunction-associated steatohepatitis via the MST1-AMPK-SREBP2 axis.,"Xu Yu, Zhang Sihan, Wang Kun","Clinical and experimental hypertension (New York, N.Y. : 1993)",2026-09-03,"Metabolic dysfunction-associated steatohepatitis (MASH) is characterized by disrupted hepatic lipid homeostasis and progressive liver injury, and frequently coexists with hypertension and systemic vascular remodeling, suggesting shared pathophysiological mechanisms. Although adipose tissue-derived microRNAs have emerged as important mediators of inter-organ communication, their roles in regulating",https://pubmed.ncbi.nlm.nih.gov/42683512/,PubMed
Brain-Targeting siRNA Delivery to Tackle Alzheimer's Disease.,"Yang Qingshan, Chen Zhouchun, Zhu Jianchao",Wiley interdisciplinary reviews. Nanomedicine and nanobiotechnology,2026-09-03,"Alzheimer's disease (AD) is a progressive neurodegenerative disorder that places an increasing burden on patients, caregivers, and healthcare systems worldwide. Current disease-modifying therapies (DMTs) are limited by high costs, complex administration, and reliance on advanced biomarker infrastructure, highlighting the shortcomings of existing treatment paradigms. These limitations have sparked ",https://pubmed.ncbi.nlm.nih.gov/42682011/,PubMed
Targeting breast cancer stem cells by restoring RBM38 function: mechanism and protein delivery therapy.,"Yin Jun, Wang Ting, Han Xuedan",Biomarker research,2026-09-03,"Breast cancer stemness drives tumor progression and therapy resistance, yet the underlying mechanisms remain poorly understood. In this study, we observed that RBM38 expression gradually decreases during breast cancer progression in MMTV-PyMT transgenic mice. Using a model with targeted RBM38 expression in breast tissue, we found it suppressed tumor initiation, decreased tumor size and metastasis,",https://pubmed.ncbi.nlm.nih.gov/42681676/,PubMed
"KRAS signaling networks, mutational heterogeneity, and emerging therapeutic strategies for cancer treatment.","Jin Shikai, Zhang Zinan, Liang Fuchao",Biomarker research,2026-09-03,"Kirsten rat sarcoma viral oncogene homolog (KRAS), a member of the small GTPase family, is the most frequently mutated RAS isoform in human cancers. It drives tumorigenesis and progression in various malignancies, including pancreatic ductal adenocarcinoma (PDAC), non-small cell lung cancer (NSCLC), and colorectal cancer (CRC), and has long been considered an ""undruggable"" target. Recent advances ",https://pubmed.ncbi.nlm.nih.gov/42681653/,PubMed
5EU-Based Tracking of RNA Transfer Through Extracellular Vesicles.,"Lee Ji Won, Ho Chul Woong, Min Kyung-Won","Methods in molecular biology (Clifton, N.J.)",2026-09-03,"Extracellular vesicles (EVs) are membrane-bound nanoparticles that mediate the intercellular transfer of diverse molecules. RNA species within EVs act as key regulators of gene expression and influence the phenotype in recipient cells. However, tracking RNA transfer via EVs remains technically challenging, as post-isolation fluorescent labeling can lead to artificial signals and genetic manipulati",https://pubmed.ncbi.nlm.nih.gov/42681523/,PubMed
Assessing Cell-Specific Delivery and Efficacy of Therapeutic Oligonucleotides Using Combined RNAscope Plus and Protein Multiplexing in FFPE Tissue.,Szeponik Louis,"Methods in molecular biology (Clifton, N.J.)",2026-09-03,"ISH/RNAscope is widely used to detect mRNA in tissue sections. The RNAscopePlus assay (Bio-Techne) enables the detection of one siRNA/ASO/miRNA, up to three mRNAs, and one protein for cell-specific analysis of biodistribution and target knock-down. The latest introduction of a protease-free RNAscope workflow allows for the detection of more proteins in the same tissue section by using the tyramide",https://pubmed.ncbi.nlm.nih.gov/42681460/,PubMed
Targeted Degradation of Mouse Embryo Proteins Using Trim-Away.,"Nolte Thomas, Israel Steffen, Boiani Michele","Methods in molecular biology (Clifton, N.J.)",2026-09-03,"Trim-Away is an antibody-based method for the degradation of endogenous cellular proteins without prior genetic manipulation. From the effect that protein degradation has on the phenotype, one can infer the function of the protein-coding gene. Among the strengths of Trim-Away, the authors highlight the possibility to target embryonic proteins that have not yet been produced or are not yet function",https://pubmed.ncbi.nlm.nih.gov/42681395/,PubMed
Delivering Molecular Beacons via an Electroporation-Based Approach Enables Live-Cell Imaging of Single RNA Transcripts and Genomic Loci.,"Mao Shiqi, Ying Yachen, Wu Xiaotian","Methods in molecular biology (Clifton, N.J.)",2026-09-03,"Molecular beacons (MBs) are synthetic oligonucleotide probes that are designed to fluoresce upon hybridization to complementary nucleic acid targets. In contrast to genetically encoded probes that can be readily introduced into cells via standard transfection procedures, using MBs to obtain reliable intracellular measurements entails a reliable delivery method that maximizes MB entry while minimiz",https://pubmed.ncbi.nlm.nih.gov/42681206/,PubMed
Mechanistic Studies of Antibacterial PNAs by RNA-Seq Analysis.,"Wilkinson Toby, Vogel Jörg","Methods in molecular biology (Clifton, N.J.)",2026-09-03,"RNA sequencing (RNA-seq) has become the principal method for bacterial transcriptome analysis, enabling investigation of antibiotic mechanisms of action, stress responses, and resistance development. It has also played a key role in advancing antibacterial antisense oligomers (ASOs), particularly peptide nucleic acid (PNA)-based compounds. When conjugated to cell-penetrating peptides (CPPs) to ena",https://pubmed.ncbi.nlm.nih.gov/42681097/,PubMed
CARM1 in human cancer: a multifunctional epigenetic node driving tumor plasticity and therapeutic vulnerability.,"Zhu Luyao, Liang Yajie, Mao Qiqi",Biochimica et biophysica acta. Reviews on cancer,2026-09-03,"Coactivator-associated arginine methyltransferase 1 (CARM1/PRMT4) is a signal-responsive epigenetic regulator that couples oncogenic and stress signals to chromatin, transcription, RNA processing, metabolism, and genome maintenance. Its effects arise from both asymmetric arginine methylation of histone and non-histone substrates and methyltransferase-independent scaffolding activities. This review",https://pubmed.ncbi.nlm.nih.gov/42679970/,PubMed
Mannosylated chitosan-PLGA delivers Ganoderma lucidum triterpenes for oral immunoprotection against H9N2 in broilers.,"Bo Ruonan, Tao Ya, Hong Hailong",Poultry science,2026-09-03,"The H9N2 subtype of avian influenza virus remains a major threat to poultry production and public health, creating a need for effective vaccines that induce mucosal immunity. Oral immunization is attractive for poultry because it is convenient and suitable for mass application, but its efficacy is often limited by antigen degradation in the gastrointestinal tract and poor intestinal uptake. In thi",https://pubmed.ncbi.nlm.nih.gov/42679717/,PubMed
How a polymer filling enhances the rate and selectivity of colloid permeation across mesopores,"Mikhail Y. Laktionov, Frans A. M. Leermakers, Ralf P. Richter",arXiv,2026-09-03,"Polymer-functionalised mesopores are an emerging technology for colloid separation, sensing and delivery. Their potential is strikingly illustrated in living cells, where nuclear pore complexes (NPCs) control biocolloid transport between the nucleus and the cytosol. Even colloids much smaller than the biopolymer-filled NPC channel are effectively blocked, but some larger colloids with distinct sur",http://arxiv.org/abs/2608.27995v1,arXiv
Manganese-Functionalized GelMA Hydrogels for MRI-Guided Immunotheranostics in Precision Oncology,"Motahareh Nazari, Keyvan Alavi",arXiv,2026-09-03,"Precision oncology requires multifunctional platforms capable of integrating accurate tumor diagnosis, localized therapeutic delivery, immune modulation, and real-time monitoring of treatment response. Gelatin methacryloyl (GelMA) hydrogels have emerged as versatile biomaterials for biomedical engineering because of their biocompatibility, extracellular matrix-like structure, tunable mechanical pr",http://arxiv.org/abs/2606.29599v1,arXiv
Navigating patient access pathways for non-viral RNA-based therapeutics: a comparative review of health technology assessment and reimbursement pathways across six countries.,"Alshaikh Rasha A, Cronin Diarmuid J, Hughes Dyfrig A",European journal of pharmaceutical sciences : official journal of the European Federation for Pharmaceutical Sciences,2026-09-03,"RNA therapies are transforming the treatment landscape for several rare, severe, and previously untreatable diseases. Regulatory approval only permits the medicine to be marketed; it does not determine whether a public health system will fund it. In Europe, this typically relies on national reimbursement bodies, following a Health Technology Assessment (HTA) or comparable processes. Despite the cl",https://pubmed.ncbi.nlm.nih.gov/42685807/,PubMed
Benchmarking methods for extracting microbial signal from host-dominated metatranscriptomes.,"Colajanni Antonin, Uricaru Raluca, Darko Samuel",Briefings in bioinformatics,2026-09-03,"Human RNA sequencing (RNA-seq) data originally generated for human transcriptome profiling are overwhelmingly dominated by host sequences, yet they often contain a small fraction of non-human reads that can be exploited for microbial detection. When such datasets are repurposed for secondary microbiome-oriented analyses, extracting and accurately classifying this weak microbial signal becomes tech",https://pubmed.ncbi.nlm.nih.gov/42685266/,PubMed
Tissue origins and immune correlates of viral rebound in SIV-infected rhesus macaques after ART discontinuation.,"King Irena V, Aid Malika, Kose Emek",Science translational medicine,2026-09-03,"Most persons living with HIV-1 who discontinue antiretroviral therapy (ART) demonstrate viral rebound, but the tissue-level events that lead to rebound viremia remain poorly understood. Here, we report the origin, dynamics, and correlates of viral rebound in 16 rhesus macaques (RMs) infected with molecularly barcoded SIVmac239M, treated with ART for 70 weeks, and necropsied on day 12 after ART dis",https://pubmed.ncbi.nlm.nih.gov/42685152/,PubMed
Breast cancer prevention by prophylactic Lalba mRNA-LNP vaccination.,"Nishida Jun, Seehawer Marco, Rojas Jimenez Ernesto",Proceedings of the National Academy of Sciences of the United States of America,2026-09-03,Tumor-suppressive immunity is more evident in early-stage compared to advanced tumors making it the ideal point for cancer interceptive immunotherapies. We previously described that higher peripheral T cell diversity is associated with more pronounced CD8,https://pubmed.ncbi.nlm.nih.gov/42685084/,PubMed
Age-specific humoral immune response to SARS-CoV-2: A comparative analysis of antibody levels in children and adults after vaccination with primary series or infection.,"Hawkes Brooke A, Hollister James, Porter Cynthia",PloS one,2026-09-03,"Age is a crucial factor in COVID-19 risk and severity, however its role in humoral immunity is unclear. This study compares associations between age and immune response following COVID-19 vaccination and SARS-CoV-2 infection. Data from the Arizona Healthcare, Emergency Response, and Other Essential Workers study (AZ-HEROES), a prospective cohort, were used to create two analytic groups: 1) a post-",https://pubmed.ncbi.nlm.nih.gov/42685055/,PubMed
An endonuclease inhibitor unlocks the PA-X shutoff mechanism in influenza A virus.,"Oishi Kohei, Sano Kaori, Yamayoshi Seiya",Cell reports,2026-09-03,"Influenza A virus protein PA-X mediates host shutoff, yet its molecular mechanism and the role of its C-terminal region remain unclear. When ectopically expressed via plasmids, PA-X cleaves its own mRNAs, leading to remarkably low intracellular expression, which makes its characterization challenging. In this study, we utilize an endonuclease inhibitor to suppress PA-X shutoff activity, enabling i",https://pubmed.ncbi.nlm.nih.gov/42684885/,PubMed
"Molecular epidemiology of foot-and-mouth disease viruses collected from Khartoum, Blue Nile, and Northern States of Sudan (2019-2022).","Ragab Maysa, Almofti Yassir A, Rauouf Yazeed A",Scientific reports,2026-09-03,"Foot-and-mouth disease (FMD) is a highly contagious transboundary viral disease causing significant economic losses in livestock. This study investigated the serotype distribution and molecular epidemiology of FMD viruses (FMDV) circulating in Sudan between 2019 and 2022. A total of 51 epithelial tissue samples were collected from outbreaks in Khartoum, Blue Nile and Northern States. Samples were ",https://pubmed.ncbi.nlm.nih.gov/42680782/,PubMed
Normal-immunopeptidome denominator: a safety atlas for immunotherapies targeting non-canonical and aberrantly expressed tumor antigens.,Chen Li-Zhen,Journal for immunotherapy of cancer,2026-09-03,"Proteogenomic cancer antigen discovery now extends beyond somatic mutations to include unmutated, aberrantly expressed, and non-canonical sources. We distinguish two orthogonal dimensions: molecular origin (canonical or non-canonical) and normal-tissue distribution (tumor-specific antigen, tumor-associated antigen, or lineage-specific antigen). Importantly, non-canonical origin does not imply tumo",https://pubmed.ncbi.nlm.nih.gov/42680204/,PubMed
From conventional biologics-device combination products to advanced therapies: current state and future trends in patient-centric delivery.,"Bhambhani Akhilesh, Wei Julie Y, Zhang Hairui",Advanced drug delivery reviews,2026-09-03,"Patient-centric Biologics-Device Combination Products (BDCP) improve patient experience and compliance, while enhancing therapeutic outcomes by enabling novel routes of delivery, tackling frequent dosing and large-volume delivery requirements, and/or by simplifying administration in a healthcare setting as well as in out-patient dosing (e.g. self-administration). They also present promising soluti",https://pubmed.ncbi.nlm.nih.gov/42680108/,PubMed
Generative AI-enabled neoantigen vaccine engineering: From tumor antigen discovery to personalized construct design and translational validation.,"Hu Xinjie, Liu Xinyu, Wang Tao",Biotechnology advances,2026-09-03,"Neoantigen vaccines have rekindled interest in therapeutic cancer vaccination, yet their clinical efficacy remains constrained by imperfect antigen prioritization, incomplete modeling of immunogenicity, tumor heterogeneity, and immune evasion mechanisms. Current computational pipelines are dominated by discriminative models that rank pre-existing mutant peptides based on features related to HLA bi",https://pubmed.ncbi.nlm.nih.gov/42679971/,PubMed
Rational attenuation of duck plague virus by targeting the ICP4 DNA-binding domain generates a safe and efficacious live vaccine candidate.,"Wu Ying, He Yumei, Wang Chenjia",Poultry science,2026-09-03,"Duck plague (DP) is an acute, highly lethal disease of waterfowl caused by duck plague virus (DPV). Viral latency and reactivation pose persistent threats, and current vaccines lack DIVA capability while risking insufficient immunogenicity or reversion to virulence. We targeted the DPV ICP4 DNA-binding domain (DBD) for site-specific mutagenesis and systematically evaluated the mutants in vitro and",https://pubmed.ncbi.nlm.nih.gov/42679716/,PubMed
AML1-ETO hijacks a distal enhancer of NAT10 to reprogram glutathione metabolism and sustain leukemia stem cell stemness.,"Li Shuyi, He Shujiao, Su Yongwei",Proceedings of the National Academy of Sciences of the United States of America,2026-09-03,"Chromosomal translocations produce oncogenic fusion proteins such as AML1-ETO, which predominantly occupy gene promoters to induce transcriptional reprogramming in leukemia stem cells (LSCs), consequently driving the pathogenesis of t(8;21) acute myeloid leukemia (AML). However, whether AML1-ETO is recruited to additional regulatory DNA elements to orchestrate oncogenic gene expression programs ha",https://pubmed.ncbi.nlm.nih.gov/42679037/,PubMed
Species-specific iNOS expression distinguishes epithelial and myeloid IFNγ responses in tuberculosis.,"Stei Fabian, McCaffrey Erin F, Zessin Björn",American journal of respiratory cell and molecular biology,2026-09-03,"Tuberculosis vaccines aim to elicit protective immunity, with IFNγ-producing CD4⁺ T cells considered central mediators of host defense. In murine models, IFNγ activates macrophages to induce inducible nitric oxide synthase (iNOS), resulting in nitric oxide-dependent control of Mycobacterium tuberculosis (Mtb). To define the relevance of IFNγ-induced iNOS activity in humans and other natural host o",https://pubmed.ncbi.nlm.nih.gov/42678381/,PubMed
"Integrating AI, RNA Vaccines, and CAR-T Cells for Personalized Treatment.","Haykal Diala, Dréno Brigitte",Journal of immunology research,2026-09-03,"Oncology is undergoing a profound transformation driven by the convergence of artificial intelligence (AI), RNA-based vaccines, and chimeric antigen receptor T-cell (CAR-T) therapies. Individually, these technologies have advanced cancer diagnosis, treatment, and patient stratification. AI-driven approaches enhance drug discovery, optimize clinical trial design, and enable personalized therapeutic",https://pubmed.ncbi.nlm.nih.gov/42677342/,PubMed
Translational Challenges and Opportunities in mRNA Cancer Vaccines.,"Jeong Seong Dong, Schrank Benjamin R, Mancuso James J",Cancer discovery,2026-09-03,"Messenger RNA (mRNA) cancer vaccines have progressed rapidly, with personalized platforms such as mRNA-4157 and BNT122 demonstrating feasibility, safety, and durable immune activity but limited scalability. Off-the-shelf constructs, including BNT111 and BNT113, enable faster, broader deployment, yet they risk reduced precision or immune tolerance. These complementary approaches reveal key translat",https://pubmed.ncbi.nlm.nih.gov/42676099/,PubMed
"Long-term adverse effects following COVID-19 vaccination: A comparative analysis of Oxford AstraZeneca, Pfizer-BioNTech, and Moderna vaccines.","Aldali Jehad A, Meo Sultan Ayoub",Medicine,2026-09-03,"During the COVID-19 pandemic, vaccinations were highly beneficial to public health, preventing disease and reducing mortality. This study aimed to investigate long-term adverse clinical symptoms following COVID-19 vaccination with the Oxford AstraZeneca (ChAdOx1 nCoV-19, Oxford), Pfizer-BioNTech (BNT162b2), and Moderna (mRNA-1273) vaccines. In this cross-sectional study, the total number of partic",https://pubmed.ncbi.nlm.nih.gov/42675735/,PubMed
Transformer-Based Active Learning for Data-Efficient Vaccine Epitope Selection in PRRS,"Aspen Erlandsson Brisebois, Zahed Khatooni, Connor Burbridge",arXiv,2026-09-03,"High-fidelity molecular docking simulations can produce biologically relevant estimates of epitope-receptor binding affinity but are computationally expensive and therefore limit the number of candidates that can be screened for vaccine design. In this work, we evaluate machine learning (ML) approaches where variants of active learning are used to classify instances of high binding affinity betwee",http://arxiv.org/abs/2606.28659v1,arXiv
Exploring the Effects of Entanglement on Quantum Machine Learning of Pathogen Epitope-Receptor Binding,"Aspen Erlandsson Brisebois, Luis Pablo Gonzalez Dominguez, Shivansi Prajapati",arXiv,2026-09-03,"Parameterized quantum circuits (PQCs) provide a flexible substrate for hybrid quantum machine learning (QML), but their practical value on Noisy Intermediate-Scale Quantum (NISQ) devices remains an empirical question, especially because training depth and scale can introduce optimization challenges such as barren plateaus. Here we study how the number and topology of two-qubit entangling gates in ",http://arxiv.org/abs/2606.28655v1,arXiv
ASIV Attenuates Cisplatin-Induced Proximal Tubular Injury by Enhancing Mitochondrial Biogenesis and Mitophagy Through the ADRA1A/AMPK/FOXO3A Pathway.,"Wang Meng, Peng Wang, Wei Yani",FASEB journal : official publication of the Federation of American Societies for Experimental Biology,2026-09-03,"Cisplatin causes nephrotoxicity by accumulating in renal tubular epithelial cells (RTECs). Astragaloside IV (ASIV) shows renoprotective potential, but its mechanisms remain poorly understood. Cisplatin induced nephrotoxicity was established in 8-week-old male C57BL/6 mice via intraperitoneal administration of cisplatin at 20 mg/kg for 48 h. For in vitro studies, HK-2 human proximal tubular epithel",https://pubmed.ncbi.nlm.nih.gov/42687819/,PubMed
Mechano-sensing channels PIEZO1 and PIEZO2 regulate mitral valve serotonin-mediated homeostasis and pathophysiology.,"Stachelek Stanley J, Hauber Emily J, Yang Xiaoqiu",Cardiovascular research,2026-09-03,"Mitral regurgitation (MR) pathophysiology involves increased serotonin (5-HT) receptor (HTR) expression and signaling, together with reduced 5-HT transporter (SLC6A4) expression in mitral valve interstitial cells (MVIC). The mechanosensitive calcium channels, PIEZO1 and PIEZO2, regulate cellular responses to a variety of mechanical conditions; however, PIEZO1 and PIEZO2 have not been studied in MR",https://pubmed.ncbi.nlm.nih.gov/42687771/,PubMed
Suppression of MCM2 reduces cancer stem cells and epithelial-mesenchymal transition-related phenotypes in breast cancer cells.,Kim Rae-Kwon,Korean journal of clinical oncology,2026-09-03,"Minichromosome maintenance protein 2 (MCM2) is a key regulator of DNA replication and has been implicated in tumor progression. While previous studies have demonstrated its role in lung cancer stem cells (CSCs), its role in breast cancer remains unclear. This study aimed to investigate whether MCM2 regulates CSCs and epithelial-mesenchymal transition (EMT) in breast cancer. MCM2 expression and its",https://pubmed.ncbi.nlm.nih.gov/42687515/,PubMed
Glutathione Primes Mitochondrial Autophagy to Guide Pulp-Dentine Complex Repair.,"Luo Haiyun, Li Siying, Tian Qinglu",International endodontic journal,2026-09-03,"Pulp-dentine complex repair following injury is fundamental to preserving tooth vitality and function. Despite advances in understanding reparative dentinogenesis, the molecular mechanisms orchestrating odontogenic differentiation of human dental pulp stem cells (hDPSCs) remain fragmented, lacking systematic integration across transcriptomic, proteomic and metabolomic levels. This study employs in",https://pubmed.ncbi.nlm.nih.gov/42687338/,PubMed
"Retraction notice to ""Theranostic silk sericin/SPION nanoparticles for targeted delivery of ROR1 siRNA: Synthesis, characterization, diagnosis and anticancer effect on triple-negative breast cancer"" [Int. J. Biol. Macromol. 221 (2022) 604-612].","Shirangi Armina, Mottaghitalab Fatemeh, Dinarvand Sajad",International journal of biological macromolecules,2026-09-03,,https://pubmed.ncbi.nlm.nih.gov/42686485/,PubMed
Musashi-1 Drives Radioresistance and Stemness in Head and Neck Squamous Cell Carcinoma via a Radioresistant FaDu Model.,"Kang Na-Eun, Jung Chan-Woong, Kim Yun-Ju",Cancer science,2026-09-03,"Head and neck squamous cell carcinoma (HNSCC) is frequently managed with radiotherapy, but the emergence of radioresistant cancer cells with cancer stem cell (CSC) properties remains a major clinical obstacle. Here, we established a radioresistant FaDu cell line (F-IRR) by repeated fractionated irradiation to investigate the molecular basis of radiation resistance in HNSCC. Irradiated colony-formi",https://pubmed.ncbi.nlm.nih.gov/42686221/,PubMed
Metformin activates the mitochondrial unfolded protein response via the AMPK/SIRT1 pathway to delay intervertebral disc degeneration.,"Shao Shanzhong, Huang Zhiwei, Liu Jinrun",Free radical biology & medicine,2026-09-03,"Intervertebral disc degeneration (IDD) is associated with the loss of nucleus pulposus derived mesenchymal stem cell (NP-MSC) function, but the contribution of the mitochondrial unfolded protein response (UPRmt) to this process is not well understood. We found that SIRT1 and the UPRmt-related proteins HSP60, ATF5, and CLPP decreased as degeneration progressed in human disc tissues and primary NP-M",https://pubmed.ncbi.nlm.nih.gov/42685933/,PubMed
HMOX1-mediated ferroptosis participates in gangrenous mastitis in dairy goats.,"Tan Xuewen, Fu Mingzhe, Li Huicong","Veterinary journal (London, England : 1997)",2026-09-03,"Gangrenous mastitis is a severe disease caused by bacterial infection. It can lead to sepsis and even death in affected goats, posing a significant threat to the development of the dairy goat industry. The pathogenesis of this disease is not fully understood. In this study, a Staphylococcus aureus isolate obtained from a goat with gangrenous mastitis was used to establish in vivo and in vitro mode",https://pubmed.ncbi.nlm.nih.gov/42685822/,PubMed
Mobile virus-derived siRNAs drive plant antiviral silencing through reiterated 3-4 cell immunization.,"Albertini Daniele, Devers Emanuel A, Schott Gregory",Cell host & microbe,2026-09-03,"The movement of virus-derived small interfering RNAs (vsiRNAs) between plant cells has prompted the widely held assumption that they help immunize as-yet-uninfected tissues. Ascertaining this role is challenging because it requires uncoupling vsiRNA mobility from viral movement while preserving viral virulence. Consequently, the contribution of non-cell-autonomous RNAi to plant antiviral immunity ",https://pubmed.ncbi.nlm.nih.gov/42685695/,PubMed
Chebulinic acid attenuates ox-LDL-induced oxidative injury in human aortic endothelial cells in association with Nrf2/HO-1 activation.,"Li Hairong, Zhu Yinmei, Tang Weisong",Tissue & cell,2026-09-03,"Atherosclerosis is closely associated with endothelial oxidative stress, yet effective pharmacological interventions remain limited. This study investigated whether chebulinic acid (CA) attenuates oxidized low-density lipoprotein (ox-LDL)-induced oxidative injury in human aortic endothelial cells (HAECs) and evaluated the involvement of Nrf2/HO-1 signalling. HAECs were exposed to ox-LDL to establi",https://pubmed.ncbi.nlm.nih.gov/42685661/,PubMed
Integrative proteomics reveals MSH6 to modulate PARP inhibitor sensitivity in BRCA1/2-proficient ovarian cancer.,"Deng Ou, Nepomuceno Thales Da Costa, Fang Bin",PloS one,2026-09-03,"Ovarian cancer remains a leading cause of gynecologic cancer-related deaths worldwide. Deficiencies in BRCA1/2 are well-established biomarkers that predict sensitivity to poly(ADP-ribose) polymerase inhibitors (PARPis). However, emerging evidence indicates that a subset of BRCA-proficient tumors also responds to PARPi therapy, suggesting the presence of additional molecular mechanisms. We hypothes",https://pubmed.ncbi.nlm.nih.gov/42685115/,PubMed
Therapeutic Implication of Anti-CTGF in Neointimal Hyperplasia via Regulating Mitochondrial Dysfunction and VSMC Phenotypic Switch.,"Hwang Ae-Rang, Woo Chang-Hoon, Kang Young Jin",Cardiovascular therapeutics,2026-09-03,"Connective tissue growth factor (CTGF), also known as CCN2, is a matricellular protein of the CCN family (CCN1-6) that regulates the proliferation of vascular smooth muscle cells (VSMCs), thereby contributing to the pathogenesis of atherosclerosis and hypertension. However, the intercellular signaling pathway that CTGF takes for vascular remodeling, such as VSMC phenotype transition, has not been ",https://pubmed.ncbi.nlm.nih.gov/42683745/,PubMed
The piRNA pathway mediates transcriptional silencing of LTR retrotransposons in ovaries and somatic tissues of Aedes mosquitoes.,"Taşköprü Ezgi, van Eijk Nynke B, van Hout Femke A H",Nucleic acids research,2026-09-03,"The PIWI-interacting RNA (piRNA) pathway preserves genomic integrity by suppressing transposable elements in animal germlines. Despite its well-established function in the animal germline, piRNAs and PIWI proteins are expressed in somatic tissues across arthropod species, and their functions outside the gonads remain poorly understood. Aedes albopictus mosquitoes express four PIWI genes, Piwi4, Pi",https://pubmed.ncbi.nlm.nih.gov/42683584/,PubMed
The role of tryptophan hydroxylase-1 in metabolic dysfunction-associated steatotic liver disease.,"Jia Shuangzhen, Ye Xiaolin, Wang Zhaoxia",Pediatric investigation,2026-09-03,"Metabolic dysfunction-associated steatotic liver disease (MASLD) is caused by dysregulated lipid metabolism, inflammation, and mitochondrial dysfunction. Given the rising burden of MASLD in children and adolescents, identifying experimentally tractable mechanisms relevant to pediatric diseases is of considerable interest. Tryptophan hydroxylase-1 (TPH1), the rate-limiting enzyme for peripheral ser",https://pubmed.ncbi.nlm.nih.gov/42682592/,PubMed
Single-cell transcriptomics identifies a putative perivascular macrophage-endothelial MIF-ACKR3 axis associated with endothelial activation in acute traumatic brain injury.,"Lin Yanya, Lin Chengda, Chen Jianhui",Frontiers in cellular neuroscience,2026-09-03,"Blood-brain barrier (BBB) disruption is a hallmark of acute traumatic brain injury (TBI), yet the immune-vascular mechanisms underlying endothelial dysfunction remain incompletely understood. Perivascular macrophages (PVMs) are strategically positioned to modulate cerebrovascular homeostasis, but their role in acute post-traumatic endothelial activation has not been systematically characterized. W",https://pubmed.ncbi.nlm.nih.gov/42682555/,PubMed
Apigenin activates AKT1 to coordinate MTOR-mediated anti-apoptosis and FOXO3-driven antioxidant defense in calcium oxalate nephropathy.,"Li Lei, Xu Xiong, Guo Linfa","International journal of surgery (London, England)",2026-09-03,"Kidney stone disease, primarily composed of calcium oxalate (CaOx) crystals, represents a significant global health burden with high recurrence rates. Current therapeutic strategies fail to adequately address the oxidative stress and apoptosis triggered by CaOx crystals in renal tubular cells. While the natural flavonoid apigenin (API) shows promise, its precise mechanism in CaOx nephropathy remai",https://pubmed.ncbi.nlm.nih.gov/42682266/,PubMed
DeepSilencer: A Novel Deep Learning Model for Predicting siRNA Knockdown Efficiency,"Wangdan Liao, Weidong Wang",arXiv,2026-09-03,"Background: Small interfering RNA (siRNA) is a promising therapeutic agent due to its ability to silence disease-related genes via RNA interference. While traditional machine learning and early deep learning methods have made progress in predicting siRNA efficacy, there remains significant room for improvement. Advanced deep learning techniques can enhance prediction accuracy, reducing the relianc",http://arxiv.org/abs/2503.04200v1,arXiv
Maturation of siRNA by strand separation: Steered Molecular dynamics study,"Rakesh K Mishra, Sanchita Mukherjee, Dhananjay Bhattacharyya",arXiv,2026-09-03,"RNA interference, particularly siRNA induced gene silencing is becoming an important avenue of modern therapeutics. The siRNA is delivered to the cells as short double helical RNA which becomes single stranded for forming the RISC complex. Significant experimental evidence is available for most of the steps except the process of the separation of the two strands. We have attempted to understand th",http://arxiv.org/abs/1910.03778v1,arXiv
Using a hydrogen-bond index to predict the gene-silencing efficiency of siRNA based on the local structure of mRNA,"Kathy Q. Luo, Donald C. Chang",arXiv,2026-09-03,The gene silencing effect of short interfering RNA (siRNA) is known to vary strongly with the targeted position of the mRNA. A number of hypotheses have been suggested to explain this phenomenon. We would like to test if this positional effect is mainly due to the secondary structure of the mRNA at the target site. We proposed that this structural factor can be characterized by a single parameter ,http://arxiv.org/abs/1710.07413v1,arXiv
Unraveling siRNA Unzipping Kinetics with Graphene,"Santosh Mogurampelly, Swati Panigrahi, Dhananjay Bhattacharyya",arXiv,2026-09-03,"Using all atom molecular dynamics simulations, we report spontaneous unzipping and strong binding of small interfering RNA (siRNA) on graphene. Our dispersion corrected density functional theory based calculations suggest that nucleosides of RNA have stronger attractive interactions with graphene as compared to DNA residues. These stronger interactions force the double stranded siRNA to spontaneou",http://arxiv.org/abs/1207.4569v1,arXiv
Unzipping and binding of small interfering RNA with single walled Carbon Nanotube: a platform for small interfering RNA delivery,"Mogurampelly Santosh, Swati Panigrahi, Dhananjay Bhattacharyya",arXiv,2026-09-03,"In an effort to design efficient platform for siRNA delivery, we combine all atom classical and quantum simulations to study the binding of small interfering RNA (siRNA) by pristine single wall carbon nanotube (SWCNT). Our results show that siRNA strongly binds to SWCNT surface via unzipping its base-pairs and the propensity of unzipping increases with the increase in the diameter of the SWCNTs. T",http://arxiv.org/abs/1203.2409v1,arXiv
Nanodiamond as a vector for siRNA delivery to Ewing sarcoma cells,"Anna Alhaddad, Marie-Pierre Adam, Jacques Botsoa",arXiv,2026-09-03,"We investigated the ability of diamond nanoparticles (nanodiamonds, NDs) to deliver small interfering RNA (siRNA) in Ewing sarcoma cells, in the perspective of in vivo anti-cancer nucleic acid drug delivery. siRNA was adsorbed onto NDs previously coated with cationic polymer. Cell uptake of NDs has been demonstrated by taking advantage of NDs intrinsic fluorescence coming from embedded color cente",http://arxiv.org/abs/1106.2252v2,arXiv
Target prediction and a statistical sampling algorithm for RNA-RNA interaction,"F. W. D. Huang, J. Qin, C. M. Reidys",arXiv,2026-09-03,"It has been proven that the accessibility of the target sites has a critical influence for miRNA and siRNA. In this paper, we present a program, rip2.0, not only the energetically most favorable targets site based on the hybrid-probability, but also a statistical sampling structure to illustrate the statistical characterization and representation of the Boltzmann ensemble of RNA-RNA interaction st",http://arxiv.org/abs/0908.0597v1,arXiv
In silico evidence of the relationship between miRNAs and siRNAs,"Ludovica Montanucci, Piero Fariselli, Pier Luigi Martelli",arXiv,2026-09-03,"Both short interfering RNAs (siRNAs) and microRNAs (miRNAs) mediate the repression of specific sequences of mRNA through the RNA interference pathway. In the last years several experiments have supported the hypothesis that siRNAs and miRNAs may be functionally interchangeable, at least in cultured cells. In this work we verify that this hypothesis is also supported by a computational evidence. We",http://arxiv.org/abs/0705.2355v1,arXiv
