title,authors,journal,date,abstract,link,source
SHOC2 Is a Novel Cause of Central Conducting Lymphatic Anomaly.,"Ding Jessica C, Sempowski Benjamin A, Zerbib Lola",American journal of medical genetics. Part A,2026-07-15,"Central conducting lymphatic anomaly (CCLA) is a devastating disorder where precision medicine can be lifesaving. Diagnosing CCLA is challenging due to its broad spectrum of symptoms, including nonimmune fetal hydrops, chylothorax, chylous ascites, or lymphedema. For that reason, genetic diagnosis is essential to uncover new genes and variants causing this debilitating disease. A patient with comp",https://pubmed.ncbi.nlm.nih.gov/42454412/,PubMed
NSUN2-Mediated m,"Zheng Xiufeng, Zhao Shilei, Gu Han",International journal of general medicine,2026-07-15,The epitranscriptomic landscape defined by reversible post-transcriptional RNA modifications constitutes a sophisticated layer of gene regulatory circuitry that modulates diverse biological processes. As an essential writer enzyme for RNA 5-methylcytosine (m,https://pubmed.ncbi.nlm.nih.gov/42454353/,PubMed
Tumor-Restricted CXCR4 and MIF Signaling Axis is Associated with T Cell-Mediated Macrophage Exclusion in Gastrointestinal Stromal Tumors.,"Gao Fulai, Lu Wei, Zhao Dongqiang",International journal of general medicine,2026-07-15,"Gastrointestinal stromal tumors (GISTs), driven by KIT/PDGFRA mutations and treated with tyrosine kinase inhibitors (TKIs), remain challenged by drug resistance, suggesting that poorly understood mechanisms sustain an immunosuppressive tumor microenvironment (TME). This study aimed to investigate the cellular and molecular basis of the immune architecture in GISTs through integrated multi-omics an",https://pubmed.ncbi.nlm.nih.gov/42454351/,PubMed
Modulatory Role of Arbutin on Hepatic Inflammation and Apoptosis After Mild Repetitive Traumatic Brain Injury in Experimental Rats: Involvement of NGF/TrkA and IL-6/JAK2/STAT3 Immune Signaling Crosstalk.,"Wahba Alaa S, El-Gazar Amira A, Abo-Elmatty Dina M",Biochemistry research international,2026-07-15,"Repetitive traumatic brain injury (RTBI) can cause long-term complications, including persistent neuroinflammation, which can extend beyond the central nervous system, impacting various peripheral organs as liver. This study aimed to explore the neuroprotective and hepatoprotective effects of arbutin treatment in a rat model of mild RTBI (mRTBI), focusing on nerve growth factor (NGF)/tropomyosin r",https://pubmed.ncbi.nlm.nih.gov/42454233/,PubMed
Legumain level in patients with gestational diabetes to promote ferroptosis through liver gluconeogenesis by HSP90 and GPX4.,"Yan Yingda, Liu Huafang, Kang Xiaodi",Food & nutrition research,2026-07-15,"The incidence of gestational diabetes mellitus (GDM) is the first diabetes in pregnancy and has gradually increased worldwide, increasing the burden of social healthcare systems. In GDM, oxidative stress induced by reactive oxygen species (ROS) can disrupt the integrity of the cell membrane through lipid peroxidation reactions and trigger ferroptosis, further exacerbating pancreatic islet β-cell d",https://pubmed.ncbi.nlm.nih.gov/42454232/,PubMed
Single-Cell and Spatial Transcriptomics Identify the Mono-S100A4 Subset Associated with Sepsis-Induced Lung Injury via the MIF-(CD74+CD44) Axis.,"Wang Aihua, Yin Chengfen, Jin Yue",Journal of inflammation research,2026-07-15,"In sepsis-induced immune dysregulation, monocytes contribute critically through their dual pro-inflammatory and immunosuppressive functions. Leading to multi-organ injury, the lungs are the most vulnerable initial target, dictating clinical outcomes. Thus, studying monocyte dynamics is essential to understand sepsis-induced acute lung injury (ALI) pathophysiology. We analyzed publicly available mo",https://pubmed.ncbi.nlm.nih.gov/42454160/,PubMed
"Improving RNAi in the fall armyworm, ","Moola Anil Kumar, Palli Subba Reddy",Frontiers in insect science,2026-07-15,"The rising incidence of resistance to conventional chemical insecticides necessitates the development of novel, sustainable pest management strategies. RNA interference (RNAi) offers a highly specific alternative; however, its practical application in lepidopteran pests is often limited by low efficacy due to rapid dsRNA degradation, inefficient transport of dsRNA to the site of action, and subopt",https://pubmed.ncbi.nlm.nih.gov/42454092/,PubMed
MicroRNA-200c Promotes Epithelial-Mesenchymal Transition of Lens Epithelial Cells by Activating the Yes-Associated Protein Signaling Pathway.,"Wei Yin-Juan, Liu Yi-An-Zhu, Dai Ying",Journal of ophthalmology,2026-07-15,The aim of the study is to investigate the role and possible mechanism of MicroRNA 200c (MiR-200c) in epithelial-mesenchymal transition (EMT) of Posterior Capsule Opacification (PCO). Human lens epithelial cells (LECs) were treated with TGFβ2 to induce EMT as a model for PCO. The mRNA levels of miR-200c and EMT markers were examined by real-time quantitative polymerase chain reaction (qPCR). Prote,https://pubmed.ncbi.nlm.nih.gov/42454080/,PubMed
Alectinib combined with 5-aminolevulinic acid-based photodynamic therapy promotes apoptosis in endometrial cancer cells by targeting ferrochelatase.,"Wang Pengfei, Zhang Xian, Li Haijing",Frontiers in oncology,2026-07-15,"Hysterectomy is the standard treatment for early-stage endometrial cancer, but this type of surgery is associated with corresponding surgical trauma. Ferrochelatase ( To investigate the antitumor effect and underlying mechanism of alectinib combined with 5-aminolevulinic acid-based photodynamic therapy (ALA-PDT) on endometrial cancer cells via targeting  An  Using ISK and HEC-1-A cells, we found a",https://pubmed.ncbi.nlm.nih.gov/42453882/,PubMed
mRNA decapping proteins regulate EIN2-dependent ethylene signaling in arabidopsis.,"Jiang Bai Hui, Xie Yang, Li Ai Ning",Frontiers in plant science,2026-07-15,"Ethylene signaling regulates plant growth and stress adaptation through a well-defined pathway, yet its mechanistic complexity remains underexplored. Here, we identify two mRNA decapping proteins, DCP1 and DCP2, as novel regulators of canonical ethylene signaling. Using forward genetics in the ",https://pubmed.ncbi.nlm.nih.gov/42453722/,PubMed
Curcumol alleviates cardiac and cerebral injury caused by encephalomyocarditis virus (EMCV) in Kunming mice via suppressing NF-κB/NLRP3 inflammasome pathway.,"Sun Panpan, Zheng Jiangang, Haseeb Abdul",Frontiers in pharmacology,2026-07-15,"Encephalomyocarditis virus (EMCV), a highly significant member of the picornaviridae family, infects a broad range of mammalian hosts and causes severe pathological consequences like encephalitis, myocarditis, and neurologic diseases, etc. In our previous research, curcumol demonstrated a significant reduction in EMCV replication  In this study, the mechanism of curcumol against EMCV replication w",https://pubmed.ncbi.nlm.nih.gov/42453577/,PubMed
Regulation of Renal Transporters by Pro-Inflammatory Cytokines in Human Proximal Tubular Epithelial Cells: Identification of the Perpetrator and Mechanisms.,"Tsang Yik Pui, Wang Kai, Kelly Edward J",ACS pharmacology & translational science,2026-07-15,"Infection and inflammation elevate circulating pro-inflammatory cytokines that can affect renal drug clearance. Accordingly, we sought to (i) quantify cytokine-mediated modulation of renal drug-metabolizing enzymes and transporters (DMETs) and (ii) identify the underlying mechanism(s). Fresh primary human proximal tubular epithelial cells (PTECs) were cultured on extracellular matrix-coated Transw",https://pubmed.ncbi.nlm.nih.gov/42453346/,PubMed
Altered placental expression of small humanin-like peptides in gestational diabetes mellitus.,"Dagli Sude, Oyur Merve Ece, Turan Bedircan",Upsala journal of medical sciences,2026-07-15,"Gestational diabetes mellitus (GDM) is characterized by maternal insulin resistance and hyperglycemia and has been associated with placental mitochondrial alterations. Small humanin-like peptides (SHLP1-6), encoded within the mitochondrial 16S rRNA region, have been described as mitochondria-derived peptides (MDPs) with reported cytoprotective and metabolic effects in experimental settings. Howeve",https://pubmed.ncbi.nlm.nih.gov/42453115/,PubMed
Bradykinin B2 Receptor Triggers ITPR1-Mediated ER Calcium Release in Trigeminal Ganglion Neurons to Drive Trigeminal Neuropathic Pain.,"Zhao Hao-Bo, Dong Chun-Yu, Liu Meng-Lu",Molecular pain,2026-07-15,"To elucidate the role and underlying mechanism of bradykinin (BK) B2 receptor and its downstream inositol 1,4,5-trisphosphate receptor type 1 (ITPR1)-mediated endoplasmic reticulum (ER) calcium release signaling in the development and maintenance of trigeminal neuropathic pain. A partial infraorbital nerve transection (pIONT) mouse model of trigeminal neuralgia was employed. Mechanical allodynia w",https://pubmed.ncbi.nlm.nih.gov/42453088/,PubMed
Molecular-Based Risk Prediction Models for Recurrence After Curative Treatment of Early-Stage Lung Cancer: A Systematic Review and Meta-Analysis.,"Ling Aaron, Samuel Evangeline, Mahendran Rahini",Thoracic cancer,2026-07-15,Recurrence after curative treatment remains a major challenge in early-stage non-small cell lung cancer (NSCLC). Molecular-based prediction models may improve risk stratification and support personalized surveillance strategies. To identify and evaluate molecular-based risk prediction models for recurrence and survival following curative treatment of early-stage NSCLC. A systematic review and meta,https://pubmed.ncbi.nlm.nih.gov/42453006/,PubMed
[Expression of S100P in Lung Adenocarcinoma and Its Clinical Significance].,"Ding Ziyi, Zhang Donghui, Li Nanyang",Zhongguo fei ai za zhi = Chinese journal of lung cancer,2026-07-15,"Lung adenocarcinoma (LUAD) is the most common histological subtype of non-small cell lung cancer (NSCLC). Due to the lack of obvious symptoms and signs in the early stages, most patients are already in the middle or late stages at diagnosis. This makes treatment difficult and prognosis poor. Therefore, the identification of effective and specific biomarkers for lung cancer remains a focal area of ",https://pubmed.ncbi.nlm.nih.gov/42452863/,PubMed
The Effect of COVID-19 Vaccines on Chronic Inflammatory Remodeling in NSTEMI Patients: A Galectin-3-Based Single-Center Study.,"Koksal Adem, Tomakin Mesut, Saribaş Mehmet Seyfettin",Journal of clinical medicine,2026-07-15,,https://pubmed.ncbi.nlm.nih.gov/42452771/,PubMed
A Novel ,"Sun Lei, Kuang Xinyu, Wu Ying",Journal of clinical medicine,2026-07-15,,https://pubmed.ncbi.nlm.nih.gov/42452483/,PubMed
Ribosome Heterogeneity in Plants: The Causes of This Phenomenon and Its Implications on Gene Expression.,"Zhen Qilin, Bai Yongsheng, Mo Beixin","Plants (Basel, Switzerland)",2026-07-15,"Ribosomes are essential macromolecular complexes responsible for protein synthesis and have traditionally been regarded as uniform and passive components of translational machinery. However, accumulating evidence has revealed that ribosomes exhibit substantial heterogeneity in both composition and function. In this review, we summarize the major sources of ribosome heterogeneity in plants, includi",https://pubmed.ncbi.nlm.nih.gov/42452245/,PubMed
Correlational Analysis of Liver Metabolites and Pharmacodynamic Indexes in Xanthoxylin-Treated Acute Liver Failure.,"Xie Fengfeng, Luo Huimin, Shen Yuchen","Molecules (Basel, Switzerland)",2026-07-15,"Acute liver failure (ALF) is characterized by a rapid decline in liver function, leading to metabolic and organ failure. This study employed liver metabolomics, Nuclear Factor kappa-B (NF-κB) signaling pathway analysis, and inflammatory factor profiling to investigate the therapeutic mechanisms of xanthoxylin in ALF. Xanthoxylin administration led to increased antioxidant levels and reduced marker",https://pubmed.ncbi.nlm.nih.gov/42451601/,PubMed
Energy-efficient codon optimization on thermodynamic hardware,"Andraz Jelincic, Ross C. Walker",arXiv,2026-07-15,"The growing energy demand for computation is becoming increasingly unsustainable. Thermodynamic computing, which harnesses physical thermal fluctuations as a computational resource rather than suppressing them, offers orders-of-magnitude energy savings for probabilistic and combinatorial tasks. Pharmaceutical R&D, heavily reliant on computational optimization and sampling, is a natural application",http://arxiv.org/abs/2606.17327v1,arXiv
mRNAutilus: Multi-Objective-Guided Discrete Generation of mRNA with Optimized Therapeutic Properties,"Sawan Patel, Sophia Tang, Yesol Kim",arXiv,2026-07-15,"Therapeutic mRNA design requires coordinating multiple interacting sequence features across the full transcript, where codon usage, untranslated regions (UTRs), and their coupling jointly determine stability, translation efficiency, and protein expression. Here, we present mRNA generation via unrolled trajectories and informed latent updates (mRNAutilus), a framework for simultaneous codon optimiz",http://arxiv.org/abs/2605.31296v1,arXiv
Sampling-based Continuous Optimization for Messenger RNA Design,"Feipeng Yue, Ning Dai, Wei Yu Tang",arXiv,2026-07-15,"Designing messenger RNA (mRNA) sequences for a fixed target protein requires searching an exponentially large synonymous space while optimizing properties that affect stability and downstream performance. This is challenging because practical mRNA design involves multiple coupled objectives beyond classical folding criteria, and different applications prefer different trade-offs. We propose a gene",http://arxiv.org/abs/2603.06559v1,arXiv
Drug-like antibodies with low immunogenicity in human panels designed with Latent-X2," Latent Labs Team, Henry Kenlay, Daniella Pretorius",arXiv,2026-07-15,"Drug discovery has long sought computational systems capable of designing drug-like molecules directly: developable and non-immunogenic from the start. Here we introduce Latent-X2, a frontier generative model that achieves this goal through zero-shot design of antibodies with strong binding affinities, drug-like properties, and, for the first time for any de novo generated antibody, confirmed low ",http://arxiv.org/abs/2512.20263v1,arXiv
"RNAGenScape: Property-Guided, Optimized Generation of mRNA Sequences with Manifold Langevin Dynamics","Danqi Liao, Chen Liu, Xingzhi Sun",arXiv,2026-07-15,"Generating property-optimized mRNA sequences is central to applications such as vaccine design and protein replacement therapy, but remains challenging due to limited data, complex sequence-function relationships, and the narrow space of biologically viable sequences. Generative methods that drift away from the data manifold can yield sequences that fail to fold, translate poorly, or are otherwise",http://arxiv.org/abs/2510.24736v3,arXiv
Yeast growth is controlled by the proportional scaling of mRNA and ribosome concentrations,"Xin Gao, Michael Lanz, Rosslyn Grosely",arXiv,2026-07-15,"Despite growth being fundamental to all aspects of cell biology, we do not yet know its organizing principles in eukaryotic cells. Classic models derived from the bacteria E. coli posit that protein-synthesis rates are set by mass-action collisions between charged tRNAs produced by metabolic enzymes and mRNA-bound ribosomes. These models show that faster growth is achieved by simultaneously raisin",http://arxiv.org/abs/2508.14997v1,arXiv
mRNA Folding Algorithms for Structure and Codon Optimization,"Max Ward, Mary Richardson, Mihir Metkar",arXiv,2026-07-15,"mRNA technology has revolutionized vaccine development, protein replacement therapies, and cancer immunotherapies, offering rapid production and precise control over sequence and efficacy. However, the inherent instability of mRNA poses significant challenges for drug storage and distribution, particularly in resource-limited regions. Co-optimizing RNA structure and codon choice has emerged as a p",http://arxiv.org/abs/2503.19273v1,arXiv
Generative Model for Synthesizing Ionizable Lipids: A Monte Carlo Tree Search Approach,"Jingyi Zhao, Yuxuan Ou, Austin Tripp",arXiv,2026-07-15,"Ionizable lipids are essential in developing lipid nanoparticles (LNPs) for effective messenger RNA (mRNA) delivery. While traditional methods for designing new ionizable lipids are typically time-consuming, deep generative models have emerged as a powerful solution, significantly accelerating the molecular discovery process. However, a practical challenge arises as the molecular structures genera",http://arxiv.org/abs/2412.00807v1,arXiv
Machine learning framework to predict the performance of lipid nanoparticles for nucleic acid delivery,"Gaurav Kumar, Arezoo M. Ardekani",arXiv,2026-07-15,"Lipid nanoparticles (LNPs) are highly effective carriers for gene therapies, including mRNA and siRNA delivery, due to their ability to transport nucleic acids across biological membranes, low cytotoxicity, improved pharmacokinetics, and scalability. A typical approach to formulate LNPs is to establish a quantitative structure-activity relationship (QSAR) between their compositions and in vitro/in",http://arxiv.org/abs/2411.14293v1,arXiv
Joint Design of 5' Untranslated Region and Coding Sequence of mRNA,"Yang Liu, Jie Gao, Xiaonan Zhang",arXiv,2026-07-15,"Messenger RNA (mRNA) vaccines and therapeutics are emerging as powerful tools against a variety of diseases, including infectious diseases and cancer. The design of mRNA molecules, particularly the untranslated region (UTR) and coding sequence (CDS) is crucial for optimizing translation efficiency and stability. Current design approaches generally focus solely on either the 5' UTR or the CDS, whic",http://arxiv.org/abs/2410.20781v1,arXiv
Bacterial stress granule protects mRNA through ribonucleases exclusion,"Linsen Pei, Yujia Xian, Xiaodan Yan",arXiv,2026-07-15,"Membraneless droplets formed through liquid-liquid phase separation (LLPS) play a crucial role in mRNA storage, enabling organisms to swiftly respond to environmental changes. However, the mechanisms underlying mRNA integration and protection within droplets remain unclear. Here, we unravel the role of bacterial aggresomes as stress granules (SGs) in safeguarding mRNA during stress. We discovered ",http://arxiv.org/abs/2404.17873v2,arXiv
"Hypolipidemic effect of brown seaweed (Sargassum crassifolium) extract in vivo (Study of histopathology, mRNA expression, and immunohistochemistry (IHC) with VCAM-1, ICAM-1, and MCP-1 parameters)","Sarah Zaidan, Syamsudin Abdillah, Nur Arfian",arXiv,2026-07-15,The purpose of this study was to obtain natural drugs from brown seaweed (Sargassum crassifolium) as antiatherosclerosis candidates through the study of hypolipidemic mechanisms of action. Modeling of dyslipidemia rats was carried out by feeding high-fat (HFF) and doses of crude fucoidan 100. 200. 400mg / KgBB. in both treatments measured blood lipid profile levels taken from the orbital sinuses. ,http://arxiv.org/abs/2402.07497v1,arXiv
Machine Learning Modeling Of SiRNA Structure-Potency Relationship With Applications Against Sars-Cov-2 Spike Gene,Damilola Oshunyinka,arXiv,2026-07-15,"The pharmaceutical Research and development (R&D) process is lengthy and costly, taking nearly a decade to bring a new drug to the market. However, advancements in biotechnology, computational methods, and machine learning algorithms have the potential to revolutionize drug discovery, speeding up the process and improving patient outcomes. The COVID-19 pandemic has further accelerated and deepened",http://arxiv.org/abs/2401.12232v1,arXiv
Messenger RNA Design via Expected Partition Function and Continuous Optimization,"Ning Dai, Wei Yu Tang, Tianshuo Zhou",arXiv,2026-07-15,"The tasks of designing RNAs are discrete optimization problems, and several versions of these problems are NP-hard. As an alternative to commonly used local search methods, we formulate these problems as continuous optimization and develop a general framework for this optimization based on a generalization of classical partition function which we call ""expected partition function"". The basic idea ",http://arxiv.org/abs/2401.00037v2,arXiv
Machine Learning-guided Lipid Nanoparticle Design for mRNA Delivery,"Daisy Yi Ding, Yuhui Zhang, Yuan Jia",arXiv,2026-07-15,"While RNA technologies hold immense therapeutic potential in a range of applications from vaccination to gene editing, the broad implementation of these technologies is hindered by the challenge of delivering these agents effectively. Lipid nanoparticles have emerged as one of the most widely used delivery agents, but their design optimization relies on laborious and costly experimental methods. W",http://arxiv.org/abs/2308.01402v2,arXiv
Corrected Hill Function in Stochastic Gene Regulatory Networks,"Manuel Eduardo Hernández-García, Jorge Velázquez-Castro",arXiv,2026-07-15,"Describing reaction rates in stochastic bio-circuits is commonly done by directly introducing the deterministically deduced Hill function into the master equation. However, when fluctuations in enzymatic reaction rates are not neglectable, the Hill function must be derived, considering all the involved stochastic reactions. In this work, we derived the stochastic version of the Hill function from ",http://arxiv.org/abs/2307.03057v4,arXiv
Stochastic dynamics and ribosome-RNAP interactions in Transcription-Translation Coupling,"Xiangting Li, Tom Chou",arXiv,2026-07-15,"Under certain cellular conditions, transcription and mRNA translation in prokaryotes appear to be ""coupled,"" in which the formation of mRNA transcript and production of its associated protein are temporally correlated. Such transcription-translation coupling (TTC) has been evoked as a mechanism that speeds up the overall process, provides protection during the transcription, and/or regulates the t",http://arxiv.org/abs/2207.04568v1,arXiv
Coronavirus RNA Sensor Using Single-Stranded DNA Bonded to Sub-Percolated Gold Films on Monolayer Graphene Field-Effect Transistors,"Nicholas E. Fuhr, Mohamed Azize, David J. Bishop",arXiv,2026-07-15,"Electrical detection of messenger ribonucleic acid (mRNA) is a promising approach to enhancing transcriptomics and disease diagnostics because of its sensitivity, rapidity, and modularity. Reported here is a fast SARS-CoV-2 mRNA biosensor (<1 minute) with a limit of detection of 1 aM, and dynamic range of 4 orders of magnitude and a linear sensitivity of 22 mV per molar decade. These figures of me",http://arxiv.org/abs/2205.05143v1,arXiv
Deep learning models for predicting RNA degradation via dual crowdsourcing,"Hannah K. Wayment-Steele, Wipapat Kladwang, Andrew M. Watkins",arXiv,2026-07-15,"Messenger RNA-based medicines hold immense potential, as evidenced by their rapid deployment as COVID-19 vaccines. However, worldwide distribution of mRNA molecules has been limited by their thermostability, which is fundamentally limited by the intrinsic instability of RNA molecules to a chemical degradation reaction called in-line hydrolysis. Predicting the degradation of an RNA molecule is a ke",http://arxiv.org/abs/2110.07531v2,arXiv
Coagulapathies after vaccination against SARS-CoV-2 may be derived from a combination effect of SARS-CoV-2 spike protein and adenovirus vector-triggered signaling pathways,Ralf Kircheis,arXiv,2026-07-15,"The novel coronavirus SARS-CoV-2 has resulted in a global pandemic with worldwide 6-digital infection rates and thousands death tolls daily. Enormeous effords are undertaken to achieve high coverage of immunization in order to reach herd immunity to stop spreading of SARS-CoV-2 infection. Several SARS-CoV-2 vaccines, based either on mRNA, viral vectors, or inactivated SARS-CoV-2 virus have been ap",http://arxiv.org/abs/2109.00089v1,arXiv
Efficacy and Safety of the mRNA-1273 SARS-CoV-2 Vaccine,"L. Baden, Hana M. El Sahly, B. Essink",New England Journal of Medicine,2020-12-30,"Abstract Background Vaccines are needed to prevent coronavirus disease 2019 (Covid-19) and to protect persons who are at high risk for complications. The mRNA-1273 vaccine is a lipid nanoparticle–encapsulated mRNA-based vaccine that encodes the prefusion stabilized full-length spike protein of the severe acute respiratory syndrome coronavirus 2 (SARS-CoV-2), the virus that causes Covid-19. Methods",https://www.semanticscholar.org/paper/1e911af6e49fca0471e5c079d2da4d2a98c71c31,Semantic Scholar
Safety and Efficacy of the BNT162b2 mRNA Covid-19 Vaccine,"F. Polack, Stephen J. Thomas, N. Kitchin",New England Journal of Medicine,2020-12-10,"Abstract Background Severe acute respiratory syndrome coronavirus 2 (SARS-CoV-2) infection and the resulting coronavirus disease 2019 (Covid-19) have afflicted tens of millions of people in a worldwide pandemic. Safe and effective vaccines are needed urgently. Methods In an ongoing multinational, placebo-controlled, observer-blinded, pivotal efficacy trial, we randomly assigned persons 16 years of",https://www.semanticscholar.org/paper/b47e6e19e7c459210316ee02b830253fe8a6e904,Semantic Scholar
Lipid nanoparticles for mRNA delivery,"Xucheng Hou, T. Zaks, R. Langer",Nature Reviews Materials,2021-08-10,"Messenger RNA (mRNA) has emerged as a new category of therapeutic agent to prevent and treat various diseases. To function in vivo, mRNA requires safe, effective and stable delivery systems that protect the nucleic acid from degradation and that allow cellular uptake and mRNA release. Lipid nanoparticles have successfully entered the clinic for the delivery of mRNA; in particular, lipid nanopartic",https://www.semanticscholar.org/paper/7c83d62efc04c88e00e516f01113586884264cd0,Semantic Scholar
mRNA vaccines — a new era in vaccinology,"N. Pardi, Michael J. Hogan, F. Porter",Nature reviews. Drug discovery,2018-01-12,"mRNA vaccines represent a promising alternative to conventional vaccine approaches because of their high potency, capacity for rapid development and potential for low-cost manufacture and safe administration. However, their application has until recently been restricted by the instability and inefficient in vivo delivery of mRNA. Recent technological advances have now largely overcome these issues",https://www.semanticscholar.org/paper/5e2f349c96793e6575615cf81b08b55f8694b50e,Semantic Scholar
BNT162b2 mRNA Covid-19 Vaccine in a Nationwide Mass Vaccination Setting,"Noa Dagan, N. Barda, Eldad Kepten",New England Journal of Medicine,2021-02-24,"Abstract Background As mass vaccination campaigns against coronavirus disease 2019 (Covid-19) commence worldwide, vaccine effectiveness needs to be assessed for a range of outcomes across diverse populations in a noncontrolled setting. In this study, data from Israel’s largest health care organization were used to evaluate the effectiveness of the BNT162b2 mRNA vaccine. Methods All persons who wer",https://www.semanticscholar.org/paper/2c02c79103a11f165ef7db2781b43ff760c0354c,Semantic Scholar
An mRNA Vaccine against SARS-CoV-2 — Preliminary Report,"L. Jackson, E. Anderson, N. Rouphael",New England Journal of Medicine,2020-07-14,"Abstract Background The severe acute respiratory syndrome coronavirus 2 (SARS-CoV-2) emerged in late 2019 and spread globally, prompting an international effort to accelerate development of a vaccine. The candidate vaccine mRNA-1273 encodes the stabilized prefusion SARS-CoV-2 spike protein. Methods We conducted a phase 1, dose-escalation, open-label trial including 45 healthy adults, 18 to 55 year",https://www.semanticscholar.org/paper/7551d80ae7ea66f37f25aca464c7e7400adddc9c,Semantic Scholar
"Individualised neoantigen therapy mRNA-4157 (V940) plus pembrolizumab versus pembrolizumab monotherapy in resected melanoma (KEYNOTE-942): a randomised, phase 2b study.","Jeffrey Weber, M. Carlino, A. Khattak",The Lancet,2024-01-01,"BACKGROUND
Checkpoint inhibitors are standard adjuvant treatment for stage IIB-IV resected melanoma, but many patients recur. Our study aimed to evaluate whether mRNA-4157 (V940), a novel mRNA-based individualised neoantigen therapy, combined with pembrolizumab, improved recurrence-free survival and distant metastasis-free survival versus pembrolizumab monotherapy in resected high-risk melanoma.

",https://www.semanticscholar.org/paper/1b8e648f6ef6fbe48b747c55aee70ff0cbdc732a,Semantic Scholar
XBP1 mRNA is induced by ATF6 and spliced by IRE1 in response to ER stress to produce a highly active transcription factor.,"H. Yoshida, Toshie Matsui, Akira Yamamoto",Cell,2001-12-28,,https://www.semanticscholar.org/paper/669d322ae0fe5e1e50f019efa9fb4a79e0763c89,Semantic Scholar
Recognition of RNA N6-methyladenosine by IGF2BP Proteins Enhances mRNA Stability and Translation,"Huilin Huang, Hengyou Weng, Wenju Sun",Nature Cell Biology,2018-02-23,"N6-methyladenosine (m6A) is the most prevalent modification in eukaryotic messenger RNAs (mRNAs) and is interpreted by its readers, such as YTH domain-containing proteins, to regulate mRNA fate. Here, we report the insulin-like growth factor 2 mRNA-binding proteins (IGF2BPs; including IGF2BP1/2/3) as a distinct family of m6A readers that target thousands of mRNA transcripts through recognizing the",https://www.semanticscholar.org/paper/80b13419ae0c6fba51131542f2d76be9b2ee5bbb,Semantic Scholar
Comprehensive Analysis of mRNA Methylation Reveals Enrichment in 3' UTRs and Near Stop Codons,"Kate D. Meyer, Yogesh Saletore, P. Zumbo",Cell,2012-05-17,"SUMMARY Methylation of the N6 position of adenosine (m6A) is a post-transcriptional modification of RNA whose prevalence and physiological relevance is poorly understood. The recent discovery that FTO, an obesity risk gene, encodes an m6A demethylase implicates m6A as an important regulator of physiological processes. Here we present a method for transcriptome-wide m6A localization, which combines",https://www.semanticscholar.org/paper/4609505d5353b1ce54ace3d6e637a11bcc401934,Semantic Scholar
Absolute quantification of mRNA using real-time reverse transcription polymerase chain reaction assays.,S. Bustin,Journal of Molecular Endocrinology,2000-10-01,,https://www.semanticscholar.org/paper/c46e6f6bbfe2f0298cbc27e54f5ba7184d9cd018,Semantic Scholar
mRNA vaccine-elicited antibodies to SARS-CoV-2 and circulating variants,"Zijun Wang, F. Schmidt, Y. Weisblum",Nature,2021-02-10,"Here we report on the antibody and memory B cell responses of a cohort of 20 volunteers who received the Moderna (mRNA-1273) or Pfizer–BioNTech (BNT162b2) vaccine against SARS-CoV-21–4. Eight weeks after the second injection of vaccine, volunteers showed high levels of IgM and IgG anti-SARS-CoV-2 spike protein (S) and receptor-binding-domain (RBD) binding titre. Moreover, the plasma neutralizing a",https://www.semanticscholar.org/paper/84d324c78bb9a8de3802c4572eec381e9002ca30,Semantic Scholar
"Reading, writing and erasing mRNA methylation","S. Zaccara, R. Ries, S. Jaffrey",Nature reviews. Molecular cell biology,2019-09-13,,https://www.semanticscholar.org/paper/f4f0bf70980060460a7fd78dd9369576a16d1185,Semantic Scholar
"mRNA vaccines for infectious diseases: principles, delivery and clinical translation","Namit Chaudhary, D. Weissman, K. Whitehead",Nature reviews. Drug discovery,2021-08-25,"Over the past several decades, messenger RNA (mRNA) vaccines have progressed from a scepticism-inducing idea to clinical reality. In 2020, the COVID-19 pandemic catalysed the most rapid vaccine development in history, with mRNA vaccines at the forefront of those efforts. Although it is now clear that mRNA vaccines can rapidly and safely protect patients from infectious disease, additional research",https://www.semanticscholar.org/paper/359f6d39ae42aac7ba1a1647d4ff9e1e4ee1bf85,Semantic Scholar
SARS-CoV-2 mRNA Vaccine Design Enabled by Prototype Pathogen Preparedness,"Kizzmekia S. Corbett, D. Edwards, S. Leist",Nature,2020-08-05,"A vaccine for severe acute respiratory syndrome coronavirus 2 (SARS-CoV-2) is needed to control the coronavirus disease 2019 (COVID-19) global pandemic. Structural studies have led to the development of mutations that stabilize Betacoronavirus spike proteins in the prefusion state, improving their expression and increasing immunogenicity1. This principle has been applied to design mRNA-1273, an mR",https://www.semanticscholar.org/paper/8c5aa65ea25975a401319f620a0332368fb2c83f,Semantic Scholar
Mammalian microRNAs predominantly act to decrease target mRNA levels,"Huili Guo, Nicholas T. Ingolia, J. Weissman",Nature,2010-06-01,"MicroRNAs (miRNAs) are endogenous ∼22-nucleotide RNAs that mediate important gene-regulatory events by pairing to the mRNAs of protein-coding genes to direct their repression. Repression of these regulatory targets leads to decreased translational efficiency and/or decreased mRNA levels, but the relative contributions of these two outcomes have been largely unknown, particularly for endogenous tar",https://www.semanticscholar.org/paper/b01974fd8c6c8ffc92fe1e4b8eb27806cdc6181f,Semantic Scholar
Safety and Immunogenicity of SARS-CoV-2 mRNA-1273 Vaccine in Older Adults,"E. Anderson, N. Rouphael, A. Widge",New England Journal of Medicine,2020-09-29,"Abstract Background Testing of vaccine candidates to prevent infection with severe acute respiratory syndrome coronavirus 2 (SARS-CoV-2) in an older population is important, since increased incidences of illness and death from coronavirus disease 2019 (Covid-19) have been associated with an older age. Methods We conducted a phase 1, dose-escalation, open-label trial of a messenger RNA vaccine, mRN",https://www.semanticscholar.org/paper/af8d6f05f747d83423c04f90d107f9fc8923978f,Semantic Scholar
mRNA-Seq whole-transcriptome analysis of a single cell,"K. Lao, Fuchou Tang, Catalin C. Barbacioru",Nature Methods,2009-05-01,,https://www.semanticscholar.org/paper/3dfdef00e10cf010cda6ef4e5b10b8170b75f51f,Semantic Scholar
A Comprehensive Review of mRNA Vaccines,"Vrinda Gote, Pradeep Kumar Bolla, Nagavendra Kommineni",International Journal of Molecular Sciences,2023-01-31,"mRNA vaccines have been demonstrated as a powerful alternative to traditional conventional vaccines because of their high potency, safety and efficacy, capacity for rapid clinical development, and potential for rapid, low-cost manufacturing. These vaccines have progressed from being a mere curiosity to emerging as COVID-19 pandemic vaccine front-runners. The advancements in the field of nanotechno",https://www.semanticscholar.org/paper/3565eb443f13d838a2b6b88906bc8ca343f69540,Semantic Scholar
Correlation between Protein and mRNA Abundance in Yeast,"Steven P. Gygi, Yvan Rochon, B. Franza",Molecular and Cellular Biology,1999-03-01,,https://www.semanticscholar.org/paper/9b0d3c49556dd89b00a6f3b6ca1cb1007f183b9c,Semantic Scholar
Calcium signaling in soybean-virus interactions: emerging roles of calcium sensors in antiviral and environmental stress responses.,"Chu Huong Cam, Yu Jisuk, Kim Kook-Hyung",Frontiers in plant science,2026-07-15,Soybeans (,https://pubmed.ncbi.nlm.nih.gov/42453727/,PubMed
The Auxin-Induced Protein Gene (MsARG4) Regulates Rapid Stem Elongation and Nutritional Quality Enhancement in Alfalfa.,"Hao Xiaoya, Huang Sisi, Liu Zhike","Plants (Basel, Switzerland)",2026-07-15,Alfalfa (,https://pubmed.ncbi.nlm.nih.gov/42452234/,PubMed
Induction of Smooth Muscle Differentiation in Fibroblasts by Modulation of Cytoplasmic Actin Ratio.,"Levuschkina Yulia, Dugina Vera, Shagieva Galina",International journal of molecular sciences,2026-07-15,"Myogenic differentiation is a powerful mechanism for generating diverse cell types from fibroblasts. Here, we show that targeted suppression of β-actin by RNA interference in human fibroblasts triggers coordinated molecular and structural changes consistent with trans-differentiation toward SMC-like phenotype. This conversion is marked by upregulation of smooth muscle differentiation markers (α- a",https://pubmed.ncbi.nlm.nih.gov/42450096/,PubMed
ALK Knock-In Reporter Reveals APE1 as a Negative Regulator of ,"Murashko Matvey M, Stasevich Ekaterina M, Korneev Kirill V",International journal of molecular sciences,2026-07-15,"Chromosomal rearrangements that lead to the formation of oncogenic gene fusions, such as ",https://pubmed.ncbi.nlm.nih.gov/42449950/,PubMed
Decoding cadmium toxicity in spiders: F-actin and Hippo pathway insights.,"Li Zhongyuan, Huang Siqi, Wang Hua","Environmental pollution (Barking, Essex : 1987)",2026-07-15,"Heavy metals have notable effects on arthropods, but their regulatory mechanisms remain unclear. This study reveals the potential regulatory roles and mechanisms of F-actin gene and Hippo signaling pathway in response to cadmium (Cd) toxicity of spider. The F-actin gene of Pardosa pseudoannulata (P. pseudoannulata) was cloned and found to be up-regulated in Cd-exposed spiders, particularly in the ",https://pubmed.ncbi.nlm.nih.gov/42448263/,PubMed
Resveratrol Exerts Anti-Aging Effects in Young but Pro-Aging Effects in Middle-Aged C. elegans via a Gerosuppressive daf-16/dod-6/sod-3 Axis.,"Ou Mei-Ling, Cen Jin-Xiong, Qi Cao-Yan",Free radical biology & medicine,2026-07-15,"Aging, a complex process influenced by genetic and environmental factors, is a major determinant of health and disease. The polyphenolic compound resveratrol, known for its antioxidant properties, has been widely studied for its potential anti-aging effects. In this study, we investigated the age-dependent effects of resveratrol in Caenorhabditis elegans (C. elegans). Treatment with resveratrol fo",https://pubmed.ncbi.nlm.nih.gov/42448061/,PubMed
Chandipura Virus: An Emerging Neurological Threat Transmitted by Sandflies in India.,"Zargar Abrar Ahmad, Gupta Reena, Krishnamoorthy P","Immunity, inflammation and disease",2026-07-15,"Chandipura virus (CHPV), a neurotropic, negative-sense RNA virus belonging to the genus Vesiculovirus (family Rhabdoviridae), has emerged as a significant cause of acute encephalitis syndrome (AES) in India, predominantly affecting children. Since the major outbreaks in 2003-2004 and the recent resurgence in 2024, CHPV has re-emerged as a high-fatality, climate-sensitive arboviral threat transmitt",https://pubmed.ncbi.nlm.nih.gov/42447497/,PubMed
Transgenic expression of MhCHS2 dsRNA in maize confers efficient control to Monolepta hieroglyphica.,"Fan Wenmin, Sun Feilong, Wang Peng",Pest management science,2026-07-15,"In recent years, Monolepta hieroglyphica has become a destructive pest threatening food security in northeastern China, where M. hieroglyphica adults inflict substantial yield losses through feeding on young leaves, silks and sometimes on developing kernels from maize. Plant-mediated RNA interference (RNAi) has proven to be a promising tool for sustainable pest management. Thus, specific and effec",https://pubmed.ncbi.nlm.nih.gov/42447119/,PubMed
Gene therapy for uveal melanoma.,"Bushra Anika, Irudayaraj Joseph",Clinical & translational oncology : official publication of the Federation of Spanish Oncology Societies and of the National Cancer Institute of Mexico,2026-07-15,"Uveal melanoma (UM) is one of the most prevalent types of intraocular melanomas, which has relatively high morbidity and mortality rates despite being a rare disease. Genetic modifications are one of the prime driving forces behind cellular growth, proliferation, and migration in UM, among which mutation of driver genes (e.g., GNA11, GNAQ, BAP1, EIF1AX, and SF3B1, etc.) and epigenetic modification",https://pubmed.ncbi.nlm.nih.gov/42446821/,PubMed
Individual ,"Savaheli Sara, Gallotta Ivan, Santonicola Pamela",Life science alliance,2026-07-15,Spinal muscular atrophy is a neuromuscular disorder primarily caused by mutations in the ,https://pubmed.ncbi.nlm.nih.gov/42442954/,PubMed
Harnessing endogenous CRISPR-Cas9 for inducible genetic engineering of ,"Iyer Mahesh S, Hagström Erik, Näslund Kristina",Applied and environmental microbiology,2026-07-15,"Despite substantial advances in bacterial genome engineering, functional genetic analysis remains challenging in many non-model bacterial species, particularly among host-associated gram-positive bacteria. The fructophilic species  Many ecologically and industrially important bacteria remain genetically recalcitrant, limiting functional genomic studies. As research increasingly extends beyond trad",https://pubmed.ncbi.nlm.nih.gov/42439519/,PubMed
S-allyl cysteine suppresses lipopolysaccharide-induced microglial inflammation accompanied by attenuation of JNK1/2 and STAT3 signaling.,"Eguchi Ryoji, Ishida Ayaka, Suzuki-Yamamoto Toshiko",Nutritional neuroscience,2026-07-15,"S-allyl-L-cysteine (SAC) is a garlic-derived organosulfur compound with reported anti-inflammatory properties. SAC has been detected in the brain after oral administration in animal studies, suggesting relevance to neuroinflammatory processes; however, its direct effects on nutrient-responsive glial cells remain unclear. Previous human studies suggest that SAC-enriched garlic extracts alleviate su",https://pubmed.ncbi.nlm.nih.gov/42439282/,PubMed
Selective Targeting of ApisOBP7 with Indole-2-Carboxylates as a Strategy for Developing Novel Aphid Repellents.,"Zhu Wenya, Zhu Ziwei, Tang Haoyu",Journal of agricultural and food chemistry,2026-07-15,"Targeting odorant-binding proteins (OBPs) is a promising strategy for developing sustainable, behavior-modifying pest control agents. The unfamiliarly highly expressed OBP7 from ",https://pubmed.ncbi.nlm.nih.gov/42438131/,PubMed
"Identification and functional validation of glutathione S-transferase genes involved in detoxification of sulfoxaflor, afidopyropen and lambda-cyhalothrin in Aphis glycines.","Guan Naichen, Dang Fujie, Qiu Shaolong",Pest management science,2026-07-15,"Glutathione S-transferases (GSTs) play important roles in the detoxification of insecticides in insects. However, genome-wide identification and functional characterization of the GST gene family in the soybean aphid Aphis glycines have not been performed. A total of 17 AgGST genes were identified in the A. glycines genome and classified into five classes. Phylogenetic analysis and chromosomal map",https://pubmed.ncbi.nlm.nih.gov/42438111/,PubMed
Process and Mechanism of Nanocarrier-Loaded dsRNA Penetrating the Insect Cuticle: Theoretical Foundation for Transdermal Delivery.,"Guan Mei, Xue Yang, Pei Jie",Journal of agricultural and food chemistry,2026-07-15,"RNA interference (RNAi) provides a powerful tool for functional gene identification and pest management, and nanocarriers have recently enabled noninvasive transdermal RNAi delivery. However, the mechanism of nanocarrier-mediated double-stranded RNA (dsRNA) translocation across the insect cuticle remains unknown. We used a star cationic polymer (SPc) as a model to visualize this process and elucid",https://pubmed.ncbi.nlm.nih.gov/42437344/,PubMed
Toll-like receptor 9 arginine methylation promotes ferroptosis in prostate cancer through the NRF2/GPX4 signaling pathway.,"Hua Haoming, Tian Zhe, Zhou Jie",Translational andrology and urology,2026-07-15,"A balance between positive and negative regulation of the Toll-like receptor (TLR) signaling pathway is required to prevent harmful or inappropriate inflammatory responses. Although TLR9 has been reported to be expressed in many mammalian tissues and cells, its function and exact mechanism are not fully understood. Some protein post-translational modifications (PTMs), such as phosphorylation and u",https://pubmed.ncbi.nlm.nih.gov/42436792/,PubMed
Neuron-Targeted Exosomal Delivery of siRNA Against RIPK3 Slows Neurodegenerative Progression in Alzheimer's Disease.,"Zhang Chi, Zhang Jiaqi, Wang Yuzhi","Advanced science (Weinheim, Baden-Wurttemberg, Germany)",2026-07-15,"A major challenge in RNA therapeutics for central nervous system disorders is the lack of delivery systems capable of crossing the blood-brain barrier (BBB) while achieving cell-type-specific targeting. Herein, we develop an engineered exosomal siRNA delivery platform for systemic, neuron-targeted RNA transport to the brain. The platform leverages exosomes derived from an immortalized mouse hippoc",https://pubmed.ncbi.nlm.nih.gov/42435764/,PubMed
Melatonin reprograms antioxidant defenses to suppress ferroptosis via Homer1a/mGluR1-Nrf2/xCT signaling after retinal ischemia-reperfusion.,"Dou Ya-Nan, Wen Yuwen, Huang Yuan",Redox biology,2026-07-15,"Melatonin (Mel) exerts antioxidant and anti-ferroptosis effects not only via the canonical receptors Mt1/Mt2 but also via metabotropic glutamate receptor 1 (mGluR1)/glutamate-mediated signaling. Nevertheless, the regulatory mechanism by which Mel modulates mGluR1/glutamate signaling in retinal ischemia-reperfusion (I/R) injury and its downstream effects on ferroptosis and oxidative stress remain p",https://pubmed.ncbi.nlm.nih.gov/42435652/,PubMed
"The Angiopoietin-like Protein (ANGPTL) Axis in Dyslipidemia: Mechanisms, Cardiovascular Risk, and Emerging Therapies.","Bitencourt Isabela C, Zimerman André, Marston Nicholas A",Current atherosclerosis reports,2026-07-15,The angiopoietin-like protein (ANGPTL) 3-4-8 axis has emerged as a central regulator of lipoprotein lipase and lipid metabolism. This review examines the mechanistic basis of ANGPTL pathway modulation and therapeutic implications for cardiovascular risk reduction across diverse phenotypes of dyslipidemia. Genetic studies demonstrate that loss-of-function variants in ANGPTL3 and ANGPTL4 are associa,https://pubmed.ncbi.nlm.nih.gov/42435249/,PubMed
Enhanced sampling and cryo-EM data resolve magnesium binding to RNA,"Olivier Languin-Cattoën, Elisa Posani, Giovanni Bussi",arXiv,2026-07-15,"Magnesium ions are essential for RNA structure but difficult to model due to slow binding kinetics and experimental limitations. We present an enhanced-sampling strategy that accelerates Mg$^{2+}$ inner-shell binding by orders of magnitude, enabling quantitative exploration of ion-binding motifs in a large ribozyme. The method combines a barrier-flattening bias with Hamiltonian replica exchange to",http://arxiv.org/abs/2607.07186v1,arXiv
Bayesian Sampling of Structural Ensembles: The Role of Ensemble-Counting Measures,"Ivan Gilardoni, Giovanni Bussi",arXiv,2026-07-15,"Structural ensemble refinement is widely used to integrate molecular simulations with experimental measurements. While most applications focus on the maximum-a-posteriori (MAP) ensemble, Bayesian sampling of the posterior distribution can provide uncertainty estimates and posterior averages for arbitrary observables. A notable step in this direction was introduced by the Bayesian Energy Landscape ",http://arxiv.org/abs/2606.18495v1,arXiv
MultiMolecule: a modular ecosystem for biomolecular sequence-model workflows,Zhiyuan Chen,arXiv,2026-07-15,"Biomolecular sequence models are increasingly reused outside the studies in which they were introduced, but public checkpoints rarely preserve the execution context needed to inspect source-defined behavior, adapt models to new assays, compare models under shared task definitions or deploy biological predictions. MultiMolecule is an open-source Python ecosystem that turns heterogeneous RNA, DNA an",http://arxiv.org/abs/2606.16540v1,arXiv
The Montparnasse Algorithm for RNA Design,Tristan Cazenave,arXiv,2026-07-15,"RNA design consists of discovering a nucleotide sequence that optimizes predefined criteria, such as secondary structure. It is useful for synthetic biology, medicine, and nanotechnology. We propose Montparnasse, a Monte Carlo search framework based on Generalized Nested Rollout Policy Adaptation, augmented with a problem-specific prior, slow and long adaptation at level 1, and a lexicographic mul",http://arxiv.org/abs/2606.07562v1,arXiv
Multimodal Alignment and Preference Optimization for Zero-Shot Conditional RNA Generation,"Roman Klypa, Alberto Bietti, Sergei Grudinin",arXiv,2026-07-15,"The design of RNA molecules that interact with specific proteins is a critical challenge in experimental and computational biology. Despite recent progress in natural language modeling and deep learning-based protein design, there remains significant room to improve the frequency of successful interactions and the authenticity of generated sequences for functional applications. In this work, we fr",http://arxiv.org/abs/2605.23961v1,arXiv
"GoForth: Language Models for RNA Design under Structure, Sequence, and Coding Constraints",Michael Lindsey,arXiv,2026-07-15,"RNA inverse sequence design has broad biological and engineering applications, but computational methods for practical design queries remain limited. Such queries may impose several constraints at once, including target folds or motifs, fixed bases, and coding restrictions, while leaving arbitrary sequence and structure in unspecified regions. Because these constraints may permit many acceptable s",http://arxiv.org/abs/2605.07608v1,arXiv
Bayesian Rate Inference for Sequence Motif Dynamics in Systems of Reactive Nucleic Acids,"Johannes Harth-Kitzerow, Ulrich Gerland, Torsten A. Enßlin",arXiv,2026-07-15,"The RNA world hypothesis suggests a pathway of how life emerged on early earth. It assumes that life started with RNA based systems, capable of storing, transmitting and replicating information, envisioning that monomers and short RNA oligomers interact to form longer strands, eventually becoming catalytically active ribozymes. Key reactions in RNA pools are hybridization, dehybridization, templat",http://arxiv.org/abs/2604.25701v2,arXiv
VARIANT: Web Server for Decoding and Analyzing Viral Mutations at Genome and Protein Levels,"Rui Wang, Xuhang Dai, Xin Cao",arXiv,2026-07-15,"A comprehensive analysis of viral mutations is essential for understanding viral evolution, disease epidemiology, diagnosis, drug resistance, etc. However, challenges remain in capturing complex mutation patterns and supporting diverse viral families with varying genome architectures. To address these needs, we present VARIANT, an web server for mutational analysis of RNA viral genomes and associa",http://arxiv.org/abs/2604.20942v1,arXiv
Interfacial Potential Transduction for Diagnostics,"Hyun-June Jang, Peuli Nath, Yuqin Wang",arXiv,2026-07-15,"A major barrier to decentralized, near-patient diagnostics is the lack of a signal transduction modality that is both analytically precise and accessible at the point of care. Optical readouts remain instrument-dependent and difficult to miniaturize, while compact electrochemical readouts are prone to matrix-derived signal distortion, limiting their biomarker coverage in real clinical settings. He",http://arxiv.org/abs/2603.23775v1,arXiv
ZeroFold: Protein-RNA Binding Affinity Predictions from Pre-Structural Embeddings,"Josef Hanke, Sebastian Pujalte Ojeda, Shengyu Zhang",arXiv,2026-07-15,"The accurate prediction of protein-RNA binding affinity remains an unsolved problem in structural biology, limiting opportunities in understanding gene regulation and designing RNA-targeting therapeutics. A central obstacle is the structural flexibility of RNA, as, unlike proteins, RNA molecules exist as dynamic conformational ensembles. Thus, committing to a single predicted structure discards in",http://arxiv.org/abs/2603.23583v1,arXiv
Computational modeling of RNA-protein binding interactions under an external force,"Danielle Wampler, Ralf Bundschuh",arXiv,2026-07-15,"RNA binding proteins play a crucial role in post-transcriptional gene regulation by controlling the transport, processing, and translation of their target RNAs. Post-transcriptional gene regulation leads to the differential expression of genetic material and loss of regulation or over-regulation relates to a large range of cancers and diseases - many of which have directly been associated with RNA",http://arxiv.org/abs/2603.22269v1,arXiv
Fair splits flip the leaderboard: CHANRG reveals limited generalization in RNA secondary-structure prediction,"Zhiyuan Chen, Zhenfeng Deng, Pan Deng",arXiv,2026-07-15,"Accurate prediction of RNA secondary structure underpins transcriptome annotation, mechanistic analysis of non-coding RNAs, and RNA therapeutic design. Recent gains from deep learning and RNA foundation models are difficult to interpret because current benchmarks may overestimate generalization across RNA families. We present the Comprehensive Hierarchical Annotation of Non-coding RNA Groups (CHAN",http://arxiv.org/abs/2603.22330v1,arXiv
Reverse Distillation: Consistently Scaling Protein Language Model Representations,"Darius Catrina, Christian Bepler, Samuel Sledzieski",arXiv,2026-07-15,"Unlike the predictable scaling laws in natural language processing and computer vision, protein language models (PLMs) scale poorly: for many tasks, models within the same family plateau or even decrease in performance, with mid-sized models often outperforming the largest in the family. We introduce Reverse Distillation, a principled framework that decomposes large PLM representations into orthog",http://arxiv.org/abs/2603.07710v1,arXiv
Fast and Versatile RNA Design via Motif-level Divide-and-Conquer and Structure-level Rival Search,"Tianshuo Zhou, David H. Mathews, Liang Huang",arXiv,2026-07-15,"RNA design aims to identify RNA sequences that fold into a target secondary structure. This task is challenging in terms of computational efficiency. Most existing methods focus on either minimum free energy (MFE)-based or ensemble-based metrics, leaving a gap for a unified approach that performs well across both. We introduce a fast and versatile RNA design algorithm inspired by our previous work",http://arxiv.org/abs/2603.02283v1,arXiv
CryoNet.Refine: A One-step Diffusion Model for Rapid Refinement of Structural Models with Cryo-EM Density Map Restraints,"Fuyao Huang, Xiaozhu Yu, Kui Xu",arXiv,2026-07-15,"High-resolution structure determination by cryo-electron microscopy (cryo-EM) requires the accurate fitting of an atomic model into an experimental density map. Traditional refinement pipelines such as Phenix.real_space_refine and Rosetta are computationally expensive, demand extensive manual tuning, and present a significant bottleneck for researchers. We present CryoNet.Refine, an end-to-end dee",http://arxiv.org/abs/2602.22263v2,arXiv
CPTCs Drive Somatic-Visceral Communication via the Wnt Axis in Somatic Mechanotherapy: A Single-Cell Deep Learning Study,"Haixiang Huang, Zhenwei Zhang, BingBing Shen",arXiv,2026-07-15,"Somatic mechanical stimulation (e.g., acupuncture) exerts systemic immunomodulatory effects, yet the cellular bridge translating peripheral physical force into visceral repair remains elusive. Here, employing a custom interpretable deep learning framework (CARSS) on single-cell RNA sequencing data, we identify CD34$^{+}$PDGFR$α$$^{+}$ telocytes (CPTCs) as the primary mechanosensors in both fascia ",http://arxiv.org/abs/2602.05451v2,arXiv
Tensor-DTI: Enhancing Biomolecular Interaction Prediction with Contrastive Embedding Learning,"Manel Gil-Sorribes, Júlia Vilalta-Mor, Isaac Filella-Mercè",arXiv,2026-07-15,"Accurate drug-target interaction (DTI) prediction is essential for computational drug discovery, yet existing models often rely on single-modality predefined molecular descriptors or sequence-based embeddings with limited representativeness. We propose Tensor-DTI, a contrastive learning framework that integrates multimodal embeddings from molecular graphs, protein language models, and binding-site",http://arxiv.org/abs/2601.05792v1,arXiv
MERGE-RNA: a physics-based model to predict RNA secondary structure ensembles with chemical probing,"Giuseppe Sacco, Jianhui Li, Redmond P. Smyth",arXiv,2026-07-15,"RNA function is tied to secondary structure, operating through dynamic and heterogeneous structural ensembles. While current analysis tools typically output single static structures or averaged contact maps, chemical probing methods like DMS capture nucleotide-resolution signals representing the full structural ensemble, which remain difficult to interpret structurally. To address this, we present",http://arxiv.org/abs/2512.20581v3,arXiv
Methods for Analyzing RNA Pseudoknots via Chord Diagrams and Intersection Graphs,"Rayan Ibrahim, Allison H. Moore",arXiv,2026-07-15,"RNA molecules are known to form complex secondary structures including pseudoknots. A systematic framework for the enumeration, classification and prediction of secondary structures is critical to determine the biological significance of the molecular configurations of RNA. Chord diagrams are mathematical objects widely used to represent RNA secondary structures and to analyze structural motifs, h",http://arxiv.org/abs/2512.19939v1,arXiv
PCAT1 Supports Partial AR-V7 Function and Promotes Enzalutamide Resistance in Prostate Cancer.,"Li Taipeng, Li Ruitao, Hao Jiaru",International journal of general medicine,2026-07-15,"Enzalutamide resistance (Enz-R) remains a major clinical challenge in advanced prostate cancer (PCa). Here, we identified resistance-associated long non-coding RNA (lncRNA) PCAT1 and investigated its functional relevance in Enz-R PCa. Public transcriptomic datasets, bioinformatic analyses, RNA immunoprecipitation (RIP), ChIP-qPCR, and in vitro and in vivo functional assays were used to evaluate th",https://pubmed.ncbi.nlm.nih.gov/42454352/,PubMed
Overexpression of lncRNA ATP11A-AS1 in Colorectal Cancer and Its Association With ,"Hagholshahri Nima, Muttwaqi Nashwah Jabbar Kadhim, Safaralizadeh Reza",International journal of genomics,2026-07-15,"Colorectal cancer (CRC), the third most common cancer globally, is a leading cause of cancer-related mortality.  Total RNA was extracted from 100 paired tumor and adjacent nontumor tissues collected from CRC patients (53 males, 47 females, mean age: 56 ± 6.72). Following cDNA synthesis, ATP11A-AS1 expression was measured via qRT-PCR. Associations with clinicopathological factors (age, gender, tumo",https://pubmed.ncbi.nlm.nih.gov/42453602/,PubMed
"From In Silico to Clinic: Harnessing Noncoding RNAs for Diabetes Research and Therapy, a Step toward ncRNA Precision.","Hamdy Nadia M, El-Daly Sherien M, Elazazy Ola",ACS pharmacology & translational science,2026-07-15,"Diabetes mellitus (DM) represents a heterogeneous group of metabolic disorders characterized by chronic hyperglycemia and progressive metabolic dysregulation, arising from distinct but overlapping pathogenic mechanisms. Emerging evidence positions noncoding RNAs (ncRNAs), including microRNAs (miRNAs), long ncRNAs (lncRNAs), circular RNAs (circRNAs), and P-element-induced WImpy testis-interacting R",https://pubmed.ncbi.nlm.nih.gov/42453334/,PubMed
RETRACTION: Lnc-GIHCG Promotes Cell Proliferation and Migration in Gastric Cancer through miR- 1281 Adsorption.,,Molecular genetics & genomic medicine,2026-07-15,"G. Liu, Z. Jiang, M. Qiao, and F. Wang, ""Lnc-GIHCG Promotes Cell Proliferation and Migration in Gastric Cancer through miR- 1281 Adsorption,"" Molecular Genetics & Genomic Medicine 7, no. 6 (2019): e711, https://doi.org/10.1002/mgg3.711. The above article, published online on 02 May 2019 in Wiley Online Library (onlinelibrary.wiley.com), has been retracted by agreement between the journal Editor-in",https://pubmed.ncbi.nlm.nih.gov/42452948/,PubMed
The LncRNA Expression Profile and Regulatory Network of Microsporidian During the Infection of Western Honeybee.,"Wang Wei, Yang Jiarun, Zhang Kaiyao",Animals : an open access journal from MDPI,2026-07-15,,https://pubmed.ncbi.nlm.nih.gov/42450809/,PubMed
Post-Transcriptional Regulatory Network of Non-Coding RNAs in Yaks: Molecular Mechanisms of Hypoxia Adaptation and Productive Traits.,"Guan Huanyu, Hu Wen, Zhu Shuo",Animals : an open access journal from MDPI,2026-07-15,"Yaks have long inhabited the Qinghai-Tibetan Plateau. This region features low-oxygen, frigid temperatures and pronounced seasonal variation in nutrient availability. They have evolved adaptive phenotypes centered on energy metabolism reprogramming, tissue structure remodeling, and stress homeostasis maintenance. In recent years, non-coding RNAs (ncRNAs) have been confirmed as an important compone",https://pubmed.ncbi.nlm.nih.gov/42450688/,PubMed
Are RNA Therapies a Solid Foundation or a Frontier Yet to Be Conquered?,Nappi Francesco,International journal of molecular sciences,2026-07-15,"The identification of microRNAs (miRNAs) has resulted in significant advancements in research, particularly regarding their utilization as diagnostic and therapeutic targets. This has generated enthusiasm for exploring the potential of non-coding RNAs (ncRNAs) in treating cancer and other diseases, with miRNAs and long non-coding RNAs (lncRNAs) showing particular promise. Over the past twelve year",https://pubmed.ncbi.nlm.nih.gov/42450354/,PubMed
Exploring the Role of Long Non-Coding RNAs in Mediating Cisplatin Resistance in Glioma/Glioblastoma Cells.,"Sahrai Hadi, Mosaddeghi-Heris Reza, Forghani Nasrin",International journal of molecular sciences,2026-07-15,"Malignant gliomas are highly aggressive primary brain tumors for which the therapeutic efficacy of cisplatin is frequently limited by intrinsic or acquired drug resistance. Despite advances in adjuvant therapies, overcoming chemoresistance remains a major challenge in the treatment of these malignancies. Emerging evidence indicates that long non-coding RNAs (lncRNAs), a class of non-protein-coding",https://pubmed.ncbi.nlm.nih.gov/42450275/,PubMed
Transcriptomic Identification of Diagnostic Biomarkers for Alcohol-Associated Liver Cirrhosis: Integration of Population-Level Epidemiology with Multi-Cohort Transcriptomic Analysis.,"Wang Hao, Ding Wenzhang, Zhang Linjie",International journal of molecular sciences,2026-07-15,"Alcohol-associated liver cirrhosis (ALC) lacks aetiology-specific molecular diagnostic biomarkers. This study aims to quantify the association between alcohol and cirrhosis risk, and to identify transcriptomic diagnostic biomarkers and candidate therapeutics. Methods: Survey-weighted logistic regression was applied to 17,007 adults from NHANES (2017-2023) to quantify alcohol-cirrhosis associations",https://pubmed.ncbi.nlm.nih.gov/42450082/,PubMed
An Energy Model Based on Molecular Structure for Predicting Histone Modification Levels at lncRNA Promoter Regions in HepG2 Cells.,"Li Menglan, Chen Yingli, Li Qianzhong",International journal of molecular sciences,2026-07-15,"In hepatocellular carcinoma (HepG2), aberrant histone modifications are closely linked to long non-coding RNA (",https://pubmed.ncbi.nlm.nih.gov/42449930/,PubMed
Hepatic Stellate Cells Antagonize Sorafenib-Induced Ferroptosis in Hepatocellular Carcinoma by Upregulating the LINC00152/HSPB1 Axis.,"Li Yazhao, Yin Jiayuan, Fan Rui",Cancers,2026-07-15,,https://pubmed.ncbi.nlm.nih.gov/42449650/,PubMed
Mechanistic insights into TXNDC17-mediated ferroptosis suppression in glioblastoma progression.,"Jing Zixuan, Wang Qingbo, Li Chenglong",Biology direct,2026-07-15,"Glioblastoma (GBM) is a lethal brain tumor with limited treatment options. Molecular targeted therapy is considered safe and promising for GBM. Ferroptosis is regulated by lipid, iron and cysteine metabolism. Induction of ferroptosis is a promising strategy. Integrated bioinformatics analysis of GBM datasets (TCGA) and RNA-seq data from human gliomas was used to identify candidate genes. TXNDC17 e",https://pubmed.ncbi.nlm.nih.gov/42449447/,PubMed
Neuroinflammation- molecular target based therapeutic approach.,Paul Deepraj,Advances in protein chemistry and structural biology,2026-07-15,"Chronic neuroinflammation has become a major concern due to its ability to propagate into multiple neurodegenerative disorders which severely reduce the life expectancy of the patients. Many molecular targets have been identified which include amyloid beta (Aβ) peptides and oligomers, protofibrils, tau proteins, MID1/ TRIM18, Beclin1 protein, Puma, NMDA receptors, RyanR2, 5-HT2B, α7nAChR, TLR4, ER",https://pubmed.ncbi.nlm.nih.gov/42448410/,PubMed
lncRNA MEG3 and Beclin-1 as diagnostic biomarkers in serous ovarian carcinoma: molecular and immunohistochemical insights.,"El Desoky Ansam M Z, Abdelgeleel Heba Mahmoud, Moustafa Manar",Journal of molecular histology,2026-07-15,"Serous ovarian carcinoma (SOC) is frequently diagnosed at advanced stages and is associated with poor clinical outcomes, highlighting the urgent need for reliable diagnostic and prognostic biomarkers. Long non-coding RNA MEG3 and the autophagy-related protein Beclin-1 are recognized tumor suppressors; however, their combined diagnostic relevance in SOC remains insufficiently explored. This case-co",https://pubmed.ncbi.nlm.nih.gov/42446766/,PubMed
Emerging Therapies for Angelman Syndrome.,"Tychon Cyril, Markati Theodora, Alkan Serpil",CNS drugs,2026-07-15,"Angelman syndrome (AS) is a complex neurogenetic disorder characterized by severe global developmental delay, motor dysfunction, and epilepsy, primarily resulting from the lack of functional ubiquitin protein ligase E3A (UBE3A) protein expression in neurons. While current management remains largely symptomatic, the therapeutic landscape for AS is rapidly evolving. Emerging strategies aim to restor",https://pubmed.ncbi.nlm.nih.gov/42446610/,PubMed
Extracellular Vesicles as Emerging Cervical Cancer Diagnostic and Molecular Signatures of Tumor and Immune Dynamics.,"Wahid Amir, Maharaj Ray, Meiring Muriel",ACS biomaterials science & engineering,2026-07-15,"Cervical cancer remains a major worldwide health concern and ranks as the fourth most common malignancy affecting women, especially in low- and middle-income countries, where early screening and monitoring facilities are limited. Though several screening strategies, including Pap smears, colposcopy, computed tomography, and HPV testing, are available for the detection of cervical carcinoma, these ",https://pubmed.ncbi.nlm.nih.gov/42446503/,PubMed
Dual modes of action: direct regulation and ceRNA-mediated mechanisms of ncRNAs in dermal fibroblast senescence.,"Luo Juanlie, Ma Jiabao, Tian Hui",Frontiers in cell and developmental biology,2026-07-15,"Skin aging is characterized by progressive decline in dermal fibroblast function, marked by reduced extracellular matrix (ECM) synthesis, accelerated ECM degradation, diminished repair capacity, and activation of the senescence-associated secretory phenotype (SASP). Recent studies demonstrate that non-coding RNAs (ncRNAs), including microRNAs (miRNAs), long non-coding RNAs (lncRNAs), and circular ",https://pubmed.ncbi.nlm.nih.gov/42445716/,PubMed
METTL16-mediated upregulation of LINC00665 inhibits the apoptosis of breast cancer via regulating miR-28-5p/GLG1 axis.,"Zhou Ya, Ren Jie, Cai Xiaojuan",Translational cancer research,2026-07-15,Long non-coding RNAs (lncRNAs) are intensively involved in the progression of breast cancer. This study aimed to investigate the potential of LINC00665 in breast cancer. RNA expression was determined by quantitative reverse transcriptase polymerase chain reaction. The binding sites between miR-28-5p and LINC00665/golgi glycoprotein 1 (GLG1) was predicted by Starbase3. The bindings sites were confi,https://pubmed.ncbi.nlm.nih.gov/42445429/,PubMed
An Evaluation on the Role of Non-Coding RNA in HIV Transcription and Latency: A Review,Xiangshuai Liu,arXiv,2026-07-15,"The existence of latent cellular reservoirs is recognized as the major barrier to an HIV cure. Reactivating and eliminating ""shock and kill"" or permanently silencing ""block and lock"" the latent HIV reservoir, as well as gene editing, remain promising approaches, but so far have proven to be only partially successful. Moreover, using latency reversing agents or ""block and lock"" drugs pose additiona",http://arxiv.org/abs/2502.06107v1,arXiv
"Blood-derived lncRNAs as potential biomarkers for early cancer diagnosis: The Good, the Bad and the Beauty","Cedric Badowski, Bing He, Lana X Garmire",arXiv,2026-07-15,Cancer ranks as one of the deadliest diseases worldwide. The high mortality rate associated with cancer is partially due to the lack of reliable early detection methods and/or inaccurate diagnostic tools such as certain protein biomarkers. Cell-free nucleic acids (cfNA) such as circulating long non-coding RNAs (lncRNAs) have recently been proposed as a new class of potential biomarkers that could ,http://arxiv.org/abs/2109.11746v1,arXiv
BPPart and BPMax: RNA-RNA Interaction Partition Function and Structure Prediction for the Base Pair Counting Model,"Ali Ebrahimpour-Boroojeny, Sanjay Rajopadhye, Hamidreza Chitsaz",arXiv,2026-07-15,"RNA-RNA interaction (RRI) is ubiquitous and has complex roles in the cellular functions. In human health studies, miRNA-target and lncRNAs are among an elite class of RRIs that have been extensively studied. Bacterial ncRNA-target and RNA interference are other classes of RRIs that have received significant attention. In recent studies, mRNA-mRNA interaction instances have been observed, where bot",http://arxiv.org/abs/1904.01235v2,arXiv
Long non-coding RNA (LncRNA) and cancer: a new paradigm,"A. Bhan, Milad Soleimani, S. Mandal",Cancer Research,2017-07-12,"In addition to mutations or aberrant expression in the protein coding genes, mutations and misregulation of non-coding RNAs, in particular long noncoding RNAs (lncRNA), appear to play major roles in cancer. Genome-wide association studies (GWAS) of tumor samples have identified a large number of lncRNAs associated with various types of cancer. Alterations in lncRNA expression and their mutations p",https://www.semanticscholar.org/paper/e5156419c49266fe24b0d422f3e4a7e248bbd5c1,Semantic Scholar
LNCcation: lncRNA localization and function,"M. Bridges, Amanda C. Daulagala, A. Kourtidis",Journal of Cell Biology,2021-01-19,"Bridges et al. discuss current knowledge, lingering questions, and emerging themes surrounding lncRNA subcellular localization and its impact on cellular functions.",https://www.semanticscholar.org/paper/7eb1e61fdce6d4579eb564a6a2435cc2cc9b1454,Semantic Scholar
LncRNA-encoded peptides in cancer,Yaguang Zhang,Journal of Hematology & Oncology,2024-08-12,"Long non-coding RNAs (lncRNAs), once considered transcriptional noise, have emerged as critical regulators of gene expression and key players in cancer biology. Recent breakthroughs have revealed that certain lncRNAs can encode small open reading frame (sORF)-derived peptides, which are now understood to contribute to the pathogenesis of various cancers. This review synthesizes current knowledge o",https://www.semanticscholar.org/paper/a753881bf9c86a668e56968e00f894e3e096e26d,Semantic Scholar
Mechanism of LncRNA Gm2044 in germ cell development,"Qinran Zhu, Junpei Sun, Chuangchuang An",Frontiers in Cell and Developmental Biology,2024-07-04,"Germ cell development in mammals is a complex physiological process that involves the proliferation of primordial germ cells, meiosis, and the formation of male and female gametes. Long non-coding RNA (lncRNA) is a type of RNA with more than 200 nucleotides that does not code for proteins. A small number of lncRNAs have been shown to participate in spermatogenesis in the testes and in follicular d",https://www.semanticscholar.org/paper/92733180054e2ad19304182d62caceac54b84b61,Semantic Scholar
Machine learning-based integration develops an immune-derived lncRNA signature for improving outcomes in colorectal cancer,"Zaoqu Liu, Long Liu, Siyuan Weng",Nature Communications,2022-02-10,"Long noncoding RNAs (lncRNAs) are recently implicated in modifying immunology in colorectal cancer (CRC). Nevertheless, the clinical significance of immune-related lncRNAs remains largely unexplored. In this study, we develope a machine learning-based integrative procedure for constructing a consensus immune-related lncRNA signature (IRLS). IRLS is an independent risk factor for overall survival a",https://www.semanticscholar.org/paper/84e7b5a6477033e8ca58e8f015c7027556e664f6,Semantic Scholar
Integrated LncRNA Function Upon Genomic and Epigenomic Regulation,"Allison B Herman, Dimitrios Tsitsipatis, M. Gorospe",Molecules and Cells,2022-06-01,"Summary Although some long noncoding (lnc)RNAs are known since the 1950s, the past 25 years have uncovered myriad lncRNAs with diverse sequences, structures, and functions. The advent of high-throughput and sensitive technologies has further uncovered the vast heterogeneity of lncRNA-interacting molecules and patterns of expressed lncRNAs. We propose a unifying functional theme for the expansive f",https://www.semanticscholar.org/paper/69c8661a7817b2212cc72a0ed702c2ce011a53f8,Semantic Scholar
Mechanisms of lncRNA biogenesis as revealed by nascent transcriptomics,"Takayuki Nojima, N. Proudfoot",Nature reviews. Molecular cell biology,2022-01-25,,https://www.semanticscholar.org/paper/3eba950f49e1a3d1b11b62633556f5be6c961930,Semantic Scholar
LncRNA-mediated regulation of cell signaling in cancer,"Wan-Xin Peng, Pratirodh Koirala, Y. Mo",Oncogene,2017-06-12,"To date, a large number of long non-coding RNAs (lncRNAs) have been recently discovered through functional genomics studies. Importantly, lncRNAs have been shown, in many cases, to function as master regulators for gene expression and thus, they can play a critical role in various biological functions and disease processes including cancer. Although the lncRNA-mediated gene expression involves var",https://www.semanticscholar.org/paper/ac6ae0080808b9e98dd9ab38a109af91340188fe,Semantic Scholar
LncRNA‐mediated posttranslational modifications and reprogramming of energy metabolism in cancer,"Yue Tan, Jin-Fei Lin, Ting Li",Cancer Communications,2020-10-29,"Altered metabolism is a hallmark of cancer, and the reprogramming of energy metabolism has historically been considered a general phenomenon of tumors. It is well recognized that long noncoding RNAs (lncRNAs) regulate energy metabolism in cancer. However, lncRNA‐mediated posttranslational modifications and metabolic reprogramming are unclear at present. In this review, we summarized the current un",https://www.semanticscholar.org/paper/033094e6d7a944eba3f2b1e64d35e0f555d164c6,Semantic Scholar
Emerging role of tumor-related functional peptides encoded by lncRNA and circRNA,"Pan Wu, Yongzhen Mo, M. Peng",Molecular Cancer,2020-02-04,"Non-coding RNAs do not encode proteins and regulate various oncological processes. They are also important potential cancer diagnostic and prognostic biomarkers. Bioinformatics and translation omics have begun to elucidate the roles and modes of action of the functional peptides encoded by ncRNA. Here, recent advances in long non-coding RNA (lncRNA) and circular RNA (circRNA)-encoded small peptide",https://www.semanticscholar.org/paper/105a4e7a723e1482c58f9d35dcea2e58eb17ebf3,Semantic Scholar
Predicting the potential human lncRNA-miRNA interactions based on graph convolution network with conditional random field,"Wenya Wang, Li Zhang, Jianqiang Sun",Briefings Bioinform.,2022-10-27,,https://www.semanticscholar.org/paper/c63ec713721aae7d498a7189bc3012067a0a195b,Semantic Scholar
Engineered exosome as targeted lncRNA MEG3 delivery vehicles for osteosarcoma therapy.,"Xin Huang, Wei Wu, Doudou Jing",Journal of Controlled Release,2022-01-01,"Exosomes as nanosized membrane vesicles, could targeted deliver therapeutic agents by modification with target ligands. Exosome-derived non-coding RNAs play a vital role in the development of tumors. Previous evidences reveal that long non-coding RNA maternally expressed gene 3 (lncRNA MEG3) has anti-tumor properties. Whereas, the inhibitory effects of exosome-derived lncRNA MEG3 in osteosarcoma (",https://www.semanticscholar.org/paper/8c5f23d8b9e047e4cdf5ed0362eb07435d851455,Semantic Scholar
LncRNA-mediated DNA methylation: an emerging mechanism in cancer and beyond,"Wanxu Huang, Hua Li, Qingsong Yu",Journal of experimental & clinical cancer research : CR,2022-03-15,"DNA methylation is one of the most important epigenetic mechanisms to regulate gene expression, which is highly dynamic during development and specifically maintained in somatic cells. Aberrant DNA methylation patterns are strongly associated with human diseases including cancer. How are the cell-specific DNA methylation patterns established or disturbed is a pivotal question in developmental biol",https://www.semanticscholar.org/paper/9398460ec2ef3fe209f36563f807813832f80206,Semantic Scholar
Long non-coding RNA (lncRNA) H19 in human cancer: From proliferation and metastasis to therapy.,"M. Hashemi, MA Moosavi, Hedyeh Maghareh Abed",Pharmacological Research,2022-08-26,"Initiation and development of cancer depend on multiple factors that mutations in genes and epigenetic level can be considered as important drivers. Epigenetic factors include a large family of members and understanding their function in cancer has been a hot topic. LncRNAs are RNA molecules with no capacity in synthesis of proteins, and they have regulatory functions in cells. LncRNAs are localiz",https://www.semanticscholar.org/paper/19370fbdbcec2c5d1947bcfa94776616c26d4ed4,Semantic Scholar
Long Noncoding RNA (lncRNA)-Mediated Competing Endogenous RNA Networks Provide Novel Potential Biomarkers and Therapeutic Targets for Colorectal Cancer,"Liye Wang, Kwang Bog Cho, Yan Li",International Journal of Molecular Sciences,2019-11-01,Colorectal cancer (CRC) is the third most common cancer and has a high metastasis and reoccurrence rate. Long noncoding RNAs (lncRNAs) play an important role in CRC growth and metastasis. Recent studies revealed that lncRNAs participate in CRC progression by coordinating with microRNAs (miRNAs) and protein-coding mRNAs. LncRNAs function as competitive endogenous RNAs (ceRNAs) by competitively occu,https://www.semanticscholar.org/paper/45a115f40a71143c63b7bc1d666e2720cc0dd1c8,Semantic Scholar
A novel Cuproptosis-related LncRNA signature to predict prognosis in hepatocellular carcinoma,"Genhao Zhang, Jianping Sun, Xianwei Zhang",Scientific Reports,2022-07-05,Increased intracellular toxicity due to an imbalance in copper homeostasis caused by copper ion accumulation could regulate the rate of cancer cell growth and proliferation. The goal of this study was to create a novel Cuproptosis-related lncRNA signature that may be utilized to predict survival and immunotherapy in HCC patients. Cuproptosis-associated lncRNAs and differentially expressed lncRNAs ,https://www.semanticscholar.org/paper/48ea9b7ab84a738537e3c45d45119d6991c301dc,Semantic Scholar
The lncRNA Neat1 promotes activation of inflammasomes in macrophages,"Pengfei Zhang, Limian Cao, Rongbin Zhou",Nature Communications,2019-04-02,"The inflammasome has an essential function in innate immune, responding to a wide variety of stimuli. Here we show that the lncRNA Neat1 promotes the activation of several inflammasomes. Neat1 associates with the NLRP3, NLRC4, and AIM2 inflammasomes in mouse macrophages to enhance their assembly and subsequent pro-caspase-1 processing. Neat1 also stabilizes the mature caspase-1 to promote interleu",https://www.semanticscholar.org/paper/3011698601e9267fe18739b25c31c18b6c6e1230,Semantic Scholar
Biological Function of Long Non-coding RNA (LncRNA) Xist,"Wenlun Wang, Lu Min, Xinyuan Qiu",Frontiers in Cell and Developmental Biology,2021-06-10,"Long non-coding RNAs (lncRNAs) regulate gene expression in a variety of ways at epigenetic, chromatin remodeling, transcriptional, and translational levels. Accumulating evidence suggests that lncRNA X-inactive specific transcript (lncRNA Xist) serves as an important regulator of cell growth and development. Despites its original roles in X-chromosome dosage compensation, lncRNA Xist also particip",https://www.semanticscholar.org/paper/fb79a63f189cec74ab96bdc29ac8325e8d1a16ea,Semantic Scholar
LncRNA HEPFAL accelerates ferroptosis in hepatocellular carcinoma by regulating SLC7A11 ubiquitination,"Baofu Zhang, Wenming Bao, Sina Zhang",Cell Death and Disease,2022-08-01,"Ferroptosis is a new type of cell death that has been recognized in recent years and is different from apoptosis, autophagy, and necrosis. It is mainly due to cellular iron homeostasis and lipid peroxidation of iron metabolism caused by large accumulation. There is a close correlation between ferroptosis and hepatocellular carcinoma (HCC). This study shows that the expression of the long noncoding",https://www.semanticscholar.org/paper/e53126b6cb0ee99fdb9e2939d8bd66b3aaaef76f,Semantic Scholar
LncRNA-PACERR induces pro-tumour macrophages via interacting with miR-671-3p and m6A-reader IGF2BP2 in pancreatic ductal adenocarcinoma,"Yihao Liu, Minmin Shi, Xingfeng He",Journal of Hematology & Oncology,2022-05-07,"Background LncRNA-PACERR plays critical role in the polarization of tissue-associated macrophages (TAMs). In this study, we found the function and molecular mechanism of PACERR in TAMs to regulate pancreatic ductal adenocarcinoma (PDAC) progression. Methods We used qPCR to analyse the expression of PACERR in TAMs and M1-tissue-resident macrophages (M1-NTRMs) which were isolated from 46 PDAC tissue",https://www.semanticscholar.org/paper/81f75883d7cffce695c17c3fa583d8059eb1f72d,Semantic Scholar
"A multidimensional landscape of extracellular vesicle-mediated tumor drug resistance: mechanisms, biomarkers, engineered drug delivery, and clinical translation.","Fu Zhiqin, Kuang Yanting, Li Meichai",Extracellular vesicles and circulating nucleic acids,2026-07-15,"Tumor drug resistance is a major clinical challenge that limits the efficacy of chemotherapy, targeted therapy, and immunotherapy, thereby contributing to tumor recurrence, metastasis, and reduced overall patient survival rates. Recent studies reveal that extracellular vesicles (EVs) in the tumor microenvironment act as key mediators of intercellular communication. They play a central role in medi",https://pubmed.ncbi.nlm.nih.gov/42454198/,PubMed
"Endothelial-to-mesenchymal transition in atherosclerosis: mechanisms, therapeutic targets, and future perspectives.","Cui Xiaoshan, Chen Yuanyuan, Luo Hailang",Frontiers in cell and developmental biology,2026-07-15,"Endothelial-to-mesenchymal transition (EndMT) is an endothelial plasticity program that contributes to vascular remodeling, inflammation, extracellular matrix remodeling, calcification, and plaque instability in atherosclerosis. Recent lineage-tracing, single-cell RNA sequencing, and spatial transcriptomic studies have revealed that EndMT is not a uniform or irreversible process, but rather a spec",https://pubmed.ncbi.nlm.nih.gov/42453121/,PubMed
AI-Guided DNA-Free and Genotype-Independent Genome Editing for Soybean Improvement.,"Kim Hye Jeong, Chae Jia, Han Seong Ju","Plants (Basel, Switzerland)",2026-07-15,"Soybean is a strategic crop for global protein and vegetable oil supply chains; however, genetic improvement remains constrained by genotype-dependent regeneration, variable transformation efficiency, and regulatory concerns regarding stable transgene integration. This review synthesizes emerging DNA-free and genotype-independent genome-editing frameworks for soybean, where genotype independence i",https://pubmed.ncbi.nlm.nih.gov/42452277/,PubMed
"Nanoengineering Systems for Gene Therapy: Mechanisms, Modalities, and Future Directions.","Mais Raheem, Kumar Ayush, Ahmetaj Armand",International journal of molecular sciences,2026-07-15,"Nanotechnology has become an important platform in the fields of gene therapy and genome editing, providing delivery strategies that address persistent therapeutic challenges by improving the precision, efficiency, and safety of genetic modifications. This review highlights the central role of nanomaterials in overcoming persistent barriers to genetic interventions, including inefficient delivery,",https://pubmed.ncbi.nlm.nih.gov/42450255/,PubMed
The Multifaceted Role of Extracellular Vesicles in Triple Negative Breast Cancer.,"El Rayes Serena, Ababneh Ebaa, Nannuri Varun",International journal of molecular sciences,2026-07-15,"Triple negative breast cancer (TNBC) is an aggressive and heterogeneous subtype of breast cancer characterized by the absence of the estrogen receptor (ER), progesterone receptor (PR), and human epidermal growth factor receptor 2 (HER2), resulting in limited options for targeted therapy and high rates of metastasis, recurrence and death. Extracellular vesicles (EVs) have emerged as central mediato",https://pubmed.ncbi.nlm.nih.gov/42450243/,PubMed
Cascade-responsive HA-decorated liposome/mesoporous silica nanoplatform co-delivering BMF-219 and 5-FU enhances gastric cancer chemotherapy through Menin- and p53-associated apoptotic signaling.,"Wang Shanhu, Li Dongsheng, Zeng Fanshuo",Journal of experimental & clinical cancer research : CR,2026-07-15,"Our preliminary study found that Men1 is an oncogene and a potential therapeutic target in gastric cancer (GC). Chemotherapy remains a common therapeutic regimen for GC, but is frequently limited by multidrug resistance and poor intratumoral coordination of combination drugs. Targeting Menin may enhance chemotherapy sensitivity, but efficient co-delivery of Menin inhibitors and chemotherapeutics i",https://pubmed.ncbi.nlm.nih.gov/42449441/,PubMed
Functionalizing biomaterials for osseointegration - microRNAs at the crossroads of bone formation and immune modulation.,"Azari Mandana, Della Bella Elena, Wildemann Britt",Bone & joint research,2026-07-15,"MicroRNAs (miRNAs) play an important role in post-transcriptional gene regulation by binding to messenger RNA and thereby modulating protein synthesis and affecting cellular functions such as proliferation and apoptosis. In bone biology, miRNAs influence osseointegration, a process vital to the long-term success of orthopaedic implants. This process involves coordinated phases of inflammation, bon",https://pubmed.ncbi.nlm.nih.gov/42448311/,PubMed
Advances in RNA delivery to extrahepatic tissues and cells.,"Li Zhengyue, Guo Shuai, Huang Yuanyu",Journal of controlled release : official journal of the Controlled Release Society,2026-07-15,"Despite their transformative potential in treating genetic, neurological, and oncological disorders, the clinical application of RNA therapeutics remains largely confined to the liver. Current approved platforms rely on two fundamentally distinct hepatic delivery mechanisms. N-acetylgalactosamine (GalNAc) conjugation achieves liver targeting through designed, high-affinity binding to the asialogly",https://pubmed.ncbi.nlm.nih.gov/42447932/,PubMed
Targeted α-synuclein mRNA degradation by PMO-based RNA-degrading chimeras.,"Wang Ning, Hegde Shalakha, Tang Zhichao",Proceedings of the National Academy of Sciences of the United States of America,2026-07-15,"α-Synucleinopathies are devastating neurodegenerative diseases characterized by pathological accumulation of a neuronal protein, α-synuclein (αSyn). Lowering soluble αSyn levels is a promising therapeutic strategy to limit aggregation and neurotoxicity, but directly targeting this protein is hindered by its intrinsically disordered structure and other factors, such as its conformational heterogene",https://pubmed.ncbi.nlm.nih.gov/42446976/,PubMed
"MicroRNA: role in pathogenesis, problems of microRNA therapy, and future prospects.","Kugaevskaya E V, Timoshenko O S, Gureeva T A",Biomeditsinskaia khimiia,2026-07-15,"MicroRNAs are small non-coding RNA molecules of 20-24 nucleotides in length. They play a key role in regulation of gene expression by influencing stability and translation of mRNA in a wide range of biological processes. Since their discovery, a large number of microRNAs have been described, and significant progress has been made in elucidating their functions. Convincing evidence now exists that ",https://pubmed.ncbi.nlm.nih.gov/42446253/,PubMed
Lipid Nanoparticle Co-Delivery of mRNA and a Small Molecule Drug for Oral Cancer Chemoimmunotherapy.,"Padilla Marshall S, Li Jacqueline J, Zhang Qunzhou","Advanced materials (Deerfield Beach, Fla.)",2026-07-15,"Oral squamous cell carcinoma (OSCC) represents 90% of all head and neck cancers. Despite decades of research, the 5-year survival rate is 50%. Strikingly, the overall incidence rate is projected to increase by 30% in the next 10 years, which may result in a sharp increase in mortality. Two fundamental aspects of OSCC are that it progresses via the inactivation and mutation of tumor suppressor gene",https://pubmed.ncbi.nlm.nih.gov/42446053/,PubMed
Production of virus-like particles with AsCas12a nuclease and CMV-driven crRNA for mammalian genome editing.,"Kruglova Natalia A, Borovikova Sofiia E, Shepelev Mikhail V",Frontiers in genome editing,2026-07-15,"CRISPR/Cas genome editing tools represent a promising technology for biomedicine with significant therapeutic potential for numerous human diseases. However, efficient delivery of these tools into primary cells, particularly in the form of ribonucleoprotein (RNP) complexes, remains a critical bottleneck that limits clinical translation. Virus-like particles (VLPs) derived from human immunodeficien",https://pubmed.ncbi.nlm.nih.gov/42445839/,PubMed
Targeted Delivery of Schisandrin A to Cardiac Endothelium Alleviates Myocardial Ischemia-Reperfusion Injury via Suppression of Ferroptosis.,"Guan Xue, Li Xiaolei, Yang Jing",International journal of nanomedicine,2026-07-15,"Myocardial microvascular injury plays a critical role in myocardial ischemia‑reperfusion injury (MI/RI), and ferroptosis has emerged as an important contributor to cardiac damage. Although Schizandrin A (Sch) possesses cardioprotective effects, its clinical application is limited by poor stability and low bioavailability. This study aimed to develop a CMEC‑targeted delivery system for Sch and eval",https://pubmed.ncbi.nlm.nih.gov/42445825/,PubMed
Recent Progress in the Rational Design of mRNA Vaccines.,"Guo Zijia, Fu Jiayan, Ran Luna",Molecular therapy : the journal of the American Society of Gene Therapy,2026-07-15,"Messenger RNA (mRNA)-based vaccines, including circular RNA (circRNA) and self-amplifying RNA (saRNA), have emerged as the most transformative platforms, offering tremendous potential in prophylactic and therapeutic medicine, particularly in the prevention of infectious diseases and cancer immunotherapy. Nevertheless, their optimization remains limited by the instability of mRNA, its innate immuno",https://pubmed.ncbi.nlm.nih.gov/42444130/,PubMed
"Non-viral and non-lipid nanoparticles for RNA therapeutics: Design, applications, and preclinical studies.","Jiang Mingxia, Cao Qiannan, Fang Huapan",Journal of controlled release : official journal of the Controlled Release Society,2026-07-15,"RNA therapeutics have emerged as versatile platforms for gene modulation and protein expression in vaccination, oncology, genetic disorders, and inflammatory diseases. However, their broader clinical application remains limited by inefficient delivery, insufficient tissue specificity, inadequate intracellular bioavailability, and long-term safety concerns. This review examines non-viral and non-li",https://pubmed.ncbi.nlm.nih.gov/42442549/,PubMed
Manganese-Functionalized GelMA Hydrogels for MRI-Guided Immunotheranostics in Precision Oncology,"Motahareh Nazari, Keyvan Alavi",arXiv,2026-07-15,"Precision oncology requires multifunctional platforms capable of integrating accurate tumor diagnosis, localized therapeutic delivery, immune modulation, and real-time monitoring of treatment response. Gelatin methacryloyl (GelMA) hydrogels have emerged as versatile biomaterials for biomedical engineering because of their biocompatibility, extracellular matrix-like structure, tunable mechanical pr",http://arxiv.org/abs/2606.29599v1,arXiv
Reinforcement-guided generative protein language models enable de novo design of highly diverse AAV capsids,"Lucas Ferraz, Ana F. Rodrigues, Pedro Giesteira Cotovio",arXiv,2026-07-15,"Adeno-associated viral (AAV) vectors are widely used delivery platforms in gene therapy, and the design of improved capsids is key to expanding their therapeutic potential. A central challenge in AAV bioengineering, as in protein design more broadly, is the vast sequence design space relative to the scale of feasible experimental screening. Machine-guided generative approaches provide a powerful m",http://arxiv.org/abs/2603.19473v1,arXiv
Predicting Early and Complete Drug Release from Long-Acting Injectables Using Explainable Machine Learning,"Karla N. Robles, Manar D. Samad",arXiv,2026-07-15,"Polymer-based long-acting injectables (LAIs) have transformed the treatment of chronic diseases by enabling controlled drug delivery, thus reducing dosing frequency and extending therapeutic duration. Achieving controlled drug release from LAIs requires extensive optimization of the complex underlying physicochemical properties. Machine learning (ML) can accelerate LAI development by modeling the ",http://arxiv.org/abs/2601.02265v1,arXiv
The thermodynamics of pressure activated assembly of supramolecules in isochoric and isobaric systems,Boris Rubinsky,arXiv,2026-07-15,"The efficacy of cryopreservation is constrained by the difficulty of achieving sufficiently high intracellular concentrations of cryoprotective solutes without inducing osmotic injury or chemical toxicity during loading. This thermodynamic study introduces a new conceptual mechanism for cryoprotectant delivery into cells directly or through vascular perfusion. In this framework, effective cryoprot",http://arxiv.org/abs/2601.00599v1,arXiv
Pharmaceutical Engineering of Lipid-Based Nanocarriers for Cancer Nanomedicines: From Doxorubicin to mRNA Platforms.,"Gillman Liam, Suleski Djordji, Graham Mark E",ACS biomaterials science & engineering,2026-07-15,"Designing therapeutic payloads to deliver drug molecules to the desired target site is challenging and requires effective, stable, and safe delivery systems in cancer therapy. Lipid-based nanocarriers have gained substantial interest in preclinical and clinical studies in anticancer drugs, leveraging their potential for drug delivery over the last few decades. While lipid-based nanocarrier technol",https://pubmed.ncbi.nlm.nih.gov/42448603/,PubMed
Cepharanthine suppresses LMBV replication via cell cycle arrest and immunomodulation.,"Liu Bowen, Wang Mengmeng, Zhang Zheming",Fish & shellfish immunology,2026-07-15,"In recent years, the viral disease caused by largemouth bass virus (LMBV) has inflicted severe economic losses on China's largemouth bass (Micropterus salmoides) aquaculture, significantly restricting its development. As targeted antiviral drugs and commercial vaccines remain in the investigational stage, the discovery of novel antiviral agents to control LMBV infections is urgently needed. Conseq",https://pubmed.ncbi.nlm.nih.gov/42448070/,PubMed
Optimized Lipid Nanoparticles with Tail-Modified Ionizable Lipids for Safer mRNA Delivery.,"Bae Seo-Hyeon, Lee Jisun, Ahn Jae-Hun","Advanced science (Weinheim, Baden-Wurttemberg, Germany)",2026-07-15,"Despite the growing importance of lipid nanoparticles (LNPs) in mRNA therapeutics, current ionizable lipids, which comprise an ionizable head group, a linker, and hydrophobic tails that collectively govern the delivery behavior, exhibit dose-limiting toxicity and suboptimal efficiency. Hydrophobic tail chemistry has been implicated in these limitations; however, a systematic structure-activity rel",https://pubmed.ncbi.nlm.nih.gov/42446186/,PubMed
African swine fever virus MGF_110-3L and MGF_110-4L signal TLR2-mediated lethal inflammation.,"Wang Yue, Xia Tian, Shao Yu Huan",Protein & cell,2026-07-15,"African swine fever virus (ASFV) is a lethal pathogen that triggers uncontrolled cytokine storms and severe immunopathology. However, the viral factors responsible for systemic inflammation remain unclear. Here, we show that the ASFV-encoded proteins MGF_110-3L and MGF_110-4L are secreted via the conventional ER-Golgi pathway. Single-cell RNA sequencing of porcine PBMCs revealed that MGF_110-3L pr",https://pubmed.ncbi.nlm.nih.gov/42446133/,PubMed
CD4,"Cerqueira-Silva Thiago, Goodwin Benjamin, Araújo Cíntia",Frontiers in immunology,2026-07-15,"The pathogenesis of Long COVID (LC) remains poorly understood, with the analysis of immune responses often obscured by variables such as vaccination and reinfection. This study aimed to determine the primary immunological footprint of LC by examining a specific cohort that minimizes these confounding factors. We analyzed a Brazilian cohort of patients recruited between September 2020 and February ",https://pubmed.ncbi.nlm.nih.gov/42445202/,PubMed
Transition from Free to Paid Vaccination: Willingness to Pay for COVID-19 Booster Doses in Vietnam in the Post-Pandemic Era.,"Nguyen Thanh Van, Nguyen Cuong Tat, Bui Trang Huyen",ClinicoEconomics and outcomes research : CEOR,2026-07-15,"As COVID-19 transitions to an endemic stage, low- and middle-income countries face fiscal challenges in sustaining fully subsidized vaccination programs. This study aims to estimate the willingness to pay (WTP) for COVID-19 booster doses and identify determinants of demand among Vietnamese adults during the transition to a user-fee mechanism. A cross-sectional survey was conducted in 2024 in Thanh",https://pubmed.ncbi.nlm.nih.gov/42445106/,PubMed
A novel bivalent neoantigen vaccine based on mRNA-loaded lipid nanoparticles eradicates hepatocellular carcinoma in mice.,"Younis Mahmoud A, Sato Yusuke, Elewa Yaser H A",Journal of controlled release : official journal of the Controlled Release Society,2026-07-15,"Herein, we report the development of a novel bivalent neoantigen vaccine against hepatocellular carcinoma (HCC) that integrates the technologies of lipid nanoparticles (LNPs) and messenger RNA (mRNA) vaccines. A spleen-homing LNP formulation, CL15H6 LNPs, was used to deliver mRNAs encoding for the epitopes of HCC-specific neoantigens; Alpha fetoprotein (AFP) and Glypican 3 (GPC3), to splenic dendr",https://pubmed.ncbi.nlm.nih.gov/42442546/,PubMed
"Nasal immunity in respiratory viral infection, transmission, and protection.","Kazer Samuel W, Walsh Jaclyn M L, Juttukonda Lillian J",Immunity,2026-07-15,"The nasal mucosa plays key roles in protecting against airborne pathogens as the major barrier to the airway. Catalyzed by the COVID-19 pandemic, recent studies focusing on nasal immunity have begun to elucidate how epithelial and immune cells work in concert to fight viral infection, reduce spread to the lower airways, and limit onward transmission. Technologies such as single-cell RNA sequencing",https://pubmed.ncbi.nlm.nih.gov/42442360/,PubMed
Optimized seasonal influenza mRNA vaccine compositions demonstrate safety and enhanced immunogenicity in a phase 2 study.,"Fierro Carlos, Lin Miaoxin, Girard Bethany",Human vaccines & immunotherapeutics,2026-07-15,"Seasonal influenza causes considerable morbidity and mortality, with influenza A and B viruses driving most influenza-associated hospitalizations and deaths. Vaccination remains a key influenza prevention strategy; however, current seasonal influenza vaccines based on traditional platforms provide inconsistent protection. Messenger RNA - based vaccines may offer several key advantages over other v",https://pubmed.ncbi.nlm.nih.gov/42441816/,PubMed
Pre-existing Comorbidities as Potential Risk Modifiers for New-Onset Myocarditis and Pericarditis following mRNA COVID-19 Vaccination in Males Aged 18-30 in the United States: A Disproportionality Analysis using VAERS Spontaneous Reporting Data.,"Salem Mohammed Salah, Moride Yola, Bégaud Bernard",Drugs - real world outcomes,2026-07-15,"Rare cases of myocarditis and pericarditis following mRNA coronavirus disease-19 (COVID-19) vaccination have been reported, primarily among males under 30 years of age. Although the underlying mechanisms remain unclear, cardiovascular risk factors such as hypertension, diabetes, dyslipidemia, and obesity have been hypothesized as potential contributors. Using the Vaccine Adverse Event Reporting Sy",https://pubmed.ncbi.nlm.nih.gov/42440199/,PubMed
GC content mismatch of transgene destabilizes RNA virus genomes.,"Kawahara Sachiho, Nao Naganori, Tulakarnwong Sarun",Journal of virology,2026-07-15,"GC content-the proportion of guanine and cytosine nucleotides-varies widely among organisms and viruses. Although GC content is recognized to have biological significance, its functional role in viruses remains poorly understood. Here, we examined the impact of GC-content bias using three positive-sense single-stranded RNA viruses with distinct GC profiles: severe acute respiratory syndrome corona",https://pubmed.ncbi.nlm.nih.gov/42439551/,PubMed
Differential immune responses to SFTSV Gn and Gc mRNA vaccines in mice and dogs.,"Jiang Zezheng, Tian Li, Zhao Zhongxin",Microbiology spectrum,2026-07-15,"Severe fever with thrombocytopenia syndrome virus (SFTSV) is a tick-borne zoonotic pathogen with high mortality and no licensed vaccines. We developed two lipid nanoparticle-encapsulated mRNA vaccines encoding the Gn and Gc glycoproteins of SFTSV and evaluated their immunogenicity and protective efficacy in mice, as well as their immunogenicity in dogs. In mice, the Gn mRNA vaccine induced higher ",https://pubmed.ncbi.nlm.nih.gov/42439549/,PubMed
Modified Dendritic cells as a therapeutic platform in hematologic malignancies with translational insights from central nervous system tumors.,"Akbari Oryani Mahsa, Tabarsa Hossein, Hatamian Ghazaleh",Immunotherapy,2026-07-15,"Dendritic cell (DC) vaccines elicit specific immune responses capable of precisely eliminating target cells. In recent years, numerous studies have explored the use of DC vaccination for treating hematological malignancies such as acute myeloid leukemia (AML) and myelodysplastic syndromes (MDS), as well as various non-leukemic cancers. DCs are utilized primarily through two strategies-in situ and ",https://pubmed.ncbi.nlm.nih.gov/42438267/,PubMed
Advances in ,"Van Oers Florian, Katana Zoi, Flumens Donovan",Molecular therapy. Nucleic acids,2026-07-15,Electroporation of messenger RNA (mRNA) is an ,https://pubmed.ncbi.nlm.nih.gov/42437306/,PubMed
Sindbis virus self-amplifying replicon is compatible with modified nucleotides mediating expression and vaccine responses ,"Azizi Hiva, Agbayani Gerard, Renner Tyler M",Molecular therapy. Advances,2026-07-15,The advent of effective formulations based on RNA encapsulated within lipid nanoparticles has led to the evaluation of this technology for its ability to treat and prevent a wide range of diseases. Expansion of the RNA-based tool kit available to vaccine and drug developers will accelerate this development and hopefully produce more robust and cost-effective therapies. With its more sustained expr,https://pubmed.ncbi.nlm.nih.gov/42436853/,PubMed
"Genomic characterization of Mycoplasma bovis, Mannheimia haemolytica, and bovine viral diarrhea virus 1 from a bovine respiratory disease complex case.","Nielsen Daniel W, Holthausen David J, Goldkamp Anna K",BMC genomic data,2026-07-15,"Bovine respiratory disease (BRD) complex is a result of the interactions among pathogens, environmental factors, host factors, and management practices. Bacterial pathogens that contribute to BRD include Mycoplasma (Mycoplasmopsis) bovis, Mannheimia haemolytica, Pasteurella multocida, and Histophilus somni. Viral agents that contribute to BRD include bovine herpesvirus 1, bovine viral diarrhea vir",https://pubmed.ncbi.nlm.nih.gov/42436381/,PubMed
Single-nucleus transcriptomics-based drug screening platform for focal cortical dysplasia.,"Fang Chuantao, Meng Guilin, Yang Lin",Molecular psychiatry,2026-07-15,"Focal cortical dysplasias (FCDs) are a major cause of drug-resistant epilepsy, yet their molecular and pathological complexity has limited the development of effective antiseizure medications. Here, we performed single-nucleus RNA sequencing on 49 human neocortical specimens spanning FCDI-III. We identified prominent transcriptional alterations in non-neuronal populations, particularly astrocytes ",https://pubmed.ncbi.nlm.nih.gov/42436259/,PubMed
Transformer-Based Active Learning for Data-Efficient Vaccine Epitope Selection in PRRS,"Aspen Erlandsson Brisebois, Zahed Khatooni, Connor Burbridge",arXiv,2026-07-15,"High-fidelity molecular docking simulations can produce biologically relevant estimates of epitope-receptor binding affinity but are computationally expensive and therefore limit the number of candidates that can be screened for vaccine design. In this work, we evaluate machine learning (ML) approaches where variants of active learning are used to classify instances of high binding affinity betwee",http://arxiv.org/abs/2606.28659v1,arXiv
Exploring the Effects of Entanglement on Quantum Machine Learning of Pathogen Epitope-Receptor Binding,"Aspen Erlandsson Brisebois, Luis Pablo Gonzalez Dominguez, Shivansi Prajapati",arXiv,2026-07-15,"Parameterized quantum circuits (PQCs) provide a flexible substrate for hybrid quantum machine learning (QML), but their practical value on Noisy Intermediate-Scale Quantum (NISQ) devices remains an empirical question, especially because training depth and scale can introduce optimization challenges such as barren plateaus. Here we study how the number and topology of two-qubit entangling gates in ",http://arxiv.org/abs/2606.28655v1,arXiv
Iron overload disrupts bone homeostasis via TfR1-dependent ferroptosis and cGAS/STING-driven pyroptosis in pyogenic spondylitis.,"Xu Wenchao, Xu Qinpeng, Tan Hongdong",Frontiers in immunology,2026-07-15,"Pyogenic spondylitis (PS) accompanies with diverse destruction, especially the subsequent bone destruction, which leads to spine instability and severe neurological disability. However, the mechanism underlying bone loss induced by infection has not been elucidated. In this study, we aimed to reveal a novel mechanism of bone destruction in PS. To certify the involvement of iron overload in PS-indu",https://pubmed.ncbi.nlm.nih.gov/42454062/,PubMed
IGFBP-6 regulates SH2D4A expression to promote breast cancer cell cycle progression in response to progesterone.,"Lariz Francisco J, Bautista-Tovar Diana C, Lazo-Loya Alejandro",Frontiers in endocrinology,2026-07-15,"Insulin-like growth factor binding protein-6 (IGFBP-6) is induced by progesterone in breast cancer cells and regulates progesterone receptor (PR) via negative feedback. To further understand the mechanisms by which IGFBP-6 regulates PR and downstream signaling, proteomic analysis was performed in progesterone-treated T47D breast cancer cells following siRNA-mediated knockdown of IGFBP-6. Of the 86",https://pubmed.ncbi.nlm.nih.gov/42453504/,PubMed
STEAP4 drives immune dysregulation in myocardial infarction-NSCLC comorbidity.,"Liu Zhonghe, Yi Yuxi, Li Wenwen",Frontiers in cell and developmental biology,2026-07-15,"Myocardial infarction (MI) and non-small cell lung cancer (NSCLC) are leading causes of morbidity and mortality worldwide, with increasing evidence pointing to a complex comorbidity between them. However, the immunological mechanisms linking these two diseases remain largely unexplored. We integrated bioinformatics analysis with in vivo experimental validation. MI datasets (GSE48060, GSE83500) and",https://pubmed.ncbi.nlm.nih.gov/42453120/,PubMed
"Phenolmacrolide A, a Benzenoid Ansamycin from Marine-Derived ","Feng Fangjian, Wang Ran, Ju Zhiran",Journal of natural products,2026-07-15,"Ansamycins with diverse ring systems play an indispensable role in the pharmaceutical industry. A novel 20-membered ester-incorporating benzenoid ansamycin, phenolmacrolide A (",https://pubmed.ncbi.nlm.nih.gov/42453038/,PubMed
Interleukin 32 Expression in Mesothelioma.,"Mikamo Takuya, Niwa Riko, Hanamatsu Yuki",Thoracic cancer,2026-07-15,"Interleukin 32 (IL32) has context-dependent roles in carcinogenesis across cancer types. In this study, we examined IL32 in mesotheliomas. IL32 protein expression was evaluated by immunohistochemistry in 56 mesothelioma tissue microarray specimens and by immunoblot analysis in cultured mesothelioma cell lines. The functional roles of IL32 were examined through ectopic expression of IL32β and IL32θ",https://pubmed.ncbi.nlm.nih.gov/42452982/,PubMed
Emerging Therapies Targeting Lipoprotein(a): A Clinical Trial Landscape Review of Investigational Lp(a)-Lowering Therapies.,"Alotaibi Reema M, Al-Salmi Rimas H, Shosho Renad O",Journal of clinical medicine,2026-07-15,,https://pubmed.ncbi.nlm.nih.gov/42452692/,PubMed
Functional Analysis of the Histidine N-Methyltransferase SETD3 in Endometriosis.,"Poloczek Melanie, Ludwig Carolin Lisa Michaela, Surmann Hanna",International journal of molecular sciences,2026-07-15,"Endometriosis is a disease associated with pain symptoms and reduced fertility, characterized by the presence of endometrial tissue outside the uterus. ",https://pubmed.ncbi.nlm.nih.gov/42450335/,PubMed
Interaction Between PRDM14 and CBFA2T2 Supports Pluripotency and Proliferation in Germ Cell Tumors.,"Wood Deana Leah, Taylor Aaron Michael, Lombardi Jody Therieault",Cancers,2026-07-15,,https://pubmed.ncbi.nlm.nih.gov/42449632/,PubMed
Potent Anti-Glioblastoma Effects of Next-Generation MNK Inhibitors.,"Mazewski Candice, Perez Ricardo E, Vagadia Purav P",Cancers,2026-07-15,,https://pubmed.ncbi.nlm.nih.gov/42449630/,PubMed
Transcriptomic and metabolomic analyses reveal that lobeglitazone ameliorates hepatic steatosis in rats concurrent with regulation of mitochondrial pyruvate metabolism.,"Yang Hyekyung, Son Su Young, Song Youngmi",British journal of pharmacology,2026-07-15,"Lobeglitazone is a thiazolidinedione and PPARγ agonist that improves metabolic parameters and hepatic steatosis, but its mechanisms are not fully understood. This study investigated the effects of lobeglitazone on hepatic transcriptomic and metabolic profiles in a rat model of obesity and Type 2 diabetes mellitus. Male Otsuka Long-Evans Tokushima fatty rats were fed a high-fat, high-carbohydrate (",https://pubmed.ncbi.nlm.nih.gov/42448913/,PubMed
Hypoxia-induced inhibition of cell proliferation mediated by TFRC in mouse spermatogonial stem cells.,"Qian Lin, Zhang Yunchao, Guo Xu","Reproduction, fertility, and development",2026-07-15,"Hypoxia could have an impact on spermatogenesis. However, the mechanism by which hypoxia affects spermatogonial stem cells (SSC) is still unknown. This study aims to elucidate the impact of hypoxia on the proliferation of mouse SSC and explore the underlying mechanism. We established the hypoxia cultured C18-4 cell model using CoCl2. Cell counting kit-8 and 5-ethynyl-2'-deoxyuridine assays were us",https://pubmed.ncbi.nlm.nih.gov/42448600/,PubMed
Coordination of nuclear RNA processing by speckle-localized kinase TAOK2.,"Begg Bridget E, Tracey Matthew A, Gao Shengyan",Genes & development,2026-07-15,"Nuclear speckles are membraneless organelles that act as active splicing hubs especially at sites of high transcription. Emerging views of this dynamic subnuclear structure place it as a hub of RNA processing, impacting steps from transcription to nuclear export. To manage this complex microcosm of RNA metabolism, phosphorylation by kinases is required for nuclear speckles to execute their functio",https://pubmed.ncbi.nlm.nih.gov/42448566/,PubMed
"The priming factor, CAPS, mediates somatic exocytosis of serotonin.","Laguna Jose Arturo, Saroj Neeshu, Winchell Cristopher J",Neuroscience,2026-07-15,"The role of the vesicle priming factor CAPS (calcium-dependent activator protein for secretion) in somatic exocytosis of serotonin was studied in the large Retzius neuron of the leech. Increased electrical activity prompts Retzius neurons to release serotonin en masse solely from clusters of somatic dense-core vesicles (DCVs). This exocytosis is largely different from that at synapses, similar to ",https://pubmed.ncbi.nlm.nih.gov/42448279/,PubMed
Yiqi Huoxue Formula ameliorates endometriosis by suppressing NF-κB p65/NLRP3 inflammasome-associated pyroptotic signaling.,"Han Yuankun, Hu Panwei, Yang Shuo",Journal of ethnopharmacology,2026-07-15,"Yiqi Huoxue Formula (YQHXF) is an 11-herb hospital-based traditional Chinese medicinal formula developed according to the therapeutic principle of tonifying qi and activating blood circulation. Previous clinical application has suggested its relevance to postoperative ovarian endometriosis with qi deficiency and blood stasis; however, its pharmacological basis remains incompletely understood. This",https://pubmed.ncbi.nlm.nih.gov/42447973/,PubMed
Developing an epithelial signature for prognosis of papillary thyroid carcinoma.,"Wang Ziyuan, Xu Shu, Chen Xuechen",Endocrine-related cancer,2026-07-15,"Papillary thyroid carcinoma (PTC) shows heterogeneous clinical behavior, and current clinicopathologic factors do not fully capture epithelial aggressiveness or tumor microenvironment (TME) remodeling. We integrated single-cell RNA-sequencing (scRNA-seq) datasets from normal thyroid tissue, primary PTC, and lymph-node metastases to construct a cross-stage cellular atlas and to characterize epithel",https://pubmed.ncbi.nlm.nih.gov/42447050/,PubMed
DeepSilencer: A Novel Deep Learning Model for Predicting siRNA Knockdown Efficiency,"Wangdan Liao, Weidong Wang",arXiv,2026-07-15,"Background: Small interfering RNA (siRNA) is a promising therapeutic agent due to its ability to silence disease-related genes via RNA interference. While traditional machine learning and early deep learning methods have made progress in predicting siRNA efficacy, there remains significant room for improvement. Advanced deep learning techniques can enhance prediction accuracy, reducing the relianc",http://arxiv.org/abs/2503.04200v1,arXiv
Maturation of siRNA by strand separation: Steered Molecular dynamics study,"Rakesh K Mishra, Sanchita Mukherjee, Dhananjay Bhattacharyya",arXiv,2026-07-15,"RNA interference, particularly siRNA induced gene silencing is becoming an important avenue of modern therapeutics. The siRNA is delivered to the cells as short double helical RNA which becomes single stranded for forming the RISC complex. Significant experimental evidence is available for most of the steps except the process of the separation of the two strands. We have attempted to understand th",http://arxiv.org/abs/1910.03778v1,arXiv
Using a hydrogen-bond index to predict the gene-silencing efficiency of siRNA based on the local structure of mRNA,"Kathy Q. Luo, Donald C. Chang",arXiv,2026-07-15,The gene silencing effect of short interfering RNA (siRNA) is known to vary strongly with the targeted position of the mRNA. A number of hypotheses have been suggested to explain this phenomenon. We would like to test if this positional effect is mainly due to the secondary structure of the mRNA at the target site. We proposed that this structural factor can be characterized by a single parameter ,http://arxiv.org/abs/1710.07413v1,arXiv
Unraveling siRNA Unzipping Kinetics with Graphene,"Santosh Mogurampelly, Swati Panigrahi, Dhananjay Bhattacharyya",arXiv,2026-07-15,"Using all atom molecular dynamics simulations, we report spontaneous unzipping and strong binding of small interfering RNA (siRNA) on graphene. Our dispersion corrected density functional theory based calculations suggest that nucleosides of RNA have stronger attractive interactions with graphene as compared to DNA residues. These stronger interactions force the double stranded siRNA to spontaneou",http://arxiv.org/abs/1207.4569v1,arXiv
Unzipping and binding of small interfering RNA with single walled Carbon Nanotube: a platform for small interfering RNA delivery,"Mogurampelly Santosh, Swati Panigrahi, Dhananjay Bhattacharyya",arXiv,2026-07-15,"In an effort to design efficient platform for siRNA delivery, we combine all atom classical and quantum simulations to study the binding of small interfering RNA (siRNA) by pristine single wall carbon nanotube (SWCNT). Our results show that siRNA strongly binds to SWCNT surface via unzipping its base-pairs and the propensity of unzipping increases with the increase in the diameter of the SWCNTs. T",http://arxiv.org/abs/1203.2409v1,arXiv
Nanodiamond as a vector for siRNA delivery to Ewing sarcoma cells,"Anna Alhaddad, Marie-Pierre Adam, Jacques Botsoa",arXiv,2026-07-15,"We investigated the ability of diamond nanoparticles (nanodiamonds, NDs) to deliver small interfering RNA (siRNA) in Ewing sarcoma cells, in the perspective of in vivo anti-cancer nucleic acid drug delivery. siRNA was adsorbed onto NDs previously coated with cationic polymer. Cell uptake of NDs has been demonstrated by taking advantage of NDs intrinsic fluorescence coming from embedded color cente",http://arxiv.org/abs/1106.2252v2,arXiv
Target prediction and a statistical sampling algorithm for RNA-RNA interaction,"F. W. D. Huang, J. Qin, C. M. Reidys",arXiv,2026-07-15,"It has been proven that the accessibility of the target sites has a critical influence for miRNA and siRNA. In this paper, we present a program, rip2.0, not only the energetically most favorable targets site based on the hybrid-probability, but also a statistical sampling structure to illustrate the statistical characterization and representation of the Boltzmann ensemble of RNA-RNA interaction st",http://arxiv.org/abs/0908.0597v1,arXiv
In silico evidence of the relationship between miRNAs and siRNAs,"Ludovica Montanucci, Piero Fariselli, Pier Luigi Martelli",arXiv,2026-07-15,"Both short interfering RNAs (siRNAs) and microRNAs (miRNAs) mediate the repression of specific sequences of mRNA through the RNA interference pathway. In the last years several experiments have supported the hypothesis that siRNAs and miRNAs may be functionally interchangeable, at least in cultured cells. In this work we verify that this hypothesis is also supported by a computational evidence. We",http://arxiv.org/abs/0705.2355v1,arXiv
