title,authors,journal,date,abstract,link,source
Dysregulated circRNA expression profile and associated miRNA sponging in abnormal lung development in congenital diaphragmatic hernia.,"Jank Marietta, Aptekmann Arzu Ozturk, Tanaka Rina",Clinical and translational medicine,2026-09-11,"Circular RNAs (circRNAs) are stable, tissue- and developmental-stage-specific regulators of gene expression and candidate disease biomarkers. Their expression profile in abnormal lung development in congenital diaphragmatic hernia (CDH) is unknown. To evaluate circRNA expression profile in CDH-associated abnormal lung development. We profiled circRNAs in rat CDH and control lungs at embryonic day ",https://pubmed.ncbi.nlm.nih.gov/42723598/,PubMed
Testicular toll with viral intrusion: Molecular insights into the impact of chronic HIV infection on male fertility.,"Hediyal Tousif Ahmed, Stone Elizabeth M, Shukri Omar",Clinical and translational medicine,2026-09-11,"Human immunodeficiency virus (HIV) infection remains a major global health concern, compromising immune function and increasing susceptibility to opportunistic infections. Over the past two decades, fertility desire among people living with HIV has remained low due to poor health, fear of transmission and restrictive reproductive policies. In men, particularly those in advanced stages of infection",https://pubmed.ncbi.nlm.nih.gov/42723592/,PubMed
Amniotic fluid stem cells alleviate neuronal injury-related changes in spina bifida by inducing autophagy via regulating the FOXO1/STAT3 axis.,"Li Cuicui, Lin Hepu, Gao Hongwei",Organogenesis,2026-09-11,"Spina bifida (SB) is associated with progressive spinal cord injury and limited therapeutic options for neural protection. Amniotic fluid stem cells (AFSCs) have shown regenerative potential, but their effects on SB-related neuronal injury and the underlying mechanisms remain unclear. In this study, we investigated whether AFSCs alleviate neuronal injury-related changes in SB rats through the modu",https://pubmed.ncbi.nlm.nih.gov/42723550/,PubMed
Proteostasis in the regulation of pancreatic islet cell plasticity.,Shirakawa Jun,Journal of diabetes investigation,2026-09-11,"Pancreatic islet cells continuously synthesize and secrete large quantities of peptide hormones, making them uniquely dependent on robust proteostasis networks to maintain cellular function. Traditionally, the unfolded protein response (UPR) is considered a stress-responsive pathway that protects cells from endoplasmic reticulum (ER) dysfunction or triggers apoptosis when ER stress is excessive. H",https://pubmed.ncbi.nlm.nih.gov/42723547/,PubMed
Local Suppression of ,"Jiyun Yeo, Park Ju Young, Kwon Min Gyeong",Journal of microbiology and biotechnology,2026-09-11,"Diacylglycerol acyltransferase 2 (DGAT2) codes an enzyme which synthesize triglyceride by esterifying fatty acid to last portion of diacylglycerol backbone, and contributes to intramyocellular lipid metabolism. Small interfering RNA (siRNA)-mediated knockdown of ",https://pubmed.ncbi.nlm.nih.gov/42723533/,PubMed
c.1681-7 G>A Variant in the Factor XII Gene in a Family Diagnosed with HAE-FXII Does Not Affect Splice Site.,"Demirbag Karaali Merve, Pantir Retzep Simpel, Karali Zuhal","Pediatric allergy, immunology, and pulmonology",2026-09-11,,https://pubmed.ncbi.nlm.nih.gov/42723481/,PubMed
FTH1 mRNA-Protein Discordance in Cardiac Ferroptosis: Multilayer Posttranscriptional and Degradative Control.,"Zhou Feng, Zhou Jia-Bin, Yan Yi-Qing",Cardiovascular therapeutics,2026-09-11,"Ferritin heavy Chain 1 (FTH1) is a key protective factor against ferroptosis in the heart, yet its protein abundance can diverge from transcript levels in cardiac ferroptosis contexts. Since resistance to ferroptosis depends on FTH1 protein abundance rather than transcript levels and its ferroxidase activity cannot be readily compensated by other ferritin subunits, this mismatch is functionally co",https://pubmed.ncbi.nlm.nih.gov/42723477/,PubMed
Genomic Confirmation of HLA-A*02:94N By Next-Generation Sequencing.,"Merschman Jarret, Kreuter Justin, Millard Kevin",HLA,2026-09-11,The HLA-A*02:94N allele is characterised by a nonsense mutation in codon 89 in Exon 2.,https://pubmed.ncbi.nlm.nih.gov/42723419/,PubMed
Localized ribosome access and distal tuning via the Listeria prfA RNA thermometer.,"O'Steen Martin R, Chen Jocelyn V, Beier David H",Biophysical journal,2026-09-11,"RNA thermometers (RNATs) are temperature-responsive structures in 5' untranslated regions (UTRs) of some bacterial messenger RNA (mRNA) that control translation by modulating ribosome access. The Listeria monocytogenes prfA RNAT represses translation of PrfA (positive regulatory factor A), the master virulence regulator, at ambient temperature and activates it near the human host temperature (∼37 ",https://pubmed.ncbi.nlm.nih.gov/42723284/,PubMed
A De Novo Peptide That Induces Axonal Growth Through TrkB Activation.,"Maini Rumit, Tamada Kota, Fukuda Kunihiro",Chembiochem : a European journal of chemical biology,2026-09-11,"Brain-derived neurotrophic factor (BDNF) and its receptor, tropomyosin-related kinase B (TrkB), are key regulators of neuronal survival and synaptic plasticity. Impaired BDNF-TrkB signaling is strongly implicated in neurodegenerative and neuropsychiatric disorders, including Alzheimer's disease and major depressive disorder. However, the clinical use of BDNF is limited by poor pharmacokinetics and",https://pubmed.ncbi.nlm.nih.gov/42723246/,PubMed
Reversing Macrophage Immunometabolic Dysfunction in Prolonged Infections Via a Glutaminolysis-Fueled Restoration-Based Hierarchically Selective Therapeutic System.,"Yang Weinan, An Zihao, Cai Honglu","Advanced science (Weinheim, Baden-Wurttemberg, Germany)",2026-09-11,"Prolonged implant-associated bone infection (IBI) fosters an immunosuppressive niche by disrupting the essential immunometabolic reprogramming required for macrophages to support antibacterial immune responses. Mechanistically, our work demonstrates that prolonged infection substantially impairs macrophage immune function by triggering a profound downregulation of glutaminase 1 (GLS1) to stifle gl",https://pubmed.ncbi.nlm.nih.gov/42723187/,PubMed
Integrated transcriptomic and proteomic profiling reveals alteration of oxidative phosphorylation in omega-3 polyunsaturated fatty acid-mediated inhibition of Candida albicans biofilm formation.,"Wang Shuai, Wang Peng, Liu Yan",BMC microbiology,2026-09-11,"Candida albicans biofilms are highly tolerant to conventional antifungals, posing a major clinical challenge. Omega-3 polyunsaturated fatty acids (PUFAs), particularly docosahexaenoic acid (DHA) and eicosapentaenoic acid (EPA), exhibit antibiofilm activity, but their mechanisms remain incompletely understood. Integrated transcriptomic and proteomic approaches were used to investigate the antibiofi",https://pubmed.ncbi.nlm.nih.gov/42723011/,PubMed
COVID-19 vaccination around immune checkpoint inhibitor start and survival in a nationwide cohort of patients with cancer.,"Salem Joe-Elie, Curmin Raphaelle, Ajrouche Aya",Nature medicine,2026-09-11,"Experimental data suggest that COVID-19 vaccination could modulate immune checkpoint inhibitor (ICI) effects, but population evidence is limited. Using the French health data system (Système National des Données de Santé), we identified 95,015 adults initiating ICI therapy between December 2020 and March 2023. We assessed mRNA vaccination within 100 days before ICI initiation using inverse probabi",https://pubmed.ncbi.nlm.nih.gov/42722885/,PubMed
ALKBH5 activates creatine-driven thermogenesis by stabilizing CKB mRNA in response to cold.,"Zhang Yinliang, Du Chunyuan, Qiao Wei",Nature metabolism,2026-09-11,Non-shivering thermogenesis contributes to increased energy expenditure and can be a potential therapy to combat obesity. Here we show that the adipose tissue N,https://pubmed.ncbi.nlm.nih.gov/42722879/,PubMed
"CircRHBDD1(4,5) drives malignant progression of oral squamous cell carcinoma by enhancing DKK1 mRNA stability through facilitating m","Ren Daixi, Zhang Jiarong, Huang Mao",Oncogene,2026-09-11,"Oral squamous cell carcinoma (OSCC) is a malignant tumor arising from the oral mucosa and is highly prevalent in Southeast Asia and the Pacific region. Recurrence and metastasis significantly contribute to poor clinical outcomes, highlighting the importance of understanding the underlying molecular mechanisms. Circular RNAs (circRNAs), a class of covalently closed non-coding RNAs, have emerged as ",https://pubmed.ncbi.nlm.nih.gov/42722719/,PubMed
Mannatide modulates immune response and gut microbiota in cyclophosphamide-induced immunosuppressed BALB/c mice.,"Feng Yanjiao, Zeng Yue, Zhang Xue",International journal of biological macromolecules,2026-09-11,"Mannatide, a polysaccharide-based immunomodulator, has been widely used in China to enhance immune function, yet its mechanisms remain underexplored. This study investigated the immunoprotective effects of Mannatide in cyclophosphamide (CTX)-induced immunosuppressed mice, focusing on modulation of the gut microbiota and associated signalling pathways. Results demonstrated that Mannatide restored i",https://pubmed.ncbi.nlm.nih.gov/42722258/,PubMed
Molecular identification of NF-κB subunit RelA in Manila clam (Ruditapes philippinarum) and its regulatory role in inflammatory response during Vibrio parahaemolyticus infection.,"Feng Haodong, Yu Tian, Liang Jiaxin",Fish & shellfish immunology,2026-09-11,"The RelA subunit is a core component of the nuclear factor-kappa B (NF-κB) family and plays a pivotal role in regulating immune and inflammatory responses across vertebrates and invertebrates. However, its functional role remains poorly defined in marine bivalves. In this study, a RelA homolog (RpRelA) was identified and functionally characterized in the Manila clam (Ruditapes philippinarum). The ",https://pubmed.ncbi.nlm.nih.gov/42722177/,PubMed
Synergistic RNA therapy for scar reduction: co-delivery mRNA and siRNA attenuates MDA5/RIG-I activation to enhance anti-fibrotic efficacy.,"Wang Lefeng, Yuan Huiming, Mou Yujie",Journal of controlled release : official journal of the Controlled Release Society,2026-09-11,"Fibrotic diseases including corneal scarring and hypertrophic skin scarring cause visual impairment, disfigurement, and functional limitations with limited clinical therapeutic options. mRNA-based therapies are promising but hampered by the intrinsic immunogenicity of mRNA-loaded lipid nanoparticles. Here, we developed a LNP-mediated co-delivery system (Co-delivery@LNPs) encapsulating ID3 mRNA and",https://pubmed.ncbi.nlm.nih.gov/42722164/,PubMed
mRNA vaccines for glioblastoma: integrating multiomics and nanomedicine to overcome spatiotemporal heterogeneity.,"Zhang Shaoxing, Yuan Shuying, Feng Sizhe",Journal of controlled release : official journal of the Controlled Release Society,2026-09-11,"Glioblastoma (GBM) remains among the most lethal central nervous system (CNS) malignancies, characterized by inevitable recurrence and dismal prognosis. GBM exhibits profound spatiotemporal heterogeneity, continuously evading the immune system and developing drug resistance, which results in limited efficacy of traditional therapies. In this context, mRNA vaccines have emerged as a programmable im",https://pubmed.ncbi.nlm.nih.gov/42722161/,PubMed
HUWE1-mediated ubiquitination and degradation of TTC4 aggravates allergic rhinitis via inhibiting PINK1/parkin-dependent mitophagy and promoting FKBP5/NF-κB-induced Treg/Th17 imbalance: HUWE1-mediated TTC4 ubiquitination and degradation aggravates AR.,"Huo Yuting, Liu Zhihui, Mao Zhu",Archives of biochemistry and biophysics,2026-09-11,"Previously, we proved that tetratricopeptide repeat domain 4 (TTC4) protected against inflammatory injury in allergic rhinitis (AR). This study further explored whether HECT, UBA, and WWE domain containing protein 1 (HUWE1) functions as an E3 ubiquitin ligase targeting TTC4 to participate in AR pathogenesis. HNEpCs were stimulated with IL-13 in vitro, and mice were sensitized with ovalbumin to est",https://pubmed.ncbi.nlm.nih.gov/42722119/,PubMed
Optimizing RNA yield using deep neural networks coupled to massively parallel screening,"Dinghai Zheng, Justin Hong, Jun Wang",arXiv,2026-09-11,"Messenger RNA (mRNA)-based therapeutics have emerged as a powerful platform for vaccines, protein replacement therapies, and cancer immunotherapy. A critical bottleneck in mRNA development is manufacturing large quantities of RNA economically, as measured by RNA yield emerging from an in vitro transcription (IVT) reaction. However, how promoter-adjacent DNA sequences influence RNA yield remains po",http://arxiv.org/abs/2608.23722v1,arXiv
Energy-efficient codon optimization on thermodynamic hardware,"Andraz Jelincic, Ross C. Walker",arXiv,2026-09-11,"The growing energy demand for computation is becoming increasingly unsustainable. Thermodynamic computing, which harnesses physical thermal fluctuations as a computational resource rather than suppressing them, offers orders-of-magnitude energy savings for probabilistic and combinatorial tasks. Pharmaceutical R&D, heavily reliant on computational optimization and sampling, is a natural application",http://arxiv.org/abs/2606.17327v1,arXiv
mRNAutilus: Multi-Objective-Guided Discrete Generation of mRNA with Optimized Therapeutic Properties,"Sawan Patel, Sophia Tang, Yesol Kim",arXiv,2026-09-11,"Therapeutic mRNA design requires coordinating multiple interacting sequence features across the full transcript, where codon usage, untranslated regions (UTRs), and their coupling jointly determine stability, translation efficiency, and protein expression. Here, we present mRNA generation via unrolled trajectories and informed latent updates (mRNAutilus), a framework for simultaneous codon optimiz",http://arxiv.org/abs/2605.31296v1,arXiv
Sampling-based Continuous Optimization for Messenger RNA Design,"Feipeng Yue, Ning Dai, Wei Yu Tang",arXiv,2026-09-11,"Designing messenger RNA (mRNA) sequences for a fixed target protein requires searching an exponentially large synonymous space while optimizing properties that affect stability and downstream performance. This is challenging because practical mRNA design involves multiple coupled objectives beyond classical folding criteria, and different applications prefer different trade-offs. We propose a gene",http://arxiv.org/abs/2603.06559v1,arXiv
Drug-like antibodies with low immunogenicity in human panels designed with Latent-X2," Latent Labs Team, Henry Kenlay, Daniella Pretorius",arXiv,2026-09-11,"Drug discovery has long sought computational systems capable of designing drug-like molecules directly: developable and non-immunogenic from the start. Here we introduce Latent-X2, a frontier generative model that achieves this goal through zero-shot design of antibodies with strong binding affinities, drug-like properties, and, for the first time for any de novo generated antibody, confirmed low ",http://arxiv.org/abs/2512.20263v1,arXiv
"RNAGenScape: Property-Guided, Optimized Generation of mRNA Sequences with Manifold Langevin Dynamics","Danqi Liao, Chen Liu, Xingzhi Sun",arXiv,2026-09-11,"Generating property-optimized mRNA sequences is central to applications such as vaccine design and protein replacement therapy, but remains challenging due to limited data, complex sequence-function relationships, and the narrow space of biologically viable sequences. Generative methods that drift away from the data manifold can yield sequences that fail to fold, translate poorly, or are otherwise",http://arxiv.org/abs/2510.24736v3,arXiv
The proportional scaling of mRNA and ribosome concentrations controls eukaryotic cell growth,"Xin Gao, Michael Lanz, Rosslyn Grosely",arXiv,2026-09-11,"Cell growth underlies nearly all eukaryotic physiology, yet its quantitative principles remain unclear. Using single-molecule ribosome tracking, spike-in RNA sequencing, and quantitative proteomics across 15 nutrient-limited conditions in budding yeast, we define how growth is controlled in the budding yeast Saccharomyces cerevisiae. Ribosome concentration scales linearly with growth rate, while p",http://arxiv.org/abs/2508.14997v2,arXiv
mRNA Folding Algorithms for Structure and Codon Optimization,"Max Ward, Mary Richardson, Mihir Metkar",arXiv,2026-09-11,"mRNA technology has revolutionized vaccine development, protein replacement therapies, and cancer immunotherapies, offering rapid production and precise control over sequence and efficacy. However, the inherent instability of mRNA poses significant challenges for drug storage and distribution, particularly in resource-limited regions. Co-optimizing RNA structure and codon choice has emerged as a p",http://arxiv.org/abs/2503.19273v1,arXiv
Generative Model for Synthesizing Ionizable Lipids: A Monte Carlo Tree Search Approach,"Jingyi Zhao, Yuxuan Ou, Austin Tripp",arXiv,2026-09-11,"Ionizable lipids are essential in developing lipid nanoparticles (LNPs) for effective messenger RNA (mRNA) delivery. While traditional methods for designing new ionizable lipids are typically time-consuming, deep generative models have emerged as a powerful solution, significantly accelerating the molecular discovery process. However, a practical challenge arises as the molecular structures genera",http://arxiv.org/abs/2412.00807v1,arXiv
Machine learning framework to predict the performance of lipid nanoparticles for nucleic acid delivery,"Gaurav Kumar, Arezoo M. Ardekani",arXiv,2026-09-11,"Lipid nanoparticles (LNPs) are highly effective carriers for gene therapies, including mRNA and siRNA delivery, due to their ability to transport nucleic acids across biological membranes, low cytotoxicity, improved pharmacokinetics, and scalability. A typical approach to formulate LNPs is to establish a quantitative structure-activity relationship (QSAR) between their compositions and in vitro/in",http://arxiv.org/abs/2411.14293v1,arXiv
Joint Design of 5' Untranslated Region and Coding Sequence of mRNA,"Yang Liu, Jie Gao, Xiaonan Zhang",arXiv,2026-09-11,"Messenger RNA (mRNA) vaccines and therapeutics are emerging as powerful tools against a variety of diseases, including infectious diseases and cancer. The design of mRNA molecules, particularly the untranslated region (UTR) and coding sequence (CDS) is crucial for optimizing translation efficiency and stability. Current design approaches generally focus solely on either the 5' UTR or the CDS, whic",http://arxiv.org/abs/2410.20781v1,arXiv
Bacterial stress granule protects mRNA through ribonucleases exclusion,"Linsen Pei, Yujia Xian, Xiaodan Yan",arXiv,2026-09-11,"Membraneless droplets formed through liquid-liquid phase separation (LLPS) play a crucial role in mRNA storage, enabling organisms to swiftly respond to environmental changes. However, the mechanisms underlying mRNA integration and protection within droplets remain unclear. Here, we unravel the role of bacterial aggresomes as stress granules (SGs) in safeguarding mRNA during stress. We discovered ",http://arxiv.org/abs/2404.17873v2,arXiv
"Hypolipidemic effect of brown seaweed (Sargassum crassifolium) extract in vivo (Study of histopathology, mRNA expression, and immunohistochemistry (IHC) with VCAM-1, ICAM-1, and MCP-1 parameters)","Sarah Zaidan, Syamsudin Abdillah, Nur Arfian",arXiv,2026-09-11,The purpose of this study was to obtain natural drugs from brown seaweed (Sargassum crassifolium) as antiatherosclerosis candidates through the study of hypolipidemic mechanisms of action. Modeling of dyslipidemia rats was carried out by feeding high-fat (HFF) and doses of crude fucoidan 100. 200. 400mg / KgBB. in both treatments measured blood lipid profile levels taken from the orbital sinuses. ,http://arxiv.org/abs/2402.07497v1,arXiv
Machine Learning Modeling Of SiRNA Structure-Potency Relationship With Applications Against Sars-Cov-2 Spike Gene,Damilola Oshunyinka,arXiv,2026-09-11,"The pharmaceutical Research and development (R&D) process is lengthy and costly, taking nearly a decade to bring a new drug to the market. However, advancements in biotechnology, computational methods, and machine learning algorithms have the potential to revolutionize drug discovery, speeding up the process and improving patient outcomes. The COVID-19 pandemic has further accelerated and deepened",http://arxiv.org/abs/2401.12232v1,arXiv
Messenger RNA Design via Expected Partition Function and Continuous Optimization,"Ning Dai, Wei Yu Tang, Tianshuo Zhou",arXiv,2026-09-11,"The tasks of designing RNAs are discrete optimization problems, and several versions of these problems are NP-hard. As an alternative to commonly used local search methods, we formulate these problems as continuous optimization and develop a general framework for this optimization based on a generalization of classical partition function which we call ""expected partition function"". The basic idea ",http://arxiv.org/abs/2401.00037v2,arXiv
Machine Learning-guided Lipid Nanoparticle Design for mRNA Delivery,"Daisy Yi Ding, Yuhui Zhang, Yuan Jia",arXiv,2026-09-11,"While RNA technologies hold immense therapeutic potential in a range of applications from vaccination to gene editing, the broad implementation of these technologies is hindered by the challenge of delivering these agents effectively. Lipid nanoparticles have emerged as one of the most widely used delivery agents, but their design optimization relies on laborious and costly experimental methods. W",http://arxiv.org/abs/2308.01402v2,arXiv
Corrected Hill Function in Stochastic Gene Regulatory Networks,"Manuel Eduardo Hernández-García, Jorge Velázquez-Castro",arXiv,2026-09-11,"Describing reaction rates in stochastic bio-circuits is commonly done by directly introducing the deterministically deduced Hill function into the master equation. However, when fluctuations in enzymatic reaction rates are not neglectable, the Hill function must be derived, considering all the involved stochastic reactions. In this work, we derived the stochastic version of the Hill function from ",http://arxiv.org/abs/2307.03057v4,arXiv
Stochastic dynamics and ribosome-RNAP interactions in Transcription-Translation Coupling,"Xiangting Li, Tom Chou",arXiv,2026-09-11,"Under certain cellular conditions, transcription and mRNA translation in prokaryotes appear to be ""coupled,"" in which the formation of mRNA transcript and production of its associated protein are temporally correlated. Such transcription-translation coupling (TTC) has been evoked as a mechanism that speeds up the overall process, provides protection during the transcription, and/or regulates the t",http://arxiv.org/abs/2207.04568v1,arXiv
Coronavirus RNA Sensor Using Single-Stranded DNA Bonded to Sub-Percolated Gold Films on Monolayer Graphene Field-Effect Transistors,"Nicholas E. Fuhr, Mohamed Azize, David J. Bishop",arXiv,2026-09-11,"Electrical detection of messenger ribonucleic acid (mRNA) is a promising approach to enhancing transcriptomics and disease diagnostics because of its sensitivity, rapidity, and modularity. Reported here is a fast SARS-CoV-2 mRNA biosensor (<1 minute) with a limit of detection of 1 aM, and dynamic range of 4 orders of magnitude and a linear sensitivity of 22 mV per molar decade. These figures of me",http://arxiv.org/abs/2205.05143v1,arXiv
Deep learning models for predicting RNA degradation via dual crowdsourcing,"Hannah K. Wayment-Steele, Wipapat Kladwang, Andrew M. Watkins",arXiv,2026-09-11,"Messenger RNA-based medicines hold immense potential, as evidenced by their rapid deployment as COVID-19 vaccines. However, worldwide distribution of mRNA molecules has been limited by their thermostability, which is fundamentally limited by the intrinsic instability of RNA molecules to a chemical degradation reaction called in-line hydrolysis. Predicting the degradation of an RNA molecule is a ke",http://arxiv.org/abs/2110.07531v2,arXiv
RNAi-mediated HBV antigen shutdown enhances the antiviral immune effects of PEGIFNα via T and B cell crosstalk remodeling.,"Zai Wenjing, Hu Kongying, He Mengying",Clinical and molecular hepatology,2026-09-11,"PEGylated interferon-α (PEGIFNα) shows promise in treating chronic hepatitis B (CHB), yet patient response remains suboptimal. While suppressing hepatitis B virus (HBV) antigens by RNA interference (RNAi) could enhance PEGIFNα efficacy in CHB patients, the underlying immunological mechanisms remain obscure. Using our newly established extracellular humanized IFNAR (IFNAR-hEC) mouse model of chroni",https://pubmed.ncbi.nlm.nih.gov/42723512/,PubMed
"Eriocheir sinensis 14-3-3ζ regulates hemocyte phagocytosis, apoptosis and antimicrobial peptide expression during Spiroplasma eriocheiris infection.","Deng Han, Ma Yubo, Wei Bin",Fish & shellfish immunology,2026-09-11,"Tremor disease, caused by Spiroplasma eriocheiris in the Chinese mitten crab (Eriocheir sinensis), is highly destructive, leading to mass mortality and substantial economic losses in crab aquaculture. Our previous studies have confirmed that E. sinensis 14-3-3ζ (Es14-3-3ζ) contributes to host defense against S. eriocheiris infection in crabs. However, the detailed mechanism by which Es14-3-3ζ regu",https://pubmed.ncbi.nlm.nih.gov/42722175/,PubMed
WSSV exploits host glycolytic reprogramming to promote hemocyanin lactylation and enhance cell-associated WSSV levels in shrimp.,"Ren Xinyue, Chen Baiqiao, Luo Kai",Fish & shellfish immunology,2026-09-11,"White spot syndrome virus (WSSV) is a major pathogen in shrimp aquaculture, yet how virus-induced metabolic rewiring alters immune effector function remains poorly understood. Here, we show that WSSV infection in Litopenaeus vannamei induces a Warburg-like metabolic shift characterized by increased glucose uptake, transcriptional activation of glycolytic genes, lactate accumulation, and reduced ac",https://pubmed.ncbi.nlm.nih.gov/42722174/,PubMed
Elevated mitochondrial superoxide promotes longevity through a mitochondria-to-nucleus kinase signaling pathway.,"Anglas Ulrich, Tamez González Aura A, Promi Maisha M",Redox biology,2026-09-11,"The reactive oxygen species superoxide is generated by mitochondria during the process of producing energy. While superoxide can cause oxidative damage to the cell, we and others have shown that a mild increase in mitochondrial superoxide extends longevity in multiple model organisms. To elucidate the molecular mechanisms involved, we identified transcriptional changes in mitochondrial superoxide ",https://pubmed.ncbi.nlm.nih.gov/42721646/,PubMed
Development and evaluation of a single-tube RT-ERA-CRISPR/Cas12a assay for simultaneous detection of enterovirus G and recombinant strains with papain-like cysteine protease gene insertion.,"Lu Danfeng, Li Zhanhong, Zhu Pei",Veterinary research communications,2026-09-11,"Enterovirus G (EV-G) strains carrying the papain-like cysteine protease (PLCP) gene insertion have recently emerged as important pathogens associated with diarrhea in weaned piglets. Herein, a single-tube reverse transcription-enzymatic recombinase amplification coupled with CRISPR/Cas12a (RT-ERA-CRISPR/Cas12a) dual-readout assay was established to concurrently detect pan-EV-G via conserved RNA-de",https://pubmed.ncbi.nlm.nih.gov/42720869/,PubMed
Enhancing the Safety of Nanoparticles in Medicine: Highlights of Progress and Critical Objectives.,"Ramos Tais Magne, Alencar Luciana Magalhães Rebelo, Ricci-Junior Eduardo",International journal of nanomedicine,2026-09-11,"Nanoparticles have transformed drug delivery, imaging, vaccination, and precision therapeutics, but their clinical translation remains constrained by safety profiles that are inseparable from material design, biological identity, host factors, and manufacturing. This review critically evaluates recent progress, persistent limitations, and priority objectives for safer nanomedicine. Unlike reviews ",https://pubmed.ncbi.nlm.nih.gov/42719428/,PubMed
METTL3 Promotes Lipid Deposition and Pulmonary Fibrosis by Destabilizing PLIN2 in a m6A-Dependent Manner.,"Liu Qiping, Xu Rui, Du Xianzhi",Journal of cellular and molecular medicine,2026-09-11,"Idiopathic pulmonary fibrosis (IPF) is a lethal lung disorder that is associated with aberrant lipid metabolism. N6-methyladenosine (m6A) methylation is involved in IPF progression. However, whether METTL3, a m6A methyltransferase, modulates lipid metabolism in IPF remains unknown. In this study, we aimed to investigate the effects of METTL3 on fibrosis and lipid accumulation and identify the mole",https://pubmed.ncbi.nlm.nih.gov/42717476/,PubMed
EFTUD2-Regulated Alternative Splicing of MSH5 Drives Radioresistance in Recurrent IDH-Mutant Glioma.,"He Qiu, Wu Runxin, Yu Xiaozhou",Neuro-oncology,2026-09-11,"Recurrent IDH-mutant gliomas frequently acquire increased radioresistance, leading to poorer outcomes. Their underlying mechanisms, however, remain largely unknown. We hypothesize that dysregulated RNA alternative splicing (AS) during IDH-mutant glioma recurrence contributes to the enhanced radioresistance by influencing critical cellular pathways. RNA sequencing of paired primary and recurrent ID",https://pubmed.ncbi.nlm.nih.gov/42717441/,PubMed
Chitosan-dsRNA improves tissue stability and delivery for RNAi-mediated Varroa destructor control.,"Kim Sanghyeon, Mahalle Rashmi Manohar, Jeong Hoe Nan",Pest management science,2026-09-11,"Varroa destructor is an ectoparasitic mite and a major threat to honey-bee colony health worldwide. RNA interference (RNAi) offers a potentially species-specific approach for mite control, but practical application is limited by double-stranded RNA (dsRNA) degradation and inefficient delivery to mites. This study evaluated coatomer protein I (COPI) complex subunits as RNAi targets and tested wheth",https://pubmed.ncbi.nlm.nih.gov/42717425/,PubMed
Towards efficient perturbation for the noncoding genome.,"Zhang Han, Luo Shijie, Wang Xiaofeng",Nature communications,2026-09-11,"Deciphering the functionality of the noncoding genome, which includes important cis-regulatory elements (CREs) and transcribed noncoding RNA genes, remains technically challenging. Here, using massively parallel genetic screening, we systematically benchmark the performance of five representative loss-of-function perturbation tools, including single-guide RNA (gRNA) mediated SpCas9 cleavage or CRI",https://pubmed.ncbi.nlm.nih.gov/42717197/,PubMed
Exploring the Therapeutic Impact of Targeting Brk in Epithelial-Derived Cancer Cells.,"Kozaki Ryohei, Hotta Shingo, Teraishi Koji",Biological & pharmaceutical bulletin,2026-09-11,"Breast tumor kinase (Brk) is highly expressed in breast cancer and plays essential roles in tumor cell survival, proliferation, migration, and invasion. Previous studies have validated Brk as a potential therapeutic target in breast cancer using genetic knockdown and small-molecule inhibitors. However, the therapeutic potential of Brk inhibition has not been investigated in non-breast epithelial c",https://pubmed.ncbi.nlm.nih.gov/42716793/,PubMed
Implications of temperature on sex ratio and fecundity in Amblyseius orientalis (Acari: Phytoseiidae): evidence from sex-determination gene expression.,"Jiang Chenyu, Xin Tianrong, Wang Haifeng",Journal of economic entomology,2026-09-11,"Global agricultural pest control urgently requires sustainable alternatives to chemical pesticides. This underscores the crucial role of biological control using natural enemies, such as Amblyseius orientalis, in managing pests in citrus orchards. Enhancing its biocontrol efficacy hinges on optimizing reproductive potential, primarily influenced by female proportion. While temperature is a known e",https://pubmed.ncbi.nlm.nih.gov/42715247/,PubMed
α-Galactosyl residues on Trypanosoma cruzi trypomastigote glycoconjugates contribute to host-cell invasion via Galectin-3 and Annexin A2-S100A10 complex.,"Ganiko Luciane, Nakayasu Ernesto S, da Silva Ferreira Marina",The Biochemical journal,2026-09-11,"Linear, nonreducing terminal a-galactopyranosyl (a-Gal) epitopes are displayed on the major surface glycosylphosphatidylinositol (GPI)-anchored glycoconjugates of infective Trypanosoma cruzi trypomastigotes, the agent of Chagas disease (CD). These immunodominant epitopes elicit abundant (3-5% of circulating IgG), trypanolytic CD anti-a-Gal antibodies, yet their role on the parasite surface remains",https://pubmed.ncbi.nlm.nih.gov/42714573/,PubMed
Matrine-Tea Saponin Synergism Involves Suppressed Detoxification and Digestion in a Leaf Beetle.,"Khan Owais, Li Xiayu, Zhang Yanping",Integrative zoology,2026-09-11,"Botanical pesticide mixtures offer a sustainable strategy to enhance insecticidal activity and mitigate resistance. The leaf beetle Plagiodera versicolora, a destructive defoliator in forests and urban ecosystems, poses a growing management challenge. This study investigates the individual toxicity, synergistic effects, and underlying molecular mechanisms of two representative botanical agents, ma",https://pubmed.ncbi.nlm.nih.gov/42713821/,PubMed
Repurposing of lansoprazole and nitazoxanide as NR2F2 inhibitors in the gastric cancer cell line GCIY: computational insights and siRNA-mediated ,"Culletta Giulia, Roomi Muhammad Sohaib, Caricasulo Maria Azzurra",Frontiers in chemistry,2026-09-11,"Nuclear receptors (NRs) are a superfamily of ligand-activated transcription factors that mediate the cellular response to hormones, vitamins, and dietary lipids, thus orchestrating numerous physiological processes and influencing multiple disease states. Within this superfamily, NR2Fs, also known as Chicken Ovalbumin Upstream Promoter Transcription Factor (COUP-TF), are a family of nuclear orphan ",https://pubmed.ncbi.nlm.nih.gov/42712908/,PubMed
'Guide and Prejudice'- How Argonautes recognize targets across domains of life.,Bravo Jack P K,FEBS letters,2026-09-11,"Argonaute proteins mediate RNA interference in eukaryotes and nucleic-acid defence in prokaryotes. Although these systems operate in distinct biological contexts and produce diverse downstream outcomes, they share a conserved structural architecture and mechanism of guide-dependent target recognition. Here, we argue that Argonautes function as programmable surveillance platforms that kinetically s",https://pubmed.ncbi.nlm.nih.gov/42711859/,PubMed
Sequential Precise Targeted Hepatitis B Virus Therapy: Hepatitis B Virus-Specific Small Interfering RNA Followed by Aggregation-Induced Emission-Photothermal Ablation Based on Macrophage Membrane-Coated Nanoplatform.,"Wei Zihui, Gao Lixia, Zheng Mengting",ACS applied bio materials,2026-09-11,"Chronic hepatitis B (CHB) afflicts approximately 254 million people worldwide and is responsible for more than one million deaths annually. Intrahepatic persistence of covalently closed circular DNA (cccDNA), the episomal transcriptional template of hepatitis B virus (HBV), sustains chronic replication, blunts the efficacy of antiviral therapy, and precipitates virological relapse once treatment i",https://pubmed.ncbi.nlm.nih.gov/42709589/,PubMed
scCGC,"Shu Zhenqiu, Dong Rong, Xu Tianyan",IEEE transactions on computational biology and bioinformatics,2026-09-11,"Single-cell RNA sequencing (scRNA-seq) enables high-resolution analysis of cellular heterogeneity. Accurate scRNA-seq data clustering is crucial for cell type identification and subpopulation discovery. However, existing clustering methods are frequently affected by erroneous pseudo-labels generated through the static threshold, thus progressively accumulating errors during training. To address th",https://pubmed.ncbi.nlm.nih.gov/42709526/,PubMed
Bacterially produced dsRNA targeting SePGRP-LB reduces population fitness of Spodoptera exigua (Lepidoptera: Noctuidae) and increases its susceptibility to SeMNPV.,"Li Jie, Cheng Yu, Deng Kaihua",Journal of economic entomology,2026-09-11,"The beet armyworm, Spodoptera exigua (Hübner) (Lepidoptera: Noctuidae), is an important agricultural pest, and S. exigua multiple nucleopolyhedrovirus (SeMNPV) is a host-specific biological control agent. However, baculovirus efficacy can be limited by host antiviral responses. S. exigua peptidoglycan recognition protein LB (SePGRP-LB) has been identified as an antiviral immune factor, suggesting ",https://pubmed.ncbi.nlm.nih.gov/42709499/,PubMed
Characterization and functional analysis of OfCYP314A1: a key gene regulating hormone balance and development in the Lepidopteran pest Ostrinia furnacalis (Lepidoptera: Crambidae).,"Zhang Xuexia, Ruan Hongyun, Zhang Changyu",Journal of economic entomology,2026-09-11,"Ostrinia furnacalis (Guenee) (Lepidoptera: Crambidae) is a major lepidopteran pest that inflicts severe damage to maize. The biosynthesis of 20-hydroxyecdysone (20E), a steroid hormone vital for insect growth, development, and reproduction, depends critically on the cytochrome P450 monooxygenase CYP314A1. In this study, OfCYP314A1 was identified and characterized its expression patterns across dif",https://pubmed.ncbi.nlm.nih.gov/42709498/,PubMed
Sequence-Informed Geometric Evaluation of RNA 3D Structures,"Andrea Zerio, Yighua Yao, Alessandro Micheli",arXiv,2026-09-11,"Computational RNA structure pipelines generate many candidate conformations for the same sequence. Reliable evaluation therefore requires more than recognising plausible geometry, it requires determining whether that geometry is compatible with the sequence. We introduce SIRGE, a sequence-informed geometric evaluator that conditions structural representations on nucleotide embeddings from a pretra",http://arxiv.org/abs/2609.10644v1,arXiv
Advancing Alzheimer's Disease Treatment: Synergistic Ligand Combinations Targeting BACE1 via Multi-Ligand Simultaneous Docking,"Pronama Biswas, Surya Shanbhog, Merla Sudha",arXiv,2026-09-11,"Alzheimer's disease is a progressive neurodegenerative disorder characterized by memory loss, cognitive decline, and behavioral changes, primarily affecting the elderly. Current treatments focus on symptom management as no therapies effectively halt or reverse disease progression. Newer therapies targeting BACE1, a key enzyme in amyloid plaque formation, have shown promise in clinical trials, thou",http://arxiv.org/abs/2609.04301v1,arXiv
From static structures to dynamic landscapes: cryo-EM redefines RNA biology,"Shekhar Jadhav, Spandan Saha, Qingbin Shang",arXiv,2026-09-11,RNA molecules perform diverse biological functions by dynamically exploring multiple conformational states rather than adopting a single static structure. Capturing these ensembles is a challenge in molecular biology. Recent advances in cryoEM are now transforming this landscape by enabling the visualization of RNA molecules across a broad spectrum of functionally relevant conformations at near at,http://arxiv.org/abs/2609.01132v1,arXiv
Designability of RNA Targets with Up to Two Length-2 Helices,Ashutosh S. Jogalekar,arXiv,2026-09-11,"RNA inverse folding asks for an RNA sequence whose prescribed secondary structure is the unique maximum-base-pair compatible fold. In the four-letter Watson-Crick model (A-U and C-G pairs only, no pseudoknots, and zero minimum base-pair span), Hales et al. introduced a separated-coloring certificate and an even-odd device, while Boury et al. generalized this to modulo-$m$ separability, gave an $O(",http://arxiv.org/abs/2608.25194v1,arXiv
Leveraging generative hallucination and biophysics-informed modeling for unified biomolecular sequence-structure co-design,"Xuefeng Liu, Mingxuan Cao, Xiao Luo",arXiv,2026-09-11,"Biomolecular design underpins applications from molecular recognition to therapeutics and synthetic biology, yet de novo interaction design remains challenging-especially for DNA/RNA, underexplored non-protein modalities with scarce, heterogeneous complex data and sharper geometric and chemical constraints. We introduce MCTH (Monte Carlo Tree Hallucination), an inference-only framework that casts ",http://arxiv.org/abs/2608.17381v1,arXiv
"MultiStructRNA: a Python package for multi-algorithm RNA secondary structure prediction, ensemble analysis, and visualization","Yashrajsinh Jadeja, Haining Lin, Mihir Metkar",arXiv,2026-09-11,"We introduce MultiStructRNA, a unified Python toolkit for RNA secondary structure prediction, ensemble analysis, and visualization. Although RNA secondary structure is central to RNA biology and therapeutic design, practical adoption is often hindered by fragmented tooling, incompatible input and output formats, and limited visualization support. MultiStructRNA addresses these challenges through a",http://arxiv.org/abs/2608.14846v1,arXiv
Evolutionary Curriculum Learning Improves Biological Sequence Modeling,"Richard Zhu, Kento Nishi",arXiv,2026-09-11,"Variational autoencoders (VAEs) trained on multiple sequence alignments (MSAs) have emerged as powerful generative models for biological sequences, with applications ranging from disease variant prediction to functional RNA design. However, standard biological VAE training treats all sequences as exchangeable, ignoring the rich evolutionary structure that organizes homologous sequences from evolut",http://arxiv.org/abs/2608.00697v2,arXiv
Engineering T7 RNA Polymerase for High-Purity In Vitro Transcription,"Pauline Hermans, Youlia Serikova, José Castillo",arXiv,2026-09-11,"In vitro transcription using bacteriophage T7 RNA polymerase (T7 RNAP) is the gold-standard platform for RNA production in both research and therapeutic applications. Despite its high processivity and promoter specificity, T7 RNAP generates multiple RNA by-products, including double-stranded RNA, 3'-extended transcripts, abortive RNAs, and prematurely terminated products. These impurities reduce R",http://arxiv.org/abs/2607.18468v1,arXiv
Enhanced sampling and cryo-EM data resolve magnesium binding to RNA,"Olivier Languin-Cattoën, Elisa Posani, Giovanni Bussi",arXiv,2026-09-11,"Magnesium ions are essential for RNA structure but difficult to model due to slow binding kinetics and experimental limitations. We present an enhanced-sampling strategy that accelerates Mg$^{2+}$ inner-shell binding by orders of magnitude, enabling quantitative exploration of ion-binding motifs in a large ribozyme. The method combines a barrier-flattening bias with Hamiltonian replica exchange to",http://arxiv.org/abs/2607.07186v1,arXiv
Bayesian Sampling of Structural Ensembles: The Role of Ensemble-Counting Measures,"Ivan Gilardoni, Giovanni Bussi",arXiv,2026-09-11,"Structural ensemble refinement is widely used to integrate molecular simulations with experimental measurements. While most applications focus on the maximum-a-posteriori (MAP) ensemble, Bayesian sampling of the posterior distribution can provide uncertainty estimates and posterior averages for arbitrary observables. A notable step in this direction was introduced by the Bayesian Energy Landscape ",http://arxiv.org/abs/2606.18495v1,arXiv
MultiMolecule: a modular ecosystem for biomolecular sequence-model workflows,Zhiyuan Chen,arXiv,2026-09-11,"Biomolecular sequence models are increasingly reused outside the studies in which they were introduced, but public checkpoints rarely preserve the execution context needed to inspect source-defined behavior, adapt models to new assays, compare models under shared task definitions or deploy biological predictions. MultiMolecule is an open-source Python ecosystem that turns heterogeneous RNA, DNA an",http://arxiv.org/abs/2606.16540v1,arXiv
The Montparnasse Algorithm for RNA Design,Tristan Cazenave,arXiv,2026-09-11,"RNA design consists of discovering a nucleotide sequence that optimizes predefined criteria, such as secondary structure. It is useful for synthetic biology, medicine, and nanotechnology. We propose Montparnasse, a Monte Carlo search framework based on Generalized Nested Rollout Policy Adaptation, augmented with a problem-specific prior, slow and long adaptation at level 1, and a lexicographic mul",http://arxiv.org/abs/2606.07562v1,arXiv
Multimodal Alignment and Preference Optimization for Zero-Shot Conditional RNA Generation,"Roman Klypa, Alberto Bietti, Sergei Grudinin",arXiv,2026-09-11,"The design of RNA molecules that interact with specific proteins is a critical challenge in experimental and computational biology. Despite recent progress in natural language modeling and deep learning-based protein design, there remains significant room to improve the frequency of successful interactions and the authenticity of generated sequences for functional applications. In this work, we fr",http://arxiv.org/abs/2605.23961v1,arXiv
"GoForth: Language Models for RNA Design under Structure, Sequence, and Coding Constraints",Michael Lindsey,arXiv,2026-09-11,"RNA inverse sequence design has broad biological and engineering applications, but computational methods for practical design queries remain limited. Such queries may impose several constraints at once, including target folds or motifs, fixed bases, and coding restrictions, while leaving arbitrary sequence and structure in unspecified regions. Because these constraints may permit many acceptable s",http://arxiv.org/abs/2605.07608v1,arXiv
Bayesian Rate Inference for Sequence Motif Dynamics in Systems of Reactive Nucleic Acids,"Johannes Harth-Kitzerow, Ulrich Gerland, Torsten A. Enßlin",arXiv,2026-09-11,"The RNA world hypothesis suggests a pathway of how life emerged on early earth. It assumes that life started with RNA based systems, capable of storing, transmitting and replicating information, envisioning that monomers and short RNA oligomers interact to form longer strands, eventually becoming catalytically active ribozymes. Key reactions in RNA pools are hybridization, dehybridization, templat",http://arxiv.org/abs/2604.25701v2,arXiv
VARIANT: Web Server for Decoding and Analyzing Viral Mutations at Genome and Protein Levels,"Rui Wang, Xuhang Dai, Xin Cao",arXiv,2026-09-11,"A comprehensive analysis of viral mutations is essential for understanding viral evolution, disease epidemiology, diagnosis, drug resistance, etc. However, challenges remain in capturing complex mutation patterns and supporting diverse viral families with varying genome architectures. To address these needs, we present VARIANT, an web server for mutational analysis of RNA viral genomes and associa",http://arxiv.org/abs/2604.20942v1,arXiv
Interfacial Potential Transduction for Diagnostics,"Hyun-June Jang, Peuli Nath, Yuqin Wang",arXiv,2026-09-11,"A major barrier to decentralized, near-patient diagnostics is the lack of a signal transduction modality that is both analytically precise and accessible at the point of care. Optical readouts remain instrument-dependent and difficult to miniaturize, while compact electrochemical readouts are prone to matrix-derived signal distortion, limiting their biomarker coverage in real clinical settings. He",http://arxiv.org/abs/2603.23775v1,arXiv
ZeroFold: Protein-RNA Binding Affinity Predictions from Pre-Structural Embeddings,"Josef Hanke, Sebastian Pujalte Ojeda, Shengyu Zhang",arXiv,2026-09-11,"The accurate prediction of protein-RNA binding affinity remains an unsolved problem in structural biology, limiting opportunities in understanding gene regulation and designing RNA-targeting therapeutics. A central obstacle is the structural flexibility of RNA, as, unlike proteins, RNA molecules exist as dynamic conformational ensembles. Thus, committing to a single predicted structure discards in",http://arxiv.org/abs/2603.23583v1,arXiv
Computational modeling of RNA-protein binding interactions under an external force,"Danielle Wampler, Ralf Bundschuh",arXiv,2026-09-11,"RNA binding proteins play a crucial role in post-transcriptional gene regulation by controlling the transport, processing, and translation of their target RNAs. Post-transcriptional gene regulation leads to the differential expression of genetic material and loss of regulation or over-regulation relates to a large range of cancers and diseases - many of which have directly been associated with RNA",http://arxiv.org/abs/2603.22269v1,arXiv
Targeting lipid metabolism-associated lncHMGCS1 suppressed cell proliferation and restored intracellular lipid homeostasis by regulating ACSL3 in gastric cancer.,"Yang Qiang, He Yuyang, Wang Lejia",European journal of pharmacology,2026-09-11,"Previous work has indicated that lipid metabolic reprogramming plays a critical role in gastric cancer (GC) development, yet the underlying molecular mechanisms remain largely undefined. In the present study, we identified a novel lipid metabolism-associated long non-coding RNA, 3-Hydroxy-3-Methylglutaryl-CoA Synthase 1 (lncHMGCS1), which is aberrantly upregulated in GC tissues and cell lines. Fun",https://pubmed.ncbi.nlm.nih.gov/42722057/,PubMed
Long non-coding RNAs as biomarkers for diagnosis and prognosis in HPV-associated cervical cancer: A systematic scoping review.,"Bilan Farzaneh, Jafari Behboud, Gharesouran Jalal",Cancer treatment and research communications,2026-09-11,Long non-coding RNAs (lncRNAs) are emerging regulators of HPV-driven carcinogenesis with potential diagnostic and prognostic value in cervical cancer (CC). A contemporary synthesis of clinical and mechanistic evidence is necessary to prioritize candidates for translational development. We conducted a systematic scoping review of studies assessing lncRNAs in HPV-associated CC. Searches across major,https://pubmed.ncbi.nlm.nih.gov/42721790/,PubMed
PLXDC2-OT-peptide Promotes the Odontogenic/Osteogenic Differentiation of SCAPs via the PI3K-AKT Signalling Pathway.,"Dong Shuangshan, Sun Ziyan, Shang Jiajian",International dental journal,2026-09-11,"Functional tooth regeneration remains a major challenge in clinical dentistry and depends on the precise odontogenic/osteogenic commitment of resident stem cells. Micro-peptides encoded by long noncoding RNAs represent a novel source of bioactive molecules for regenerative therapy. This study aimed to investigate whether a newly identified 76-amino acid micro-peptide, PLXDC2-OT-peptide, promotes o",https://pubmed.ncbi.nlm.nih.gov/42721690/,PubMed
A self-reinforced DNAzyme nanomachine for multiplexed miRNA imaging and breast cancer staging.,"Song Rui, Zhou Bao-Mei, Liu Wen-Jing",Biosensors & bioelectronics,2026-09-11,"MicroRNAs (miRNAs) precisely coordinate complex gene regulatory networks and serve as critical biomarkers for disease diagnosis. However, simultaneous monitoring of intracellular multiple miRNAs remains constrained by inefficient delivery and insufficient signal gain. Herein, we construct a self-reinforced DNAzyme nanomachine (Dz@hMNS) by integrating a honeycomb MnO",https://pubmed.ncbi.nlm.nih.gov/42721511/,PubMed
Targeting lncRNA-regulated macrophage polarization: a novel therapeutic strategy for pancreatic ductal adenocarcinoma.,"Sun Hongshi, Wang Jia, Xie Zhongbo",Journal of physiology and biochemistry,2026-09-11,"Pancreatic ductal adenocarcinoma (PDAC), which is the most common type of pancreatic cancer (PC), carries a poor prognosis with a 5-year survival rate of less than 12%. Suboptimal therapeutic responses are primarily attributed to the immunosuppressive features of the tumor microenvironment (TME). In the PDAC TME, tumor-associated macrophages (TAMs) constitute the dominant immune cell population. P",https://pubmed.ncbi.nlm.nih.gov/42720867/,PubMed
How advances in machine learning drive early detection and risk prediction of early-onset colorectal cancer.,"Murthy Sudha S, Schuh Anna",Frontiers in oncology,2026-09-11,"Early-onset colorectal cancer (EOCRC), defined as colorectal cancer diagnosed before age 50, is rising across high- and middle-income settings whilst organised screening stays anchored to older age thresholds. Blood-based liquid biopsy, combined with machine learning, is the most plausible route to early detection in this group because it does not depend on bowel preparation, endoscopy capacity, o",https://pubmed.ncbi.nlm.nih.gov/42719702/,PubMed
A panoramic analysis of keloid pathogenesis: multidimensional network regulation of genetics-immunity-metabolism-mechanical force.,Liu Mengguo,Frontiers in immunology,2026-09-11,"Keloid, as a unique form of pathological scar, involves complex interactions across multiple dimensions in its pathogenesis, including genetic susceptibility, epigenetic regulation, immune microenvironment disorders, metabolic reprogramming, abnormal mechanical force transduction, and fine-tuning by non-coding RNAs. At the genetic level, alleles such as HLA-DRB1*15, HOX gene family, and high-frequ",https://pubmed.ncbi.nlm.nih.gov/42719615/,PubMed
Ginsenosides Rh2 and Rg3 in first-line combination therapy: Prospects for rapid clinical translation in drug-resistant triple-negative breast cancer.,"Yoon Sungpil, Cho Jae Youl",Journal of ginseng research,2026-09-11,"Triple-negative breast cancer (TNBC), defined by the absence of estrogen receptor (ER), progesterone receptor (PR), and human epidermal growth factor receptor-2 (HER2), remains one of the most aggressive breast cancer subtypes, characterized by high metastatic potential, poor prognosis, and limited therapeutic options. Despite extensive clinical efforts, durable improvements in survival have been ",https://pubmed.ncbi.nlm.nih.gov/42719336/,PubMed
The Role and Mechanism of Endothelial Progenitor Cell-Derived Extracellular Vesicles in Vascular Repair of Ischemic Heart Disease.,"Han Qiling, Wang Xinmei, Zhao Houjin",Journal of cardiovascular translational research,2026-09-11,"Ischemic heart disease (IHD) remains a leading global cause of death, sustained by microvascular dysfunction and defective endogenous repair despite revascularization. Endothelial progenitor cells (EPCs) were initially proposed as regenerative mediators, but direct cell therapy is constrained by poor engraftment, phenotypic heterogeneity, and safety concerns. Accumulating evidence establishes EPC-",https://pubmed.ncbi.nlm.nih.gov/42717123/,PubMed
Retraction Note: Myricetin ameliorates ox-LDL-induced HUVECs apoptosis and inflammation via lncRNA GAS5 upregulating the expression of miR-29a-3p.,"Bai Yunpeng, Liu Xiankun, Chen Qingliang",Scientific reports,2026-09-11,,https://pubmed.ncbi.nlm.nih.gov/42716978/,PubMed
HyLnc: a hybrid deep learning and feature-based approach for long non-coding RNA prediction.,"Venkatesan Amrit, Sinha Prashasti, Basak Jolly",RNA biology,2026-09-11,"Long non-coding RNAs (lncRNAs) play important roles in gene regulation, development and disease, yet accurate identification of lncRNAs from transcriptomic data remains a major computational challenge. Existing methods often rely either on handcrafted sequence features or deep learning approaches, each with inherent limitations in capturing the full complexity of RNA sequences. In this study, we p",https://pubmed.ncbi.nlm.nih.gov/42716909/,PubMed
LncRNA IGFL2-AS1 Promotes Cell Proliferation and Cell Cycle and Inhibits Apoptosis in Colorectal Cancer via the miR-181c-5p/MTF2 Axis.,"Yang Huaiyu, Zhang Yuanmei, Sun Shan",The Tohoku journal of experimental medicine,2026-09-11,,https://pubmed.ncbi.nlm.nih.gov/42716765/,PubMed
Cuproptosis and copper metabolism regulate hepatocellular carcinoma progression and therapeutic response to sorafenib.,"Elkateb Ahmed S, Taha Heba, Atya Hanaa B",Experimental cell research,2026-09-11,"Hepatocellular carcinoma (HCC) remains a leading cause of cancer-related death, and systemic therapy with sorafenib is limited by primary and acquired resistance. Copper is now recognized both as a growth-promoting cofactor in HCC and as the trigger of cuproptosis, a copper-dependent form of regulated cell death executed through ferredoxin-1 (FDX1)-mediated reduction of Cu",https://pubmed.ncbi.nlm.nih.gov/42716418/,PubMed
Methyl indole-3-acetate contributes to strain-specific anti-inflammatory effects of ,"Liu Kailin, Wang Meng, Zhu Xinyi",Proceedings of the National Academy of Sciences of the United States of America,2026-09-11,,https://pubmed.ncbi.nlm.nih.gov/42715080/,PubMed
Evolutionary constraints and regulatory plasticity shape host specialization in the ,"Hera Md Hasibur Rahaman, Wu Qi, Jibril Sauban Musa",Virulence,2026-09-11,Rice blast caused by ,https://pubmed.ncbi.nlm.nih.gov/42715011/,PubMed
LINC01871-Mediated Sensitivity to Cyclin-Dependent Kinase 4/6 Inhibitors in Human Breast Cancer.,"Huang Kai, Chen Zhengqian, Zeng Yi",Journal of visualized experiments : JoVE,2026-09-11,"Breast cancer remains the most frequently diagnosed malignancy in women, and resistance to cyclin-dependent kinase 4 and 6 (CDK4/6) inhibitors limits long-term treatment efficacy. This study aimed to identify long non-coding RNAs (lncRNAs) associated with predicted sensitivity to CDK4/6 inhibitors and to investigate their biological functions in breast cancer. Transcriptomic data from The Cancer G",https://pubmed.ncbi.nlm.nih.gov/42714000/,PubMed
LncRNA ,"Jeffers Gejae G, Kim Yesol, White Nicole M",NAR cancer,2026-09-11,"Lung cancer is currently the leading cause of cancer-related deaths worldwide. Approximately 85% of lung cancer patients have non-small cell lung cancer (NSCLC), and >50% of these patients present with metastasis at their initial diagnosis. Despite advances in our understanding of lung cancer oncogenesis, the mechanism by which lung cancer becomes aggressive and leads to patient death is still poo",https://pubmed.ncbi.nlm.nih.gov/42712799/,PubMed
Retraction: LncRNA TUG1 promotes the progression of colorectal cancer via the miR-138-5p/ZEB2 axis.,"Yan Zhenkun, Bi Miaomiao, Zhang Qiyu",Bioscience reports,2026-09-11,,https://pubmed.ncbi.nlm.nih.gov/42712266/,PubMed
Integrative transcriptomic identification of potential common biomarkers between non-obstructive azoospermia and papillary thyroid cancer via multi-algorithmic machine learning and network biology approaches.,"Safarzadeh Arash, Sadeghian Golfam, Ghafouri-Fard Soudeh",Cancer treatment and research communications,2026-09-11,"Emerging evidence suggests potential mechanistic links between non-obstructive azoospermia (NOA) and papillary thyroid carcinoma (PTC) through shared signaling pathways. However, no integrative transcriptomic study has systematically examined common molecular signatures between these disorders. We performed transcriptomic analyses using multiple independent public datasets from GEO and TCGA. Diffe",https://pubmed.ncbi.nlm.nih.gov/42710154/,PubMed
LINE-1 repeats are a defining feature of the ,"Jeon Yesu, Ji Fei, Das Priyojit",Proceedings of the National Academy of Sciences of the United States of America,2026-09-11,"During early development, female mammals inactivate one X chromosome to balance their X-linked gene dosage with males. While allelic choice is random in inbred mouse populations, choice can be significantly skewed in interstrain hybrids. The genetic basis of skewing has long been attributed to the mysterious ""X chromosome controlling element(s)"" (",https://pubmed.ncbi.nlm.nih.gov/42709804/,PubMed
An Evaluation on the Role of Non-Coding RNA in HIV Transcription and Latency: A Review,Xiangshuai Liu,arXiv,2026-09-11,"The existence of latent cellular reservoirs is recognized as the major barrier to an HIV cure. Reactivating and eliminating ""shock and kill"" or permanently silencing ""block and lock"" the latent HIV reservoir, as well as gene editing, remain promising approaches, but so far have proven to be only partially successful. Moreover, using latency reversing agents or ""block and lock"" drugs pose additiona",http://arxiv.org/abs/2502.06107v1,arXiv
"Blood-derived lncRNAs as potential biomarkers for early cancer diagnosis: The Good, the Bad and the Beauty","Cedric Badowski, Bing He, Lana X Garmire",arXiv,2026-09-11,Cancer ranks as one of the deadliest diseases worldwide. The high mortality rate associated with cancer is partially due to the lack of reliable early detection methods and/or inaccurate diagnostic tools such as certain protein biomarkers. Cell-free nucleic acids (cfNA) such as circulating long non-coding RNAs (lncRNAs) have recently been proposed as a new class of potential biomarkers that could ,http://arxiv.org/abs/2109.11746v1,arXiv
BPPart and BPMax: RNA-RNA Interaction Partition Function and Structure Prediction for the Base Pair Counting Model,"Ali Ebrahimpour-Boroojeny, Sanjay Rajopadhye, Hamidreza Chitsaz",arXiv,2026-09-11,"RNA-RNA interaction (RRI) is ubiquitous and has complex roles in the cellular functions. In human health studies, miRNA-target and lncRNAs are among an elite class of RRIs that have been extensively studied. Bacterial ncRNA-target and RNA interference are other classes of RRIs that have received significant attention. In recent studies, mRNA-mRNA interaction instances have been observed, where bot",http://arxiv.org/abs/1904.01235v2,arXiv
pH-Sensitive Amino Lipid-Driven Pore Formation Enables Endosomal Escape of Lipid Nanoparticles.,"Singh Akhil Pratap, Shibata Kana, Miyazaki Yusuke",Nature communications,2026-09-11,"Lipid nanoparticles (LNPs) have transformed nucleic acid delivery for vaccines and gene therapies, yet their efficiency remains limited by incomplete endosomal escape. While experimental studies have revealed endosomal membrane disruption facilitating cytosolic release, the molecular basis of this process remains poorly understood. Here, we employ molecular simulations to elucidate how LNPs fuse w",https://pubmed.ncbi.nlm.nih.gov/42722685/,PubMed
Clinical translation of mRNA-based cancer vaccines for solid tumors.,"AlKhafaje Zahraa, H Malathi, Dash Aniruddh",Current research in translational medicine,2026-09-11,"Vaccines that use messenger RNA (mRNA) have become a promising platform that is transforming cancer immunotherapy. These mRNA vaccines can be generated and manufactured quickly due to their modular design and can also induce CD4⁺ T-cell and CD8⁺ T-cell responses, in contrast to conventional protein or peptide-based vaccines. Additionally, synthetic mRNA can be optimized through various strategies ",https://pubmed.ncbi.nlm.nih.gov/42721899/,PubMed
Retrotransposon-based mechanisms for transgene addition to the human genome.,Collins Kathleen,Current opinion in chemical biology,2026-09-11,"When human disease arises from a loss of function caused by diverse mutant alleles of the same gene, the patient population could be best served by a clinical therapy that achieves genome safe-harbor supplementation with a functional transgene. Until recently, transgene delivery strategies have shared the disadvantages of induced immune responses and/or genome mutagenesis from untargeted DNA inser",https://pubmed.ncbi.nlm.nih.gov/42721886/,PubMed
Integrative network toxicology and virtual knockout analysis suggest TSNA-associated molecular features in large cell neuroendocrine carcinoma.,"Xiong Zhe, Yin Liuzhe, Yu Jiahui",Computational biology and chemistry,2026-09-11,"Electronic nicotine delivery systems (ENDS) may contain or generate low levels of tobacco-specific nitrosamines (TSNAs), including N-nitrosoanatabine (NAT) and N-nitrosoanabasine (NAB), under certain thermal conditions. Given the uncertain long-term carcinogenic effects of ENDS, this study explored potential molecular associations between TSNA-related exposure signatures and LCNEC using an integra",https://pubmed.ncbi.nlm.nih.gov/42721704/,PubMed
Endothelial cell cycle inhibition enables blood vessel maturation to normalize the tumor vasculature.,"Cain Shelby R, Genet Gael, Genet Nafiisha",JCI insight,2026-09-11,"Dysfunctional tumor vessels promote disease progression, whereas improved function enhances therapeutic delivery. However, current approaches to normalize tumor vasculature have limited efficacy. In vascular malformations, vessels are similarly dysfunctional, with endothelial cell (EC) hyperproliferation impairing arterial-venous specification. These defects are corrected with palbociclib, a cycli",https://pubmed.ncbi.nlm.nih.gov/42720988/,PubMed
Modulation of Brain Injury After Intracerebral Hemorrhage via the Scalp-Skull-Dura Interface in Mice.,"Li Peizheng, Deng Ziling, Meng Ling",Stroke,2026-09-11,"Neuroinflammation critically contributes to secondary brain injury after intracerebral hemorrhage (ICH). The skull-dura interface allows immune trafficking from skull bone marrow (SBM) to the brain, but its role in ICH remains unclear. ICH was induced in male C57BL/6J mice by collagenase injection. To compare the immune landscape of SBM and femur bone marrow (FBM), single-cell RNA sequencing was p",https://pubmed.ncbi.nlm.nih.gov/42717864/,PubMed
CRISPR and Gene Augmentation Rescue Trabecular Meshwork Dysfunction in iPSC Models of Lowe Syndrome.,"Chen Siyu, Liu Zhiquan, Wang Wenmin","Advanced science (Weinheim, Baden-Wurttemberg, Germany)",2026-09-11,"Lowe syndrome is a rare, currently incurable multisystem disorder that affects the eyes, kidneys, and central nervous system. It is caused by mutations in the OCRL gene, which encodes an inositol 5-phosphatase. The disorder remains incurable, and the pathways underlying the ocular symptoms remain poorly understood, largely due to the lack of appropriate models. In this study, trabecular meshwork c",https://pubmed.ncbi.nlm.nih.gov/42717497/,PubMed
A perspective on targeted LNPs.,"Simonsen Jens B, Spahn Philipp Nicolas",Journal of controlled release : official journal of the Controlled Release Society,2026-09-11,"Actively targeted lipid nanoparticles (tLNPs), in which LNPs are decorated with ligands for targeted delivery, offer a promising strategy to address a major challenge in nanomedicine: achieving efficient uptake in extrahepatic cells while limiting dominant uptake by the liver and unintended uptake by immune cells. tLNPs have now entered early clinical trials, with encouraging results reported for ",https://pubmed.ncbi.nlm.nih.gov/42716129/,PubMed
A ROS-responsive platelet extracellular vesicle biomimetic nanosystem regulates CD36/Fyn-CXCL-NETosis pathway-mediated immune-inflammatory amplification in the treatment of transfusion-related acute lung injury.,"Gao Jiani, Zhou Ke, Ren Yijiu",Redox biology,2026-09-11,"Transfusion-related acute lung injury (TRALI) remains a life-threatening complication of blood transfusion, yet the macrophage-neutrophil-NETosis inflammatory amplification mechanism and effective interventions are still incompletely defined. Here, we examined a CD36/Fyn-CXCL-related axis in TRALI and evaluated a ROS-responsive platelet extracellular vesicle biomimetic nanosystem (PEV@SP@EG) as a ",https://pubmed.ncbi.nlm.nih.gov/42715911/,PubMed
Engineering suppressor tRNAs for effective treatment of Duchenne muscular dystrophy.,"Oury Julien, Chen Ying-Hsin, McFarland Sean",Science advances,2026-09-11,"Duchenne muscular dystrophy (DMD) is a fatal disorder caused by loss of dystrophin, a protein essential for muscle cell integrity. To date, no therapeutic has restored full-length dystrophin. Suppressor transfer RNAs (sup-tRNAs) have the potential to treat the ∼15% of patients with DMD and nonsense mutations. We have evolved highly potent UAA sup-tRNAs through an extensive mutagenesis screening ca",https://pubmed.ncbi.nlm.nih.gov/42715310/,PubMed
Spatiotemporal mapping of tertiary lymphoid structure heterogeneity shapes immune niches and clinical outcomes in intrahepatic cholangiocarcinoma.,"Gao Liaoliao, Mei Jie, Hong Libing",Science advances,2026-09-11,"Intrahepatic cholangiocarcinoma (iCCA) is a highly lethal malignancy with limited therapeutic options. The spatial architecture and functional diversity of tertiary lymphoid structures (TLSs) in iCCA remain unclear. Here, we present a multimodal spatial atlas of TLSs and identified intratumoral TLSs (iTLSs) as independent prognostic markers. Bulk proteomic profiling of 214 discovery and 155 valida",https://pubmed.ncbi.nlm.nih.gov/42715308/,PubMed
Generation of germline-transmitting transgenic sheep by piggyBac-mediated transgenesis using pronuclear and cytoplasmic gene injection approaches.,"Yağcıoğlu Selin, Bakırer Öztürk Gül, Ersoy Nur",Transgenic research,2026-09-11,"Sheep represent an important large-animal model for biomedical research and biopharmaceutical production. Although the piggyBac transposon system offers efficient and stable genomic integration, the optimal gene delivery strategy for ovine embryos remains unclear. This study evaluated piggyBac-mediated transgenesis using pronuclear injection (PNI) in both in vivo- and in vitro-derived embryos and ",https://pubmed.ncbi.nlm.nih.gov/42714740/,PubMed
Dual pKa Lipid Nanoparticles for Lung-tropic mRNA Delivery and pH-Programmed Endosomal Escape.,"Lim Seong Gi, Lee Minju, Wang Yiming","Advanced science (Weinheim, Baden-Wurttemberg, Germany)",2026-09-11,"Lipid nanoparticles (LNPs) have enabled the clinical application of RNA therapeutics, including approved mRNA vaccines and siRNA medicines. However, their predominant accumulation in liver after systemic administration and inefficient endosomal escape remain key bottlenecks for productive cytosolic delivery and gene expression. Here, we introduce a synthetic ionizable lipid with a dual pKa propert",https://pubmed.ncbi.nlm.nih.gov/42714328/,PubMed
Multivalent cations stabilize DNA duplexes beyond charge neutralization.,"Chen Yun-Long, Zheng Chen-Chen, Zhang Yan",Chemical science,2026-09-11,"Multivalent cations are abundant in cells and play essential roles in DNA duplex stability, genome packaging, and DNA-protein interactions. They can also condense DNA, making it challenging to determine their influence on DNA duplex stability. To overcome this challenge, we studied DNA unpeeling at equilibrium under high tension using magnetic tweezers, thereby preventing condensation. Experiments",https://pubmed.ncbi.nlm.nih.gov/42713224/,PubMed
Engineering mRNA-LNP Medicines for the Ageing Brain: Opportunities and Challenges for Neurodegenerative Diseases.,"Belaidi Abdel Ali, Furtado Denzil L, Alves Francesca","Exploration (Beijing, China)",2026-09-11,"Messenger RNA (mRNA) therapeutics delivered by lipid nanoparticles (LNPs) have advanced from concept to clinic at unprecedented speed, yet their promise for neurodegenerative diseases remains largely untapped. Currently intractable age-related proteinopathies such as Alzheimer's disease, Parkinson's disease, and amyotrophic lateral sclerosis demand new therapies that combine molecular precision wi",https://pubmed.ncbi.nlm.nih.gov/42713005/,PubMed
How a polymer filling enhances the rate and selectivity of colloid permeation across mesopores,"Mikhail Y. Laktionov, Frans A. M. Leermakers, Ralf P. Richter",arXiv,2026-09-11,"Polymer-functionalised mesopores are an emerging technology for colloid separation, sensing and delivery. Their potential is strikingly illustrated in living cells, where nuclear pore complexes (NPCs) control biocolloid transport between the nucleus and the cytosol. Even colloids much smaller than the biopolymer-filled NPC channel are effectively blocked, but some larger colloids with distinct sur",http://arxiv.org/abs/2608.27995v1,arXiv
Manganese-Functionalized GelMA Hydrogels for MRI-Guided Immunotheranostics in Precision Oncology,"Motahareh Nazari, Keyvan Alavi",arXiv,2026-09-11,"Precision oncology requires multifunctional platforms capable of integrating accurate tumor diagnosis, localized therapeutic delivery, immune modulation, and real-time monitoring of treatment response. Gelatin methacryloyl (GelMA) hydrogels have emerged as versatile biomaterials for biomedical engineering because of their biocompatibility, extracellular matrix-like structure, tunable mechanical pr",http://arxiv.org/abs/2606.29599v1,arXiv
Autogenous vaccination protects Pacific oysters against OsHV-1 by reshaping the transcriptome.,"Hossain Arman, Whittington Richard, Costa Vincenzo A",Fish & shellfish immunology,2026-09-11,"Vaccination (immune priming) against Ostreid herpesvirus 1 (OsHV-1) is a strategy for managing Pacific Oyster Mortality Syndrome (POMS), yet the transcriptional mechanisms underlying protection remain poorly defined. We evaluated the transcriptome in Pacific oysters (Magallana gigas) administered heat-treated (HT) and live OsHV-1 vaccines at 18 °C and 22 °C. All priming strategies improved surviva",https://pubmed.ncbi.nlm.nih.gov/42722176/,PubMed
Linker-mediated single-transcript mRNA vaccine expressing virus-like particles of enterovirus D68.,"Kunishima Yuta, Senpuku Kota, Taniguchi Kotaro",Vaccine,2026-09-11,"Enterovirus D68 (EV-D68) causes pediatric respiratory illness and is linked to acute flaccid myelitis (AFM), posing a global health threat. We have previously reported that an mRNA vaccine expressing a virus-like particle (VLP) of EV-D68, which co-administers two mRNA-lipid nanoparticles (LNPs) encoding the viral structural protein P1 and viral protease 3CD, conferred protection against infection.",https://pubmed.ncbi.nlm.nih.gov/42721891/,PubMed
Targeting conserved interaction surfaces of alphavirus nsP4 supports the rational design of live-attenuated vaccine candidates.,"Yang Xiaoyao, Väljaots Evelin, Li Kaiyu",mBio,2026-09-11,"Alphaviruses are emerging arboviruses that pose a growing threat to global public health; however, effective interventions remain limited. Recent structural studies of the chikungunya virus (CHIKV) replicase core revealed that the viral RNA-dependent RNA polymerase nsP4 interacts with both nsP1 and nsP2 and is predicted to engage viral RNA. The conservation and multifunctionality of nsP4 make it a",https://pubmed.ncbi.nlm.nih.gov/42720322/,PubMed
Sex and age differences in antibody responses to seasonal influenza vaccination are mediated by estrogenic upregulation of NF-κB and TNF signaling in B cells.,"Park Han-Sol, Yin Anna, Zhou Weiqiang",mBio,2026-09-11,"Sex differences in the humoral immune responses to the seasonal quadrivalent influenza vaccine (QIV) in young adults (YA; 18-49 years old) or high-dose QIV in old adults (OA; 75+ years old) were analyzed to determine how age-related changes, including in steroids, impact sex differences in B cells. Among YAs, females had greater H3N2, but not H1N1, neutralizing antibody titers, and greater proport",https://pubmed.ncbi.nlm.nih.gov/42720319/,PubMed
Spike protein derived from an apathogenic IBV strain confers attenuated phenotype to a nephropathogenic IBV strain.,"Kirk James, Sives Samantha, Rayment Adam",Journal of virology,2026-09-11,"Infectious bronchitis virus (IBV), a ",https://pubmed.ncbi.nlm.nih.gov/42720295/,PubMed
"Isolation, characterization, and pathogenic mechanisms of a novel ","Zhu Yibin, Wang Ao, Wang Lianxiang",Frontiers in cellular and infection microbiology,2026-09-11,"In this study, a novel  Phylogenetic analysis of the 16S rRNA gene confirmed its identity, and indirect immunofluorescence assay (IIFA) and scanning electron microscopy (SEM) demonstrated characteristic intracellular colonization and curved rod-shaped morphology. LIGD01 induced intermittent fecal shedding starting at 3 days post-infection (dpi), with seroconversion in all challenged pigs by 21 dpi",https://pubmed.ncbi.nlm.nih.gov/42718558/,PubMed
"Nanoparticle-Based Vaccines Against Toxoplasma gondii: Immunological Rationale, Platform Strategies, and Translational Challenges.","Sang Xiaoyu, Zhang Yutong, Sun Fangqi",Transboundary and emerging diseases,2026-09-11,"Toxoplasma gondii is a widely distributed zoonotic pathogen with detrimental impacts on both human health and livestock production. No vaccine is available for humans, and the only licensed veterinary vaccine, Toxovax, has limitations related to safety, stability, and large-scale production. In this review, we analyze nanoparticle platforms, including PLGA, chitosan, lipid nanoparticles, calcium p",https://pubmed.ncbi.nlm.nih.gov/42717629/,PubMed
Machine learning-assisted mRNA vaccine pharmacovigilance: a systematic review of multi-source real-world data.,"He YuLong, Mao Yan, Wang XinYu",BMC medical informatics and decision making,2026-09-11,"The rapid deployment of mRNA vaccines during the COVID-19 pandemic exposed limitations in traditional pharmacovigilance systems, including delayed reporting, high underreporting rates, and inability to calculate true incidence. Machine learning (ML) offers new pathways to overcome these challenges by integrating multi-source real-world data. We systematically reviewed English-language studies from",https://pubmed.ncbi.nlm.nih.gov/42717339/,PubMed
In vitro transcription for RNA vaccines and therapeutics: a quality-by-design perspective on manufacturability.,"Nair Adithya, Kis Zoltán",Biotechnology advances,2026-09-11,"In vitro transcription (IVT) is the core unit operation for the synthesis of the drug substance (DS) in RNA-based vaccines and therapeutics. As RNA medicines mature into a clinically validated product class, the central challenge is shifting from clinical feasibility to manufacturability. This review reframes IVT as a coupled, interaction-driven synthesis process in which product quality and proce",https://pubmed.ncbi.nlm.nih.gov/42716352/,PubMed
"Religious beliefs and practices, political orientation, and distrust in healthcare predict attitudes toward mRNA vaccines in the United States.","Solomon Erin D, Chin Eu Gene, Baldwin Kari",PLOS global public health,2026-09-11,"Religion has contributed to societal divides regarding COVID-19 mRNA vaccines. In this study, we conducted a secondary analysis of a survey of U.S. adults (N = 4939) focused on how religious affiliations, beliefs, and practices impact attitudes toward genetic and genomic activities, one of which was mRNA vaccines. The dataset included large samples of participants from six religious groups in the ",https://pubmed.ncbi.nlm.nih.gov/42715177/,PubMed
New Developments in the Treatment of Hepatitis B Virus Infection.,"Sandhu Sunny, Martin Paul, Jacobson Ira M",Gastroenterology & hepatology,2026-09-11,"Chronic hepatitis B virus (HBV) infection remains a serious global public health concern and a leading cause of liver cirrhosis and hepatocellular carcinoma. Although currently available oral therapies can effectively suppress HBV DNA, there is no approved regimen that has shown to reliably achieve a functional cure. In recent years, various classes of novel therapy for HBV infection have undergon",https://pubmed.ncbi.nlm.nih.gov/42713260/,PubMed
Therapeutic mRNA vaccines for lung cancer: reshaping the tumor microenvironment to enhance anti-tumor immunity.,"Wu Hao, Weng Ruiqi, Gu Siyi",Frontiers in immunology,2026-09-11,"Traditional treatments for lung cancer include surgery, radiotherapy, chemotherapy, and targeted therapies (such as Erlotinib, Gefitinib, and Crizotinib), as well as immunotherapy (such as Nivolumab and Pembrolizumab). However, these approaches face challenges such as drug resistance, limited efficacy, and significant side effects, making it difficult to improve long-term prognosis. Therefore, tum",https://pubmed.ncbi.nlm.nih.gov/42713225/,PubMed
A targetable dependency on nonsense-mediated decay for cellular homeostasis and immune control in small cell lung cancer.,"Torres-Fernández Lucia A, Boehm Volker, Kaufmann Joel",Molecular cancer,2026-09-11,"Small cell lung cancer (SCLC) is one of the most aggressive malignancies, characterized by rapid metastatic dissemination and poor overall survival. Despite harboring excessive alterations, expectedly resulting in immunogenic neoantigens, patients with SCLC remain largely refractory to immunotherapy. We found abundant frameshift mutations in SCLC, regarded as highly immunogenic, counterbalanced by",https://pubmed.ncbi.nlm.nih.gov/42711693/,PubMed
An Investigation of Water Vapor Sorption for Improving Reconstitution Pathways of Freeze-Dried Lipid Nanoparticles Stabilized by Trehalose/Mannitol Excipients.,"Nakagawa Kyuya, Senga Yuji",AAPS PharmSciTech,2026-09-11,"Lipid-based nanocarriers have been intensively developed to achieve controlled drug delivery and maintain pharmacological stability, especially, for mRNA-based vaccines. Freeze-drying is commonly recognized as a key technique that allows nanoparticles to be converted into a dry form, stored under ambient conditions, and reconstituted at time of use. This study investigated the influence of reconst",https://pubmed.ncbi.nlm.nih.gov/42711609/,PubMed
An Integrative Computational Approach to Predict Viral Epitopes by Targeting the MHC-TCR Complexation,"Jaya Vasavi Pamidimukkala, Roshan Balaji, Nirav Pravinbhai Bhatt",arXiv,2026-09-11,"T-cell immunity acts as a major defense system against controlling viral infections in vertebrates. During viral entry, innate immune cells degrade the viral proteins (antigens) and present them on their surface via Major Histocompatibility (MHC) proteins. T-cell receptors (TCRs) recognize these antigens/peptides presented by MHC (pMHC), initiating a T-cell mediated immune response. Despite its si",http://arxiv.org/abs/2609.03182v1,arXiv
Transformer-Based Active Learning for Data-Efficient Vaccine Epitope Selection in PRRS,"Aspen Erlandsson Brisebois, Zahed Khatooni, Connor Burbridge",arXiv,2026-09-11,"High-fidelity molecular docking simulations can produce biologically relevant estimates of epitope-receptor binding affinity but are computationally expensive and therefore limit the number of candidates that can be screened for vaccine design. In this work, we evaluate machine learning (ML) approaches where variants of active learning are used to classify instances of high binding affinity betwee",http://arxiv.org/abs/2606.28659v1,arXiv
Exploring the Effects of Entanglement on Quantum Machine Learning of Pathogen Epitope-Receptor Binding,"Aspen Erlandsson Brisebois, Luis Pablo Gonzalez Dominguez, Shivansi Prajapati",arXiv,2026-09-11,"Parameterized quantum circuits (PQCs) provide a flexible substrate for hybrid quantum machine learning (QML), but their practical value on Noisy Intermediate-Scale Quantum (NISQ) devices remains an empirical question, especially because training depth and scale can introduce optimization challenges such as barren plateaus. Here we study how the number and topology of two-qubit entangling gates in ",http://arxiv.org/abs/2606.28655v1,arXiv
Clade 2.3.4.4b but not historical clade 1 HA replicating RNA vaccine protects against bovine H5N1 challenge in mice,"David W. Hawman, Thomas Tipih, Edgar A Hodge",Nature Communications,2025-01-14,"The ongoing circulation of influenza A H5N1 in the United States has raised concerns of a pandemic caused by highly pathogenic avian influenza. Although the United States has stockpiled and is prepared to produce millions of vaccine doses to address an H5N1 pandemic, currently circulating H5N1 viruses contain multiple mutations within the immunodominant head domain of hemagglutinin (HA) compared t",https://www.semanticscholar.org/paper/821d2fab28b8dbce51c6f8632266e3661b873042,Semantic Scholar
Phase I/II study of COVID-19 RNA vaccine BNT162b1 in adults,"M. Mulligan, Kirsten E. Lyke, N. Kitchin",Nature,2020-08-12,,https://www.semanticscholar.org/paper/afe4cc71f4814fce21031c3f15998576c7175b1a,Semantic Scholar
An RNA vaccine drives immunity in checkpoint-inhibitor-treated melanoma,"U. Şahin, P. Oehm, E. Derhovanessian",Nature,2020-07-29,,https://www.semanticscholar.org/paper/4114cc7dc2faed7f0cba4bece628827023d6d9a7,Semantic Scholar
A single-dose circular RNA vaccine prevents Zika virus infection without enhancing dengue severity in mice,"Xinglong Liu, Zhengfeng Li, Xiaoxia Li",Nature Communications,2024-10-16,"Antibody-dependent enhancement (ADE) is a potential concern for the development of Zika virus (ZIKV) vaccines. Cross-reactive but poorly neutralizing antibodies, usually targeting viral pre-membrane or envelope (E) proteins, can potentially enhance dengue virus (DENV) infection. Although E domain III (EDIII) contains ZIKV-specific epitopes, its immunogenicity is poor. Here, we show that dimeric ED",https://www.semanticscholar.org/paper/0994107d2c3126bc8175fcb814759f22aa879e71,Semantic Scholar
CLDN6-specific CAR-T cells plus amplifying RNA vaccine in relapsed or refractory solid tumors: the phase 1 BNT211-01 trial,"A. Mackensen, J. Haanen, C. Koenecke",Nature Medicine,2023-10-23,"The oncofetal antigen Claudin 6 (CLDN6) is highly and specifically expressed in many solid tumors, and could be a promising treatment target. We report dose escalation results from the ongoing phase 1/2 BNT211-01 trial evaluating the safety and feasibility of chimeric antigen receptor (CAR) T cells targeting the CLDN6 with or without a CAR-T cell-amplifying RNA vaccine (CARVac) at two dose levels ",https://www.semanticscholar.org/paper/c89c242b594c5436e9ccf6bb055d4a82a9f3d7ac,Semantic Scholar
Immunogenicity of a Single Dose of SARS-CoV-2 Messenger RNA Vaccine in Solid Organ Transplant Recipients.,"B. Boyarsky, William Werbel, R. Avery",Journal of the American Medical Association (JAMA),2021-03-15,"Immunogenicity of a Single Dose of SARS-CoV-2 Messenger RNA Vaccine in Solid Organ Transplant Recipients Immunocompromised individuals have been excluded from studies of SARS-CoV-2 messenger RNA (mRNA) vaccines. In such patients, the immune response to vaccination may be blunted. To better understand the immunogenicity of mRNA vaccines in immunocompromised individuals, we quantified the humoral re",https://www.semanticscholar.org/paper/e5ff6b04229043e1f4926af585923c6f606cad17,Semantic Scholar
Circular RNA vaccine in disease prevention and treatment,"Dun Niu, Yaran Wu, J. Lian",Signal Transduction and Targeted Therapy,2023-09-11,"CircRNAs are a class of single-stranded RNAs with covalently linked head-to-tail topology. In the decades since its initial discovery, their biogenesis, regulation, and function have rapidly disclosed, permitting a better understanding and adoption of them as new tools for medical applications. With the development of biotechnology and molecular medicine, artificial circRNAs have been engineered a",https://www.semanticscholar.org/paper/f2d7ccee08508c5211e77e035c0fcf5b58b341bf,Semantic Scholar
A self-amplifying RNA vaccine prevents enterovirus D68 infection and disease in preclinical models,"N. Warner, Jacob Archer, Stephanie Park",Science Translational Medicine,2024-08-07,"The recent emergence and rapid response to severe acute respiratory syndrome coronavirus 2 was enabled by prototype pathogen and vaccine platform approaches, driven by the preemptive application of RNA vaccine technology to the related Middle East respiratory syndrome coronavirus. Recently, the National Institutes of Allergy and Infectious Diseases identified nine virus families of concern, eight ",https://www.semanticscholar.org/paper/062bad8d56c9e1c0a11093c67a88c07449f30d3a,Semantic Scholar
A replicating RNA vaccine confers protection in a rhesus macaque model of Crimean-Congo hemorrhagic fever,"David W. Hawman, Shanna S. Leventhal, Kimberly Meade-White",npj Vaccines,2024-05-20,"Crimean-Congo hemorrhagic fever (CCHF) is a tick-borne febrile illness with a wide geographic distribution. In recent years the geographic range of Crimean-Congo hemorrhagic fever virus (CCHFV) and its tick vector have increased, placing an increasing number of people at risk of CCHFV infection. Currently, there are no widely available vaccines, and although the World Health Organization recommend",https://www.semanticscholar.org/paper/75b0ab72c2fd67513a03ee1af9e0eba13768c568,Semantic Scholar
Controlling reactogenicity while preserving immunogenicity from a self-amplifying RNA vaccine by modulating nucleocytoplasmic transport,"Jason A. Wojcechowskyj, Robyn M. Jong, Imre Mäger",bioRxiv,2024-12-29,"Self-amplifying RNA (saRNA)-based vaccines have emerged as a potent and durable RNA vaccine platform. However, RNA vaccine platforms trigger undesirable side effects at protective doses, underscoring the need for improved tolerability. To address this, we leveraged the Cardiovirus leader protein, which is well-characterized to dampen host innate signaling by modulating nucleocytoplasmic transport ",https://www.semanticscholar.org/paper/95add8df14c1a8592a3ebaa29f1c2137a0b5c7e0,Semantic Scholar
Self-Amplifying RNA: Advantages and Challenges of a Versatile Platform for Vaccine Development,"T. Vallet, Marco Vignuzzi",Viruses,2025-04-01,"Self-amplifying RNA is synthetic nucleic acid engineered to replicate within cells without generating viral particles. Derived from alphavirus genomes, saRNA retains the non-structural elements essential for replication while replacing the structural elements with an antigen of interest. By enabling efficient intracellular amplification, saRNA offers a promising alternative to conventional mRNA va",https://www.semanticscholar.org/paper/9d4c82b05e2938b9c2650b7f3e821c0c0b171ec4,Semantic Scholar
Circular RNA vaccine induces potent T cell responses,"Laura Amaya, Lilit Grigoryan, Zhijian Li",Proceedings of the National Academy of Sciences of the United States of America,2023-05-08,"Significance Circular RNAs (circRNAs) are a unique class of RNAs that are highly stable compared to linear mRNAs and can be engineered to provide durable protein expression. This study demonstrates that circRNA encoding antigenic protein sequences delivered by a charge-altering releasable transporter can effectively serve as both an adjuvant and an immunogen, inducing potent cellular immunity and ",https://www.semanticscholar.org/paper/4da3053c70133b6d1982a7101c8ddabd8d9caa8c,Semantic Scholar
An RNA vaccine drives expansion and efficacy of claudin-CAR-T cells against solid tumors,"Katharina Reinhard, B. Rengstl, P. Oehm",Science,2020-01-02,"A one-two, CAR-T cell punch Chimeric antigen receptor (CAR)–T cells have been clinically effective in killing certain hematological malignancies, but achieving long-term patient responses for solid tumors remains a challenge. Reinhard et al. describe a two-part “CARVac” strategy to overcome poor CAR-T cell stimulation and responses in vivo. They introduce the tight junction protein claudin 6 (CLDN",https://www.semanticscholar.org/paper/33f5cffb55ec96290c0bac540e4f3b1747ba4bb9,Semantic Scholar
Self-Amplifying RNA Vaccine Candidates: Alternative Platforms for mRNA Vaccine Development,"C. Schmidt, B. Schnierle",Pathogens,2023-01-01,"The present use of mRNA vaccines against COVID-19 has shown for the first time the potential of mRNA vaccines for infectious diseases. Here we will summarize the current knowledge about improved mRNA vaccines, i.e., the self-amplifying mRNA (saRNA) vaccines. This approach may enhance antigen expression by amplification of the antigen-encoding RNA. RNA design, RNA delivery, and the innate immune re",https://www.semanticscholar.org/paper/42263e5bcbeb1261df345d01b5196557ceb15e30,Semantic Scholar
Vaccines’ New Era-RNA Vaccine,"Wenshuo Zhou, Linglei Jiang, Shimiao Liao",Viruses,2023-08-01,"RNA vaccines, including conventional messenger RNA (mRNA) vaccines, circular RNA (circRNA) vaccines, and self-amplifying RNA (saRNA) vaccines, have ushered in a promising future and revolutionized vaccine development. The success of mRNA vaccines in combating the COVID-19 pandemic caused by the SARS-CoV-2 virus that emerged in 2019 has highlighted the potential of RNA vaccines. These vaccines poss",https://www.semanticscholar.org/paper/edfd3ac0b8e7021f08fc73a0d3324058bcb13c00,Semantic Scholar
"Safety and immunogenicity of SARS-CoV-2 self-amplifying RNA vaccine expressing an anchored RBD: A randomized, observer-blind phase 1 study","W. Akahata, T. Sekida, T. Nogimori",Cell Reports Medicine,2023-08-01,Summary VLPCOV-01 is a lipid nanoparticle-encapsulated self-amplifying RNA (saRNA) vaccine that expresses a membrane-anchored receptor-binding domain (RBD) derived from the severe acute respiratory syndrome coronavirus 2 (SARS-CoV-2) spike protein. A phase 1 study of VLPCOV-01 is conducted (jRCT2051210164). Participants who completed two doses of the BNT162b2 mRNA vaccine previously are randomized,https://www.semanticscholar.org/paper/2167ba7126a190c7f7b4055adb084e4ed37f67c7,Semantic Scholar
COVAC1 phase 2a expanded safety and immunogenicity study of a self-amplifying RNA vaccine against SARS-CoV-2,"A. Szubert, K. Pollock, H. Cheeseman",EClinicalMedicine,2023-01-13,"Summary Background Lipid nanoparticle (LNP) encapsulated self-amplifying RNA (saRNA) is well tolerated and immunogenic in SARS-CoV-2 seronegative and seropositive individuals aged 18–75. Methods A phase 2a expanded safety and immunogenicity study of a saRNA SARS-CoV-2 vaccine candidate LNP-nCoVsaRNA, was conducted at participating centres in the UK between 10th August 2020 and 30th July 2021. Part",https://www.semanticscholar.org/paper/fe33f1ac2fbb79ce5119cac2fd97c44d02d22e04,Semantic Scholar
Safety and Immunogenicity of Two RNA-Based Covid-19 Vaccine Candidates,"E. Walsh, R. Frenck, A. Falsey",New England Journal of Medicine,2020-10-14,"Abstract Background Severe acute respiratory syndrome coronavirus 2 (SARS-CoV-2) infections and the resulting disease, coronavirus disease 2019 (Covid-19), have spread to millions of persons worldwide. Multiple vaccine candidates are under development, but no vaccine is currently available. Interim safety and immunogenicity data about the vaccine candidate BNT162b1 in younger adults have been repo",https://www.semanticscholar.org/paper/6dbd3d5dddc9708185a64e539ed0aa37b52690a6,Semantic Scholar
Carditis After COVID-19 Vaccination With a Messenger RNA Vaccine and an Inactivated Virus Vaccine,"Francisco Tsz Tsun Lai, Xue Li, Kuan-hao Peng",Annals of Internal Medicine,2022-01-25,"Cases of carditis after the use of a messenger RNA (mRNA) COVID-19 vaccine have been reported in various populations worldwide. However, few studies have directly evaluated this association. Furthermore, it is unclear whether this potential risk involves vaccine platforms other than mRNA vaccines. This case–control study from Hong Kong aimed to examine the association between COVID-19 vaccination ",https://www.semanticscholar.org/paper/94da2455d0ed10791e0dec9954e0f9b02b7dd6fb,Semantic Scholar
"Safety and immunogenicity of a self-amplifying RNA vaccine against COVID-19: COVAC1, a phase I, dose-ranging trial","K. Pollock, H. Cheeseman, A. Szubert",EClinicalMedicine,2022-01-14,"Summary Background Lipid nanoparticle (LNP) encapsulated self-amplifying RNA (saRNA) is a novel technology formulated as a low dose vaccine against COVID-19. Methods A phase I first-in-human dose-ranging trial of a saRNA COVID-19 vaccine candidate LNP-nCoVsaRNA, was conducted at Imperial Clinical Research Facility, and participating centres in London, UK, between 19th June to 28th October 2020. Pa",https://www.semanticscholar.org/paper/1a26b3a23a29a8f98b09c53fa36bb06bec38c2a9,Semantic Scholar
18 β-Glycyrrhetinic Acid Inhibits Malignant Progression of Prostate Cancer via Regulation of Autophagy and EMT Induced by PTEN/PI3K/mTOR Pathway.,"Xiong Dawei, Dai Hongfeng",Clinical and experimental pharmacology & physiology,2026-09-11,"Prostate cancer (PCa) is one of the most common malignancies in men, and its progression is closely related to epithelial-mesenchymal transition (EMT) and autophagy imbalance. 18β-Glycyrrhetinic acid (18β-GA) has been reported to exhibit various anti-tumour activities. This study aims to systematically evaluate the impact of 18β-GA on the malignant biological behaviours of PCa and explore its pote",https://pubmed.ncbi.nlm.nih.gov/42723397/,PubMed
D-Amino Acid Prodrug DLMEH Activates mTORC1 via Sestrin2 to Restore Muscle Protein Synthesis in Sarcopenia.,"Shim Jae Ho, Lee Ji Yeon, Ahn Byung Kook",Molecular therapy : the journal of the American Society of Gene Therapy,2026-09-11,"Sarcopenia, the age-related loss of skeletal muscle mass and function, lacks FDA-approved pharmacotherapy. The mechanistic target of rapamycin complex 1 (mTORC1), activated by leucine via Sestrin2, is the master regulator of muscle protein synthesis, but L-leucine suffers from rapid catabolism and poor bioavailability. Here, we report D-leucine methyl ester hydrochloride (DLMEH), a metabolically s",https://pubmed.ncbi.nlm.nih.gov/42723280/,PubMed
Single-Cell Transcriptomic Analysis Reveals Ferroptosis-Related Signatures and Tumor Microenvironment Heterogeneity in Epithelial Ovarian Cancer.,"Liu Jie, Li Jing, Li Bingxin",Cancer medicine,2026-09-11,"Epithelial ovarian cancer (EOC) is the deadliest gynecological malignancy. Ferroptosis, an iron-dependent lipid peroxidation-associated cell death mode, provides a new target for tumor therapy. Nevertheless, its impact on EOC tumorigenesis is not well defined. The quality control, dimensionality reduction, and EOC clustering for the gene expression data were performed through the Scanpy pipeline f",https://pubmed.ncbi.nlm.nih.gov/42723230/,PubMed
Bulk and single-cell transcriptome-based integrative analysis of an rRNA processing-related prognostic signature with functional validation of DDX47 in clear cell renal cell carcinoma.,"Liu Jianlin, Tan Hengxing, Yang Jiaqing",BMC cancer,2026-09-11,"Clear cell renal cell carcinoma (ccRCC) exhibits pronounced molecular heterogeneity and variable clinical outcomes, complicating prognosis and treatment. While many prognostic models exist, signatures centered on ribosomal RNA (rRNA) processing remain underexplored. This study aimed to establish a prognostic signature associated with rRNA processing and to investigate the functional role of DDX47 ",https://pubmed.ncbi.nlm.nih.gov/42723025/,PubMed
A microphysiological system HHT-on-a-chip platform recapitulates patient vascular lesions.,"Fang Jennifer S, Hatch Christopher J, Andrejecsk Jillian",Nature communications,2026-09-11,"Hereditary Hemorrhagic Telangiectasia (HHT) is a rare congenital disease in which fragile vascular malformations (VM) focally develop in multiple organs. There are few treatment options and no cure. HHT patients inherit loss-of-function mutations affecting Alk1-Eng signaling; however, why this manifests as VMs remains poorly understood. Here we have developed a fully human cell-based microphysiolo",https://pubmed.ncbi.nlm.nih.gov/42722664/,PubMed
IL23A acts as a pivotal mediator of PM,"Tong Xiao, Chen Jitao, Zhou Yongbin",Ecotoxicology and environmental safety,2026-09-11,Many epidemiological studies have shown that long-term fine particulate matter (PM,https://pubmed.ncbi.nlm.nih.gov/42721926/,PubMed
The role of CCR3 via IL-33/CD34 palmitoylation in allergic rhinitis: A comprehensive analysis.,"Wei Meng-Yi, Zhang Zhi-Qiang, Li Hao",Biochemical and biophysical research communications,2026-09-11,"The post-translational modification of chemokine receptors plays a vital role in immune regulation, yet the specific role of CCR3 palmitoylation in allergic rhinitis (AR) remains elusive. This study aims to investigate the bioinformatic signatures of AR and elucidate the underlying molecular mechanisms of CCR3 palmitoylation in AR. An integrated bioinformatics approach, utilizing seven machine lea",https://pubmed.ncbi.nlm.nih.gov/42721857/,PubMed
F-53B drives placental inflammation via an IL1R1-mediated NLRP3 inflammasome activation: Evidence from epidemiology and a laboratory experiment.,"Zhao Kun, Zhang Yun-Ting, Cong Jian-Ping",Journal of hazardous materials,2026-09-11,"Our prior work suggested that gestational exposure to chlorinated polyfluorinated ether sulfonates (F-53B) induces placental inflammation by activating the NLRP3 inflammasome, but the primary molecular target remains unclear. This study examined whether interleukin-1 receptor type 1 (IL1R1) served as a key target in F-53B-induced placental inflammatory. In this exploratory study of 78 participants",https://pubmed.ncbi.nlm.nih.gov/42721841/,PubMed
Artesunate potentiates poly (ADP-ribose) polymerase inhibitor efficacy in ovarian cancer through RAD51-mediated homologous recombination repair impairment.,"Zhou Shimin, Xue Lujiadai, Li Guiqing",Phytomedicine : international journal of phytotherapy and phytopharmacology,2026-09-11,"The homologous recombination repair (HRR) RAD51 recombinase is essential for ensuring accurate DNA repair, and its expression levels are inversely correlated with Poly (ADP-ribose) Polymerase inhibitor (PARPi) sensitivity. Artesunate (ART), a semisynthetic water-soluble sesquiterpene lactone derived from artemisinin, a natural product of Artemisia annua, was previously identified from an HRR repor",https://pubmed.ncbi.nlm.nih.gov/42721822/,PubMed
Periodontal ligament cell osteogenesis under compression/unloading via SOST: coronectomy validation.,"Zhu Kunao, Wang Tairan, Xia Yuxing",International dental journal,2026-09-11,"Periodontal ligament cells (PDLCs) reside in a mechanically complex niche and respond to static compression, which contributes to alveolar bone remodelling. Sclerostin (SOST) is a mechanosensitive regulator with established antiosteogenic roles in bone biology. This study investigated how SOST modulates the osteogenic response of PDLCs to static compression and unloading, and how this may relate t",https://pubmed.ncbi.nlm.nih.gov/42721683/,PubMed
Berberine attenuates sepsis-associated myocardial injury and mitochondrial dysfunction through the AMPK/PGC-1α/NRF2 signaling pathway.,"Li Zelin, Liu Jihong, Shen Qi","Pathology, research and practice",2026-09-11,"Berberine (Ber), a bioactive isoquinoline alkaloid derived from traditional Chinese herbs, has shown protective effects against sepsis-associated myocardial injury, although its underlying mechanisms remain unclear. This study investigated whether Ber attenuates LPS-induced myocardial injury by preserving mitochondrial function. Lipopolysaccharide (LPS)-induced rat endotoxemia model and LPS-treate",https://pubmed.ncbi.nlm.nih.gov/42721599/,PubMed
The role of plectin as a druggable target in papillary thyroid carcinoma: therapeutic potential of troglitazone.,"Lv Yi-Chen, Zhou Jie-Hao, Shi Tie-Feng",Frontiers in immunology,2026-09-11,"This study aimed to characterize molecular subtypes of Papillary thyroid carcinoma (PTC) and identify novel therapeutic targets and potential therapeutic compounds. We performed integrative analysis of TCGA data, including consensus clustering, mutational profiling, copy number variation (CNV) analysis, functional enrichment (GO and GSEA), and immune microenvironment assessment (CIBERSORT). Valida",https://pubmed.ncbi.nlm.nih.gov/42719128/,PubMed
Correlation of Aqueous Humor Dopamine with Axial Length and Its Regulation by TGFβ2 in Myopia.,"Zhang Zewei, Lv Lingfeng, Liu Zhihao",Current eye research,2026-09-11,To examine whether intraocular dopamine is associated with axial length in human high myopia and to investigate whether transforming growth factor beta 2 (TGFβ2) regulates dopamine D5 receptor (DRD5)-linked inflammatory signaling in retinal pigment epithelium (RPE). Aqueous humor (AH) dopamine (DA) levels were measured by high-performance liquid chromatography in the right eyes of 40 patients with,https://pubmed.ncbi.nlm.nih.gov/42717484/,PubMed
FAP-targeted ROS-responsive nanoparticles delivering siBTF3 modulate the TME to enhance immunotherapy in colorectal cancer.,"Yan Feihu, Kang Zhengchun, Su Dongwei",Journal of translational medicine,2026-09-11,"The tumor immunosuppressive microenvironment is a key factor limiting the efficacy of immunotherapy in colorectal cancer (CRC). This study aims to develop a novel nanodelivery system that reverses the immunosuppressive function of tumor-associated fibroblasts (CAFs) by specifically silencing basic transcription factor 3 (BTF3), thereby enhancing the antitumor immune response. Core-shell nanopartic",https://pubmed.ncbi.nlm.nih.gov/42717370/,PubMed
Inhaled siRNA therapy targeting RAGE for pulmonary inflammation: a first-in-human randomized trial.,"O'Carroll Mark, Kasahara David, Huetsch John",Nature medicine,2026-09-11,"The receptor for advanced glycation end products (RAGE), a multiligand receptor that is abundantly expressed by lung alveolar type-1 cells, amplifies and sustains the innate immune response in a variety of pulmonary disorders, including asthma and chronic obstructive pulmonary disease. Here we developed ARO-RAGE, an inhaled, lung-epithelium-targeted siRNA directed against pulmonary RAGE mRNA. Prec",https://pubmed.ncbi.nlm.nih.gov/42717034/,PubMed
DeepSilencer: A Novel Deep Learning Model for Predicting siRNA Knockdown Efficiency,"Wangdan Liao, Weidong Wang",arXiv,2026-09-11,"Background: Small interfering RNA (siRNA) is a promising therapeutic agent due to its ability to silence disease-related genes via RNA interference. While traditional machine learning and early deep learning methods have made progress in predicting siRNA efficacy, there remains significant room for improvement. Advanced deep learning techniques can enhance prediction accuracy, reducing the relianc",http://arxiv.org/abs/2503.04200v1,arXiv
Maturation of siRNA by strand separation: Steered Molecular dynamics study,"Rakesh K Mishra, Sanchita Mukherjee, Dhananjay Bhattacharyya",arXiv,2026-09-11,"RNA interference, particularly siRNA induced gene silencing is becoming an important avenue of modern therapeutics. The siRNA is delivered to the cells as short double helical RNA which becomes single stranded for forming the RISC complex. Significant experimental evidence is available for most of the steps except the process of the separation of the two strands. We have attempted to understand th",http://arxiv.org/abs/1910.03778v1,arXiv
Using a hydrogen-bond index to predict the gene-silencing efficiency of siRNA based on the local structure of mRNA,"Kathy Q. Luo, Donald C. Chang",arXiv,2026-09-11,The gene silencing effect of short interfering RNA (siRNA) is known to vary strongly with the targeted position of the mRNA. A number of hypotheses have been suggested to explain this phenomenon. We would like to test if this positional effect is mainly due to the secondary structure of the mRNA at the target site. We proposed that this structural factor can be characterized by a single parameter ,http://arxiv.org/abs/1710.07413v1,arXiv
Unraveling siRNA Unzipping Kinetics with Graphene,"Santosh Mogurampelly, Swati Panigrahi, Dhananjay Bhattacharyya",arXiv,2026-09-11,"Using all atom molecular dynamics simulations, we report spontaneous unzipping and strong binding of small interfering RNA (siRNA) on graphene. Our dispersion corrected density functional theory based calculations suggest that nucleosides of RNA have stronger attractive interactions with graphene as compared to DNA residues. These stronger interactions force the double stranded siRNA to spontaneou",http://arxiv.org/abs/1207.4569v1,arXiv
Unzipping and binding of small interfering RNA with single walled Carbon Nanotube: a platform for small interfering RNA delivery,"Mogurampelly Santosh, Swati Panigrahi, Dhananjay Bhattacharyya",arXiv,2026-09-11,"In an effort to design efficient platform for siRNA delivery, we combine all atom classical and quantum simulations to study the binding of small interfering RNA (siRNA) by pristine single wall carbon nanotube (SWCNT). Our results show that siRNA strongly binds to SWCNT surface via unzipping its base-pairs and the propensity of unzipping increases with the increase in the diameter of the SWCNTs. T",http://arxiv.org/abs/1203.2409v1,arXiv
Nanodiamond as a vector for siRNA delivery to Ewing sarcoma cells,"Anna Alhaddad, Marie-Pierre Adam, Jacques Botsoa",arXiv,2026-09-11,"We investigated the ability of diamond nanoparticles (nanodiamonds, NDs) to deliver small interfering RNA (siRNA) in Ewing sarcoma cells, in the perspective of in vivo anti-cancer nucleic acid drug delivery. siRNA was adsorbed onto NDs previously coated with cationic polymer. Cell uptake of NDs has been demonstrated by taking advantage of NDs intrinsic fluorescence coming from embedded color cente",http://arxiv.org/abs/1106.2252v2,arXiv
Target prediction and a statistical sampling algorithm for RNA-RNA interaction,"F. W. D. Huang, J. Qin, C. M. Reidys",arXiv,2026-09-11,"It has been proven that the accessibility of the target sites has a critical influence for miRNA and siRNA. In this paper, we present a program, rip2.0, not only the energetically most favorable targets site based on the hybrid-probability, but also a statistical sampling structure to illustrate the statistical characterization and representation of the Boltzmann ensemble of RNA-RNA interaction st",http://arxiv.org/abs/0908.0597v1,arXiv
In silico evidence of the relationship between miRNAs and siRNAs,"Ludovica Montanucci, Piero Fariselli, Pier Luigi Martelli",arXiv,2026-09-11,"Both short interfering RNAs (siRNAs) and microRNAs (miRNAs) mediate the repression of specific sequences of mRNA through the RNA interference pathway. In the last years several experiments have supported the hypothesis that siRNAs and miRNAs may be functionally interchangeable, at least in cultured cells. In this work we verify that this hypothesis is also supported by a computational evidence. We",http://arxiv.org/abs/0705.2355v1,arXiv
Direct cytosolic delivery of siRNA via cell membrane fusion using cholesterol-enriched exosomes,"Yan Zhuo, Zhen Luo, Zhu Zhu",Nature Nanotechnology,2024-09-19,,https://www.semanticscholar.org/paper/e85e5521daf78ea316fa9842d4ad2cd1ff915da6,Semantic Scholar
The Landscape of Nanoparticle-based siRNA Delivery and Therapeutic Development.,"Muhammad Moazzam, Mengjie Zhang, Abid Hussain",Molecular Therapy,2024-01-01,"Five siRNA-based therapeutics have been approved by the Food and Drug Administration (FDA), including patisiran, givosiran, lumasiran, inclisiran and vutrisiran. Besides, siRNA delivery to the target site without toxicity is a big challenge for researchers, and naked-siRNA delivery possesses several challenges, including membrane impermeability, enzymatic degradation, mononuclear phagocyte system ",https://www.semanticscholar.org/paper/0f827072065fc44ffcf814176788dc60715cd669,Semantic Scholar
Delivery of siRNA to the mouse brain by systemic injection of targeted exosomes,"L. Álvarez-Erviti, Y. Seow, Hai-Fang Yin",Nature Biotechnology,2011-04-01,,https://www.semanticscholar.org/paper/56fe0f648bd5177d70b2f2678cf13db7b5494f1e,Semantic Scholar
Therapeutic siRNA: state of the art,"Bo Hu, Liping Zhong, Yuhua Weng",Signal Transduction and Targeted Therapy,2020-06-19,"RNA interference (RNAi) is an ancient biological mechanism used to defend against external invasion. It theoretically can silence any disease-related genes in a sequence-specific manner, making small interfering RNA (siRNA) a promising therapeutic modality. After a two-decade journey from its discovery, two approvals of siRNA therapeutics, ONPATTRO ® (patisiran) and GIVLAARI™ (givosiran), have bee",https://www.semanticscholar.org/paper/337cf16a06351409afb6d9754001570fdcf969e5,Semantic Scholar
Engineering siRNA therapeutics: challenges and strategies,"Syed Saqib Ali Zaidi, Faria Fatima, Syed Aqib Ali Zaidi",Journal of Nanobiotechnology,2023-10-18,"Small interfering RNA (siRNA) is a potential method of gene silencing to target specific genes. Although the U.S. Food and Drug Administration (FDA) has approved multiple siRNA-based therapeutics, many biological barriers limit their use for treating diseases. Such limitations include challenges concerning systemic or local administration, short half-life, rapid clearance rates, nonspecific bindin",https://www.semanticscholar.org/paper/3eef7b60df51a315455f0d24fa359b011bdb688a,Semantic Scholar
Therapeutic siRNA: State-of-the-Art and Future Perspectives,"M. Friedrich, A. Aigner",BioDrugs,2022-08-23,"The highly specific induction of RNA interference-mediated gene knockdown, based on the direct application of small interfering RNAs (siRNAs), opens novel avenues towards innovative therapies. Two decades after the discovery of the RNA interference mechanism, the first siRNA drugs received approval for clinical use by the US Food and Drug Administration and the European Medicines Agency between 20",https://www.semanticscholar.org/paper/1549aba8e65b1c73f5f0731bbf5274efdca10ded,Semantic Scholar
microRNA-directed phasing during trans-acting siRNA biogenesis in plants.,"E. Allen, Zhixin Xie, Adam M. Gustafson",Cell,2005-04-22,,https://www.semanticscholar.org/paper/a36fc88a8854d23406991721c052375c98739ddd,Semantic Scholar
The growth of siRNA-based therapeutics: updated clinical studies,"M. Zhang, R. Bahal, T. Rasmussen",Biochemical Pharmacology,2021-01-26,"More than two decades after the natural gene-silencing mechanism of RNA interference was elucidated, small interfering RNA (siRNA)-based therapeutics have finally broken into the pharmaceutical market. With three agents already approved and many others in advanced stages of the drug development pipeline, siRNA drugs are on their way to becoming a standard modality of pharmacotherapy. The majority ",https://www.semanticscholar.org/paper/420984a66ab06b40f48292dec4d296597d5652fa,Semantic Scholar
Lipid nanoparticles for siRNA delivery in cancer treatment.,"Souhaila H. El Moukhtari, E. Garbayo, Ane Amundarain",Journal of Controlled Release,2023-07-31,"RNA-based therapies, and siRNAs in particular, have attractive therapeutic potential for cancer treatment due to their ability to silence genes that are imperative for tumor progression. To be effective and solve issues related to their poor half-life and poor pharmacokinetic properties, siRNA require adequate drug delivery systems that protect them from degradation and allow intracellular deliver",https://www.semanticscholar.org/paper/561c68c41bdee30f7772ec6bd71374dbb896a02f,Semantic Scholar
"siRNA: Mechanism of action, challenges, and therapeutic approaches.","W. Alshaer, H. Zureigat, Arwa Al Karaki",European Journal of Pharmacology,2021-05-24,"Owing to specific and compelling gene silencing, RNA interference (RNAi) is expected to become an essential approach in treating a variety of infectious, hemato-oncological, cardiovascular, and neurodegenerative conditions. The mechanism of action of small interfering RNA (siRNA) is based on post-transcriptional gene silencing. siRNA molecules are usually specific and efficient in the knockdown of",https://www.semanticscholar.org/paper/adb959c6fc7ebafe967fe58c6e72558cec4f3d1c,Semantic Scholar
Where should siRNAs go: applicable organs for siRNA drugs,"Insook Ahn, Chanhee S. Kang, Jinju Han",Experimental and Molecular Medicine,2023-07-01,"RNA interference mediated by small interfering RNAs (siRNAs) has been exploited for the development of therapeutics. siRNAs can be a powerful therapeutic tool because the working mechanisms of siRNAs are straightforward. siRNAs determine targets based on their sequence and specifically regulate the gene expression of the target gene. However, efficient delivery of siRNAs to the target organ has lo",https://www.semanticscholar.org/paper/65a337c96bb4218a7d2852e928d65565e43b20d5,Semantic Scholar
Lipid Nanoparticle Technology for Clinical Translation of siRNA Therapeutics.,"Jayesh A. Kulkarni, D. Witzigmann, Sam Chen",Accounts of Chemical Research,2019-09-17,"Delivering nucleic acid-based therapeutics to cells is an attractive approach to target the genetic cause of various diseases. In contrast to conventional small molecule drugs that target gene products (i.e., proteins), genetic drugs induce therapeutic effects by modulating gene expression. Gene silencing, the process whereby protein production is prevented by neutralizing its mRNA template, is a ",https://www.semanticscholar.org/paper/b6e283202b273285079e59d8e264e8be79a11cbf,Semantic Scholar
"Strategies, Design, and Chemistry in siRNA Delivery Systems","Yizhou Dong, D. Siegwart, Daniel G. Anderson",Advanced Drug Delivery Reviews,2019-04-01,"Emerging therapeutics that utilize RNA interference (RNAi) have the potential to treat broad classes of diseases due to their ability to reversibly silence target genes. In August 2018, the FDA approved the first siRNA therapeutic, called ONPATTRO™ (Patisiran), for the treatment of transthyretin-mediated amyloidosis. This was an important milestone for the field of siRNA delivery that opens the do",https://www.semanticscholar.org/paper/6a05e1dfd06966b3938d130a0cad3c3b56c4d0f7,Semantic Scholar
The potential of siRNA based drug delivery in respiratory disorders: Recent advances and progress,"K. Dua, Ridhima Wadhwa, Gautam Singhvi",Drug development research (Print),2019-07-16,"Lung diseases are the leading cause of mortality worldwide. The currently available therapies are not sufficient, leading to the urgent need for new therapies with sustained anti‐inflammatory effects. Small/short or silencing interfering RNA (siRNA) has potential therapeutic implications through post‐transcriptional downregulation of the target gene expression. siRNA is essential in gene regulatio",https://www.semanticscholar.org/paper/ea49c8602d80fe02efe5bcef6580a9115a71b564,Semantic Scholar
Pulmonary delivery of siRNA against acute lung injury/acute respiratory distress syndrome,"Makhloufi Zoulikha, Q. Xiao, George Boafo",Acta Pharmaceutica Sinica B,2021-08-01,"The use of small interfering RNAs (siRNAs) has been under investigation for the treatment of several unmet medical needs, including acute lung injury/acute respiratory distress syndrome (ALI/ARDS) wherein siRNA may be implemented to modify the expression of pro-inflammatory cytokines and chemokines at the mRNA level. The properties such as clear anatomy, accessibility, and relatively low enzyme ac",https://www.semanticscholar.org/paper/9fab007f32a3276c52876c79dd62fb857065a4c8,Semantic Scholar
Rational siRNA design for RNA interference,"A. Reynolds, D. Leake, Q. Boese",Nature Biotechnology,2004-03-01,,https://www.semanticscholar.org/paper/ebf27dc899926e0560ae7b11772b8b3fef0c05f6,Semantic Scholar
GalNAc-siRNA Conjugates: Leading the Way for Delivery of RNAi Therapeutics,"Aaron D Springer, S. Dowdy",Nucleic Acid Therapeutics,2018-06-01,"Short-interfering RNA (siRNA)-induced RNAi responses have great potential to treat a wide variety of human diseases from cancer to pandemic viral outbreaks to Parkinson's Disease. However, before siRNAs can become drugs, they must overcome a billion years of evolutionary defenses designed to keep invading RNAs on the outside cells from getting to the inside of cells. Not surprisingly, significant ",https://www.semanticscholar.org/paper/5ff2c13aaabbc264733ba335f09783dbea284dcd,Semantic Scholar
On the Formation and Morphology of Lipid Nanoparticles Containing Ionizable Cationic Lipids and siRNA.,"Jayesh A. Kulkarni, Maria M Darjuan, Joanne E. Mercer",ACS Nano,2018-04-03,,https://www.semanticscholar.org/paper/59362ec75ca7fcd84af039123df2e6df6c0f49c0,Semantic Scholar
Knocking down barriers: advances in siRNA delivery,"K. Whitehead, R. Langer, Daniel G. Anderson",Nature reviews. Drug discovery,2009-02-01,"In the 10 years that have passed since the Nobel prize-winning discovery of RNA interference (RNAi), billions of dollars have been invested in the therapeutic application of gene silencing in humans. Today, there are promising data from ongoing clinical trials for the treatment of age-related macular degeneration and respiratory syncytial virus. Despite these early successes, however, the widespre",https://www.semanticscholar.org/paper/b368b90f3ff6d9a8ac273e05c8e8ff505a11ad44,Semantic Scholar
Investigating the pharmacodynamic durability of GalNAc–siRNA conjugates,"Christopher R. Brown, Swati Gupta, June Qin",Nucleic Acids Research,2020-08-18,"Abstract One hallmark of trivalent N-acetylgalactosamine (GalNAc)-conjugated siRNAs is the remarkable durability of silencing that can persist for months in preclinical species and humans. Here, we investigated the underlying biology supporting this extended duration of pharmacological activity. We found that siRNA accumulation and stability in acidic intracellular compartments is critical for lon",https://www.semanticscholar.org/paper/f52fd1fb2e58e8658d5943e05a0b79013843d54f,Semantic Scholar
