title,authors,journal,date,abstract,link,source
miR487a-3p and miR6855-3p Facilitate Macrophage Proinflammatory Polarization and Lipid Accumulation in Atherosclerosis.,"Ge Haijing, Xu Duo, He Tao","Arteriosclerosis, thrombosis, and vascular biology",2026-07-23,The integrated regulation of microRNAs on macrophage plasticity plays a key role in atherosclerosis. We tested the hypothesis that miR487a-3p and miR6855-3p accelerate atherosclerosis by intensifying macrophage inflammatory response and metabolic dysregulation. The microRNA sequencing and messenger RNA sequencing were conducted in peripheral monocytes from patients with coronary artery disease (CA,https://pubmed.ncbi.nlm.nih.gov/42488944/,PubMed
Antibacterial activity of epigallocatechin gallate against ,"Zhang Guocheng, Liang Xicai, Yang Jingyi",Frontiers in veterinary science,2026-07-23,,https://pubmed.ncbi.nlm.nih.gov/42488897/,PubMed
Modern scientific connotation of a traditional Chinese medicine theory: Rice vinegar extract of ,"Chen Le, Xu Wenli, Guo Chaowei",Chinese herbal medicines,2026-07-23,"Since ancient times,  The antifungal activity against three dermatophytes of eight extracts from  AARV was the most potent anti-dermatophytic extract from  The present study clarifies the modern scientific connotation of ""decocting ",https://pubmed.ncbi.nlm.nih.gov/42488845/,PubMed
6-Gingerol alleviates hepatic fibrosis via inhibiting glycolytic reprogramming by targeting IGF2BP2.,"Fang Hui, Yang Fan, Shu Min",Chinese herbal medicines,2026-07-23,"Hepatic fibrosis remains a major global health burden, often progressing to cirrhosis and hepatocellular carcinoma. Despite extensive research, no effective antifibrotic drugs are clinically approved due to the complexity of hepatic stellate cells (HSCs) activation and metabolic remodeling. Enhanced glycolysis is increasingly recognized as a metabolic hallmark sustaining the profibrotic phenotype ",https://pubmed.ncbi.nlm.nih.gov/42488840/,PubMed
Compatibility mechanism of ,"He Zehui, Guo Cancan, Zhang Fangping",Chinese herbal medicines,2026-07-23,"At present, traditional Chinese medicine (TCM) compounds is widely used in tumor therapy. However, due to the current single and simplistic efficacy evaluation indicators that are detached from the guidance of TCM theory, the elucidation of its mechanisms of efficacy is hindered. Therefore, the compatibility mechanism of  This study screened the best compound compatibility ratio in the  The result",https://pubmed.ncbi.nlm.nih.gov/42488830/,PubMed
Molecular signatures of triple-negative breast cancer cells acquiring palbociclib resistance via continuous exposure.,"Enomoto Daichi, Iwasa Yumika, Irie Natsuho",Oncology letters,2026-07-23,"Palbociclib, a cyclin-dependent kinase (CDK)-4/6 inhibitor, exhibits therapeutic potential for triple-negative breast cancer (TNBC), for which effective treatments remain limited. However, understanding the mechanisms underlying drug resistance is essential for its clinical application. Although the mechanisms underlying resistance to CDK4/6 inhibitors in hormone receptor-positive breast cancer ha",https://pubmed.ncbi.nlm.nih.gov/42488713/,PubMed
Insulin potentiates lipopolysaccharide-induced IL-6 expression through epigenetic remodeling in adipocytes: ,"Bahman Fatemah, Al-Roub Areej, Akther Nadeem",Frontiers in immunology,2026-07-23,"Interleukin-6 (IL-6) is a central mediator of chronic low-grade inflammation associated with metabolic disease. Because obesity is characterized by elevated circulating insulin and metabolic endotoxemia, we investigated whether insulin modulates lipopolysaccharide (LPS) induced IL-6 expression in adipocytes and examined the underlying epigenetic mechanisms. Insulin priming markedly enhanced LPS-in",https://pubmed.ncbi.nlm.nih.gov/42488626/,PubMed
Cerevisterol from ,"Yang Minting, Sun Tao, Han Richou",Frontiers in pharmacology,2026-07-23,"Liver fibrosis is a critical pathological process to irreversible cirrhosis. The valued  The metabolites were extracted and purified by petroleum ether, ethanol reflux extraction and chromatographic separation technology. Their structures were identified based on extensive NMR and MS data. TGF-β1-induced LX-2 cells were employed to study the anti-inflammation activity of the isolated cerevisterol.",https://pubmed.ncbi.nlm.nih.gov/42488572/,PubMed
Ethanol selectively disrupts neuronal microexon regulation and chromatin marks in PC12 cells.,"Olivares-Costa Montserrat, Jorratt Pascal, Morales Camila",Frontiers in cellular neuroscience,2026-07-23,"Exposure to alcohol (ethanol) is the most common toxic insult during human development and is a teratogenic agent associated with abnormalities ranging from behavioral disorders to fetal alcohol syndrome. Ethanol disrupts gene regulatory programs crucial for neuronal identity, including alternative splicing. A distinctive feature of developing neuronal transcriptomes is the high prevalence of micr",https://pubmed.ncbi.nlm.nih.gov/42488505/,PubMed
CRISPR/Cas9-Engineered HEK293T Cellular Model Harboring the Pathogenic CDKL5 c.172A>T Variant Recapitulates Core Molecular Phenotypes of CDKL5 Deficiency Disorder.,"Faghihi Fatemeh, Amani Jafar, Gholami Milad",Iranian journal of pharmaceutical research : IJPR,2026-07-23,"Mutations in the CDKL5 gene are strongly associated with severe neurodevelopmental disorders, including atypical Rett syndrome and autism spectrum disorder (ASD). This study aimed to establish a cell model carrying a targeted CDKL5 mutation using the clustered regularly interspaced short palindromic repeats (CRISPR)/CRISPR-associated protein 9 (Cas9) system and to evaluate the phenotypic and molec",https://pubmed.ncbi.nlm.nih.gov/42488191/,PubMed
mRNA delivery to the retina restores REP1 function in choroideremia.,"de Lemos Luisa, Antas Pedro, Carvalho Cláudia",Molecular therapy. Advances,2026-07-23,"Inherited retinal diseases (IRDs) represent a major cause of blindness, yet current viral vector-based gene therapies are limited by high cost, restricted cargo capacity, and safety concerns related to immunogenicity. We explore here retinal delivery of non-viral, ",https://pubmed.ncbi.nlm.nih.gov/42488178/,PubMed
Unraveling the role of PPFIA1 in cancer: a comprehensive multi-omics analysis and functional validation from pan-cancer to pancreatic cancer.,"Li Shu, Jiang Hailin, Li Xiaojia",Frontiers in oncology,2026-07-23,"PTPRF interacting protein alpha 1 (PPFIA1), a cytoplasmic scaffold protein of the liprin family, modulates cell adhesion, signal transduction, and cytoskeletal dynamics. Its pan-cancer prognostic implications and functional roles, particularly in pancreatic cancer, remain underexplored. Pan-cancer datasets including TCGA, GTEx and TISCH were integrated to assess PPFIA1 expression, genomic alterati",https://pubmed.ncbi.nlm.nih.gov/42488096/,PubMed
Association between CTLA-4 gene polymorphisms and Type 1 diabetes in Kurdish patients.,"Saed Hero H Muhammed, Salih Gaza F, Tawfeeq Hassan Mohammad",Frontiers in endocrinology,2026-07-23,"Type 1 diabetes (T1D) is an increasingly complex disease influenced by both genetic and environmental triggers, leading to overactivity of the immune system. This preliminary study was conducted to investigate the association of two common cytotoxic T lymphocyte antigen-4 (CTLA-4) variants with T1D susceptibility in the Kurdish population of Iraq. Additionally, we evaluated the correlation between",https://pubmed.ncbi.nlm.nih.gov/42488009/,PubMed
Therapeutic effect of modified meridian-guided acupoint pressing on lumbar facet joint osteoarthritis: an integrated microbiomics and metabolomics analysis.,"Jiang Yu, Qin Wanan, Wei Li",Frontiers in medicine,2026-07-23,"To investigate the therapeutic efficacy of Modified Meridian-Guided Acupoint Pressing (MMGAP) in lumbar facet joint osteoarthritis (LFJ OA) and to explore its underlying mechanisms through integrated microbiomics and metabolomics. Animal model study (urokinase-induced LFJ OA in SD rats) with MMGAP intervention, fecal microbiota transplantation (FMT), and mTORC1 inhibitor (rapamycin) validation. Hi",https://pubmed.ncbi.nlm.nih.gov/42487937/,PubMed
Expression and prognostic significance of CRKL in clear cell renal cell carcinoma.,"Wang Jinxia, Yang Ye, Yuan Xiao",American journal of clinical and experimental immunology,2026-07-23,"Clear cell renal cell carcinoma (ccRCC) is an aggressive kidney malignancy with limited prognostic biomarkers. CRKL has been implicated in cancer progression, but its prognostic value and immune associations in ccRCC remain unclear. Using TCGA, GEO, and UALCAN databases, we analyzed CRKL expression. Kaplan-Meier and multivariate Cox regression assessed survival; TIMER and TISIDB evaluated immune i",https://pubmed.ncbi.nlm.nih.gov/42487720/,PubMed
Microglial Sestrin2 alleviates depressive-like behaviors and cognitive impairment in a YTHDF1-dependent manner.,"Sun Ming, Shen Jiaming, Huang Rongrong",Frontiers in neuroscience,2026-07-23,"This study aims to investigate the role of microglial Sestrin2 in chronic unpredictable stress (CUS)-induced depressive-like behaviors and cognitive impairment in mice, and to explore the upstream molecular mechanism underlying the abnormal expression of microglial Sestrin2. Microglia-specific overexpression of Sestrin2 was achieved by injecting adeno-associated virus (AAV) into the CUS mouse hipp",https://pubmed.ncbi.nlm.nih.gov/42487693/,PubMed
Alterations in Epoxyeicosatrienoic Acids Metabolism in Type 2 Diabetes Mellitus and Potential Association with Retinopathy Progression.,"Sarı İsmail, Özmen Esma, Zor Kürşad Ramazan",Current medicinal chemistry,2026-07-23,"Epoxyeicosatrienoic acids (EETs), synthesized by cytochrome P450 epoxygenases (mainly CYP2C9, CYP2J2, and CYP2S1), are vasoprotective lipid mediators that are rapidly degraded by soluble epoxide hydrolase (sEH). This study aimed to examine changes in EET metabolism in T2DM patients with and without DR to understand its potential role in disease pathogenesis and progression. Two hundred T2DM patien",https://pubmed.ncbi.nlm.nih.gov/42487591/,PubMed
Development and Characterization of RNA Aptamer-Mediated Modular Base Editors Containing Staphylococcus aureus Cas9 Derivatives and Novel Deaminase Orthologs.,"Collantes Juan Carlos, Xu Kellen, Ruiz-Urigüen Melany",The CRISPR journal,2026-07-23,Base editing enables precise genome modifications without introducing DNA double-strand breaks. Using ,https://pubmed.ncbi.nlm.nih.gov/42487445/,PubMed
BMSC-derived exosomal METTL3 synergizes with Sevoflurane to inhibit ferroptosis in pulmonary ischemia/reperfusion injury by enhancing USP7 N6-methyladenosine modification.,"Zheng Liang, Xie Xiang-Yu, Li Kun",Apoptosis : an international journal on programmed cell death,2026-07-23,"Inhibition of ferroptosis was shown to alleviate pulmonary ischemia/reperfusion (I/R) injury. This study aimed to investigate the synergistic effects of bone marrow mesenchymal stem cells (BMSC)-derived exosomal METTL3 and Sevoflurane (Sev) in alleviating pulmonary I/R injury through ferroptosis regulation. In our study, pulmonary I/R injury models were established in mice and lung microvascular e",https://pubmed.ncbi.nlm.nih.gov/42487045/,PubMed
Structural basis of the RNA-editing cascade in trypanosome mitochondria.,"Liu Yun-Tao, Vacas Andres F, Jih Jonathan",Nature,2026-07-23,The molecular mechanism of uridine insertion-and-deletion mRNA editing in trypanosome mitochondria,https://pubmed.ncbi.nlm.nih.gov/42486989/,PubMed
Energy-efficient codon optimization on thermodynamic hardware,"Andraz Jelincic, Ross C. Walker",arXiv,2026-07-23,"The growing energy demand for computation is becoming increasingly unsustainable. Thermodynamic computing, which harnesses physical thermal fluctuations as a computational resource rather than suppressing them, offers orders-of-magnitude energy savings for probabilistic and combinatorial tasks. Pharmaceutical R&D, heavily reliant on computational optimization and sampling, is a natural application",http://arxiv.org/abs/2606.17327v1,arXiv
mRNAutilus: Multi-Objective-Guided Discrete Generation of mRNA with Optimized Therapeutic Properties,"Sawan Patel, Sophia Tang, Yesol Kim",arXiv,2026-07-23,"Therapeutic mRNA design requires coordinating multiple interacting sequence features across the full transcript, where codon usage, untranslated regions (UTRs), and their coupling jointly determine stability, translation efficiency, and protein expression. Here, we present mRNA generation via unrolled trajectories and informed latent updates (mRNAutilus), a framework for simultaneous codon optimiz",http://arxiv.org/abs/2605.31296v1,arXiv
Sampling-based Continuous Optimization for Messenger RNA Design,"Feipeng Yue, Ning Dai, Wei Yu Tang",arXiv,2026-07-23,"Designing messenger RNA (mRNA) sequences for a fixed target protein requires searching an exponentially large synonymous space while optimizing properties that affect stability and downstream performance. This is challenging because practical mRNA design involves multiple coupled objectives beyond classical folding criteria, and different applications prefer different trade-offs. We propose a gene",http://arxiv.org/abs/2603.06559v1,arXiv
Drug-like antibodies with low immunogenicity in human panels designed with Latent-X2," Latent Labs Team, Henry Kenlay, Daniella Pretorius",arXiv,2026-07-23,"Drug discovery has long sought computational systems capable of designing drug-like molecules directly: developable and non-immunogenic from the start. Here we introduce Latent-X2, a frontier generative model that achieves this goal through zero-shot design of antibodies with strong binding affinities, drug-like properties, and, for the first time for any de novo generated antibody, confirmed low ",http://arxiv.org/abs/2512.20263v1,arXiv
"RNAGenScape: Property-Guided, Optimized Generation of mRNA Sequences with Manifold Langevin Dynamics","Danqi Liao, Chen Liu, Xingzhi Sun",arXiv,2026-07-23,"Generating property-optimized mRNA sequences is central to applications such as vaccine design and protein replacement therapy, but remains challenging due to limited data, complex sequence-function relationships, and the narrow space of biologically viable sequences. Generative methods that drift away from the data manifold can yield sequences that fail to fold, translate poorly, or are otherwise",http://arxiv.org/abs/2510.24736v3,arXiv
The proportional scaling of mRNA and ribosome concentrations controls eukaryotic cell growth,"Xin Gao, Michael Lanz, Rosslyn Grosely",arXiv,2026-07-23,"Cell growth underlies nearly all eukaryotic physiology, yet its quantitative principles remain unclear. Using single-molecule ribosome tracking, spike-in RNA sequencing, and quantitative proteomics across 15 nutrient-limited conditions in budding yeast, we define how growth is controlled in the budding yeast Saccharomyces cerevisiae. Ribosome concentration scales linearly with growth rate, while p",http://arxiv.org/abs/2508.14997v2,arXiv
mRNA Folding Algorithms for Structure and Codon Optimization,"Max Ward, Mary Richardson, Mihir Metkar",arXiv,2026-07-23,"mRNA technology has revolutionized vaccine development, protein replacement therapies, and cancer immunotherapies, offering rapid production and precise control over sequence and efficacy. However, the inherent instability of mRNA poses significant challenges for drug storage and distribution, particularly in resource-limited regions. Co-optimizing RNA structure and codon choice has emerged as a p",http://arxiv.org/abs/2503.19273v1,arXiv
Generative Model for Synthesizing Ionizable Lipids: A Monte Carlo Tree Search Approach,"Jingyi Zhao, Yuxuan Ou, Austin Tripp",arXiv,2026-07-23,"Ionizable lipids are essential in developing lipid nanoparticles (LNPs) for effective messenger RNA (mRNA) delivery. While traditional methods for designing new ionizable lipids are typically time-consuming, deep generative models have emerged as a powerful solution, significantly accelerating the molecular discovery process. However, a practical challenge arises as the molecular structures genera",http://arxiv.org/abs/2412.00807v1,arXiv
Machine learning framework to predict the performance of lipid nanoparticles for nucleic acid delivery,"Gaurav Kumar, Arezoo M. Ardekani",arXiv,2026-07-23,"Lipid nanoparticles (LNPs) are highly effective carriers for gene therapies, including mRNA and siRNA delivery, due to their ability to transport nucleic acids across biological membranes, low cytotoxicity, improved pharmacokinetics, and scalability. A typical approach to formulate LNPs is to establish a quantitative structure-activity relationship (QSAR) between their compositions and in vitro/in",http://arxiv.org/abs/2411.14293v1,arXiv
Joint Design of 5' Untranslated Region and Coding Sequence of mRNA,"Yang Liu, Jie Gao, Xiaonan Zhang",arXiv,2026-07-23,"Messenger RNA (mRNA) vaccines and therapeutics are emerging as powerful tools against a variety of diseases, including infectious diseases and cancer. The design of mRNA molecules, particularly the untranslated region (UTR) and coding sequence (CDS) is crucial for optimizing translation efficiency and stability. Current design approaches generally focus solely on either the 5' UTR or the CDS, whic",http://arxiv.org/abs/2410.20781v1,arXiv
Bacterial stress granule protects mRNA through ribonucleases exclusion,"Linsen Pei, Yujia Xian, Xiaodan Yan",arXiv,2026-07-23,"Membraneless droplets formed through liquid-liquid phase separation (LLPS) play a crucial role in mRNA storage, enabling organisms to swiftly respond to environmental changes. However, the mechanisms underlying mRNA integration and protection within droplets remain unclear. Here, we unravel the role of bacterial aggresomes as stress granules (SGs) in safeguarding mRNA during stress. We discovered ",http://arxiv.org/abs/2404.17873v2,arXiv
"Hypolipidemic effect of brown seaweed (Sargassum crassifolium) extract in vivo (Study of histopathology, mRNA expression, and immunohistochemistry (IHC) with VCAM-1, ICAM-1, and MCP-1 parameters)","Sarah Zaidan, Syamsudin Abdillah, Nur Arfian",arXiv,2026-07-23,The purpose of this study was to obtain natural drugs from brown seaweed (Sargassum crassifolium) as antiatherosclerosis candidates through the study of hypolipidemic mechanisms of action. Modeling of dyslipidemia rats was carried out by feeding high-fat (HFF) and doses of crude fucoidan 100. 200. 400mg / KgBB. in both treatments measured blood lipid profile levels taken from the orbital sinuses. ,http://arxiv.org/abs/2402.07497v1,arXiv
Machine Learning Modeling Of SiRNA Structure-Potency Relationship With Applications Against Sars-Cov-2 Spike Gene,Damilola Oshunyinka,arXiv,2026-07-23,"The pharmaceutical Research and development (R&D) process is lengthy and costly, taking nearly a decade to bring a new drug to the market. However, advancements in biotechnology, computational methods, and machine learning algorithms have the potential to revolutionize drug discovery, speeding up the process and improving patient outcomes. The COVID-19 pandemic has further accelerated and deepened",http://arxiv.org/abs/2401.12232v1,arXiv
Messenger RNA Design via Expected Partition Function and Continuous Optimization,"Ning Dai, Wei Yu Tang, Tianshuo Zhou",arXiv,2026-07-23,"The tasks of designing RNAs are discrete optimization problems, and several versions of these problems are NP-hard. As an alternative to commonly used local search methods, we formulate these problems as continuous optimization and develop a general framework for this optimization based on a generalization of classical partition function which we call ""expected partition function"". The basic idea ",http://arxiv.org/abs/2401.00037v2,arXiv
Machine Learning-guided Lipid Nanoparticle Design for mRNA Delivery,"Daisy Yi Ding, Yuhui Zhang, Yuan Jia",arXiv,2026-07-23,"While RNA technologies hold immense therapeutic potential in a range of applications from vaccination to gene editing, the broad implementation of these technologies is hindered by the challenge of delivering these agents effectively. Lipid nanoparticles have emerged as one of the most widely used delivery agents, but their design optimization relies on laborious and costly experimental methods. W",http://arxiv.org/abs/2308.01402v2,arXiv
Corrected Hill Function in Stochastic Gene Regulatory Networks,"Manuel Eduardo Hernández-García, Jorge Velázquez-Castro",arXiv,2026-07-23,"Describing reaction rates in stochastic bio-circuits is commonly done by directly introducing the deterministically deduced Hill function into the master equation. However, when fluctuations in enzymatic reaction rates are not neglectable, the Hill function must be derived, considering all the involved stochastic reactions. In this work, we derived the stochastic version of the Hill function from ",http://arxiv.org/abs/2307.03057v4,arXiv
Stochastic dynamics and ribosome-RNAP interactions in Transcription-Translation Coupling,"Xiangting Li, Tom Chou",arXiv,2026-07-23,"Under certain cellular conditions, transcription and mRNA translation in prokaryotes appear to be ""coupled,"" in which the formation of mRNA transcript and production of its associated protein are temporally correlated. Such transcription-translation coupling (TTC) has been evoked as a mechanism that speeds up the overall process, provides protection during the transcription, and/or regulates the t",http://arxiv.org/abs/2207.04568v1,arXiv
Coronavirus RNA Sensor Using Single-Stranded DNA Bonded to Sub-Percolated Gold Films on Monolayer Graphene Field-Effect Transistors,"Nicholas E. Fuhr, Mohamed Azize, David J. Bishop",arXiv,2026-07-23,"Electrical detection of messenger ribonucleic acid (mRNA) is a promising approach to enhancing transcriptomics and disease diagnostics because of its sensitivity, rapidity, and modularity. Reported here is a fast SARS-CoV-2 mRNA biosensor (<1 minute) with a limit of detection of 1 aM, and dynamic range of 4 orders of magnitude and a linear sensitivity of 22 mV per molar decade. These figures of me",http://arxiv.org/abs/2205.05143v1,arXiv
Deep learning models for predicting RNA degradation via dual crowdsourcing,"Hannah K. Wayment-Steele, Wipapat Kladwang, Andrew M. Watkins",arXiv,2026-07-23,"Messenger RNA-based medicines hold immense potential, as evidenced by their rapid deployment as COVID-19 vaccines. However, worldwide distribution of mRNA molecules has been limited by their thermostability, which is fundamentally limited by the intrinsic instability of RNA molecules to a chemical degradation reaction called in-line hydrolysis. Predicting the degradation of an RNA molecule is a ke",http://arxiv.org/abs/2110.07531v2,arXiv
Coagulapathies after vaccination against SARS-CoV-2 may be derived from a combination effect of SARS-CoV-2 spike protein and adenovirus vector-triggered signaling pathways,Ralf Kircheis,arXiv,2026-07-23,"The novel coronavirus SARS-CoV-2 has resulted in a global pandemic with worldwide 6-digital infection rates and thousands death tolls daily. Enormeous effords are undertaken to achieve high coverage of immunization in order to reach herd immunity to stop spreading of SARS-CoV-2 infection. Several SARS-CoV-2 vaccines, based either on mRNA, viral vectors, or inactivated SARS-CoV-2 virus have been ap",http://arxiv.org/abs/2109.00089v1,arXiv
"BCKDK, A Novel Hypoxia-Responsive Kinase That Exacerbates Cerebral Ischemia Injury.","Liao Boya, Zhang Fang, Han Chang",Stroke,2026-07-23,"Alterations in circulating amino acid profiles have been observed in ischemic stroke patients; however, whether cerebral ischemia disrupts amino acid metabolism within brain tissue and whether this disruption contributes to cellular stress and cerebral injury remain unknown. This hypothesis-testing study investigates disrupted BCAA (branched-chain amino acid) catabolism as a key mechanism of ische",https://pubmed.ncbi.nlm.nih.gov/42488958/,PubMed
Targeting JOSD2 degrades β-catenin to suppress colorectal cancer metastasis by disrupting RAS/ERK/β-catenin axis.,"Liu Yue, Yang Shu-Yu, Zhang Wen-Han",Acta pharmacologica Sinica,2026-07-23,"Colorectal cancer (CRC) ranks as the third most common malignancy worldwide, with metastasis representing the primary cause of mortality. Aberrant activation of the Wnt/β-catenin pathway drives epithelial‒mesenchymal transition (EMT) and CRC metastasis, making β-catenin a key therapeutic target. Josephin domain containing 2 (JOSD2), a deubiquitinase with protumorigenic roles in multiple cancers, h",https://pubmed.ncbi.nlm.nih.gov/42486946/,PubMed
Loss of Atp8a2 drives neurodegeneration through the dysregulation of spatiotemporal phosphatidylserine externalization in mature neurons.,"Schneider Adriana, Merkel Alexandra B, Perta Nunzio",Cell death & disease,2026-07-23,"Phosphatidylserine (PS) asymmetry in plasma membranes is critical for cellular functions and serves as an apoptotic signal in many cell types. However, in mature neurons, the molecular mechanisms governing PS distribution, its precise regulation, and its functional significance beyond apoptosis and development remain poorly understood - particularly in the context of neurodegeneration. Here, we ma",https://pubmed.ncbi.nlm.nih.gov/42486854/,PubMed
Integrated in silico and in vitro approaches reveal novel coumarin hybrids targeting influenza A virus RNA-dependent RNA polymerase.,"Darido Maria Laura Goussain, Silva Mariana Luiza, Ayala Ana Heloisa Fonseca",European journal of medicinal chemistry,2026-07-23,Influenza A virus (IAV) remains a significant public health threat due to its high mutation rate and increasing resistance to existing antiviral drugs. The viral RNA-dependent RNA polymerase (RdRp) is essential for viral replication and represents a promising target for new therapeutics. We screened our in-house chemical library of 103 compounds against two domains of the IAV RdRp complex using mo,https://pubmed.ncbi.nlm.nih.gov/42485991/,PubMed
A methodology for RNAi gene knockdown in the marine annelid Streblospio benedicti by delivering dsRNA.,"Aguilar-Camacho Jose Maria, Zakas Christina","Development (Cambridge, England)",2026-07-23,"RNA interference (RNAi) is a genetic tool to disrupt the expression of selected genes by delivering dsRNA into a specific tissue of an organism, resulting in a gene knockdown. We apply RNAi methods to the marine polychaete Streblospio benedicti, which is a model system for studying evolutionary and developmental biology that currently has no established methods for gene expression manipulation. He",https://pubmed.ncbi.nlm.nih.gov/42483758/,PubMed
Dynamic regulatory mechanism of cholesterol 25-hydroxylase-mediated antiviral response in RNA virus infections.,"Liang Zhengqi, Xing Simiao, Chen Yujia",Frontiers in cellular and infection microbiology,2026-07-23,"Due to their high mutation rates and adaptability, RNA viruses pose a persistent threat to public health. Cholesterol-25-hydroxylase (CH25H), an interferon-stimulated gene (ISG), produces 25-hydroxycholesterol (25HC), which plays a pivotal role in host defense against RNA virus infections. However, infection outcomes are determined by the dynamic interplay between viral infection and host immune d",https://pubmed.ncbi.nlm.nih.gov/42482992/,PubMed
Optimized Chemical Modifications Enhance Lipid Nanoparticle-Mediated siRNA Silencing of ,"Ueda Kaito, Sato Tatsuki, Sasaki Jumpei",Nucleic acid therapeutics,2026-07-23,"Lipid nanoparticles (LNPs) are clinically validated carriers for the delivery of small interfering RNA (siRNA). Their efficient tissue accessibility and cellular uptake complement conjugated siRNA approaches. While chemical modifications are critical for stabilizing siRNAs and enhancing their potency (particularly in conjugated formats), their contribution in LNP delivery is not fully understood. ",https://pubmed.ncbi.nlm.nih.gov/42482513/,PubMed
P,"Warkentin Ruben, Pyle Anna Marie","RNA (New York, N.Y.)",2026-07-23,"Ribozyme-based permuted intron-exon (PIE) systems offer a protein-independent route to circRNA production, but existing platforms require elevated temperatures that promote RNA degradation. Here we report the first application of the ",https://pubmed.ncbi.nlm.nih.gov/42481412/,PubMed
Selective Small-Molecule AdipoR1 Agonist 3-Hydroxy Pterocarpan Salt (CDRI-1709S) Ameliorates Skeletal Muscle Atrophy.,"Moin Md Rameez, Pal Shyamal, Das Shubhrajyoti","Journal of cachexia, sarcopenia and muscle",2026-07-23,"Skeletal muscle atrophy is a frequent comorbidity of metabolic disorders and chronic diseases, and despite its high prevalence, no pharmacological therapy is available, representing a major unmet clinical need. Adiponectin and its receptors are key regulators of skeletal muscle metabolism, mitochondrial function and myogenesis, yet clinical translation has been hindered by the lack of receptor-sel",https://pubmed.ncbi.nlm.nih.gov/42480512/,PubMed
Cytochrome P450 Gene ,"Liao Huilin, Rao Zhongchen, Han Richou",Journal of agricultural and food chemistry,2026-07-23,,https://pubmed.ncbi.nlm.nih.gov/42478966/,PubMed
Discovery of an Antiviral Electron Transfer Process to Create Catalytically Self-Sufficient Viral Restriction Factors.,"Wu Mengdi, Hoang Nghi Thao, Grifagni Deborah",Angewandte Chemie (International ed. in English),2026-07-23,"Engineering immune-silent, catalytically self-sufficient antiviral restriction factor enzymes (iCAREs) provides a proof-of-concept for developing autonomous enzymes for future antiviral applications. To rationally design these enzymes, we sought to identify and engineer components of the intrinsic immune system. Here, we identified the endoplasmic reticulum (ER)-anchored cytochrome b5 reductase 3 ",https://pubmed.ncbi.nlm.nih.gov/42478895/,PubMed
Identification of the core region responsible for the activity of CmVg promoter and its regulatory transcription factor BrC in Cnaphalocrocis medinalis (Lepidoptera: Pyralidae).,"Long Lingling, Jin Dong, Gao Hongshuai",Journal of insect science (Online),2026-07-23,"Insect reproduction depends critically on vitellogenesis, during which vitellogenin (Vg) is synthesized in the female fat body and incorporated into developing oocytes as an essential nutrient source. In this study, the promoter region of the vitellogenin gene (CmVg) of the rice leaf folder (Cnaphalocrocis medinalis) was predicted and cloned. A core active region was delineated within the CmVg pro",https://pubmed.ncbi.nlm.nih.gov/42478529/,PubMed
Compensatory MAPK signaling coordinates hypoxia tolerance and trehalose metabolism in Tribolium castaneum.,"Lu Shaohua, Wang Mengya, Liu Jiashu",Pest management science,2026-07-23,"Tribolium castaneum is a devastating stored-grain pest globally, exhibiting remarkable tolerance to hypoxic environments, which severely compromises the efficacy of modified atmosphere treatments. Although the mitogen-activated protein kinase (MAPK) pathway is a central hub for eukaryotic stress responses, the molecular mechanisms underlying MAPK-mediated hypoxia adaptation in T. castaneum remain ",https://pubmed.ncbi.nlm.nih.gov/42477958/,PubMed
Intrinsic catalytic parameters drive specificity of non-templated poly(UG) tail synthesis.,"Klemm Bradley P, Sikkema Andrew P, Schugardt Emily R",Nucleic acids research,2026-07-23,"RNA interference (RNAi) in nematodes is amplified through the generation of secondary small interferring RNA (siRNA) from products of primary siRNA cleavage. This process requires RDE-3, a unique ribonucleotidyltransferase that adds a poly(UG) tail of alternating U and G nucleotides without a template. Here we demonstrated using in vitro enzymatic assays that RDE-3 is intrinsically specific for su",https://pubmed.ncbi.nlm.nih.gov/42475678/,PubMed
"Correction to ""RNA interference targeting trehalase genes induced larval mortality and developmental malformations in Henosepilachna vigintioctopunctata"".",,Pest management science,2026-07-23,,https://pubmed.ncbi.nlm.nih.gov/42474125/,PubMed
Population-dependent effects of Orco on olfactory-guided behavior and lifespan in Callosobruchus maculatus.,"Zhang Yuxing, Du Zhong, Zhang Xiaolin",Pest management science,2026-07-23,"The olfactory co-receptor (Orco) plays a central role in insect olfactory perception and chemical communication. However, whether the phenotypic effects associated with Orco differ across independently sourced populations remains unclear. We compared mating-related behavior, olfactory-guided responses, and lifespan between two independently sourced populations of Callosobruchus maculatus (Populati",https://pubmed.ncbi.nlm.nih.gov/42474095/,PubMed
Two Minus-C odorant-binding proteins (OBPs) involved in the perception of kairomone (+)-3-carene in Dendroctonus valens.,"He Honglei, Lan Feng, Zhang Bei",Insect science,2026-07-23,"The olfactory system is pivotal for insects to detect external chemical signals and regulate essential life processes. Dendroctonus valens, an invasive forest pest, displays strong chemotaxis toward the plant kairomone (+)-3-carene. To unravel the molecular mechanism underlying olfactory recognition, we identified 28 odorant-binding proteins (OBPs) from D. valens via transcriptome sequencing and i",https://pubmed.ncbi.nlm.nih.gov/42473719/,PubMed
miR-375-3p regulates food wanting in honeybees by mediating the dopamine synthesis pathway.,"Wu Zun, Zeng Zhaoyang, Li Linfeng",Insect science,2026-07-23,"Transient dopaminergic signaling activation in the honeybee brain regulates food wanting and drives foraging behavior. However, the roles of endogenous microRNAs (miRNAs) in the regulation of food wanting by dopamine pathways remain poorly understood. Here, we report that miR-375-3p plays a critical role in the food-wanting system in honeybees. MicroRNA transcriptomic analysis revealed the marked ",https://pubmed.ncbi.nlm.nih.gov/42473695/,PubMed
"Functional analysis of the RNF181 gene reveals its role in the innate immune response of silkworms, Bombyx mori.","Liu Jiang, Peng Ying, Ming Yu",Journal of invertebrate pathology,2026-07-23,"The RING finger E3 ligase group is a broadly distributed subfamily of E3 ubiquitin ligases characterized by the presence of a RING domain and is involved in various immunological responses. In this study, Ring finger protein 181 (RNF181) in Bombyx mori (B. mori) was identified and investigated its immunoregulatory function. The BmRNF181 gene is located on chromosome 6 and contains an open reading ",https://pubmed.ncbi.nlm.nih.gov/42472614/,PubMed
Reannotation of the ABCC transporters reveals a miR-980-BdABCC1 regulatory axis driving avermectin tolerance in Bactrocera dorsalis.,"Song Hou-Ji, Wang Lin, Zhao Wei",Insect biochemistry and molecular biology,2026-07-23,"The oriental fruit fly Bactrocera dorsalis is a globally invasive pest with increasing insecticide resistance that threatens sustainable crop production. ATP-binding cassette (ABC) transporters are key mediators of xenobiotic detoxification, but the molecular and regulatory basis of ABCC-type transporters in this species remains unclear. Here, we present the first systematic reannotation and funct",https://pubmed.ncbi.nlm.nih.gov/42472608/,PubMed
Engineering T7 RNA Polymerase for High-Purity In Vitro Transcription,"Pauline Hermans, Youlia Serikova, José Castillo",arXiv,2026-07-23,"In vitro transcription using bacteriophage T7 RNA polymerase (T7 RNAP) is the gold-standard platform for RNA production in both research and therapeutic applications. Despite its high processivity and promoter specificity, T7 RNAP generates multiple RNA by-products, including double-stranded RNA, 3'-extended transcripts, abortive RNAs, and prematurely terminated products. These impurities reduce R",http://arxiv.org/abs/2607.18468v1,arXiv
Enhanced sampling and cryo-EM data resolve magnesium binding to RNA,"Olivier Languin-Cattoën, Elisa Posani, Giovanni Bussi",arXiv,2026-07-23,"Magnesium ions are essential for RNA structure but difficult to model due to slow binding kinetics and experimental limitations. We present an enhanced-sampling strategy that accelerates Mg$^{2+}$ inner-shell binding by orders of magnitude, enabling quantitative exploration of ion-binding motifs in a large ribozyme. The method combines a barrier-flattening bias with Hamiltonian replica exchange to",http://arxiv.org/abs/2607.07186v1,arXiv
Bayesian Sampling of Structural Ensembles: The Role of Ensemble-Counting Measures,"Ivan Gilardoni, Giovanni Bussi",arXiv,2026-07-23,"Structural ensemble refinement is widely used to integrate molecular simulations with experimental measurements. While most applications focus on the maximum-a-posteriori (MAP) ensemble, Bayesian sampling of the posterior distribution can provide uncertainty estimates and posterior averages for arbitrary observables. A notable step in this direction was introduced by the Bayesian Energy Landscape ",http://arxiv.org/abs/2606.18495v1,arXiv
MultiMolecule: a modular ecosystem for biomolecular sequence-model workflows,Zhiyuan Chen,arXiv,2026-07-23,"Biomolecular sequence models are increasingly reused outside the studies in which they were introduced, but public checkpoints rarely preserve the execution context needed to inspect source-defined behavior, adapt models to new assays, compare models under shared task definitions or deploy biological predictions. MultiMolecule is an open-source Python ecosystem that turns heterogeneous RNA, DNA an",http://arxiv.org/abs/2606.16540v1,arXiv
The Montparnasse Algorithm for RNA Design,Tristan Cazenave,arXiv,2026-07-23,"RNA design consists of discovering a nucleotide sequence that optimizes predefined criteria, such as secondary structure. It is useful for synthetic biology, medicine, and nanotechnology. We propose Montparnasse, a Monte Carlo search framework based on Generalized Nested Rollout Policy Adaptation, augmented with a problem-specific prior, slow and long adaptation at level 1, and a lexicographic mul",http://arxiv.org/abs/2606.07562v1,arXiv
Multimodal Alignment and Preference Optimization for Zero-Shot Conditional RNA Generation,"Roman Klypa, Alberto Bietti, Sergei Grudinin",arXiv,2026-07-23,"The design of RNA molecules that interact with specific proteins is a critical challenge in experimental and computational biology. Despite recent progress in natural language modeling and deep learning-based protein design, there remains significant room to improve the frequency of successful interactions and the authenticity of generated sequences for functional applications. In this work, we fr",http://arxiv.org/abs/2605.23961v1,arXiv
"GoForth: Language Models for RNA Design under Structure, Sequence, and Coding Constraints",Michael Lindsey,arXiv,2026-07-23,"RNA inverse sequence design has broad biological and engineering applications, but computational methods for practical design queries remain limited. Such queries may impose several constraints at once, including target folds or motifs, fixed bases, and coding restrictions, while leaving arbitrary sequence and structure in unspecified regions. Because these constraints may permit many acceptable s",http://arxiv.org/abs/2605.07608v1,arXiv
Bayesian Rate Inference for Sequence Motif Dynamics in Systems of Reactive Nucleic Acids,"Johannes Harth-Kitzerow, Ulrich Gerland, Torsten A. Enßlin",arXiv,2026-07-23,"The RNA world hypothesis suggests a pathway of how life emerged on early earth. It assumes that life started with RNA based systems, capable of storing, transmitting and replicating information, envisioning that monomers and short RNA oligomers interact to form longer strands, eventually becoming catalytically active ribozymes. Key reactions in RNA pools are hybridization, dehybridization, templat",http://arxiv.org/abs/2604.25701v2,arXiv
VARIANT: Web Server for Decoding and Analyzing Viral Mutations at Genome and Protein Levels,"Rui Wang, Xuhang Dai, Xin Cao",arXiv,2026-07-23,"A comprehensive analysis of viral mutations is essential for understanding viral evolution, disease epidemiology, diagnosis, drug resistance, etc. However, challenges remain in capturing complex mutation patterns and supporting diverse viral families with varying genome architectures. To address these needs, we present VARIANT, an web server for mutational analysis of RNA viral genomes and associa",http://arxiv.org/abs/2604.20942v1,arXiv
Interfacial Potential Transduction for Diagnostics,"Hyun-June Jang, Peuli Nath, Yuqin Wang",arXiv,2026-07-23,"A major barrier to decentralized, near-patient diagnostics is the lack of a signal transduction modality that is both analytically precise and accessible at the point of care. Optical readouts remain instrument-dependent and difficult to miniaturize, while compact electrochemical readouts are prone to matrix-derived signal distortion, limiting their biomarker coverage in real clinical settings. He",http://arxiv.org/abs/2603.23775v1,arXiv
ZeroFold: Protein-RNA Binding Affinity Predictions from Pre-Structural Embeddings,"Josef Hanke, Sebastian Pujalte Ojeda, Shengyu Zhang",arXiv,2026-07-23,"The accurate prediction of protein-RNA binding affinity remains an unsolved problem in structural biology, limiting opportunities in understanding gene regulation and designing RNA-targeting therapeutics. A central obstacle is the structural flexibility of RNA, as, unlike proteins, RNA molecules exist as dynamic conformational ensembles. Thus, committing to a single predicted structure discards in",http://arxiv.org/abs/2603.23583v1,arXiv
Computational modeling of RNA-protein binding interactions under an external force,"Danielle Wampler, Ralf Bundschuh",arXiv,2026-07-23,"RNA binding proteins play a crucial role in post-transcriptional gene regulation by controlling the transport, processing, and translation of their target RNAs. Post-transcriptional gene regulation leads to the differential expression of genetic material and loss of regulation or over-regulation relates to a large range of cancers and diseases - many of which have directly been associated with RNA",http://arxiv.org/abs/2603.22269v1,arXiv
Fair splits flip the leaderboard: CHANRG reveals limited generalization in RNA secondary-structure prediction,"Zhiyuan Chen, Zhenfeng Deng, Pan Deng",arXiv,2026-07-23,"Accurate prediction of RNA secondary structure underpins transcriptome annotation, mechanistic analysis of non-coding RNAs, and RNA therapeutic design. Recent gains from deep learning and RNA foundation models are difficult to interpret because current benchmarks may overestimate generalization across RNA families. We present the Comprehensive Hierarchical Annotation of Non-coding RNA Groups (CHAN",http://arxiv.org/abs/2603.22330v1,arXiv
Reverse Distillation: Consistently Scaling Protein Language Model Representations,"Darius Catrina, Christian Bepler, Samuel Sledzieski",arXiv,2026-07-23,"Unlike the predictable scaling laws in natural language processing and computer vision, protein language models (PLMs) scale poorly: for many tasks, models within the same family plateau or even decrease in performance, with mid-sized models often outperforming the largest in the family. We introduce Reverse Distillation, a principled framework that decomposes large PLM representations into orthog",http://arxiv.org/abs/2603.07710v1,arXiv
Fast and Versatile RNA Design via Motif-level Divide-and-Conquer and Structure-level Rival Search,"Tianshuo Zhou, David H. Mathews, Liang Huang",arXiv,2026-07-23,"RNA design aims to identify RNA sequences that fold into a target secondary structure. This task is challenging in terms of computational efficiency. Most existing methods focus on either minimum free energy (MFE)-based or ensemble-based metrics, leaving a gap for a unified approach that performs well across both. We introduce a fast and versatile RNA design algorithm inspired by our previous work",http://arxiv.org/abs/2603.02283v1,arXiv
CryoNet.Refine: A One-step Diffusion Model for Rapid Refinement of Structural Models with Cryo-EM Density Map Restraints,"Fuyao Huang, Xiaozhu Yu, Kui Xu",arXiv,2026-07-23,"High-resolution structure determination by cryo-electron microscopy (cryo-EM) requires the accurate fitting of an atomic model into an experimental density map. Traditional refinement pipelines such as Phenix.real_space_refine and Rosetta are computationally expensive, demand extensive manual tuning, and present a significant bottleneck for researchers. We present CryoNet.Refine, an end-to-end dee",http://arxiv.org/abs/2602.22263v2,arXiv
CPTCs Drive Somatic-Visceral Communication via the Wnt Axis in Somatic Mechanotherapy: A Single-Cell Deep Learning Study,"Haixiang Huang, Zhenwei Zhang, BingBing Shen",arXiv,2026-07-23,"Somatic mechanical stimulation (e.g., acupuncture) exerts systemic immunomodulatory effects, yet the cellular bridge translating peripheral physical force into visceral repair remains elusive. Here, employing a custom interpretable deep learning framework (CARSS) on single-cell RNA sequencing data, we identify CD34$^{+}$PDGFR$α$$^{+}$ telocytes (CPTCs) as the primary mechanosensors in both fascia ",http://arxiv.org/abs/2602.05451v2,arXiv
Tensor-DTI: Enhancing Biomolecular Interaction Prediction with Contrastive Embedding Learning,"Manel Gil-Sorribes, Júlia Vilalta-Mor, Isaac Filella-Mercè",arXiv,2026-07-23,"Accurate drug-target interaction (DTI) prediction is essential for computational drug discovery, yet existing models often rely on single-modality predefined molecular descriptors or sequence-based embeddings with limited representativeness. We propose Tensor-DTI, a contrastive learning framework that integrates multimodal embeddings from molecular graphs, protein language models, and binding-site",http://arxiv.org/abs/2601.05792v1,arXiv
MERGE-RNA: a physics-based model to predict RNA secondary structure ensembles with chemical probing,"Giuseppe Sacco, Jianhui Li, Redmond P. Smyth",arXiv,2026-07-23,"RNA function is tied to secondary structure, operating through dynamic and heterogeneous structural ensembles. While current analysis tools typically output single static structures or averaged contact maps, chemical probing methods like DMS capture nucleotide-resolution signals representing the full structural ensemble, which remain difficult to interpret structurally. To address this, we present",http://arxiv.org/abs/2512.20581v3,arXiv
Clinical value of serum LINC00240 and its role in lipid metabolism of non-alcoholic fatty liver disease.,"Yang Baijing, Gan Yuan, Zhu Hongchun",Archives of physiology and biochemistry,2026-07-23,"Long non-coding RNAs (lncRNAs) play pivotal roles in diverse diseases, including non-alcoholic fatty liver disease (NAFLD). This study aimed to explore the expression of LINC00240 in NAFLD patients, elucidating its potential as a biomarker. RT-qPCR was employed to measure the levels of LINC00240 and miR-133a-3p. ROC curve analysed diagnostic value, luciferase reporter assay verified their targetin",https://pubmed.ncbi.nlm.nih.gov/42488937/,PubMed
Long non-coding RNAs as molecular hubs integrating inflammatory and osteogenic pathways in calcific aortic valve disease.,"Muñoz-Manco Juan Ignacio, Utami Annisa Mardianing, Li Zhexi",Frontiers in cardiovascular medicine,2026-07-23,"Cardiovascular disease remains the leading cause of morbidity and mortality worldwide. Among valvular pathologies, CAVD is the most prevalent and poses a growing burden on the aging population. Once considered a passive degenerative process, aortic stenosis (AS) is now understood to be an actively regulated disease characterized by progressive leaflet fibrosis, calcification, and inflammation, ult",https://pubmed.ncbi.nlm.nih.gov/42488534/,PubMed
Identification and validation of prognostic genes associated with clear cell renal cell carcinoma: based on public whole transcriptome sequencing datasets.,"Chang Pengcheng, Qin Zitong, Liu Runzhang",Frontiers in oncology,2026-07-23,"Clear cell renal cell carcinoma (ccRCC) is a prevalent malignancy, representing 80-90% of kidney cancer cases. This study aimed to identify potential prognostic genes to improve patient survival prediction and provide new insights into the pathogenesis and treatment of ccRCC through comprehensive whole transcriptome sequencing analysis. The analysis utilized whole transcriptomic data from publicly",https://pubmed.ncbi.nlm.nih.gov/42488123/,PubMed
A copy number variation generates a long-noncoding RNA that enhances ClBige1b expression to suppress cell expansion and seed growth in watermelon.,"Song Jianfei, Zhou Dan, Zheng Jianshu",Plant communications,2026-07-23,"Seed size is a key agronomic trait in watermelon. Large seeds are favorable for sowing, while small-seeded watermelons popular are preferred for consumption. However, the causal genetic variations and underlying mechanisms governing seed size remain poorly understood. Here, a copy number variation (CNV) tightly linked to seed size was identified. The single-copy CNV existed in large-seeded waterme",https://pubmed.ncbi.nlm.nih.gov/42487342/,PubMed
A Miswired Ovarian Ecosystem: LIF/JAK/STAT3 Distortion in PCOS.,"Sharma Anisha, Singh Shalini, Rajan Ravi Kumar","Reproductive sciences (Thousand Oaks, Calif.)",2026-07-23,"Polycystic ovary syndrome (PCOS) is a complex reproductive and metabolic disorder characterized by hyperandrogenism, anovulation, insulin resistance, and chronic low-grade inflammation. The LIF/JAK/STAT3 pathway is very important for coordinating folliculogenesis, endometrial receptivity, and metabolic homeostasis. The LIF-LIFR-gp130-JAK1-STAT3 signaling pathway supports the survival of granulosa ",https://pubmed.ncbi.nlm.nih.gov/42486999/,PubMed
LINC02126 stabilized by YTHDC1-mediated m6A modification suppresses lung adenocarcinoma progression by sponging miR-501-5p.,"Wang Junbin, Zhang Zhe, Qiang Guangliang",Tissue & cell,2026-07-23,"Lung adenocarcinoma (LUAD) is the most common subtype of non-small cell lung cancer, characterized by high incidence and mortality rates. Long noncoding RNAs (lncRNAs) have gained increasing attention for their regulatory roles in tumors, but the functions of many lncRNAs remain poorly understood. Previous studies have suggested that LINC02126 is downregulated in LUAD, yet its specific biological ",https://pubmed.ncbi.nlm.nih.gov/42485854/,PubMed
M,"Xu Haojun, Wu Xuan, Shi Ling",International immunopharmacology,2026-07-23,"The blood-milk barrier is essential for maintaining the homeostasis of the mammary microenvironment and safeguarding milk quality. Bacterial infection-induced mastitis is a major disease burden in the dairy industry. During bacterial mastitis, the blood-milk barrier is highly susceptible to disruption, and breakdown of structure integrity is among the earliest pathological events. However, the mol",https://pubmed.ncbi.nlm.nih.gov/42485757/,PubMed
Comparative transcriptome analysis reveals ncRNA-mediated regulatory networks associated with muscle crispiness in grass carp.,"Zhu Wenwen, Xiao Xitong, Yan Yujie","Comparative biochemistry and physiology. Part D, Genomics & proteomics",2026-07-23,"Non-coding RNAs (ncRNAs) have been demonstrated to be involved in muscle development and to function as key regulators. However, the molecular mechanism underlying muscle crispiness in grass carp (GC) remains poorly understood, and whether these ncRNAs are involved in its regulation is still unknown. In the current investigation, differentially expressed (DE) RNAs (including lncRNAs, circRNAs, miR",https://pubmed.ncbi.nlm.nih.gov/42485736/,PubMed
Hidden proteins encoded by non-canonical open reading frames: A review.,"Li Jiang-Xue, Qin Yan-Xia, Li Zhao",Experimental and molecular pathology,2026-07-23,"There is increasing evidence that translation is not limited to annotated protein-coding genes. Ribosome profiling sequencing, mass spectrometry-based proteomics, and immunopeptidomics have identified the productive translation of non-canonical open reading frames (ORFs). This suggests that the functional proteome includes not only conserved proteins but also proteins hidden in non-coding RNAs and",https://pubmed.ncbi.nlm.nih.gov/42485720/,PubMed
LNC297 promotes BMSCs differentiation and alleviates BHBA-induced inhibition through the miR-145/GAS7 axis.,"Tang Tao, Zhou Jing, Jia Xianbo",PloS one,2026-07-23,"Ketosis in dairy cows is characterized by elevated circulating β-hydroxybutyrate (BHBA) and profound alterations in whole-body energy metabolism. As a major peripheral tissue responsible for energy consumption and substrate utilization, skeletal muscle is continuously exposed to increased BHBA during ketosis and may use BHBA as an alternative energy substrate. However, the regulatory mechanism by ",https://pubmed.ncbi.nlm.nih.gov/42485423/,PubMed
A 3D RNA-protein proximity ligation protocol detecting the heterogeneity of LISRR-RPL26 interactions in patient-derived melanoma tumor explants.,"Marino Alessandro, Leucci Eleonora",STAR protocols,2026-07-23,"Investigating lncRNA-protein interactors is crucial for understanding their contribution to tumor formation and progression. Here, we present a protocol to explore the heterogeneity of RNA-protein interactions between the lncRNA LISRR and RPL26 ex vivo in 3D clinically relevant patient-derived melanoma models. We describe steps for sample preparation, RNA probe hybridization, and a proximity ligat",https://pubmed.ncbi.nlm.nih.gov/42485184/,PubMed
Cut-and-Bind Colorimetric Detection of Viral and Non-Coding RNAs Using CRISPR/Cas12a with Zinc Finger-Facilitated Gold Nanoparticle Assembly.,"Kim Kyung-Min, Lee Yeonju, Lee Jeong Min",ACS sensors,2026-07-23,"Accurate and rapid detection of RNA biomarkers is crucial for early disease diagnosis and infectious disease management. Although RT-qPCR remains the gold standard, its utility for point-of-care testing is limited by run-to-run variability and dependence on specialized instrumentation. Conversely, colorimetric assays offer operational simplicity but generally fall short of the sensitivity and spec",https://pubmed.ncbi.nlm.nih.gov/42485003/,PubMed
Non-coding RNAs as central regulators of phytohormone signaling in plant abiotic stress responses.,"Shah Sajid Ali, Chowhan Alisa, Aslam Saima",Plant molecular biology,2026-07-23,"Plants are continuously exposed to a wide range of abiotic stresses, including drought, salinity, temperature extremes, nutrient deficiency, and heavy metal toxicity, which severely constrain growth and productivity. To cope with these challenges, plants have evolved sophisticated regulatory networks involving phytohormones and non-coding RNAs (ncRNAs). This review provides a comprehensive overvie",https://pubmed.ncbi.nlm.nih.gov/42484808/,PubMed
Long non-coding RNA LOXL1 antisense RNA 1 promotes the malignancy of non-small cell lung cancer cells via modulating the microRNA-122-5p/E2F transcription factor 3 axis.,"Wang Zhijian, Zhang Zhenkui, Zhao Liqiang",Molecular genetics and genomics : MGG,2026-07-23,"Long non-coding RNA (lncRNA) antisense RNA 1 (LOXL1-AS1), reportedly, exerts carcinogenic effects in cancers including non-small cell lung cancer (NSCLC) via competitive endogenous RNA (ceRNA) mechanism. Additionally, previous studies have implied that microRNA-122-5p (miR-122-5p) and E2F transcription factor 3 (E2F3) have cancer-promoting properties and tumor-suppressive properties, respectively.",https://pubmed.ncbi.nlm.nih.gov/42484731/,PubMed
"LncRNA ANRIL inhibits TGF-β1-induced proliferation, migration, and fibrosis of Tenon's capsule fibroblasts from glaucoma patients by reducing IL-22-RA1 stability and expression.","Jiang Lei, Wu Yifeng, Shu Yujie",International ophthalmology,2026-07-23,To assess the involvement of long non-coding RNA (lncRNA) Antisense Noncoding RNA in the INK4 Locus (ANRIL) in subconjunctival fibrosis after glaucoma filtration surgery (GFS). Experimental. Primary human Tenon's capsule fibroblasts (HTFs) were isolated from glaucoma patients during GFS and then treated with human recombinant protein transforming growth factor-β1 (TGF-β1) to mimic the glaucoma con,https://pubmed.ncbi.nlm.nih.gov/42484723/,PubMed
The HCG11/QKI5 Axis Regulates Endothelial Angiogenic Adaptation During Chronic Cerebral Hypoperfusion.,"Jiao Xueqiao, Li Rui, Li Lulan",CNS neuroscience & therapeutics,2026-07-23,Chronic cerebral hypoperfusion drives the progression of intracranial atherosclerotic stenosis (ICAS) and increases ischemic risk. Endothelial angiogenic adaptation initially preserves cerebral perfusion but deteriorates with disease progression. We investigated whether the HCG11/QKI5 axis represents a regulatory node with therapeutic potential in cerebral hypoperfusion. Circulating hypoxia- and a,https://pubmed.ncbi.nlm.nih.gov/42484275/,PubMed
Clinical applications of epigenetic signatures in chronic pain management and health outcome prediction.,"Ben Amar Jinane, Michiels Joni, Hendrix Jolien",Epigenomics,2026-07-23,"Chronic pain represents a major public health challenge, imposing a substantial burden on both patients and healthcare systems. Beyond genetic predisposition, accumulating evidence indicates that epigenetic mechanisms contribute to the development and persistence of chronic pain disorders. Among these, DNA methylation and long non-coding RNAs (lncRNAs) have emerged as important regulators of gene ",https://pubmed.ncbi.nlm.nih.gov/42483881/,PubMed
Upstream non-AUG initiation and ribosomal -1 frameshifting in ATXN8OS CTA/CTG repeat-associated translation.,"Sakamoto Soyoka, Ito Hayato, Hasumi Mayuka",Nucleic acids research,2026-07-23,"Microsatellite repeat expansions contribute to the pathogenesis of many neurodegenerative disorders. In spinocerebellar ataxia type 8 (SCA8), abnormal expansion of CTA/CTG repeats in the 3' untranslated region of the ATXN8OS (ATXN8 Opposite Strand) gene has been implicated in disease pathology. Although the occurrence of repeat-associated non-AUG (RAN) translation from the ATXN8 transcript has bee",https://pubmed.ncbi.nlm.nih.gov/42483834/,PubMed
An integrative workflow for lncRNA orthology detection and its application to 13 evolutionarily diverse species.,"Degalez Fabien, Allain Coralie, Lagoutte Laetitia",Nucleic acids research,2026-07-23,"Long non-coding RNAs (lncRNAs), transcripts longer than 200 nucleotides with limited protein-coding potential, are key regulators of gene expression, yet their evolutionary conservation remains poorly understood due to rapid sequence divergence. We present a flexible workflow for cross-species inference of lncRNA orthology combining two synteny-based approaches with multi-species genome alignment-",https://pubmed.ncbi.nlm.nih.gov/42483833/,PubMed
Expression of LncRNA LOC645166 in the Peripheral Blood of Patients with Ankylosing Spondylitis and its Correlation with Disease Activity.,"Zhang Yu, Liu Sha, Tao Liju",Indian journal of orthopaedics,2026-07-23,"Ankylosing spondylitis (AS) is a progressive, chronic inflammatory rheumatic disease. Long non-coding RNAs (lncRNAs) are vital regulators for AS. This study aims to explore peripheral blood lncRNA LOC645166 expression in AS patients and its correlation with disease activity. Totally, 78 AS patients and 71 healthy volunteers were selected as the research subjects, with their demographics compared. ",https://pubmed.ncbi.nlm.nih.gov/42483254/,PubMed
An Evaluation on the Role of Non-Coding RNA in HIV Transcription and Latency: A Review,Xiangshuai Liu,arXiv,2026-07-23,"The existence of latent cellular reservoirs is recognized as the major barrier to an HIV cure. Reactivating and eliminating ""shock and kill"" or permanently silencing ""block and lock"" the latent HIV reservoir, as well as gene editing, remain promising approaches, but so far have proven to be only partially successful. Moreover, using latency reversing agents or ""block and lock"" drugs pose additiona",http://arxiv.org/abs/2502.06107v1,arXiv
"Blood-derived lncRNAs as potential biomarkers for early cancer diagnosis: The Good, the Bad and the Beauty","Cedric Badowski, Bing He, Lana X Garmire",arXiv,2026-07-23,Cancer ranks as one of the deadliest diseases worldwide. The high mortality rate associated with cancer is partially due to the lack of reliable early detection methods and/or inaccurate diagnostic tools such as certain protein biomarkers. Cell-free nucleic acids (cfNA) such as circulating long non-coding RNAs (lncRNAs) have recently been proposed as a new class of potential biomarkers that could ,http://arxiv.org/abs/2109.11746v1,arXiv
BPPart and BPMax: RNA-RNA Interaction Partition Function and Structure Prediction for the Base Pair Counting Model,"Ali Ebrahimpour-Boroojeny, Sanjay Rajopadhye, Hamidreza Chitsaz",arXiv,2026-07-23,"RNA-RNA interaction (RRI) is ubiquitous and has complex roles in the cellular functions. In human health studies, miRNA-target and lncRNAs are among an elite class of RRIs that have been extensively studied. Bacterial ncRNA-target and RNA interference are other classes of RRIs that have received significant attention. In recent studies, mRNA-mRNA interaction instances have been observed, where bot",http://arxiv.org/abs/1904.01235v2,arXiv
Active pH Modulation by Proton Channel-Peptide Nucleic Acid Complex for Effective siRNA Endosomal Escape.,"Ga Seongmin, Kim Nam Hyeong, Ryu Si Yeon","Small (Weinheim an der Bergstrasse, Germany)",2026-07-23,"Small interfering RNA (siRNA) has shown great potential for treating various genetic diseases, but lysosomal degradation limits its bioavailability. Here, we present the design of a Channel-PNA-siRNA (CPR) complex that facilitates endosomal escape by actively inducing osmotic rupture of the endosomes. Our design utilizes the transmembrane domain of the M2 proton channel (M2TM) to facilitate proton",https://pubmed.ncbi.nlm.nih.gov/42488996/,PubMed
"RNA epitranscriptomic regulation of tumor immune evasion: mechanisms, context-dependent roles, and therapeutic implications.","Ma Yanni, Deng Wenzhi, Jiang Xiulin",Frontiers in immunology,2026-07-23,"Tumor immune evasion is a fundamental hallmark of cancer progression and a major barrier to effective immunotherapy. RNA epitranscriptomic modifications have emerged as a critical layer of post-transcriptional regulation that links RNA fate control with tumor immune remodeling. These reversible modifications, including m",https://pubmed.ncbi.nlm.nih.gov/42488625/,PubMed
Integrative bioinformatics analysis identifies placental senescence-associated signatures in early-onset preeclampsia.,"Lin Li, Chen Ying, Chen Lei",Frontiers in endocrinology,2026-07-23,"Early-onset preeclampsia (EOPE) is a severe hypertensive disorder of pregnancy associated with preterm delivery and maternal multi-organ dysfunction. Although placental senescence and immune dysregulation have been implicated in EOPE, the expression profile of senescence-related genes(SRGs) and their mechanistic roles in disease progression remain unclear. Multiple placental bulk RNA-seq datasets ",https://pubmed.ncbi.nlm.nih.gov/42488003/,PubMed
ANGPTL4 in gestational diabetes: a diagnostic biomarker linked to placental senescence.,"He Yu-Feng, Chen Hui, Zhang Chuan-Meng",Functional & integrative genomics,2026-07-23,"Current diagnostic methods for Gestational Diabetes Mellitus (GDM) inadequately reflect early placental pathophysiology. Accelerated cellular senescence in trophoblasts has been reported as a pathological feature associated with the GDM placenta. However, the potential of senescence-related genes (SRGs) as candidate biomarkers or molecular indicators for GDM has not been systematically investigate",https://pubmed.ncbi.nlm.nih.gov/42487020/,PubMed
A versatile strategy for oligonucleotide functionalization via on-support phosphitylation.,"Dasgupta Ayan, Golojuch Sebastian, Xiao Li",Nature chemistry,2026-07-23,"Chemically modified nucleic acids such as antisense oligonucleotides, small interfering RNA and CRISPR guide RNA have emerged as transformative modalities in modern medicine, providing new strategies for the treatment of genetic and metabolic disorders, viral infections and cancer. However, their application is limited by challenges related to intracellular delivery and targeting, advances in whic",https://pubmed.ncbi.nlm.nih.gov/42486949/,PubMed
Intratumoral TIGIT blockade augments antitumor responses and bypasses increased functionality of peripheral TIGIT+ NK cells in mouse and human models of bone and soft tissue sarcoma.,"Lammers Marshall L, Sholevar Cyrus J, Karimzadeh Makan",Journal for immunotherapy of cancer,2026-07-23,"TIGIT (T cell immunoreceptor with Ig and ITIM domains) has emerged as a key exhaustion marker of intratumoral natural killer (NK) cells, but results from clinical trials with TIGIT blockade have been largely negative. Recent data have suggested that a subset of TIGIT-expressing NK cells can show increased functionality. We hypothesized that there are differences in function between peripheral and ",https://pubmed.ncbi.nlm.nih.gov/42486610/,PubMed
Fatty-acid-based antimiR-23b delivery in the DMSXL model: A potential therapeutic strategy for brain dysfunction in myotonic dystrophy type 1.,"Piqueras-Losilla Diego, Garcia-Rey Andrea, Huguet-Lachon Aline",Cell reports. Medicine,2026-07-23,"Myotonic dystrophy type 1 (DM1) is a severe neuromuscular disorder caused by CTG repeat expansions in the DMPK gene, leading to the formation of toxic RNA foci that sequester essential splicing regulators MBNL1/2. Beyond muscle impairment, DM1 affects also the brain, leading to significant cognitive deficits, behavioral abnormalities, and intellectual disabilities. This study evaluates the therape",https://pubmed.ncbi.nlm.nih.gov/42486096/,PubMed
Base editing for precision therapeutics.,"Regmi Moksada, Ma Kuiying, Bi Changhao",Cell genomics,2026-07-23,"Base editing (BE), the precise installation of single-nucleotide changes in DNA or RNA without inducing double-strand breaks, holds substantial therapeutic promise for correcting single-nucleotide variants, which constitute more than half of the known pathogenic genetic variants. Recent advances have improved base editor specificity, efficiency, and delivery, enabling clinically oriented procedure",https://pubmed.ncbi.nlm.nih.gov/42486091/,PubMed
Hybrid Nonviral Nanocarriers Enable Functional Neural Modulation.,"Hong Eunji, Xu Xinxin, Huang Sizhe",ACS nano,2026-07-23,"Extracellular vesicles released from the neuronal cells mediate the transfer of proteins, nucleic acids, and neurotransmitter-related cargoes, shaping gene expression and intercellular communication across neural circuits. Leveraging this endogenous pathway, we fused astrocyte-derived exosomes with RNA-loaded synthetic liposomes to create sub-100 nm hybrid nanoparticles for central nervous system ",https://pubmed.ncbi.nlm.nih.gov/42485583/,PubMed
Successful Delivery Following Ex Vivo Organoid Drug Testing for Unexplained Recurrent Pregnancy Loss.,"Huang Lijun, Tan Cheng, Xu Pei","Maternal-fetal medicine (Wolters Kluwer Health, Inc.)",2026-07-23,"To address the critical unmet need in managing unexplained recurrent pregnancy loss (URPL), where current empiric therapies exhibit limited efficacy, by leveraging patient-derived organoids (PDOs) for personalized therapeutic discovery. This single-case report serves as a proof-of-concept application of PDO-guided precision therapy in URPL. A 29-year-old woman who experienced six consecutive pregn",https://pubmed.ncbi.nlm.nih.gov/42483284/,PubMed
Target therapeutic exploitation of engineered exosome-mediated delivery of ncRNAs in cancer.,"Chaharlang Fatemeh, Mahdipour Nafiseh, Alizadeh Rami Sana",Cancer gene therapy,2026-07-23,"Non-coding RNAs, as microRNAs, long non-coding RNAs, and circular RNAs, are significant modulators of tumor biology and gene expression. miRNAs primarily regulate gene expression at the post-transcriptional level, whereas lncRNAs influence transcriptional activity and epigenetic states. Moreover, circRNAs function as highly stable molecules that shape oncogenic pathways by sequestering miRNAs and ",https://pubmed.ncbi.nlm.nih.gov/42481878/,PubMed
An annulus fibrosus anchored nanovector reprograms osteopontin driven macrophages in preclinical disc degeneration models.,"Li Zilong, Xue Yucheng, Li Zhenyu",Nature communications,2026-07-23,Intervertebral disc degeneration is a major cause of low back pain and is associated with inflammatory macrophages that promote annulus fibrosus degeneration via osteopontin signaling. Here we report an annulus fibrosus anchored nanovector carrying small interfering RNA targeting osteopontin. The nanovector first binds annulus fibrosus cells via a targeting peptide and is subsequently activated by,https://pubmed.ncbi.nlm.nih.gov/42481483/,PubMed
Binding-Activated ,"Xing Gang, Dong Zhihao, Sun Hao",Angewandte Chemie (International ed. in English),2026-07-23,"Cytoskeletal filaments and their associated organelles/proteins form a system-level network that organizes cellular architecture and activity, yet chemical tools for spatiotemporal control and proteome-wide mapping of these networks in living cells remain scarce. Here we present a modular strategy to generate small-molecule, singlet-oxygen-generating (",https://pubmed.ncbi.nlm.nih.gov/42479937/,PubMed
Uncovering the Underlying Mechanism of Clotrimazole against Ovarian Cancer by Transcriptomics and Experimental Investigations.,"Wang Xin, Wang Ning, Liao Jiaqian",Recent patents on anti-cancer drug discovery,2026-07-23,"Ovarian cancer remains the most lethal gynecological malignancy globally. While Clotrimazole (CTZ) exhibits antitumor potential, its specific efficacy and mechanisms in ovarian cancer require elucidation. Proliferation and apoptosis were assessed in A2780 and SKOV3 cells using CCK-8, colony formation, and Annexin-V/PI assays. Mechanisms were explored via RNA sequencing, molecular docking, qRT-PCR,",https://pubmed.ncbi.nlm.nih.gov/42478651/,PubMed
Resolving Heterogeneity of Targeted Lipid Nanoparticles Through Solution-Based Biophysical Analyses.,"Geisler Hannah C, Safford Hannah C, Thatte Ajay S","Advanced materials (Deerfield Beach, Fla.)",2026-07-23,"Targeted lipid nanoparticles (tLNPs) enable cell-specific nucleic acid delivery through covalent attachment of targeting ligands that drive receptor-mediated LNP uptake. tLNPs are potentially promising for pregnancy‑associated applications where precise delivery is required to minimize maternal toxicity and protect fetal health. Yet, rational tLNP design is limited by an incomplete understanding o",https://pubmed.ncbi.nlm.nih.gov/42478324/,PubMed
Mesenchymal Stem/Stromal Cells-Derived Exosomal Micro-RNA Delivery Enhances Bone Repair in Osteoporotic Conditions.,"Mandal Subhasis, Kim Lauren, Kang Minjee",Tissue engineering. Part A,2026-07-23,Osteoporosis-associated bone fractures are a leading cause of disability in the elderly population. Developing effective therapeutic strategies to enhance bone repair under osteoporotic conditions remains a major clinical challenge. Increasing evidence indicates that aberrant lineage commitment of mesenchymal stem/stromal cells (MSCs) resident in bone marrow contributes to osteoporosis-related bon,https://pubmed.ncbi.nlm.nih.gov/42478266/,PubMed
Manganese-Functionalized GelMA Hydrogels for MRI-Guided Immunotheranostics in Precision Oncology,"Motahareh Nazari, Keyvan Alavi",arXiv,2026-07-23,"Precision oncology requires multifunctional platforms capable of integrating accurate tumor diagnosis, localized therapeutic delivery, immune modulation, and real-time monitoring of treatment response. Gelatin methacryloyl (GelMA) hydrogels have emerged as versatile biomaterials for biomedical engineering because of their biocompatibility, extracellular matrix-like structure, tunable mechanical pr",http://arxiv.org/abs/2606.29599v1,arXiv
Reinforcement-guided generative protein language models enable de novo design of highly diverse AAV capsids,"Lucas Ferraz, Ana F. Rodrigues, Pedro Giesteira Cotovio",arXiv,2026-07-23,"Adeno-associated viral (AAV) vectors are widely used delivery platforms in gene therapy, and the design of improved capsids is key to expanding their therapeutic potential. A central challenge in AAV bioengineering, as in protein design more broadly, is the vast sequence design space relative to the scale of feasible experimental screening. Machine-guided generative approaches provide a powerful m",http://arxiv.org/abs/2603.19473v1,arXiv
Predicting Early and Complete Drug Release from Long-Acting Injectables Using Explainable Machine Learning,"Karla N. Robles, Manar D. Samad",arXiv,2026-07-23,"Polymer-based long-acting injectables (LAIs) have transformed the treatment of chronic diseases by enabling controlled drug delivery, thus reducing dosing frequency and extending therapeutic duration. Achieving controlled drug release from LAIs requires extensive optimization of the complex underlying physicochemical properties. Machine learning (ML) can accelerate LAI development by modeling the ",http://arxiv.org/abs/2601.02265v1,arXiv
Increased Autoreactive CD8,"Roy Payel, Parashar Smriti, Sidney John",Circulation research,2026-07-23,"Atherosclerosis is a chronic inflammatory disease with a strong autoimmune component, marked by the detection of autoreactive T cells and autoantibodies. Recent single-cell RNA sequencing studies have shown that atherosclerotic plaques contain clonally expanded CD8 We studied CD8 Some APOB peptides triggered robust CD8 The discovery of immunodominant major histocompatibility complex class I-restri",https://pubmed.ncbi.nlm.nih.gov/42488951/,PubMed
Safety of mRNA COVID-19 Vaccination during Pregnancy: Findings from Post-vaccination Follow-up Data from the Canadian National Vaccine Safety Network.,"Soe Phyumar, Muller Matthew P, Isenor Jennifer E",Journal of obstetrics and gynaecology Canada : JOGC = Journal d'obstetrique et gynecologie du Canada : JOGC,2026-07-23,"This communication reports post-vaccination follow-up findings from the Canadian National Vaccine Safety network on COVID-19 vaccination during pregnancy. Among 6606 pregnant individuals who received an mRNA COVID-19 primary series, 4302 provided pregnancy status in follow-up surveys. Within seven months of vaccination, live birth was the most reported outcome, followed by ongoing pregnancy. Our d",https://pubmed.ncbi.nlm.nih.gov/42486365/,PubMed
The emergence of novel H3N8 and H3N3 avian influenza viruses in chickens during multi-province surveillance in China and their potential public health risk.,"Wang Xue, Shi Hao, Li Peidong","Veterinary journal (London, England : 1997)",2026-07-23,"The H3 subtype avian influenza virus (AIV) poses a substantial global public health threat due to its high host adaptability and ongoing evolution. The recent emergence of novel H3N8 and H3N3 AIVs associated with cross-species transmission underscores the urgent need for enhanced epidemiological surveillance. In this study, we conducted surveillance and characterization of H3 AIVs based on a total",https://pubmed.ncbi.nlm.nih.gov/42486182/,PubMed
"mRNA vaccines for multidrug-resistant bacteria: promise, challenges, and microbiome-informed strategies.","Davido Benjamin, Loubet Paul, Saleh-Mghir Azzam",The Lancet. Microbe,2026-07-23,"Antimicrobial resistance (AMR) has made multidrug-resistant organisms (MDROs), particularly ESKAPE-E pathogens (including Enterococcus faecium, Staphylococcus aureus, Klebsiella pneumoniae, Acinetobacter baumannii, Pseudomonas aeruginosa, Enterobacter spp, and Escherichia coli), a major threat to modern medicine. Although novel antibiotics, antimicrobial stewardship, and infection prevention remai",https://pubmed.ncbi.nlm.nih.gov/42486137/,PubMed
Real-world effectiveness and safety of protein-based and mRNA COVID-19 vaccines (BEEHIVE trial).,"Yoon Sarang K, Phillips Andrew L, Battan-Wraith Steph",Vaccine,2026-07-23,"Real-world vaccine effectiveness (VE) and relative VE (rVE) data of protein-based and mRNA COVID-19 vaccines against symptomatic SARS-CoV-2 infections inform policy recommendations and reinforce public confidence. The study aim was to assess the safety and VE of the 2023-2024 protein-based and mRNA COVID-19 vaccines (XBB.1.5) in a real-world setting. The single-site, pragmatic BEEHIVE clinical tri",https://pubmed.ncbi.nlm.nih.gov/42486052/,PubMed
mRNA-LNP hepatitis C vaccine encoding p7 elicits improved humoral immunogenicity.,"Reagan Erin K, Wright Desiree A, Clark Kaitlyn E",Vaccine,2026-07-23,"Nucleoside-modified messenger RNA lipid nanoparticle (mRNA-LNP) vaccines have had a tremendous impact on vaccine development against infectious pathogens, particularly since the onset of the COVID-19 pandemic. The platform is an effective stimulator of humoral and cellular immune responses due to unique features of the mRNA and LNP components. We sought to optimize the performance of the mRNA-LNP ",https://pubmed.ncbi.nlm.nih.gov/42486050/,PubMed
Dengue vaccines: The role of a correlate of protection in evaluating vaccine safety and risk.,"Wong Joshua M, Acevedo Parker K, Whitehead Steve",Vaccine,2026-07-23,"Dengue remains a significant global health challenge, with incidence rising and over half the world's population at risk. Vaccines could play an important role in controlling dengue, but without a validated correlate of protection (CoP), vaccine development relies on large, costly, and complex phase 3 field efficacy trials that are often underpowered for evaluating efficacy and safety by individua",https://pubmed.ncbi.nlm.nih.gov/42486049/,PubMed
Salmonella vaccines in poultry: An update on the current status.,"Prakasan Lakshmi, Nair Sonu S, Pal Santanu",Research in veterinary science,2026-07-23,"Salmonella can cause significant infections in poultry, including fowl typhoid and pullorum disease, while Non-Typhoidal Salmonella (NTS) causes mild to severe diarrheal diseases and is potentially zoonotic. NTS, a significant cause of gastroenteritis in humans, is often underestimated in developing countries, where contaminated chicken or poultry products are the main drivers of its spread. Vario",https://pubmed.ncbi.nlm.nih.gov/42486020/,PubMed
Vaccine Efficacy Against Naturally Asymptomatic Infections: A Novel Estimand for Quantifying Vaccine Effects.,"Rogawski McQuade Elizabeth, Nabi Razieh, Codi Allison","Epidemiology (Cambridge, Mass.)",2026-07-23,"The naive approach to estimating the effects of a vaccine on asymptomatic infections, which compares the risk of asymptomatic infection among vaccinated and unvaccinated individuals, can be misleading because it comprises two effects: the vaccine preventing asymptomatic infections and the vaccine converting symptomatic to asymptomatic infections. When the latter effect is strong, vaccines can appe",https://pubmed.ncbi.nlm.nih.gov/42484317/,PubMed
Synthetic double-stranded RNA in antiviral immunity and vaccine adjuvant: insights into poly(I:C) and poly(A:U).,"Kayesh Mohammad Enamul Hoque, Kohara Michinori, Tsukiyama-Kohara Kyoko",Frontiers in immunology,2026-07-23,"Synthetic double-stranded RNA (dsRNA) analogues function as viral mimetics that activate innate immune signaling pathways critical for antiviral defense and the induction of adaptive immunity. Among dsRNA analogues, polyinosinic:polycytidylic acid [poly(I:C)] and polyadenylic:polyuridylic acid [poly(A:U)] have been extensively studied for their immunostimulatory properties and potential as vaccine",https://pubmed.ncbi.nlm.nih.gov/42483173/,PubMed
Safety and Immunogenicity of BNT162b2 in Antiretroviral Therapy-Treated People With HIV.,"Mitha Essack, Berhe Mezgebe, Aberg Judith",Open forum infectious diseases,2026-07-23,"People with human immunodeficiency virus (HIV) are at increased risk of severe COVID-19 and are recommended for priority vaccination. We investigated the safety and immunogenicity of a 2-dose regimen of the mRNA vaccine BNT162b2 in people with HIV (PWH) on antiretroviral therapy (ART). Safety, reactogenicity, and immunogenicity data were obtained from PWH on ART ≥16 years enrolled in the phase 1/2",https://pubmed.ncbi.nlm.nih.gov/42483033/,PubMed
"mRNA cancer vaccines: delivery strategies, immune modulation, and clinical translation.","Tian Dianzhe, Li Xinshi, Yang Zuyi",Frontiers in pharmacology,2026-07-23,"Cancer remains a major global health challenge, and traditional treatments often involve significant toxicity and limited benefits for patients with advanced-stage disease. mRNA vaccines have recently emerged as a promising approach in cancer immunotherapy due to their flexibility in design, rapid production, and suitability for personalized treatment. This review summarizes the molecular basis, m",https://pubmed.ncbi.nlm.nih.gov/42482783/,PubMed
CD73-LNPs promote antitumor T-cell immunity via amplifying TLR3-mediated immunostimulatory dendritic cell activation.,"Xu Yuandong, Cao Fei, Qiu Haowei",Journal of translational medicine,2026-07-23,"mRNA vaccines have emerged as highly promising therapeutic agents in cancer immunotherapy. Nevertheless, the current limited immunogenicity of target antigens and the lack of a robust systemic immune response remain significant challenges for their effective application. This study aimed to evaluate the immunogenicity of the CD73 protein and elucidate the mechanisms by which a CD73 mRNA vaccine me",https://pubmed.ncbi.nlm.nih.gov/42482149/,PubMed
RNARL: reinforcement learning-driven unified generative framework for multi-objective RNA codon design.,"Lin Shenggeng, Tan Hong, Wang Keyao",Genome biology,2026-07-23,"Current RNA codon design methods are limited by inefficient long-sequence processing and poor generalizability, often relying on a decoupled ""generate-or-optimize"" paradigm. We introduce RNARL, a reinforcement learning-driven framework that unifies sequence generation with multi-objective optimization. RNARL directly learns to generate high-performance sequences, effectively optimizing sequences o",https://pubmed.ncbi.nlm.nih.gov/42482120/,PubMed
Personalized cancer vaccines: bridging immune-oncology and precision medicine for advanced therapeutics.,"Ye Leiguang, Zhao Guo, Ma Jiaxiu",Signal transduction and targeted therapy,2026-07-23,"Despite advancements in therapeutic cancer vaccines, clinical translation has been hindered by limited efficacy, with Sipuleucel-T remaining the only FDA-approved therapeutic cancer vaccine to date. However, recent advances in personalized mRNA vaccines, such as Moderna's mRNA-4157 and BioNTech's autogene cevumeran, have demonstrated significant reductions in recurrence risk and improved survival ",https://pubmed.ncbi.nlm.nih.gov/42481451/,PubMed
Decoding neoantigen-encoding tumor-specific transcripts unveils a shared target reservoir for immunotherapy in hepatocellular carcinoma.,"Lin Peng, Wen Yifan, Zhao Jingjing",Journal for immunotherapy of cancer,2026-07-23,"Primary liver cancer, predominantly hepatocellular carcinoma (HCC), has limited therapeutic options. While mutation-derived neoantigen vaccine holds promise, its success is hindered by low antigen availability. This study explores transcriptome-derived neoantigens (neoantigen-encoding tumor-specific transcripts, neoTSTs) in HCC, characterizing their features, generation mechanisms, and therapeutic",https://pubmed.ncbi.nlm.nih.gov/42481156/,PubMed
"Uridine cytidine kinase 1 promotes phosphatidylcholine biosynthesis, facilitating SARS-CoV-2 infection.","Shi Guangda, Lee Jaeseung, Bhutda Smita",Molecular cell,2026-07-23,"RNA viruses require diverse metabolic intermediates for replication, including nucleotides, which are synthesized through two pathways: de novo biosynthesis and salvage. De novo nucleotide biosynthesis is required for viral replication, but the role of nucleotide salvage is less clear. Genetic screening of purine and pyrimidine salvage pathways revealed a requirement for pyrimidine salvage in SARS",https://pubmed.ncbi.nlm.nih.gov/42480519/,PubMed
Self-amplifying mRNA vaccine cocktail against Staphylococcus aureus: A multi-epitope immunoinformatics and structural simulation framework.,"Salemi Aysan, Pourseif Mohammad M, Jafari Behzad",World journal of microbiology & biotechnology,2026-07-23,"Staphylococcus aureus (S. aureus) remains a critical global public health threat, and the development of effective non-antibiotic prophylactic strategies is an urgent priority. To date, no licensed vaccine exists for the prevention of invasive S. aureus infections in humans. In the present study, a comprehensive multi-method pipeline was employed to design a bivalent self-amplifying mRNA (saRNA) v",https://pubmed.ncbi.nlm.nih.gov/42479253/,PubMed
Modern management of locally advanced urothelial carcinoma of the upper urinary tract.,"Ma Yanchun, Postel Maximilian, Melzer Michael Karl",World journal of urology,2026-07-23,"Upper tract urothelial carcinoma (UTUC) is a rare malignancy arising from the renal pelvis or ureter and is often diagnosed at an advanced stage. Prognosis depends strongly on tumor stage and grade, but remains poorer than that of bladder urothelial carcinoma. This review article summarizes current evidence on the management of locally advanced but resectable UTUC, focusing on perioperative system",https://pubmed.ncbi.nlm.nih.gov/42479060/,PubMed
Molecular Dynamics-Guided Sterol Engineering of mRNA-Lipid Nanoparticles Reprograms Biodistribution and Enhances Spleen-Selective Immunity.,"Jeon Sanghyuk, Bae Seo-Hyeon, Ji Jungyong","Advanced science (Weinheim, Baden-Wurttemberg, Germany)",2026-07-23,"Multicomponent membrane organization of mRNA-lipid nanoparticles (LNPs) critically determines their formulation behavior, organ selectivity, and immunological outcomes. However, compared to ionizable lipids, sterols remain a relatively underexplored design axis. This study discusses the engineering of a library of nine bile acid-derived sterols with different hydroxylation patterns and alkyl tail ",https://pubmed.ncbi.nlm.nih.gov/42478765/,PubMed
Transformer-Based Active Learning for Data-Efficient Vaccine Epitope Selection in PRRS,"Aspen Erlandsson Brisebois, Zahed Khatooni, Connor Burbridge",arXiv,2026-07-23,"High-fidelity molecular docking simulations can produce biologically relevant estimates of epitope-receptor binding affinity but are computationally expensive and therefore limit the number of candidates that can be screened for vaccine design. In this work, we evaluate machine learning (ML) approaches where variants of active learning are used to classify instances of high binding affinity betwee",http://arxiv.org/abs/2606.28659v1,arXiv
Exploring the Effects of Entanglement on Quantum Machine Learning of Pathogen Epitope-Receptor Binding,"Aspen Erlandsson Brisebois, Luis Pablo Gonzalez Dominguez, Shivansi Prajapati",arXiv,2026-07-23,"Parameterized quantum circuits (PQCs) provide a flexible substrate for hybrid quantum machine learning (QML), but their practical value on Noisy Intermediate-Scale Quantum (NISQ) devices remains an empirical question, especially because training depth and scale can introduce optimization challenges such as barren plateaus. Here we study how the number and topology of two-qubit entangling gates in ",http://arxiv.org/abs/2606.28655v1,arXiv
Formononetin alleviates ovarian fibrosis and inflammation via targeting SOCS3 and inhibiting TGF-,"Liu Aifen, Hu Jingyan, Yu Weili",Chinese herbal medicines,2026-07-23,"Polycystic ovary syndrome (PCOS) is an endocrine and metabolic disorder characterized by ovulatory dysfunction. Formononetin (FMN), a bioactive compound derived from leguminous plants, including  A PCOS-like model was established in 3-week-old female Sprague-Dawley rats by daily dehydroepiandrosterone (DHEA) injections. The efficacy of FMN was assessed by monitoring estrous cycles, hormone levels,",https://pubmed.ncbi.nlm.nih.gov/42488842/,PubMed
Piperine attenuates fibrogenesis and inflammation in hepatic fibrosis by switching STAT3 phosphorylation at Ser727.,"Dai Xu, Wu Yunuo, Lian Lihua",Chinese herbal medicines,2026-07-23,C57BL/6J mice with hepatic fibrosis were induced by thioacetamide (TAA) and subsequently subjected to treatment with PIP or curcumin. Immortalized rat hepatic stellate cells (HSCs) were stimulated with transforming growth factor- PIP improved hepatic fibrosis via inhibiting ECM excessive deposition and inflammatory secretion. Switching STAT3 phosphorylation at Ser727 might be the underlying target,https://pubmed.ncbi.nlm.nih.gov/42488841/,PubMed
G3BP1 methylation by PRMT5 facilitates its recruitment of TBK1 for IRF3 activation during host response to foreign ribonucleic acids.,"Song Wen, Kim Susana Soo-Yeon, Yam Candice",Frontiers in immunology,2026-07-23,"Ras GTPase-activating protein SH3 domain-binding protein 1 (G3BP1) has been shown to bind cytosolic nucleic acid sensors including retinoic acid-inducible gene I (RIG-I) and cyclic GMP-AMP synthase (cGAS) in innate immunity. As a scaffolding protein enhancing protein-protein and protein-RNA interactions during cellular stress response, we examine whether G3BP1 could bind additional innate immune s",https://pubmed.ncbi.nlm.nih.gov/42488687/,PubMed
Osteoarthritis as a systemic disorder: multi-organ crosstalk in pathogenesis and therapeutic targeting.,"Shu Tao, Shang Xiaobin, Zhou Yan",Frontiers in immunology,2026-07-23,"While osteoarthritis (OA) has long been viewed primarily as a localized, mechanically-driven joint disorder, emerging evidence suggests that systemic factors may play a significant modulating role in its pathogenesis. This review presents the ""Gut-Brain-Liver-Kidney axis"" as a potential regulatory framework to explore a conceptual shift towards a systemic perspective on this traditionally localize",https://pubmed.ncbi.nlm.nih.gov/42488663/,PubMed
Yougui Pills Alleviate Osteoporosis by Inhibiting Mesenchymal Stem Cell ROS Accumulation via the Nrf2/HO-1 Pathway.,"Liu Jiangyuan, Chen Kairui, Wen Jingyuan",Journal of cellular and molecular medicine,2026-07-23,"Osteoporosis (OP) is a prevalent skeletal disorder characterized by progressive bone mass loss and deteriorated microarchitecture, in which oxidative stress-induced mesenchymal stem cell (MSC) dysfunction serves as a core pathogenic mechanism. Yougui Pills (YGPs), a classical traditional Chinese medicine formula, are widely applied in clinical OP management, yet the cellular and molecular mechanis",https://pubmed.ncbi.nlm.nih.gov/42487291/,PubMed
Psoriasis-Obesity-Related Gene COX7C Promotes Keratinocyte Proliferation and Positively Regulates Inflammatory Responses in Psoriasis.,"Liu Fanghua, Su Hang, Han Ruxue",Journal of cellular and molecular medicine,2026-07-23,"Obesity (OB) predisposed to psoriasis (PSO) and aggravation of existing PSO. It is a risk factor for PSO and metabolic syndrome. However, the biological link between PSO and OB remains to be studied. The study aimed to explore the relationship between PSO and OB, identify potential predictive biomarkers, and investigate their expression and function in PSO. Mendelian randomization (MR) was used to",https://pubmed.ncbi.nlm.nih.gov/42487278/,PubMed
"[MBD1 knockdown inhibits proliferation, migration and angiogenesis of human umbilical vein endothelial cells ","Dan Yutong, Zhang Tingfu, Liu Hongmei",Nan fang yi ke da xue xue bao = Journal of Southern Medical University,2026-07-23,"To investigate the effects of methyl-CpG binding domain protein 1 (MBD1) on proliferation, migration, and angiogenesis in human umbilical vein endothelial cells (HUVECs). Cultured HUVECs were infected with a lentivirus carrying sh-MBD1 or a scramble shRNA (sh-NC), and the successfully infected cells were screened using puromycin. RT-qPCR and Western blotting were used to assess MBD1 gene silencing",https://pubmed.ncbi.nlm.nih.gov/42486827/,PubMed
CDK12 mediates the inhibition effect of mechanical unloading on osteoblast proliferation by regulating RNAPII transcription activation.,"Hu Lifang, Zhong Wenjin, Wang Linlin",Bone & joint research,2026-07-23,"Mechanical stimuli are crucial in regulating normal osteoblast function to maintain bone homeostasis. Decreased osteoblast proliferation is one of the main causes of osteoporosis induced by mechanical unloading. However, the underlying mechanism remains unclear. Cyclin-dependent kinase 12 (CDK12), a member of the CDK family, plays a key role in regulating cell proliferation. In this study, we aime",https://pubmed.ncbi.nlm.nih.gov/42486479/,PubMed
Methylophiopogonanone A mitigates myocardial ischemia-reperfusion injury: involvement of VEGFR2-associated PI3K/Akt/GSK-3β signaling and suppression of mPTP opening.,"Yang Ming, Deng Haoxuan, Zhu Qiyue",Journal of ethnopharmacology,2026-07-23,"Ophiopogonis Radix (Mai-Dong) has been widely used in traditional Chinese medicine for the treatment of cardiovascular diseases, particularly those associated with ischemia and impaired cardiac function. Methylophiopogonanone A (MOA), a bioactive homoisoflavonoid isolated from Ophiopogonis Radix, has demonstrated antioxidant and anti-inflammatory activities; however, its role and molecular mechani",https://pubmed.ncbi.nlm.nih.gov/42486453/,PubMed
HSP90 Inhibition Partially Rescues Alternative Splicing Dysregulation in Cell Models of Myotonic Dystrophy.,"Zhang Jing, Mascorro Amy, Oishi Humayra",The Journal of biological chemistry,2026-07-23,"Myotonic dystrophy type 1 (DM1) and type 2 (DM2) are multisystemic diseases caused by the expression of toxic expansion RNAs that sequester muscleblind-like (MBNL) proteins, resulting in extensive alternative splicing dysregulation. Given that there are no current disease-modifying treatments for DM, we sought to identify compounds that rescue the underlying splicing dysregulation. A medium throug",https://pubmed.ncbi.nlm.nih.gov/42486259/,PubMed
"Epilepsy of infancy with migrating focal seizures: A scoping review of clinical features, diagnostic testing including genetics, long-term outcomes, mortality, and current and emerging therapeutic strategies.",Samanta Debopam,Epilepsy & behavior : E&B,2026-07-23,"Epilepsy of infancy with migrating focal seizures (EIMFS) is among the most severe developmental and epileptic encephalopathies (DEEs), marked by intractable multifocal seizures migrating across both hemispheres, profound developmental arrest, and high early mortality. Advances in next-generation sequencing have revealed a heterogeneous genetic architecture dominated by KCNT1 gain-of-function vari",https://pubmed.ncbi.nlm.nih.gov/42485940/,PubMed
Ion channel TRPML2 (MCOLN2) promotes ovarian cancer metastasis and chemoresistance.,"Yang Shizhang, Lei Zhenchuan, Yao Xiaoqiang",Biochemical and biophysical research communications,2026-07-23,"Ovarian cancer, with metastasis and chemoresistance being the major obstacles to successful treatment, is a leading cause of death among gynecological malignancies. Identifying new molecular targets and understanding the underlying mechanisms of metastasis and chemoresistance are pressing issues in ovarian cancer therapy. Emerging evidence suggests that an endolysosomal Ca TRPML2 expression was st",https://pubmed.ncbi.nlm.nih.gov/42485795/,PubMed
GLRaV-2 p24 suppressor simultaneously subverts host RNA silencing and SA defenses by targeting VvWRKY51.,"Li Han-Wei, Wang Jin-Ying, Liu Can",Plant physiology,2026-07-23,"Grapevine (Vitis vinifera) is severely impacted by viral diseases, with grapevine leafroll disease (GLRD) being the most economically damaging. Grapevine leafroll-associated virus 2 (GLRaV-2) is a prevalent virus associated with GLRD, yet the molecular mechanisms underlying GLRaV-2 infection remain poorly understood. Here, we demonstrate that the grapevine transcription factor (TF) VvWRKY51 ‌posit",https://pubmed.ncbi.nlm.nih.gov/42485612/,PubMed
Beyond fibrosis: Emerging role of IL-11 in regulating innate and adaptive immune cell plasticity.,"Zhang Yu, Chen Jing, Gong Likun",Molecular biology reports,2026-07-23,"Interleukin-11 (IL-11), a member of the IL-6 cytokine family, is well-recognized for its role in driving fibrosis and stromal remodeling. Extensive research on this fibroblast-associated cytokine have focused on its roles in tissue scarring and extracellular matrix deposition. However, emerging evidence has unveiled its sophisticated role in immunomodulation, extending far beyond its conventional ",https://pubmed.ncbi.nlm.nih.gov/42484928/,PubMed
"Multilevel Assessment of a Carbosilane Dendrimer-siRNA Nanoplatform: Cellular Compatibility, Blood-Brain Barrier Model Integrity, and Murine Model Biodistribution.","Zawadzki Serafin, Okła Elżbieta, Ortega López Paula",ACS applied materials & interfaces,2026-07-23,"The tight regulation of bidirectional solute flux between the systemic circulation and neural tissue by the blood-brain barrier (BBB) remains a principal obstacle to effective pharmacotherapy of the central nervous system. In this study, we evaluate the biocompatibility and biodistribution of a novel third-generation PEGylated carbosilane dendrimer (G3Si PEG6000) and its siRNA dendriplex with an A",https://pubmed.ncbi.nlm.nih.gov/42484400/,PubMed
"Reimagining Renal Cell Carcinoma Therapy: Bridging Conventional Gaps with Monoclonal Antibodies (mAbs), Tyrosine Kinase Inhibitors (nibs), and Nanocarriers.","Mandal Sinchani, Pal Debraj, Singh Inderbir",Current cancer drug targets,2026-07-23,"Renal cell carcinoma (RCC), a highly aggressive kidney malignancy, presents significant challenges in early diagnosis, therapeutic resistance, and metastatic progression. Conventional treatment modalities, including surgery, radiotherapy, and chemotherapy, remain essential but are often limited by non-specific toxicity, resistance development, and suboptimal long-term outcomes in advanced stages. ",https://pubmed.ncbi.nlm.nih.gov/42483919/,PubMed
CircHomer1 may contribute to postoperative cognitive impairment by modulating Homer1b/mGluR5-associated signaling in the vCA1 region of aged mice.,"Ran Wei, Shen Yiwei, Yuan Ruixue",Frontiers in molecular neuroscience,2026-07-23,"Postoperative delirium (POD) is a common and severe complication in elderly patients after surgery, primarily characterized by a decline in cognitive function. Presently, the pathogenesis of POD is still unclear, thus making it imperative to investigate the key mechanisms of its transcriptional regulation. Circular RNAs have been implicated in mental and cognitive disorders. Our previous circRNA p",https://pubmed.ncbi.nlm.nih.gov/42483533/,PubMed
DeepSilencer: A Novel Deep Learning Model for Predicting siRNA Knockdown Efficiency,"Wangdan Liao, Weidong Wang",arXiv,2026-07-23,"Background: Small interfering RNA (siRNA) is a promising therapeutic agent due to its ability to silence disease-related genes via RNA interference. While traditional machine learning and early deep learning methods have made progress in predicting siRNA efficacy, there remains significant room for improvement. Advanced deep learning techniques can enhance prediction accuracy, reducing the relianc",http://arxiv.org/abs/2503.04200v1,arXiv
Maturation of siRNA by strand separation: Steered Molecular dynamics study,"Rakesh K Mishra, Sanchita Mukherjee, Dhananjay Bhattacharyya",arXiv,2026-07-23,"RNA interference, particularly siRNA induced gene silencing is becoming an important avenue of modern therapeutics. The siRNA is delivered to the cells as short double helical RNA which becomes single stranded for forming the RISC complex. Significant experimental evidence is available for most of the steps except the process of the separation of the two strands. We have attempted to understand th",http://arxiv.org/abs/1910.03778v1,arXiv
Using a hydrogen-bond index to predict the gene-silencing efficiency of siRNA based on the local structure of mRNA,"Kathy Q. Luo, Donald C. Chang",arXiv,2026-07-23,The gene silencing effect of short interfering RNA (siRNA) is known to vary strongly with the targeted position of the mRNA. A number of hypotheses have been suggested to explain this phenomenon. We would like to test if this positional effect is mainly due to the secondary structure of the mRNA at the target site. We proposed that this structural factor can be characterized by a single parameter ,http://arxiv.org/abs/1710.07413v1,arXiv
Unraveling siRNA Unzipping Kinetics with Graphene,"Santosh Mogurampelly, Swati Panigrahi, Dhananjay Bhattacharyya",arXiv,2026-07-23,"Using all atom molecular dynamics simulations, we report spontaneous unzipping and strong binding of small interfering RNA (siRNA) on graphene. Our dispersion corrected density functional theory based calculations suggest that nucleosides of RNA have stronger attractive interactions with graphene as compared to DNA residues. These stronger interactions force the double stranded siRNA to spontaneou",http://arxiv.org/abs/1207.4569v1,arXiv
Unzipping and binding of small interfering RNA with single walled Carbon Nanotube: a platform for small interfering RNA delivery,"Mogurampelly Santosh, Swati Panigrahi, Dhananjay Bhattacharyya",arXiv,2026-07-23,"In an effort to design efficient platform for siRNA delivery, we combine all atom classical and quantum simulations to study the binding of small interfering RNA (siRNA) by pristine single wall carbon nanotube (SWCNT). Our results show that siRNA strongly binds to SWCNT surface via unzipping its base-pairs and the propensity of unzipping increases with the increase in the diameter of the SWCNTs. T",http://arxiv.org/abs/1203.2409v1,arXiv
Nanodiamond as a vector for siRNA delivery to Ewing sarcoma cells,"Anna Alhaddad, Marie-Pierre Adam, Jacques Botsoa",arXiv,2026-07-23,"We investigated the ability of diamond nanoparticles (nanodiamonds, NDs) to deliver small interfering RNA (siRNA) in Ewing sarcoma cells, in the perspective of in vivo anti-cancer nucleic acid drug delivery. siRNA was adsorbed onto NDs previously coated with cationic polymer. Cell uptake of NDs has been demonstrated by taking advantage of NDs intrinsic fluorescence coming from embedded color cente",http://arxiv.org/abs/1106.2252v2,arXiv
Target prediction and a statistical sampling algorithm for RNA-RNA interaction,"F. W. D. Huang, J. Qin, C. M. Reidys",arXiv,2026-07-23,"It has been proven that the accessibility of the target sites has a critical influence for miRNA and siRNA. In this paper, we present a program, rip2.0, not only the energetically most favorable targets site based on the hybrid-probability, but also a statistical sampling structure to illustrate the statistical characterization and representation of the Boltzmann ensemble of RNA-RNA interaction st",http://arxiv.org/abs/0908.0597v1,arXiv
In silico evidence of the relationship between miRNAs and siRNAs,"Ludovica Montanucci, Piero Fariselli, Pier Luigi Martelli",arXiv,2026-07-23,"Both short interfering RNAs (siRNAs) and microRNAs (miRNAs) mediate the repression of specific sequences of mRNA through the RNA interference pathway. In the last years several experiments have supported the hypothesis that siRNAs and miRNAs may be functionally interchangeable, at least in cultured cells. In this work we verify that this hypothesis is also supported by a computational evidence. We",http://arxiv.org/abs/0705.2355v1,arXiv
