title,authors,journal,date,abstract,link,source
Subtype-specific differences in susceptibility to monoclonal antibodies and vaccines among contemporary RSV-A and RSV-B isolates.,"Silva Marinho Paula Eillanny, Ghimire Dibya, Tsai Silva João",Journal of virology,2026-10-05,Respiratory syncytial virus (RSV) continues to circulate at high levels despite the introduction of new monoclonal antibodies (mAbs) and vaccines targeting the pre-fusion F (pre-F) protein. We analyzed the viral genome sequences of 133 RSV clinical samples collected during the 2022-2023 and 2023-2024 seasons and selected representative isolates for phenotypic testing. We selected four RSV-A and fo,https://pubmed.ncbi.nlm.nih.gov/42831627/,PubMed
Tumor-on-a-chip with single-cell microfluidics reveals distinct NK cell immunosuppression by hypoxia ,"Wang Aoling, Wang Yunting, Han Xiahe",Lab on a chip,2026-10-05,"Immunosuppression induced by metabolic stress within the solid tumor microenvironment (TME) critically limits the efficacy of cancer immunotherapies. Here, we develop a tumor microenvironment-on-a-chip (TMoC) platform integrated with single-cell microfluidic analysis to precisely model both hypoxic and lipid-enriched conditions commonly found in solid tumors. Utilizing this system, we elucidate th",https://pubmed.ncbi.nlm.nih.gov/42831532/,PubMed
CRISPR screen reveals FTO-mediated m6A modification of ATF3 as protective in ischaemic stroke.,"Yu Jiangtao, Zhu Xiaolu, Lu Qianyu",Brain : a journal of neurology,2026-10-05,"RNA modifications, especially N6-methyladenosine (m6A), have emerged as pivotal regulators of gene expression in neurological disorders, yet their roles in ischaemic stroke remain unclear. Here, we performed a CRISPR-Cas9 loss-of-function screen targeting 118 RNA modification-related genes in neuronal cells subjected to oxygen-glucose deprivation/reoxygenation (OGD/R) and validated the findings in",https://pubmed.ncbi.nlm.nih.gov/42831527/,PubMed
Melanosome Clusters and Apoptotic Melanocytes Internalized by Dermal Fibroblasts Impairs Cellular Function.,"Jin Yangyi, Feng Zhe, Huang Xingge",Experimental dermatology,2026-10-05,"Skin pigmentation disorders with dermal melanin involvement are therapeutically challenging due to poor responsiveness to conventional treatments and unclear pathogenesis. While melanin in the dermis is typically cleared by macrophages, human dermal fibroblasts (HDFs) can also internalize extracellular melanosome clusters (EMC) and apoptotic melanocytes that have occasionally been observed in the ",https://pubmed.ncbi.nlm.nih.gov/42831446/,PubMed
Redirecting full-length FLT1 expression towards its soluble isoform by targeting alternative polyadenylation promotes postischaemic angiogenesis.,"Bundalo Maja, Vorlova Sandra, Ulrich Jessica",Cardiovascular research,2026-10-05,"Vascular endothelial growth factors (VEGFs) and their endothelial tyrosine kinase receptors are crucial mediators of vasculogenesis and angiogenesis, with FLT1 (VEGFR1) acting as a decoy receptor for VEGFs. Alternative polyadenylation (APA) of Flt1 transcripts produces a truncated mRNA transcript encoding soluble (s) FLT1, which contains only the extracellular ligand-binding domain. The relative r",https://pubmed.ncbi.nlm.nih.gov/42831433/,PubMed
Two Versus One COVID-19 Vaccine Dose After Prior SARS-CoV-2 Infection: A Nationwide Retrospective Cohort Study.,"Chemaitelly Hiam, Ayoub Houssein H, Coyle Peter",Open forum infectious diseases,2026-10-05,"Immune protection against severe acute respiratory syndrome coronavirus 2 (SARS-CoV-2) varies by prior infection and vaccination history. This study evaluated whether 2 coronavirus disease (COVID-19) vaccine doses after prior infection provide additional protection compared with a single dose. A national matched retrospective cohort study was conducted in Qatar from December 1, 2020-March 3, 2025.",https://pubmed.ncbi.nlm.nih.gov/42831111/,PubMed
Human T cell engineering via serial delivery of mRNA encapsulated within lipid nanoparticles.,"Ramamurthy Apoorva, Scimonelli Giulia, Murphy William L",Molecular therapy. Nucleic acids,2026-10-05,"Human T cells modified with nucleic acids constitute a powerful and emerging therapeutic modality for cancer, autoimmune disorders, and aging-related diseases. However, delivering nucleic acids, such as mRNA encoding synthetic receptors, transcription factors, cytokines, or genome editors to T cells can be challenging, as nucleic acids can unintentionally reduce viable T cell yield and function, p",https://pubmed.ncbi.nlm.nih.gov/42831101/,PubMed
Predictive Molecular Biomarkers in Pediatric Steroid-Resistant Nephrotic Syndrome: A Systematic Review.,"Putri Aqilah Hanifah, Rahmah Galuh Anindya, Safitri Renata Oktavia",International journal of nephrology and renovascular disease,2026-10-05,"Nephrotic syndrome is the leading cause of pediatric chronic kidney disease, particularly the steroid-resistant subtype (SRNS). The current diagnostic paradigm relies on prolonged steroid trials or invasive biopsies, often delaying optimal treatment. This study systematically synthesizes evidence from cohort studies on non-invasive molecular biomarkers predicting SRNS at onset. We searched PubMed,",https://pubmed.ncbi.nlm.nih.gov/42831016/,PubMed
Chronic High-Fat Diet Downregulates M3 Muscarinic and β1-Adrenergic Receptor mRNA Expression and Alters Submandibular Gland Histology in Wistar Rats.,"Fitria Desiana, Veronica Fifi, Radhiyanti Putri Teesa","Diabetes, metabolic syndrome and obesity : targets and therapy",2026-10-05,"A chronic high-fat diet (HFD) is associated with metabolic disturbances, inflammation, oxidative stress, and functional impairment in several organs. However, its effects on autonomic receptor expression and submandibular gland histology remain insufficiently understood. The submandibular gland contributes 65 to 75% of basal salivary secretion and is central to salivary function. This study aimed ",https://pubmed.ncbi.nlm.nih.gov/42830938/,PubMed
Increased Local Expression of Interleukin-1β in Patients with Acute Myocardial Infarction with Local Layered Plaque.,"Liu Minghao, Luo Xing, Zhu Xinxin",Journal of inflammation research,2026-10-05,"Patients with acute myocardial infarction are found to have layered plaque in the culprit lesion site during optical coherence tomography, indicating that these patients have experienced recurrent thrombotic events locally. Whether inflammation factors are associated with this phenomenon remains unknown. A total of 125 patients with acute myocardial infarction who underwent coronary angiography fo",https://pubmed.ncbi.nlm.nih.gov/42830922/,PubMed
Metabolic effects of periodontal pathogens ,"Gopinath Divya, Selvakumar Balachandar, Sekar Priyadharshini",Journal of Taibah University Medical Sciences,2026-10-05,"Periodontal pathogens are increasingly recognized as key regulators of cancer biology. However, their roles in modulating metabolism-related gene expression in colorectal cancer remain poorly understood. Human colorectal cancer (HCT)116 cells were exposed to  The distinct impacts of the two bacterial species demonstrated the complexity of colorectal cancer host-microbiome interactions. These findi",https://pubmed.ncbi.nlm.nih.gov/42830770/,PubMed
N,"Hong Pingping, Li Yongjie, Lin Jiandong",Chemical biology & drug design,2026-10-05,Excessive cholesterol contributes to pancreatic β-cell dysfunction and plays a critical role in the pathogenesis of metabolic disorders. FTO is a well-characterized N,https://pubmed.ncbi.nlm.nih.gov/42830585/,PubMed
A spatial and temporal transcriptomic atlas of mouse intestinal regeneration in the jejunum.,"Ofer Rachel, Tran Tyler, He Ping",Nature communications,2026-10-05,"The intestinal epithelium exhibits a remarkable capacity for regeneration following injury, yet the spatial and temporal dynamics of the damage-repair cycle remain incompletely understood. We present a spatial transcriptomics atlas of ionizing radiation-induced injury and repair in the mouse jejunum, capturing mRNA from 16,921 genes across approximately 26 million bins at 2-µm resolution in 23 bio",https://pubmed.ncbi.nlm.nih.gov/42830316/,PubMed
A 5:2 Intermittent Fasting Regimen Ameliorates High-Fat Diet-Induced MASLD-Associated Skeletal Muscle Impairment in Mice.,"Wang Ruohua, Yang Rui, Hu Dan","Journal of cachexia, sarcopenia and muscle",2026-10-05,"Metabolic dysfunction-associated steatotic liver disease (MASLD) is a highly prevalent chronic liver disorder worldwide. Its pathogenesis is closely linked to high-fat diets (HFDs) and is frequently accompanied by decreased skeletal muscle quality. Although intermittent fasting (IF) has been shown to effectively alleviate hepatic steatosis and inflammation, its impact on skeletal muscle quality re",https://pubmed.ncbi.nlm.nih.gov/42830273/,PubMed
Histone lactylation-upregulated CEBPB transcriptionally activates CXCL12 and p21 to modulate vascular smooth muscle cell senescence and macrophage polarization.,"Han Yongxin, Wang Jiacheng, Li Ruchen",Cellular signalling,2026-10-05,"Abdominal aortic aneurysm (AAA) represents a widespread vascular disorder associated with high significant mortality rates, and the phenotypic transformation of vascular smooth muscle cells (VSMCs) acts as a crucial pathological characteristic during the advancement of this condition. Recent studies suggest that metabolic reprogramming, particularly lactate accumulation, is important in modulating",https://pubmed.ncbi.nlm.nih.gov/42830164/,PubMed
Investigation of the pentamidine efficacy against myotonic dystrophy type 1 exploiting polymeric- and lipid-based nanoparticles.,"Carton Flavia, Andreana Ilaria, Meo Chiara Di",International journal of pharmaceutics,2026-10-05,"Myotonic dystrophy type 1 (DM1) is a genetic disorder caused by a mutation in the DMPK gene, in which an expanded CTG trinucleotide is transcribed into abnormal mRNA that accumulates in nuclear foci. These foci sequester crucial splicing factors, causing a strong mis-regulation of downstream target genes. Consequently, DM1 causes dysfunctions of multiple organs, including skeletal muscle. Currentl",https://pubmed.ncbi.nlm.nih.gov/42830160/,PubMed
Accumulation Dynamics of Various Proteasome Forms in Colorectal Adenocarcinoma Cells Treated with Interferon-Gamma.,"Morozov Alexey V, Kravchenko Anastasia Yu, Mikheeva Alesya M",Biochemistry. Biokhimiia,2026-10-05,"Most intracellular proteins are degraded by proteasomes. In addition to constitutive proteasomes (cPs), cells form non-constitutive proteasomes (ncPs), which contain alternative catalytic subunits. These proteasomes play a key role in immunological reactions and cellular response to stress. The ncPs synthesis is activated by interferon-γ (IFN-γ), however, studies of the proteasome pool dynamics fo",https://pubmed.ncbi.nlm.nih.gov/42830109/,PubMed
Induction of the Full-Length FoxP3 Splice Variant during ,"Blinova Varvara G, Gladilina Yulia A, Shishparenok Anastasiya N",Biochemistry. Biokhimiia,2026-10-05,Regulatory T cells (Tregs) control immune responses to autoantigens and play a key role in suppressing autoimmune reactions during the development of autoimmune diseases. One of the approaches to personalized regenerative therapy for autoimmune diseases is enhancing the proliferative and suppressive activities of Tregs ,https://pubmed.ncbi.nlm.nih.gov/42830107/,PubMed
DNA Methylation of the ,"Lavrinova Anna O, Litusova Ekaterina M, Dmitriev Alexey A",Biochemistry. Biokhimiia,2026-10-05,Alpha-synuclein oligomers are believed to be the major neurotoxic agents in neurodegenerative process in Parkinson's disease (PD). The ,https://pubmed.ncbi.nlm.nih.gov/42830106/,PubMed
Inhibition of miR-125b-1-3p alleviates acute kidney injury and mitochondrial membrane potential loss by targeting GSTK1.,"Mao Chun, Tong Wenxia, Zhu XiaoMing",Biochemical and biophysical research communications,2026-10-05,"As a type of regulated necrosis driven by iron-dependent lipid peroxidation, ferroptosis critically contributes to acute kidney injury (AKI). Currently, whether miR-125b-1-3p is engaged in this pathological process remains unknown. Here, miR-125b-1-3p was upregulated in kidney tissues from an AKI model (GSE125305), in serum from a small exploratory cohort (15 AKI patients vs 15 controls), and in h",https://pubmed.ncbi.nlm.nih.gov/42829995/,PubMed
Optimizing RNA yield using deep neural networks coupled to massively parallel screening,"Dinghai Zheng, Justin Hong, Jun Wang",arXiv,2026-10-05,"Messenger RNA (mRNA)-based therapeutics have emerged as a powerful platform for vaccines, protein replacement therapies, and cancer immunotherapy. A critical bottleneck in mRNA development is manufacturing large quantities of RNA economically, as measured by RNA yield emerging from an in vitro transcription (IVT) reaction. However, how promoter-adjacent DNA sequences influence RNA yield remains po",http://arxiv.org/abs/2608.23722v1,arXiv
Energy-efficient codon optimization on thermodynamic hardware,"Andraz Jelincic, Ross C. Walker",arXiv,2026-10-05,"The growing energy demand for computation is becoming increasingly unsustainable. Thermodynamic computing, which harnesses physical thermal fluctuations as a computational resource rather than suppressing them, offers orders-of-magnitude energy savings for probabilistic and combinatorial tasks. Pharmaceutical R&D, heavily reliant on computational optimization and sampling, is a natural application",http://arxiv.org/abs/2606.17327v1,arXiv
mRNAutilus: Multi-Objective-Guided Discrete Generation of mRNA with Optimized Therapeutic Properties,"Sawan Patel, Sophia Tang, Yesol Kim",arXiv,2026-10-05,"Therapeutic mRNA design requires coordinating multiple interacting sequence features across the full transcript, where codon usage, untranslated regions (UTRs), and their coupling jointly determine stability, translation efficiency, and protein expression. Here, we present mRNA generation via unrolled trajectories and informed latent updates (mRNAutilus), a framework for simultaneous codon optimiz",http://arxiv.org/abs/2605.31296v1,arXiv
Sampling-based Continuous Optimization for Messenger RNA Design,"Feipeng Yue, Ning Dai, Wei Yu Tang",arXiv,2026-10-05,"Designing messenger RNA (mRNA) sequences for a fixed target protein requires searching an exponentially large synonymous space while optimizing properties that affect stability and downstream performance. This is challenging because practical mRNA design involves multiple coupled objectives beyond classical folding criteria, and different applications prefer different trade-offs. We propose a gene",http://arxiv.org/abs/2603.06559v1,arXiv
Drug-like antibodies with low immunogenicity in human panels designed with Latent-X2," Latent Labs Team, Henry Kenlay, Daniella Pretorius",arXiv,2026-10-05,"Drug discovery has long sought computational systems capable of designing drug-like molecules directly: developable and non-immunogenic from the start. Here we introduce Latent-X2, a frontier generative model that achieves this goal through zero-shot design of antibodies with strong binding affinities, drug-like properties, and, for the first time for any de novo generated antibody, confirmed low ",http://arxiv.org/abs/2512.20263v1,arXiv
"RNAGenScape: Property-Guided, Optimized Generation of mRNA Sequences with Manifold Langevin Dynamics","Danqi Liao, Chen Liu, Xingzhi Sun",arXiv,2026-10-05,"Generating property-optimized mRNA sequences is central to applications such as vaccine design and protein replacement therapy, but remains challenging due to limited data, complex sequence-function relationships, and the narrow space of biologically viable sequences. Generative methods that drift away from the data manifold can yield sequences that fail to fold, translate poorly, or are otherwise",http://arxiv.org/abs/2510.24736v3,arXiv
The proportional scaling of mRNA and ribosome concentrations controls eukaryotic cell growth,"Xin Gao, Michael Lanz, Rosslyn Grosely",arXiv,2026-10-05,"Cell growth underlies nearly all eukaryotic physiology, yet its quantitative principles remain unclear. Using single-molecule ribosome tracking, spike-in RNA sequencing, and quantitative proteomics across 15 nutrient-limited conditions in budding yeast, we define how growth is controlled in the budding yeast Saccharomyces cerevisiae. Ribosome concentration scales linearly with growth rate, while p",http://arxiv.org/abs/2508.14997v2,arXiv
mRNA Folding Algorithms for Structure and Codon Optimization,"Max Ward, Mary Richardson, Mihir Metkar",arXiv,2026-10-05,"mRNA technology has revolutionized vaccine development, protein replacement therapies, and cancer immunotherapies, offering rapid production and precise control over sequence and efficacy. However, the inherent instability of mRNA poses significant challenges for drug storage and distribution, particularly in resource-limited regions. Co-optimizing RNA structure and codon choice has emerged as a p",http://arxiv.org/abs/2503.19273v1,arXiv
Generative Model for Synthesizing Ionizable Lipids: A Monte Carlo Tree Search Approach,"Jingyi Zhao, Yuxuan Ou, Austin Tripp",arXiv,2026-10-05,"Ionizable lipids are essential in developing lipid nanoparticles (LNPs) for effective messenger RNA (mRNA) delivery. While traditional methods for designing new ionizable lipids are typically time-consuming, deep generative models have emerged as a powerful solution, significantly accelerating the molecular discovery process. However, a practical challenge arises as the molecular structures genera",http://arxiv.org/abs/2412.00807v1,arXiv
Machine learning framework to predict the performance of lipid nanoparticles for nucleic acid delivery,"Gaurav Kumar, Arezoo M. Ardekani",arXiv,2026-10-05,"Lipid nanoparticles (LNPs) are highly effective carriers for gene therapies, including mRNA and siRNA delivery, due to their ability to transport nucleic acids across biological membranes, low cytotoxicity, improved pharmacokinetics, and scalability. A typical approach to formulate LNPs is to establish a quantitative structure-activity relationship (QSAR) between their compositions and in vitro/in",http://arxiv.org/abs/2411.14293v1,arXiv
Joint Design of 5' Untranslated Region and Coding Sequence of mRNA,"Yang Liu, Jie Gao, Xiaonan Zhang",arXiv,2026-10-05,"Messenger RNA (mRNA) vaccines and therapeutics are emerging as powerful tools against a variety of diseases, including infectious diseases and cancer. The design of mRNA molecules, particularly the untranslated region (UTR) and coding sequence (CDS) is crucial for optimizing translation efficiency and stability. Current design approaches generally focus solely on either the 5' UTR or the CDS, whic",http://arxiv.org/abs/2410.20781v1,arXiv
Bacterial stress granule protects mRNA through ribonucleases exclusion,"Linsen Pei, Yujia Xian, Xiaodan Yan",arXiv,2026-10-05,"Membraneless droplets formed through liquid-liquid phase separation (LLPS) play a crucial role in mRNA storage, enabling organisms to swiftly respond to environmental changes. However, the mechanisms underlying mRNA integration and protection within droplets remain unclear. Here, we unravel the role of bacterial aggresomes as stress granules (SGs) in safeguarding mRNA during stress. We discovered ",http://arxiv.org/abs/2404.17873v2,arXiv
"Hypolipidemic effect of brown seaweed (Sargassum crassifolium) extract in vivo (Study of histopathology, mRNA expression, and immunohistochemistry (IHC) with VCAM-1, ICAM-1, and MCP-1 parameters)","Sarah Zaidan, Syamsudin Abdillah, Nur Arfian",arXiv,2026-10-05,The purpose of this study was to obtain natural drugs from brown seaweed (Sargassum crassifolium) as antiatherosclerosis candidates through the study of hypolipidemic mechanisms of action. Modeling of dyslipidemia rats was carried out by feeding high-fat (HFF) and doses of crude fucoidan 100. 200. 400mg / KgBB. in both treatments measured blood lipid profile levels taken from the orbital sinuses. ,http://arxiv.org/abs/2402.07497v1,arXiv
Machine Learning Modeling Of SiRNA Structure-Potency Relationship With Applications Against Sars-Cov-2 Spike Gene,Damilola Oshunyinka,arXiv,2026-10-05,"The pharmaceutical Research and development (R&D) process is lengthy and costly, taking nearly a decade to bring a new drug to the market. However, advancements in biotechnology, computational methods, and machine learning algorithms have the potential to revolutionize drug discovery, speeding up the process and improving patient outcomes. The COVID-19 pandemic has further accelerated and deepened",http://arxiv.org/abs/2401.12232v1,arXiv
Messenger RNA Design via Expected Partition Function and Continuous Optimization,"Ning Dai, Wei Yu Tang, Tianshuo Zhou",arXiv,2026-10-05,"The tasks of designing RNAs are discrete optimization problems, and several versions of these problems are NP-hard. As an alternative to commonly used local search methods, we formulate these problems as continuous optimization and develop a general framework for this optimization based on a generalization of classical partition function which we call ""expected partition function"". The basic idea ",http://arxiv.org/abs/2401.00037v2,arXiv
Machine Learning-guided Lipid Nanoparticle Design for mRNA Delivery,"Daisy Yi Ding, Yuhui Zhang, Yuan Jia",arXiv,2026-10-05,"While RNA technologies hold immense therapeutic potential in a range of applications from vaccination to gene editing, the broad implementation of these technologies is hindered by the challenge of delivering these agents effectively. Lipid nanoparticles have emerged as one of the most widely used delivery agents, but their design optimization relies on laborious and costly experimental methods. W",http://arxiv.org/abs/2308.01402v2,arXiv
Corrected Hill Function in Stochastic Gene Regulatory Networks,"Manuel Eduardo Hernández-García, Jorge Velázquez-Castro",arXiv,2026-10-05,"Describing reaction rates in stochastic bio-circuits is commonly done by directly introducing the deterministically deduced Hill function into the master equation. However, when fluctuations in enzymatic reaction rates are not neglectable, the Hill function must be derived, considering all the involved stochastic reactions. In this work, we derived the stochastic version of the Hill function from ",http://arxiv.org/abs/2307.03057v4,arXiv
Stochastic dynamics and ribosome-RNAP interactions in Transcription-Translation Coupling,"Xiangting Li, Tom Chou",arXiv,2026-10-05,"Under certain cellular conditions, transcription and mRNA translation in prokaryotes appear to be ""coupled,"" in which the formation of mRNA transcript and production of its associated protein are temporally correlated. Such transcription-translation coupling (TTC) has been evoked as a mechanism that speeds up the overall process, provides protection during the transcription, and/or regulates the t",http://arxiv.org/abs/2207.04568v1,arXiv
Coronavirus RNA Sensor Using Single-Stranded DNA Bonded to Sub-Percolated Gold Films on Monolayer Graphene Field-Effect Transistors,"Nicholas E. Fuhr, Mohamed Azize, David J. Bishop",arXiv,2026-10-05,"Electrical detection of messenger ribonucleic acid (mRNA) is a promising approach to enhancing transcriptomics and disease diagnostics because of its sensitivity, rapidity, and modularity. Reported here is a fast SARS-CoV-2 mRNA biosensor (<1 minute) with a limit of detection of 1 aM, and dynamic range of 4 orders of magnitude and a linear sensitivity of 22 mV per molar decade. These figures of me",http://arxiv.org/abs/2205.05143v1,arXiv
Deep learning models for predicting RNA degradation via dual crowdsourcing,"Hannah K. Wayment-Steele, Wipapat Kladwang, Andrew M. Watkins",arXiv,2026-10-05,"Messenger RNA-based medicines hold immense potential, as evidenced by their rapid deployment as COVID-19 vaccines. However, worldwide distribution of mRNA molecules has been limited by their thermostability, which is fundamentally limited by the intrinsic instability of RNA molecules to a chemical degradation reaction called in-line hydrolysis. Predicting the degradation of an RNA molecule is a ke",http://arxiv.org/abs/2110.07531v2,arXiv
What Is the Role of Cohesin in Transcription Regulation?,"Ulianov Sergey V, Razin Sergey V",Biochemistry. Biokhimiia,2026-10-05,"Available experimental data do not yet permit an unambiguous or comprehensive answer to the question posed in the title. A conventional approach to determining the role of a particular protein in cellular processes is to remove or inactivate it. However, transcriptome analyses following cohesin depletion have yielded markedly different results depending on the used experimental strategy, including",https://pubmed.ncbi.nlm.nih.gov/42830100/,PubMed
Plant-mediated RNAi via Panonychus citri-derived miRNAs disrupts adult emergence and confers mite resistance.,"Li Chuanzhen, Li Yuchuang, Zhang Jingyao",Journal of genetics and genomics = Yi chuan xue bao,2026-10-05,"MicroRNAs (miRNAs), small non-coding RNAs that trigger RNA interference (RNAi), are promising candidates for pest control, yet their efficacy against non-insect pests remains poorly explored. This study evaluates endogenous mite-derived miRNAs as transgenes for crop resistance against Panonychus citri, a major pest with rapid acaricide resistance that severely damages citrus, soybean, and other ca",https://pubmed.ncbi.nlm.nih.gov/42829199/,PubMed
Identification of potential target genes of the trematode transport RNA-derived small RNAs among differentially expressed genes of human monocytes.,"Lishai E A, Pakharukova M Y",Vavilovskii zhurnal genetiki i selektsii,2026-10-05,"RNA interference is an evolutionarily conserved mechanism of post-transcriptional gene expression regulation present in all living organisms. It is highly relevant to multiple areas of molecular medicine, including diagnostics and novel immunomodulatory approaches. Recent studies have increasingly highlighted the role of extracellular vesicles and their cargo in parasite-host interactions. The tre",https://pubmed.ncbi.nlm.nih.gov/42824084/,PubMed
Long-acting RNAi therapeutics in hypertension: limitations of single-target AGT silencing and rational multi-target synergistic strategies.,"Lan Yi, Ye Xiaoxia, Zeng Qingwei",Frontiers in pharmacology,2026-10-05,"Hypertension affects over 1.3 billion people worldwide, fewer than 20% achieve adequate blood pressure (BP) control. Poor long-term BP management accelerates irreversible damage to target organs, highlighting the urgent need for novel therapeutic approaches. Small interfering RNAs (siRNAs) are synthetic oligonucleotides that harness endogenous RNA interference machinery to silence specific disease",https://pubmed.ncbi.nlm.nih.gov/42824052/,PubMed
Pushing the Boundaries of Knowledge in Alpha-1 Antitrypsin Deficiency.,"Hernández-Pérez José María, Castillo-Corullón Silvia, Ferrarotti Ilaria",Archivos de bronconeumologia,2026-10-05,"Alpha-1 antitrypsin deficiency (AATD) is a rare inherited disorder caused by mutations in the SERPINA1 gene. AATD is one of the leading causes of emphysema in young adults and of liver cirrhosis in children and adults. Despite significant underdiagnosis and high clinical variability, recent research is rapidly transforming the field. Advances in molecular biology and translational medicine have id",https://pubmed.ncbi.nlm.nih.gov/42823318/,PubMed
Male reproductive genes influencing mating and fertility: enhancing the sterile insect technique and genetic control of Diptera pests.,"Chen Dong, Smagghe Guy, Jiang Hong-Bo",Insect biochemistry and molecular biology,2026-10-05,"Diptera include major agricultural pests and disease vectors, underscoring the need for species-specific population-control strategies. The sterile insect technique (SIT) relies on sterile males that remain sufficiently viable and competitive to mate successfully with wild females without producing viable offspring. This review synthesizes male reproductive genes and regulatory pathways in Diptera",https://pubmed.ncbi.nlm.nih.gov/42822702/,PubMed
Identification and Functional Characterization of Of-FADD in Ostrinia furnacalis Infected with Bacteria.,"Bi Honglun, Liu Yulin, Guo Wenlong",Developmental and comparative immunology,2026-10-05,"Fas-associated protein with death domain (FADD) is a crucial adaptor protein in the insect Immune Deficiency (IMD) signaling pathway. Although its role in regulating antimicrobial peptide (AMP) synthesis has been established in Drosophila, its function in Ostrinia furnacalis remains unclear. In this study, we identified a FADD (designated Of-FADD) with a full-length cDNA of 971 bp, containing a 66",https://pubmed.ncbi.nlm.nih.gov/42822653/,PubMed
The Expanding Spectrum of DICER1-Associated Gynecologic Neoplasms.,"Kim Hyun-Soo, Kommoss Felix K F, Turashvili Gulisa",Advances in anatomic pathology,2026-10-05,"DICER1 tumor predisposition syndrome is a rare autosomal-dominant disorder resulting from heterozygous germline pathogenic variants in DICER1, a critical regulator of microRNA biogenesis and RNA interference. The syndrome predisposes individuals to a broad spectrum of benign and malignant neoplasms, primarily affecting pediatric and young adult populations. Gynecologic manifestations are notably h",https://pubmed.ncbi.nlm.nih.gov/42817922/,PubMed
Effect of liposome rigidity on corona formation and its implications for uptake by cells.,"Ma Xinyu, Zhao Feng, Cantero-Reviejo Miguel",Nature communications,2026-10-05,"Nanoparticle rigidity influences cellular uptake and in vivo behavior, yet the underlying mechanisms remain unclear. Here we used lipids with identical head groups but different acyl chains to prepare liposomes with comparable surface composition, size and zeta potential, but distinct mechanical properties. Rigid liposomes showed much higher uptake than soft ones, mediated by distinct endocytic me",https://pubmed.ncbi.nlm.nih.gov/42816504/,PubMed
Prostaglandin E,"Morakabati Payam, Globig Philipp, Babina Magda",The Journal of allergy and clinical immunology,2026-10-05,"Hypersensitivity reactions, including anaphylaxis, can be triggered via the MRGPRX2 pathway and its murine ortholog, Mrgprb2. Acetylsalicylic acid (ASA) is known to exacerbate anaphylaxis due to the reduction of the homeostatic lipid mediator prostaglandin E This study aimed to investigate the regulatory role of PGE A murine model of systemic Mrgprb2-mediated anaphylaxis was employed. Mice were tr",https://pubmed.ncbi.nlm.nih.gov/42815781/,PubMed
Uncovering the importance of lipofection for aptamer-mediated therapeutic oligonucleotide delivery in a HER2,"O'Grady Joshua, Collak Filiz K, Reynolds Matthew",Bioorganic & medicinal chemistry letters,2026-10-05,"The human epidermal growth factor receptor 2 (HER2) plays an important role as a transmembrane receptor, contributing to signaling activities implicated in cellular proliferation, differentiation, and survival. Across select tumor types, HER2 is pro-oncogenic, facilitating cancer initiation, progression and metastatic spread, leading towards treatment resistance. Further, cell surface presentation",https://pubmed.ncbi.nlm.nih.gov/42815653/,PubMed
Autoimmune-Mediated Hypertriglyceridemia in a Young Male with Refractory Immune Thrombocytopenia: A Case Report.,"Green Batya, Leitersdorf Eran, Shpitzen Shoshana",Journal of lipid research,2026-10-05,"Severe hypertriglyceridemia (HTG), defined as triglyceride levels >500 mg/dL can cause acute pancreatitis and other metabolic complications. While primary forms are typically genetic, autoimmune-mediated HTG is rare. We report a 24-year-old male with refractory immune thrombocytopenia (ITP) who developed severe HTG due to anti-GPIHBP1 autoantibodies. Conventional therapies, including plasmapheresi",https://pubmed.ncbi.nlm.nih.gov/42815576/,PubMed
The unorthodox aquaporin-12L ortholog is essential for oogenesis in the crustacean Artemia franciscana.,"Rey-Alfonso Angel, Chauvigne François, Finn Roderick Nigel",Bioscience reports,2026-10-05,"The intracellular unorthodox aquaporins, AQP11 and AQP12, remain the least characterized members of the aquaporin superfamily. Mammalian and teleost AQP12 channels have recently been established as polytransporters in native membranes. They are localized intracellularly in pancreatic acinar cells and considered to play roles in zymogen granule maturation and exocytosis. In contrast to the vertebra",https://pubmed.ncbi.nlm.nih.gov/42814402/,PubMed
Knocking Down Long Noncoding RNAs Using Antisense Oligonucleotide Gapmers.,"Shaikh Rida, Maruyama Rika, Yokota Toshifumi","Methods in molecular biology (Clifton, N.J.)",2026-10-05,"Long noncoding RNAs (lncRNAs) are transcripts of 200 nucleotides or longer that are not translated into protein. lncRNAs are highly abundant: one study estimates they are at least four times more numerous than coding RNAs in human cells. However, the functions of more than 95% of human lncRNAs remain unknown. Synthetic antisense oligonucleotides called gapmers are powerful tools for lncRNA loss-of",https://pubmed.ncbi.nlm.nih.gov/42814296/,PubMed
Lmx1b is essential for molting and leg integrity in Henosepilachna vigintioctopunctata: Implications for RNA biopesticide development.,"Liu Junna, He Jing, Guo Mujuan",Insect science,2026-10-05,"LIM homeodomain transcription factor 1 beta (Lmx1b), a member of the LIM-homeodomain family, plays essential roles in tissue differentiation and organ development in diverse eukaryotes, yet its biological functions in insects remain largely unknown. Here, we identify Lmx1b as a highly effective RNA interference (RNAi) target in the 28-spotted ladybeetle, Henosepilachna vigintioctopunctata, a serio",https://pubmed.ncbi.nlm.nih.gov/42813923/,PubMed
Cross-kingdom RNA interference in the dysbiosis-mediated network of vocal fold fibrosis: a pathogenic hypothesis and molecular intervention targets.,"Ren Quanwei, Xiang Yilin, Wu Di",Frontiers in immunology,2026-10-05,"Vocal fold fibrosis is the principal pathological basis of intractable voice disorders. Previous etiological models have attributed vocal fold scarring solely to mechanical trauma and chemical irritation, whereas the local mucosal microbiota of the vocal folds and its cross-kingdom regulation of host gene expression have long received little attention. Integrating interdisciplinary advances, this ",https://pubmed.ncbi.nlm.nih.gov/42812821/,PubMed
[,"Ye Lixuan, Liao Yuxin, Liu Qiong",Nan fang yi ke da xue xue bao = Journal of Southern Medical University,2026-10-05,"To investigate the neuroprotective effects of  A PD model was established in  XYS significantly prolonged the lifespan of PD model worms, increased their body bends within 20 s on day 5 and day 10, and improved the basal slowing response. XYS obviously alleviated 6-OHDA-induced dopaminergic neuronal damage, upregulated the expression of  XYS improves neurological function in ",https://pubmed.ncbi.nlm.nih.gov/42812049/,PubMed
Gustatory receptors in the abdominal terminus contribute to oviposition decisions in Anoplophora glabripennis.,"Zhong Qiu-Mei, Mao Dun, Sun Hui-Quan",Pest management science,2026-10-05,"Anoplophora glabripennis (Asian longhorned beetle, ALB) is a wood-boring forest pest causing tree decline and mortality. The abdominal terminus is essential for oviposition and bears numerous chemosensilla, but its role in gustatory perception and host selection remains unclear. Eight sensilla were identified on the female abdominal terminus using scanning electron microscopy, including three puta",https://pubmed.ncbi.nlm.nih.gov/42811546/,PubMed
RNADyn: A Benchmark for Generating and Understanding RNA Dynamics,"Yiming Huang, Lennart Bastian, Hanqun Cao",arXiv,2026-10-05,"Ribonucleic acid (RNA) functions through conformational changes that are not fully captured by static structures. However, large-scale standardized RNA dynamics data remain limited, and existing approaches typically treat trajectory generation and dynamics understanding as separate objectives. Here, we introduce RNADynBench, a standardized RNA molecular dynamics (MD) benchmark with 2585 quality-co",http://arxiv.org/abs/2610.03712v1,arXiv
Leveraging secondary-structure information for accurate nucleic acid structure prediction with OFoldNA, Valhalla Team,arXiv,2026-10-05,"Recent advances in biomolecular structure prediction have enabled accurate modelling of increasingly complex molecular systems. However, nucleic acid structure prediction remains challenging because of conformational flexibility and the limited availability of high-quality 3D structural data. Secondary structure (SS) provides a more readily available layer of structural information that captures b",http://arxiv.org/abs/2609.37414v1,arXiv
RNA Design via Conditioned Flow Matching and Finite-Policy Reinforcement Learning,"Zefeng Lin, Xianyong Fang, Tianfan Fu",arXiv,2026-10-05,"RNA design aims to identify sequences that fold into specified secondary structures. Existing methods formulate the task as target-specific search or conditional generation. However, natural RNA evolution proceeds through sequence variation and selection, with compensatory substitutions, whereas these methods do not explicitly model this process. To address this limitation, we propose a two-stage ",http://arxiv.org/abs/2609.36885v1,arXiv
ProteoEM: probabilistic protein abundance estimation from iterative affinity traces,Narayanan Raghupathy,arXiv,2026-10-05,"Single-molecule affinity mapping enables measurement of individual proteins and proteoforms, but imperfect and nonspecific probe binding means that affinity traces may be compatible with multiple proteoforms. Accurate abundance estimation therefore requires probabilistically weighting ambiguous traces rather than assigning each trace to a single candidate. We developed ProteoEM, an expectation-max",http://arxiv.org/abs/2609.29155v2,arXiv
Sequence-Informed Geometric Evaluation of RNA 3D Structures,"Andrea Zerio, Yighua Yao, Alessandro Micheli",arXiv,2026-10-05,"Computational RNA structure pipelines generate many candidate conformations for the same sequence. Reliable evaluation therefore requires more than recognising plausible geometry, it requires determining whether that geometry is compatible with the sequence. We introduce SIRGE, a sequence-informed geometric evaluator that conditions structural representations on nucleotide embeddings from a pretra",http://arxiv.org/abs/2609.10644v1,arXiv
Advancing Alzheimer's Disease Treatment: Synergistic Ligand Combinations Targeting BACE1 via Multi-Ligand Simultaneous Docking,"Pronama Biswas, Surya Shanbhog, Merla Sudha",arXiv,2026-10-05,"Alzheimer's disease is a progressive neurodegenerative disorder characterized by memory loss, cognitive decline, and behavioral changes, primarily affecting the elderly. Current treatments focus on symptom management as no therapies effectively halt or reverse disease progression. Newer therapies targeting BACE1, a key enzyme in amyloid plaque formation, have shown promise in clinical trials, thou",http://arxiv.org/abs/2609.04301v1,arXiv
From static structures to dynamic landscapes: cryo-EM redefines RNA biology,"Shekhar Jadhav, Spandan Saha, Qingbin Shang",arXiv,2026-10-05,RNA molecules perform diverse biological functions by dynamically exploring multiple conformational states rather than adopting a single static structure. Capturing these ensembles is a challenge in molecular biology. Recent advances in cryoEM are now transforming this landscape by enabling the visualization of RNA molecules across a broad spectrum of functionally relevant conformations at near at,http://arxiv.org/abs/2609.01132v1,arXiv
Designability of RNA Targets with Up to Two Length-2 Helices,Ashutosh S. Jogalekar,arXiv,2026-10-05,"RNA inverse folding asks for an RNA sequence whose prescribed secondary structure is the unique maximum-base-pair compatible fold. In the four-letter Watson-Crick model (A-U and C-G pairs only, no pseudoknots, and zero minimum base-pair span), Hales et al. introduced a separated-coloring certificate and an even-odd device, while Boury et al. generalized this to modulo-$m$ separability, gave an $O(",http://arxiv.org/abs/2608.25194v1,arXiv
Leveraging generative hallucination and biophysics-informed modeling for unified biomolecular sequence-structure co-design,"Xuefeng Liu, Mingxuan Cao, Xiao Luo",arXiv,2026-10-05,"Biomolecular design underpins applications from molecular recognition to therapeutics and synthetic biology, yet de novo interaction design remains challenging-especially for DNA/RNA, underexplored non-protein modalities with scarce, heterogeneous complex data and sharper geometric and chemical constraints. We introduce MCTH (Monte Carlo Tree Hallucination), an inference-only framework that casts ",http://arxiv.org/abs/2608.17381v1,arXiv
"MultiStructRNA: a Python package for multi-algorithm RNA secondary structure prediction, ensemble analysis, and visualization","Yashrajsinh Jadeja, Haining Lin, Mihir Metkar",arXiv,2026-10-05,"We introduce MultiStructRNA, a unified Python toolkit for RNA secondary structure prediction, ensemble analysis, and visualization. Although RNA secondary structure is central to RNA biology and therapeutic design, practical adoption is often hindered by fragmented tooling, incompatible input and output formats, and limited visualization support. MultiStructRNA addresses these challenges through a",http://arxiv.org/abs/2608.14846v1,arXiv
Evolutionary Curriculum Learning Improves Biological Sequence Modeling,"Richard Zhu, Kento Nishi",arXiv,2026-10-05,"Variational autoencoders (VAEs) trained on multiple sequence alignments (MSAs) have emerged as powerful generative models for biological sequences, with applications ranging from disease variant prediction to functional RNA design. However, standard biological VAE training treats all sequences as exchangeable, ignoring the rich evolutionary structure that organizes homologous sequences from evolut",http://arxiv.org/abs/2608.00697v2,arXiv
Engineering T7 RNA Polymerase for High-Purity In Vitro Transcription,"Pauline Hermans, Youlia Serikova, José Castillo",arXiv,2026-10-05,"In vitro transcription using bacteriophage T7 RNA polymerase (T7 RNAP) is the gold-standard platform for RNA production in both research and therapeutic applications. Despite its high processivity and promoter specificity, T7 RNAP generates multiple RNA by-products, including double-stranded RNA, 3'-extended transcripts, abortive RNAs, and prematurely terminated products. These impurities reduce R",http://arxiv.org/abs/2607.18468v1,arXiv
Enhanced sampling and cryo-EM data resolve magnesium binding to RNA,"Olivier Languin-Cattoën, Elisa Posani, Giovanni Bussi",arXiv,2026-10-05,"Magnesium ions are essential for RNA structure but difficult to model due to slow binding kinetics and experimental limitations. We present an enhanced-sampling strategy that accelerates Mg$^{2+}$ inner-shell binding by orders of magnitude, enabling quantitative exploration of ion-binding motifs in a large ribozyme. The method combines a barrier-flattening bias with Hamiltonian replica exchange to",http://arxiv.org/abs/2607.07186v1,arXiv
Bayesian Sampling of Structural Ensembles: The Role of Ensemble-Counting Measures,"Ivan Gilardoni, Giovanni Bussi",arXiv,2026-10-05,"Structural ensemble refinement is widely used to integrate molecular simulations with experimental measurements. While most applications focus on the maximum-a-posteriori (MAP) ensemble, Bayesian sampling of the posterior distribution can provide uncertainty estimates and posterior averages for arbitrary observables. A notable step in this direction was introduced by the Bayesian Energy Landscape ",http://arxiv.org/abs/2606.18495v1,arXiv
MultiMolecule: a modular ecosystem for biomolecular sequence-model workflows,Zhiyuan Chen,arXiv,2026-10-05,"Biomolecular sequence models are increasingly reused outside the studies in which they were introduced, but public checkpoints rarely preserve the execution context needed to inspect source-defined behavior, adapt models to new assays, compare models under shared task definitions or deploy biological predictions. MultiMolecule is an open-source Python ecosystem that turns heterogeneous RNA, DNA an",http://arxiv.org/abs/2606.16540v1,arXiv
The Montparnasse Algorithm for RNA Design,Tristan Cazenave,arXiv,2026-10-05,"RNA design consists of discovering a nucleotide sequence that optimizes predefined criteria, such as secondary structure. It is useful for synthetic biology, medicine, and nanotechnology. We propose Montparnasse, a Monte Carlo search framework based on Generalized Nested Rollout Policy Adaptation, augmented with a problem-specific prior, slow and long adaptation at level 1, and a lexicographic mul",http://arxiv.org/abs/2606.07562v1,arXiv
Multimodal Alignment and Preference Optimization for Zero-Shot Conditional RNA Generation,"Roman Klypa, Alberto Bietti, Sergei Grudinin",arXiv,2026-10-05,"The design of RNA molecules that interact with specific proteins is a critical challenge in experimental and computational biology. Despite recent progress in natural language modeling and deep learning-based protein design, there remains significant room to improve the frequency of successful interactions and the authenticity of generated sequences for functional applications. In this work, we fr",http://arxiv.org/abs/2605.23961v1,arXiv
"GoForth: Language Models for RNA Design under Structure, Sequence, and Coding Constraints",Michael Lindsey,arXiv,2026-10-05,"RNA inverse sequence design has broad biological and engineering applications, but computational methods for practical design queries remain limited. Such queries may impose several constraints at once, including target folds or motifs, fixed bases, and coding restrictions, while leaving arbitrary sequence and structure in unspecified regions. Because these constraints may permit many acceptable s",http://arxiv.org/abs/2605.07608v1,arXiv
Bayesian Rate Inference for Sequence Motif Dynamics in Systems of Reactive Nucleic Acids,"Johannes Harth-Kitzerow, Ulrich Gerland, Torsten A. Enßlin",arXiv,2026-10-05,"The RNA world hypothesis suggests a pathway of how life emerged on early earth. It assumes that life started with RNA based systems, capable of storing, transmitting and replicating information, envisioning that monomers and short RNA oligomers interact to form longer strands, eventually becoming catalytically active ribozymes. Key reactions in RNA pools are hybridization, dehybridization, templat",http://arxiv.org/abs/2604.25701v2,arXiv
The silent dialogue between cells: regulatory roles of non-coding RNAs in cardiovascular disease.,"Zhang Zhongwen, Yang Yufei, Liu Mengzhen",Frontiers in cell and developmental biology,2026-10-05,"Non-coding RNAs (ncRNAs) are involved in the occurrence, progression, and repair of cardiovascular disease By post-transcriptional regulation, epigenetic modification, cell-fate determination, and metabolic homeostasis-related pathways, microRNAs (miRNAs), long non-coding RNAs (lncRNAs) and circular RNAs (circRNAs) regulate the development of atherosclerosis heart failure and hypertension The stab",https://pubmed.ncbi.nlm.nih.gov/42831220/,PubMed
Long non-coding RNAs in tuberculosis: Immune regulation and clinical biomarker potential.,"Tian Nannan, Lin Jiamin, Ju Daichen",iScience,2026-10-05,"Tuberculosis (TB), caused by ",https://pubmed.ncbi.nlm.nih.gov/42831151/,PubMed
MED26 facilitates Mediator-Pol II complex assembly and promotes nuclear stress body formation during heat stress.,"Li Kexin, Furugori Kazuki, Suzuki Hidefumi",iScience,2026-10-05,"Cells adapt to environmental stress by reprogramming gene expression. During heat stress, the transcription factor heat shock factor 1 (HSF1) translocates into the nucleus and activates heat shock-responsive loci, including the long non-coding RNA HSATIII, promoting nuclear stress body (nSB) formation. We show that the Mediator complex subunit MED26 enhances HSATIII transcription and nSB formation",https://pubmed.ncbi.nlm.nih.gov/42831021/,PubMed
Maturation-Dependent Constraints in the Ability of Human Monocytes to Initiate Trained Immunity.,"Eigenschink Michael, Davogg Elsa, Pristner Manuel",MedComm,2026-10-05,"The survival of nonvertebrate species that lack adaptive immunity has prompted the discovery of memory mechanisms in innate immune cells, termed trained immunity. Because infants depend on innate immunity to fight off pathogens, leveraging these mechanisms in neonatal care may hold clinical significance. Yet, this is constrained by limited understanding of innate immune memory development during e",https://pubmed.ncbi.nlm.nih.gov/42830864/,PubMed
"Correction to ""Evaluation of LncRNA NEAT1 and MEG3 Expression Levels in Hospitalized COVID-19 Patients"".",,BioMed research international,2026-10-05,,https://pubmed.ncbi.nlm.nih.gov/42830601/,PubMed
Celastrol Sensitizes Bladder Cancer to Gemcitabine by Regulating ,"Wei Bo, Liu Tao, Chang Xueshui",Biochemistry. Biokhimiia,2026-10-05,"Gemcitabine resistance remains a major obstacle in the treatment of advanced bladder cancer. Celastrol, a bioactive triterpenoid derived from traditional Chinese medicinal plants, has been reported to enhance chemosensitivity in multiple malignancies. However, the molecular mechanisms by which celastrol modulates gemcitabine response in bladder cancer remain largely unclear. Human bladder cancer c",https://pubmed.ncbi.nlm.nih.gov/42830111/,PubMed
Emerging roles of long non-coding RNA CASC2 in tumor chemoresistance - a review.,"Zhou Lingyun, He Jintao, Huang Wenbing","Journal of chemotherapy (Florence, Italy)",2026-10-05,"Malignant tumors remain a leading cause of global mortality, and the development of chemoresistance represents a major obstacle to effective cancer treatment. Long non-coding RNAs (lncRNAs) are important regulators of tumor progression and therapeutic response. Cancer susceptibility candidate 2 (CASC2) is an lncRNA that is generally downregulated in malignant tumors and has been implicated in the ",https://pubmed.ncbi.nlm.nih.gov/42829931/,PubMed
CDK2/9 blockade remodels chromatin and drives phenotypic plasticity in glioblastoma organoids.,"Kaps Philipp, Hieltscher Anne Sophie, Auditore Andrea",Cell communication and signaling : CCS,2026-10-05,"Glioblastoma (GBM) remains a highly lethal brain tumor with limited therapeutic options and pervasive resistance to standard treatments. Cyclin-dependent kinases (CDKs), key regulators of cell cycle progression and transcription, are frequently dysregulated in GBM and contribute to tumor pathogenesis. We employed a range of preclinical GBM models-including 2D cultures, 3D spheroids, patient-derive",https://pubmed.ncbi.nlm.nih.gov/42829432/,PubMed
Ophiopogonin D Suppresses Non-Small Cell Lung Cancer Progression by Targeting Exosomal MALAT1 to Enhance Dendritic Cell Maturation.,"Zhou Qinfeng, Guo Yang, Wang Lei",Pharmacological research,2026-10-05,"Tumor-immune cell crosstalk critically shapes the progression of non-small cell lung cancer (NSCLC), yet the mechanisms underlying exosome-mediated immune suppression remain incompletely understood. Here, we identify a previously unrecognized exosomal lncRNA-mediated immunoregulatory axis targeted by the natural compound Ophiopogonin D (OP-D). Transcriptomic profiling and mechanistic rescue experi",https://pubmed.ncbi.nlm.nih.gov/42829139/,PubMed
Maternal PM,"Ma Li, Gong Zhihua, Li Guangke",Journal of environmental management,2026-10-05,"Preeclampsia (PE) is an idiopathic gestational disorder defined by placental structural abnormalities, systemic inflammatory activation, angiogenic factor imbalance, and endothelial dysfunction. While existing epidemiological studies have established a correlational association between maternal fine particulate matter (PM",https://pubmed.ncbi.nlm.nih.gov/42828898/,PubMed
TFEB promotes the progression of t(6; 11) translocation renal cell carcinoma by upregulating LINC00612 expression.,"Ni Hai-Yan, Zhang Xiao-Xun, Wang Xin-Ran","Medical oncology (Northwood, London, England)",2026-10-05,"T(6;11) translocation renal cell carcinoma (RCC) is a distinct renal tumor distinguished by the generation of Alpha-TFEB fusion gene. TFEB is highly expressed in this subtype and may drive its progression. However, its underlying mechanism remains incompletely elucidated. The current study is intended to explore whether TFEB promotes the progression of t(6;11) translocation RCC by regulating long ",https://pubmed.ncbi.nlm.nih.gov/42828679/,PubMed
Correction: Genome-scale activation screen reveals lncRNA HNF1A-AS1 promotes pancreatic cancer metastasis through interacting with U2SURP to increase CD44 alternative splicing.,"Lei Shan, Zhang Zhixue, Zeng Zhirui",Journal of gastroenterology,2026-10-05,,https://pubmed.ncbi.nlm.nih.gov/42828552/,PubMed
Noscapine Induces Apoptosis and Inhibits Invasion in Caco-2 Colon Cancer Cells ,"Dolatabadi Farahani Zahra, Katebi Zahra, Mohseni Kouchesfehani Homa",Avicenna journal of medical biotechnology,2026-10-05,"There are growing evidences related with critical role of non-coding RNAs (lncRNAs), oncogenes, and microRNAs (miRNAs) in pathogenesis and metastatic capacity of Colorectal Cancer (CRC). This study aimed to elucidate the pro-apoptotic and anti-metastatic effect of Noscapine as alkaloid compound in addition its effect on CCAT2, miR-218-5p, MYC, and GLI in Caco-2 CRC cells. Caco-2 cells were exposed",https://pubmed.ncbi.nlm.nih.gov/42828081/,PubMed
Scoparone protects against acetaminophen-induced acute liver injury: Insights from In vivo experiments and RNA sequencing.,"Lv Jianlin, Liu Linlin, Xia Meng",Biochemistry and biophysics reports,2026-10-05,"Scoparone (Sco) is known for its therapeutic effects in alleviating liver injury. This study aims to investigate the protective effects of Sco against acetaminophen-induced acute liver injury (ALI) and explore its underlying mechanisms through in vivo experiments and RNA sequencing. Male Wistar rats were administered acetaminophen (400 mg/kg) to induce ALI, and Sco was given as an intervention. Li",https://pubmed.ncbi.nlm.nih.gov/42827771/,PubMed
REST in the Central Nervous System: Context-Dependent Regulation of Neuronal Homeostasis and Disease.,"Carvalho Liebert Bernardes, Yamada André Katayama, Furtado Lucas Alvarenga",International journal of developmental neuroscience : the official journal of the International Society for Developmental Neuroscience,2026-10-05,"The RE1-silencing transcription factor (REST), also known as neuron-restrictive silencer factor (NRSF), is a zinc-finger domain-containing transcriptional regulator involved in coordinating gene expression programmes in the nervous system. Initially characterized as a repressor of neuronal genes in nonneuronal cells, REST also exerts context-dependent functions during neurodevelopment, neuronal ma",https://pubmed.ncbi.nlm.nih.gov/42827376/,PubMed
The Hypothesis-Driven Loop: An Integrated Dry-Wet Framework for Long Noncoding RNA Functional Analysis.,Tani Hidenori,Wiley interdisciplinary reviews. RNA,2026-10-05,"Only a small minority of annotated long noncoding RNAs (lncRNAs) have a molecular function established by direct experiment, and the gap widens with every new catalog. Existing reviews catalog methods thoroughly but rarely formalize how negative or discordant wet-laboratory results should feed back into computational prioritization, so the iterative refinement that lncRNA biology requires is left ",https://pubmed.ncbi.nlm.nih.gov/42827043/,PubMed
lncRNA H19 downregulation mediates oxidative stress-induced osteogenic dysfunction.,"Shin Hye-Rim, Park Seung Gwa, Yoon Heein",Bone,2026-10-05,"Age-related bone loss results from an imbalance between bone resorption and formation, which is heavily influenced by senescence of osteoblasts. Oxidative stress and the associated production of reactive oxygen species (ROS) are key contributors to bone aging and impaired bone formation. Our previous study demonstrated that protein arginine deiminase 2 (PADI2) is downregulated by ROS, leading to c",https://pubmed.ncbi.nlm.nih.gov/42826894/,PubMed
Cyclic nucleotide signaling through phosphodiesterase 1 inhibition and its interaction with the competing endogenous RNA network regulates cognition.,"Xu Fu, Li Hailiang, Yan Yuqing",Biomedicine & pharmacotherapy = Biomedecine & pharmacotherapie,2026-10-05,"Phosphodiesterase 1 (PDE1) has been demonstrated to be a potential drug target for a variety of diseases, ranging from peripheral system disease (PSD) to central nervous system disorders (CNSD). However, how cyclic nucleotide signaling, regulated by PDE1, particularly its isoform PDE1A, regulates the pathology of neurodegenerative disorders, including Alzheimer's disease (AD), remains unclarified.",https://pubmed.ncbi.nlm.nih.gov/42826681/,PubMed
A TERRA-NONO axis drives fibroblast reprogramming in cancer.,"Di Cicco Emery, Isma Jovan, Sol Stefano",Science advances,2026-10-05,"The molecular mechanisms linking chromosome homeostasis to fibroblast reprogramming into cancer-associated fibroblasts (CAFs) remain poorly understood. Here, we identify a clinically relevant, telomere-associated nuclear pathway driving CAF activation across multiple human cancers. The long noncoding RNA TERRA is consistently elevated in CAFs from skin, lung, and breast tumors. We show that the an",https://pubmed.ncbi.nlm.nih.gov/42826195/,PubMed
Statement of Retraction: MicroRNA-1269 is downregulated in glioblastoma and its maturation is regulated by long non-coding RNA SLC16A1 Antisense RNA 1.,,Bioengineered,2026-10-05,,https://pubmed.ncbi.nlm.nih.gov/42826087/,PubMed
An Evaluation on the Role of Non-Coding RNA in HIV Transcription and Latency: A Review,Xiangshuai Liu,arXiv,2026-10-05,"The existence of latent cellular reservoirs is recognized as the major barrier to an HIV cure. Reactivating and eliminating ""shock and kill"" or permanently silencing ""block and lock"" the latent HIV reservoir, as well as gene editing, remain promising approaches, but so far have proven to be only partially successful. Moreover, using latency reversing agents or ""block and lock"" drugs pose additiona",http://arxiv.org/abs/2502.06107v1,arXiv
"Blood-derived lncRNAs as potential biomarkers for early cancer diagnosis: The Good, the Bad and the Beauty","Cedric Badowski, Bing He, Lana X Garmire",arXiv,2026-10-05,Cancer ranks as one of the deadliest diseases worldwide. The high mortality rate associated with cancer is partially due to the lack of reliable early detection methods and/or inaccurate diagnostic tools such as certain protein biomarkers. Cell-free nucleic acids (cfNA) such as circulating long non-coding RNAs (lncRNAs) have recently been proposed as a new class of potential biomarkers that could ,http://arxiv.org/abs/2109.11746v1,arXiv
BPPart and BPMax: RNA-RNA Interaction Partition Function and Structure Prediction for the Base Pair Counting Model,"Ali Ebrahimpour-Boroojeny, Sanjay Rajopadhye, Hamidreza Chitsaz",arXiv,2026-10-05,"RNA-RNA interaction (RRI) is ubiquitous and has complex roles in the cellular functions. In human health studies, miRNA-target and lncRNAs are among an elite class of RRIs that have been extensively studied. Bacterial ncRNA-target and RNA interference are other classes of RRIs that have received significant attention. In recent studies, mRNA-mRNA interaction instances have been observed, where bot",http://arxiv.org/abs/1904.01235v2,arXiv
Single-Cell RNA Sequencing deciphers the imbalance of Microenvironment of the Maternal-Fetal Interface in Cesarean Scar Pregnancy.,"Wang Tingting, Wei Jingshu, Yan Jie",Biology of reproduction,2026-10-05,"Cesarean scar pregnancy (CSP) has posed a serious threat to women's reproductive health. The view on its mechanism remained controversial. Here, we performed a single-cell sequencing on villi and decidua from three normal and three cesarean scar pregnancies in patients with a history of cesarean delivery. Enrichment analysis was performed to elucidate the functional roles of various cell types. Ps",https://pubmed.ncbi.nlm.nih.gov/42831676/,PubMed
Progress in polymeric nanoparticle-based treatment approaches for Wnt β-catenin pathway modulation and adenomatous polyposis coli mutant colorectal cancer.,"Maheshwari Tanvi, Bhattacharya Sankha, Singh Dilpreet",Journal of biomaterials science. Polymer edition,2026-10-05,"About 80-90% of sporadic instances of colorectal cancer (CRC) are caused by mutations in the adenomatous polyposis coli (APC) gene, which is one of the earliest and most common molecular events. The constitutive activation of the Wnt/β-catenin signalling pathway caused by APC dysfunction promotes unchecked cellular proliferation, tumour initiation, progression, and treatment resistance. Systemic t",https://pubmed.ncbi.nlm.nih.gov/42831658/,PubMed
Molecular dynamics simulation and QM/MM study of IscB-ωRNA complex.,"Abula Amina, Bai Ganggang, Li Jingjing",The Journal of chemical physics,2026-10-05,"The CRISPR-Cas9 system's gene-editing fidelity relies on the HNH nuclease domain's ability to hydrolyze DNA via metal-ion catalysis. While IscB-ωRNA variants offer advantages for viral delivery due to their small size, their editing efficiency is much lower than that of Cas9. The understanding of how HNH-domain dynamics and metal-ion selection jointly control catalysis is essential for its rationa",https://pubmed.ncbi.nlm.nih.gov/42831525/,PubMed
CPT-TCPP polymeric nanoplatform for sonodynamic-chemotherapy synergistic tumor therapy through ferroptosis-apoptosis dual cell death reprogramming.,"Wang Lu, Zhang Zhibo, Liu Qiaoni",Materials today. Bio,2026-10-05,"Traditional cancer therapies are constrained by tumor diversity, therapeutic resistance, and side effects, thereby necessitating the development of precise multimodal antitumor strategies. This work reports a relatively high-drug-loading polymeric nanoplatform, PSCT, for combined sonodynamic therapy and chemotherapy. Camptothecin (CPT) and tetracarboxyphenylporphyrin (TCPP) were covalently linked ",https://pubmed.ncbi.nlm.nih.gov/42830923/,PubMed
Cardiac nanomedicine for ischemic injury and remodeling: imaging and therapy.,"Zhang Wuqiong, Zeng Xiaolin, Himly Martin","Nanomedicine (London, England)",2026-10-05,"Cardiovascular disease remains a major cause of morbidity and mortality worldwide, with myocardial infarction and pressure overload driving progressive cardiac injury and maladaptive remodeling that involve dynamic changes in vasculature, cells, and extracellular matrix. Current therapies do not fully prevent this process, creating a need for targeted interventions that can image and treat distinc",https://pubmed.ncbi.nlm.nih.gov/42830599/,PubMed
The tRNA-Modification Geranyl-2-Thiouridine Enables RNA-Lipid Association.,"Singer Johannes, Halter Kathrin, Chan Chun-Yin",Angewandte Chemie (International ed. in English),2026-10-05,"The packaging of RNA in lipid nanoparticles for protection and delivery was key for the development of mRNA vaccines and therapeutics. Formulation requires the addition of a variety of lipids (including cationic) in high amounts to form complexes with the negatively charged RNA. While this approach was successful for the development of RNA vaccines, it represents a major challenge for future devel",https://pubmed.ncbi.nlm.nih.gov/42829817/,PubMed
Recent Advances in Cyclic Peptide-Based Therapeutic Strategies for Renal Cell Carcinoma: A Focused Review.,"Sun Liming, Li Xiaoting, Liu Yan","Drug design, development and therapy",2026-10-05,"Renal cell carcinoma (RCC), especially clear cell RCC (ccRCC), remains difficult to control after resistance to targeted therapy or immune checkpoint blockade develops. Cyclic peptides provide conformationally constrained and chemically adaptable scaffolds for direct target modulation, tumor-selective payload delivery, radiotheranostics, supramolecular assembly, and induced-proximity pharmacology.",https://pubmed.ncbi.nlm.nih.gov/42829760/,PubMed
The expression window as a safety parameter for mRNA medicines.,Tani Hidenori,Biochemical pharmacology,2026-10-05,"Messenger RNA therapeutics are engineered, with few exceptions, for stability and output. For an expanding class of payloads that objective is wrong. Once a nuclease has finished editing, a cytokine has initiated a response, or an in vivo generated receptor has cleared its target, continued expression adds no benefit while the liability accumulates. The goal is then predictable disappearance, and ",https://pubmed.ncbi.nlm.nih.gov/42829112/,PubMed
Delivery architectures for oligonucleotide therapeutics in genetic and rare diseases: GalNAc-based hepatocyte targeting and extrahepatic translation.,"Lee Chan Hyeok, Moon Hyunjun, Lee Kang Hyeok",Journal of controlled release : official journal of the Controlled Release Society,2026-10-05,"Many genetic and rare diseases are molecularly defined but remain difficult to treat because their biology involves intracellular targets, toxic gain-of-function mechanisms, splicing defects, repeat expansions, or chemically undruggable pathways. Although RNA medicines can be designed directly from genetic information, their clinical success depends on delivery architecture rather than sequence de",https://pubmed.ncbi.nlm.nih.gov/42829049/,PubMed
"The Therapeutic Potential of MicroRNAs Delivered By Mesenchymal Stem Cells in Parkinson's Disease, Alzheimer's Disease, and Stroke: A Systematic Review of Preclinical Studies.","Przywara Dominika, Petniak Alicja, Gil-Kulik Paulina",Molecular neurobiology,2026-10-05,"Population aging has led to a substantial increase in the prevalence of neurological disorders, including Parkinson's disease (PD), Alzheimer's disease (AD), and stroke. As current therapeutic strategies are largely limited to symptomatic management, the identification of disease-modifying treatments remains a major unmet clinical need. Mesenchymal stem cells (MSCs) and MSCs-derived microRNAs (miR",https://pubmed.ncbi.nlm.nih.gov/42828605/,PubMed
Fibrinogen as a Molecular Bridge Linking SARS-CoV‑2 Immune Evasion and Endothelial Access?,"Panda Saroj Kumar, Singh Shashi, Sen Gupta Parth Sarthi",ACS pharmacology & translational science,2026-10-05,"SARS-CoV-2 exploits multiple cellular entry routes. Beyond ACE2-mediated entry, we propose that the spike protein binds fibrinogen not only to facilitate immune evasion but also to position the receptor-binding domain for integrin-mediated uptake. This molecular bridge may enhance viral RNA delivery to endothelial cells. Targeting the spike protein-fibrinogen interface could open new therapeutic a",https://pubmed.ncbi.nlm.nih.gov/42828361/,PubMed
Bevacizumab-Functionalized Exosome-Associated Chitosan Nanocomposite for Temozolomide Delivery and Apoptosis-Related Transcriptional Modulation in Experimental Glioma.,"Pourmasoumi Parvin, Zamani Farshid, Bayat Mohammad",International journal of nanomedicine,2026-10-05,"Glioblastoma (GBM) has a poor prognosis, and temozolomide (TMZ) therapy is limited by a short half-life and insufficient intratumoral availability. We developed a bevacizumab (BVZ)-functionalized, exosome-associated chitosan nanocomposite loaded with TMZ (BVZ-Exo@CS-TMZ) as a multifunctional biohybrid platform for experimental glioma therapy. CS-TMZ nanoparticles were prepared by ionotropic gelati",https://pubmed.ncbi.nlm.nih.gov/42828315/,PubMed
Single-cell and single-nucleus transcriptomics in ischemic stroke: cellular mechanisms and therapeutic implications.,"Mu Changqing, Ding Yuchuan, Weiss Alexander",Frontiers in neurology,2026-10-05,"Ischemic stroke remains a major cause of death and long-term disability and is defined by complex, dynamic pathophysiological processes involving diverse cell types and interconnected molecular networks. In recent years, single-cell and single-nucleus RNA sequencing (sc/snRNA-seq) have provided unmatched resolution for dissecting these processes. A growing body of studies has applied these approac",https://pubmed.ncbi.nlm.nih.gov/42828249/,PubMed
A novel minimally humanized mouse model of aniridia for preclinical evaluation of CRISPR gene editing strategies.,"Mirjalili Mohanna Seyedeh Zeinab, Korecki Andrea J, Kazemian Pardis",Frontiers in genome editing,2026-10-05,"Aniridia is a rare congenital vision-loss disorder primarily caused by variants in the paired box 6 ( Ocular assessments (gross examination, slit lamp imaging, and fluorescent and confocal microscopy) were performed in mice homozygous for humanization and heterozygous for the variant, paralleling patients. Mice were examined immediately post-wean and at adulthood, with the former chosen as a likel",https://pubmed.ncbi.nlm.nih.gov/42827986/,PubMed
Computationally Guided Engineering of Short Peptides for Targeted RNA-Loaded pBAE Nanoparticles.,"Stamenković Vladimir, Brajković Mislav, Garcia-Fernandez Coral",ACS biomaterials science & engineering,2026-10-05,"Nanoparticles encapsulating therapeutic RNA have emerged as a transformative strategy in precision medicine, enabling a wide range of applications such as gene therapy for rare diseases, the silencing of toxic gene products, and the mobilization of the immune system to induce specific responses ranging from immune tolerance to fighting tumors. However, most current preclinical and clinical efforts",https://pubmed.ncbi.nlm.nih.gov/42826497/,PubMed
Once yearly cell-based therapy for sustained and dose-tunable delivery of monoclonal antibodies.,"Fell Cody, Davis Anthony E, Pandey Shalini",Science advances,2026-10-05,"More than 200 monoclonal antibodies (mAbs) are approved for clinical use, yet their therapeutic potential is constrained by dependence on repeated injections or infusions that drive nonadherence, limit access in low-resource settings, and generate peak-trough pharmacokinetics linked to adverse effects and reduced efficacy. Here, we developed an immunomodulatory, encapsulated cell-based ""biologics ",https://pubmed.ncbi.nlm.nih.gov/42826187/,PubMed
"Design, Synthesis and Biophysical Characterisation of CPP-PNA Conjugates for Targeting Oncogenic microRNA-221.","Rotondo Martina, Illien Françoise, Burlina Fabienne",Journal of peptide science : an official publication of the European Peptide Society,2026-10-05,"Peptide nucleic acids (PNAs) are a promising platform targeting disease-associated microRNAs due to their high binding affinity, excellent sequence specificity and resistance to enzymatic degradation. However, their therapeutic application is often limited by inefficient cellular uptake. In this study, we present the design, synthesis and physicochemical characterisation of cell-penetrating peptid",https://pubmed.ncbi.nlm.nih.gov/42825383/,PubMed
ROS-responsive hydrogel delivering liposomal indole-3-propionic acid promotes spinal cord injury repair by enhancing CX3CL1-CX3CR1 mediated neuron-microglia communication.,"Li Longyu, Zhang Yuhao, Wang Zhishuo",Materials today. Bio,2026-10-05,"Spinal cord injury (SCI) is a devastating neurological disorder characterized by excessive neuroinflammation and limited regenerative capacity. Here, we developed a reactive oxygen species (ROS)-responsive hydrogel for localized delivery of liposomal indole-3-propionic acid (IPA), a gut microbiota-derived metabolite with neuroprotective potential. The hydrogel exhibited favorable injectability, se",https://pubmed.ncbi.nlm.nih.gov/42825088/,PubMed
Research hotspots and emerging trends of macrophages in peripheral nerve injury: a bibliometric and visualization analysis.,"Jiang Guohua, Huang Renkun, Wang Kewen",Frontiers in cellular neuroscience,2026-10-05,"Peripheral nerve injury (PNI) remains a significant clinical challenge due to its poor neurological recovery. Macrophages serve as key regulators in pathological degeneration, inflammatory resolution, and regenerative repair after PNI. This study aims to explore the global status, research hotspots, and developmental trends of macrophage-related studies in PNI through bibliometric analysis. It fur",https://pubmed.ncbi.nlm.nih.gov/42824105/,PubMed
How a polymer filling enhances the rate and selectivity of colloid permeation across mesopores,"Mikhail Y. Laktionov, Frans A. M. Leermakers, Ralf P. Richter",arXiv,2026-10-05,"Polymer-functionalised mesopores are an emerging technology for colloid separation, sensing and delivery. Their potential is strikingly illustrated in living cells, where nuclear pore complexes (NPCs) control biocolloid transport between the nucleus and the cytosol. Even colloids much smaller than the biopolymer-filled NPC channel are effectively blocked, but some larger colloids with distinct sur",http://arxiv.org/abs/2608.27995v1,arXiv
Manganese-Functionalized GelMA Hydrogels for MRI-Guided Immunotheranostics in Precision Oncology,"Motahareh Nazari, Keyvan Alavi",arXiv,2026-10-05,"Precision oncology requires multifunctional platforms capable of integrating accurate tumor diagnosis, localized therapeutic delivery, immune modulation, and real-time monitoring of treatment response. Gelatin methacryloyl (GelMA) hydrogels have emerged as versatile biomaterials for biomedical engineering because of their biocompatibility, extracellular matrix-like structure, tunable mechanical pr",http://arxiv.org/abs/2606.29599v1,arXiv
[Nucleoside analogues in etiotropic therapy of hantavirus fevers].,"Vetrova A N, Kurashova S S, Egorova M S",Voprosy virusologii,2026-10-05,"Hantavirus fevers (HF) are caused by pathogenic orthohantaviruses and are classified into two clinical forms: hemorrhagic fever with renal syndrome (HFRS), reported in Eurasia, and hantavirus pulmonary syndrome (HPS), reported in the Americas. HF are characterised by an acute course with predominant involvement of internal organs: HFRS is mainly associated with kidney damage, while HPS is characte",https://pubmed.ncbi.nlm.nih.gov/42831803/,PubMed
Integrated computational approaches for identifying and evaluating phytochemical inhibitors against HCV NS3/4A protease.,"Pradhan Sourabha, Dansana Jarmani, Gadtya Abhishikta",Journal of biological physics,2026-10-05,"Hepatitis C virus (HCV) remains a major global health concern, causing chronic hepatitis, cirrhosis, and hepatocellular carcinoma (HCC), with an estimated 185 million people affected worldwide. In the absence of an FDA-approved vaccine, the development of effective antiviral strategies remains essential. The HCV NS3-4A protease, which mediates cleavage of the viral polyprotein at specific downstre",https://pubmed.ncbi.nlm.nih.gov/42830361/,PubMed
Longer-term response to SARS-CoV-2 vaccination after allogeneic blood stem cell transplantation.,"Crodel Carl C, Gork Laura, Göpel Wibke",Journal of cancer research and clinical oncology,2026-10-05,Recipients of allogeneic haematopoietic stem cell transplantation (alloHSCT) are at increased risk of COVID-19 and lower vaccine immunogenicity. This study assessed vaccine immunogenicity and safety in these patients. We analyzed the serological response after the 2nd and 3rd SARS-CoV-2 vaccination as well as potential factors influencing this response. Data were obtained from internal hospital re,https://pubmed.ncbi.nlm.nih.gov/42828557/,PubMed
AI-guided epitope engineering of a SARS-CoV-2 spike antigen for broad sarbecovirus neutralization.,"Odainic Alexandru, Vardaxis Ioannis, Ferraz Matheus",Frontiers in immunology,2026-10-05,"The rapid evolution of SARS-CoV-2 and the ongoing risk of zoonotic spillover highlight the need for vaccines that provide broad protection beyond strain-specific immunity. Here, we present a structure-guided, AI-enabled strategy for rational antigen design that enhances cross-reactive B-cell epitope recognition across betacoronaviruses. By integrating comparative sequence analysis with conformatio",https://pubmed.ncbi.nlm.nih.gov/42827976/,PubMed
Toll-like receptors 7 and 8 as therapeutic targets for human diseases.,"Fukui Ryutaro, Miyake Kensuke",International immunology,2026-10-05,"Toll-like receptor 7 (TLR7) and TLR8 respond to pathogen-derived single-stranded RNA (ssRNA), orchestrating innate immune defense responses upon infections. However, aberrant recognition of endogenous ssRNAs by these sensors can cause various pathologies, including systemic lupus erythematosus (SLE), familial histiocytosis, immunodeficiency, and bone marrow failure. Recent insights into genetic va",https://pubmed.ncbi.nlm.nih.gov/42827395/,PubMed
Dual-glycolipid engineered vaccine platform empowers delivery route customization to intercept tumor lung metastasis.,"Wei Lu, Xu Wenwen, Zhang Tian",Journal of controlled release : official journal of the Controlled Release Society,2026-10-05,"Pulmonary metastasis remains a lethal challenge, necessitating potent mRNA vaccines to establish proactive immune surveillance. Although lipid nanoparticles (LNPs) are the gold standard for delivery mRNA, the ""PEG dilemma""-comprising immunogenicity and poor cellular engagement-critically limits their efficacy. Here, we developed a biocompatibility, PEG-free mRNA platform (SG-LNP) co-modified with ",https://pubmed.ncbi.nlm.nih.gov/42826903/,PubMed
Cross-clade protection against human H5N1 isolates by a clade 2.3.4.4b HA mRNA vaccine in mice.,"Shichinohe Shintaro, Li Qingxin, Tanaka Hiroki",Vaccine,2026-10-05,"The recent spread of clade 2.3.4.4b H5N1 high pathogenicity avian influenza (HPAI) viruses into mammals, despite limited human infections to date, has raised serious public health concerns and highlights the need for rapidly deployable vaccines, such as mRNA-based platforms, to strengthen pandemic preparedness. Here, we evaluated the effectiveness of an mRNA vaccine encoding the HA of NIID-002, a ",https://pubmed.ncbi.nlm.nih.gov/42826690/,PubMed
Morphea Triggered by COVID-19 Vaccination.,"Oz Aysegul, Kurt Birgul Ozkesici, Sivaz Onur",Sisli Etfal Hastanesi tip bulteni,2026-10-05,"Since the onset of the COVID-19 pandemic in 2019, various vaccines have been developed to control its spread. Initially, conventional inactivated virus vaccines, such as CoronaVac (Sinovac), were introduced, followed by more advanced mRNA-based vaccines, such as BNT162b2 (Pfizer-BioNTech). COVID-19 vaccines have been associated with several adverse effects, particularly dermatological manifestatio",https://pubmed.ncbi.nlm.nih.gov/42824943/,PubMed
"Beyond correlation and causation: epistemic caution, anomalous findings, and COVID-19 vaccine safety.","Siebner Alex S, Rubio-Casillas Alberto, Raszek Mikolaj","Philosophy, ethics, and humanities in medicine : PEHM",2026-10-05,"The COVID-19 pandemic exposed science's adaptive strengths and epistemic limits. In fact, in the pandemic, mRNA vaccines are attributed to have saved millions of lives. The maxim ""correlation does not imply causation"" is an essential safeguard against premature causal inference. However, its use may become epistemically restrictive when the absence of established causality is treated as sufficient",https://pubmed.ncbi.nlm.nih.gov/42823741/,PubMed
ORF3 Depletion Attenuates SADS-CoV Virulence and Retains Partial Maternally Mediated Protection in Suckling Mice.,"Zhang Nian-Qi, Huang Wei, Zhang Zhong-Li",Transboundary and emerging diseases,2026-10-05,"Swine acute diarrhea syndrome coronavirus (SADS-CoV) is an emerging enteric coronavirus that causes severe diarrhea and high mortality in neonatal piglets. Its broad host range, tropism for human-origin cells, and limited vaccine availability underscore the importance of defining viral determinants of pathogenicity. The accessory protein ORF3 has been linked to CoV virulence, but its role in SADS-",https://pubmed.ncbi.nlm.nih.gov/42820473/,PubMed
Humoral Immune Variability in Twin Sisters With SKIV2L-Associated Trichohepatoenteric Syndrome.,"Reddy Shreena, Pacheco Curtis S, Hatcher Vishaka R",Cureus,2026-10-05,"Trichohepatoenteric syndrome (THES) is a rare autosomal recessive disorder caused by pathogenic variants in tetratricopeptide repeat domain 37 (TTC37), designated THES-I, or Ski2-like RNA helicase (SKIV2L), designated THES-II, and characterized by infantile diarrhea, growth impairment, developmental delay, liver disease, hair abnormalities, and variable immune dysfunction. Although immunologic abn",https://pubmed.ncbi.nlm.nih.gov/42820140/,PubMed
Advances in immunotherapy for HPV-associated malignancies: emerging strategies and clinical progress.,"Alsalloum Alaa, Zakhareva Alena, Lopatnikova Julia",Frontiers in immunology,2026-10-05,"Human papillomavirus (HPV) is the principal etiological factor in the majority of cervical, oropharyngeal, anal, and vulvar cancers. Persistent infection with high-risk HPV types promotes immune evasion, malignant transformation, and tumor progression. Currently licensed prophylactic HPV vaccines, based on L1 virus-like particles, are highly effective at preventing new infections and HPV-associate",https://pubmed.ncbi.nlm.nih.gov/42819744/,PubMed
CTH522/CAF01 vaccination elicits clonally related Th17 subsets that mediate IL-17A-dependent protection against Chlamydia trachomatis.,"Nguyen Nina Dieu Nhien Tran, Guleed Safia, Subratheepam Sharmila","Journal of immunology (Baltimore, Md. : 1950)",2026-10-05,"Chlamydia trachomatis is the leading bacterial sexually transmitted pathogen worldwide and a major cause of reproductive tract disease, highlighting the need for an effective vaccine. Defining the immune mechanisms underlying vaccine-induced protection is therefore critical. We previously demonstrated that in mice vaccinated with CTH522/CAF01, genital tract Th17 cells correlated with protection ag",https://pubmed.ncbi.nlm.nih.gov/42823065/,PubMed
Mapping immunocompetent tissues for safer vaccines and gene therapy: A miRNA-based strategy for mRNA-LNP platforms.,"Hammad Mohamed A, Ashour Hossam M",Molecular therapy : the journal of the American Society of Gene Therapy,2026-10-05,,https://pubmed.ncbi.nlm.nih.gov/42822455/,PubMed
Multidimensional molecular profiling reveals decidual and circulating NK cell dynamics in early and late pregnancy.,"Habel Jennifer R, Nguyen Thi H O, Allen Lilith F",EBioMedicine,2026-10-05,"Human pregnancy presents a unique physiological state that allows for growth of an antigenically dissimilar foetus. The immune system plays a key role in establishing and maintaining successful pregnancy, yet detailed understanding of immunological responses in pregnancy is lacking. We defined the immunological landscape in pregnancy by screening >350 markers on NK cells, CD4 Our multiomic approac",https://pubmed.ncbi.nlm.nih.gov/42822323/,PubMed
"Summary of 2025 Society of Toxicology Workshop ""Vaccine Toxicology in the Post-COVID Era"".","Gould Sarah, Rohde Cynthia M, Destexhe Eric",Vaccine,2026-10-05,"Nonclinical safety studies to support clinical development and registration of vaccines is a specialized area within pharmaceutical regulatory toxicology. Toxicology testing for vaccines has been required since the mid-1990s, starting with the publication of the European Medicines Evaluation Agency (EMEA) Note for guidance on preclinical pharmacological and toxicological testing of vaccines (CPMP/",https://pubmed.ncbi.nlm.nih.gov/42822179/,PubMed
Light on dark matter: Epigenetic drugs as a tool to reveal the hidden antigen repertoire.,"Romashin Daniil D, Shlepova Olga V, Bogoslovskaya Elena V",Biochemical and biophysical research communications,2026-10-05,"Cancer immunotherapy holds great promise in oncology, with personalized vaccines based on individual tumor antigens representing a cutting-edge approach in precision medicine. However, one of the challenges in implementing this approach lies in the limited number of tumor antigens in immunologically ""cold"" tumors. Recent studies have shown that the ""dark matter""-comprising long non-coding RNAs, en",https://pubmed.ncbi.nlm.nih.gov/42822054/,PubMed
An Integrative Computational Approach to Predict Viral Epitopes by Targeting the MHC-TCR Complexation,"Jaya Vasavi Pamidimukkala, Roshan Balaji, Nirav Pravinbhai Bhatt",arXiv,2026-10-05,"T-cell immunity acts as a major defense system against controlling viral infections in vertebrates. During viral entry, innate immune cells degrade the viral proteins (antigens) and present them on their surface via Major Histocompatibility (MHC) proteins. T-cell receptors (TCRs) recognize these antigens/peptides presented by MHC (pMHC), initiating a T-cell mediated immune response. Despite its si",http://arxiv.org/abs/2609.03182v1,arXiv
Transformer-Based Active Learning for Data-Efficient Vaccine Epitope Selection in PRRS,"Aspen Erlandsson Brisebois, Zahed Khatooni, Connor Burbridge",arXiv,2026-10-05,"High-fidelity molecular docking simulations can produce biologically relevant estimates of epitope-receptor binding affinity but are computationally expensive and therefore limit the number of candidates that can be screened for vaccine design. In this work, we evaluate machine learning (ML) approaches where variants of active learning are used to classify instances of high binding affinity betwee",http://arxiv.org/abs/2606.28659v1,arXiv
Exploring the Effects of Entanglement on Quantum Machine Learning of Pathogen Epitope-Receptor Binding,"Aspen Erlandsson Brisebois, Luis Pablo Gonzalez Dominguez, Shivansi Prajapati",arXiv,2026-10-05,"Parameterized quantum circuits (PQCs) provide a flexible substrate for hybrid quantum machine learning (QML), but their practical value on Noisy Intermediate-Scale Quantum (NISQ) devices remains an empirical question, especially because training depth and scale can introduce optimization challenges such as barren plateaus. Here we study how the number and topology of two-qubit entangling gates in ",http://arxiv.org/abs/2606.28655v1,arXiv
Emerging therapeutic strategies to target APOE4 in Alzheimer's disease.,"Jiang Wei I, Wang Bingying, Ma Dengke K",The FEBS journal,2026-10-05,"The apolipoprotein E ε4 (APOE4) allele is the strongest common genetic risk factor for late-onset Alzheimer's disease. However, its incomplete penetrance supports the view that it acts as a modifiable systems-level perturbation of brain homeostasis rather than a deterministic driver. Increasing evidence further positions APOE4 protein within interconnected lipid metabolic pathways, with converging",https://pubmed.ncbi.nlm.nih.gov/42831701/,PubMed
Lipid Nanoparticle-Mediated Vascular-Disrupting Therapy for Lung Metastasis.,"Ueda Tomoki, Endo Rikito, Sato Yusuke",Biological & pharmaceutical bulletin,2026-10-05,"Drug therapies targeting vasculature in metastatic cancer have not been highly effective and are therefore currently limited to an adjunctive role, such as in combination regimens. The development of novel, more effective therapeutic strategies with new mechanisms of action is therefore greatly needed. In a previous study, we reported a lipid nanoparticle (LNP)-based vascular-disrupting strategy u",https://pubmed.ncbi.nlm.nih.gov/42830502/,PubMed
Coactivators YAP and TAZ Contribute Differently to the Transcriptional Regulation of VWF in Endothelial Cells.,"O'Donnell Meaghan, Guglya Anthony, Ghorbanpour Elham",Journal of thrombosis and haemostasis : JTH,2026-10-05,"Upstream signals and associated signalling axes that contribute to the differential VWF expression observed across various vascular beds remain unclear. Transcriptional coactivators YAP and TAZ, through transcription factors including TEAD, may contribute distinctly to this heterogeneity in response to external mechanical stimuli. Investigate the role of YAP/TAZ in the transcriptional regulation o",https://pubmed.ncbi.nlm.nih.gov/42829083/,PubMed
"Chronic sleep deprivation promotes atherosclerosis via NFIL3/RORγt Axis mediated Th17/Treg imbalance, targeting IL-17A attenuates disease progression.","Liu Xixi, Xiong Zhenyu, Li Yu",International immunopharmacology,2026-10-05,"Chronic sleep deprivation (CSD) is an independent risk factor for atherosclerotic cardiovascular disease, but the underlying mechanisms remain elusive. This study aimed to investigate whether CSD accelerates atherosclerosis by disrupting Th17/Treg balance and to explore a potential immunotherapeutic strategy. Low-density lipoprotein receptor-deficient (Ldlr CSD markedly exacerbated atherosclerotic",https://pubmed.ncbi.nlm.nih.gov/42828877/,PubMed
Sinigrin Mitigates Pulmonary Inflammation and Fibrosis Partly through Adenosine Monophosphate-Activated Protein Kinase (AMPK) Signaling.,"Panneerselvam Suriya, S Jeyasankari, Kishore Anoop",ACS pharmacology & translational science,2026-10-05,"Idiopathic pulmonary fibrosis (IPF) is a progressive interstitial lung disease characterized by aberrant fibroblast activation and excessive extracellular matrix accumulation, predominantly collagen, leading to irreversible lung remodeling. Sinigrin (SNG), a naturally occurring glucosinolate with reported anti-inflammatory and antioxidant activities, has not been investigated in the context of pul",https://pubmed.ncbi.nlm.nih.gov/42828359/,PubMed
Cross-phenotype integration of eQTL-based Mendelian randomization and transcriptomics prioritizes ,"Peng Su, Xie Chuang, Qian Chuang",Frontiers in immunology,2026-10-05,"To prioritize candidate genes and compounds potentially associated with IgA vasculitis with nephritis (IgAVN) by integrating genetic and transcriptomic evidence across IgAVN, IgA vasculitis (IgAV), and IgA nephropathy (IgAN), followed by preliminary cellular and pharmacological validation. Expression quantitative trait locus (eQTL)-based two-sample Mendelian randomization (MR) was performed using ",https://pubmed.ncbi.nlm.nih.gov/42827902/,PubMed
ITGB2 promotes HIF-1α/GLUT1 mediated glucose metabolic reprogramming in renal tubular epithelial cells to aggravate the progression of diabetic kidney disease.,"Peng Jun, Yuan Qiaomeng, Zhou Lu",Cytotechnology,2026-10-05,"Diabetic kidney disease (DKD) is characterized by tubular metabolic remodeling, inflammation, and profibrotic injury. However, whether integrin β2 (ITGB2) links high-glucose (HG) stress to hypoxia-inducible factor-1α (HIF-1α)/glucose transporter 1 (GLUT1)-dependent metabolic reprogramming in renal tubular epithelial cells remains unclear. This study investigated the role and underlying mechanism o",https://pubmed.ncbi.nlm.nih.gov/42827616/,PubMed
Tirzepatide attenuates cardiac microvascular injury and ferroptosis-related lipid peroxidation in diabetic mice: endothelial responses in the context of partial PRKN silencing.,"Lu Guangzhen, Wang Xinye, Zhuang Hong",European journal of pharmacology,2026-10-05,"Diabetic metabolic stress damages the cardiac microvasculature. We evaluated tirzepatide-associated cardiac and endothelial effects, including endpoint patterns after partial silencing of parkin RBR E3 ubiquitin protein ligase (PRKN) and lipidated microtubule-associated protein 1 light chain 3 beta (LC3B-II) accumulation during lysosomal blockade. Male C57BL/6J mice received a normal diet, a high-",https://pubmed.ncbi.nlm.nih.gov/42826814/,PubMed
PRMT5 promotes ferroptosis in cisplatin-induced acute kidney injury through WDR5/ACSL4 pathway.,"Lin Jiawen, Fang Junxuan, Cui Tianjiao",Redox biology,2026-10-05,"The epigenetic mechanisms driving the transition to ferroptosis in acute kidney injury (AKI) remain unclear. In this study, protein methyltransferase 5 (PRMT5) and its partner MEP50 were significantly upregulated in the renal tubules of AKI patients and murine models. Genetic silencing of PRMT5 via AAV-shRNA in vivo and siRNA in vitro improved renal function, attenuated mitochondrial damage, and s",https://pubmed.ncbi.nlm.nih.gov/42826479/,PubMed
"RNA-targeting therapeutics for rare neuromuscular diseases: progress, challenges, and the path toward personalized treatment.","Wilton-Clark Harry, Yokota Toshifumi",Expert opinion on biological therapy,2026-10-05,,https://pubmed.ncbi.nlm.nih.gov/42826088/,PubMed
[Expression of Concern] ZNF703 promotes tumor cell proliferation and invasion and predicts poor prognosis in patients with colorectal cancer.,"Ma Feng, Bi Lihong, Yang Gongli",Oncology reports,2026-10-05,"Following the publication of the above article, a concerned reader has contacted the Editorial Office to draw attention to the fact that there appeared to be discrepancies between the numbers of patients reported with low‑ or high‑ZNF703 expression in Fig. 3 on p. 1074: Fig. 3A reported 70 patients with low ZNF703 expression and 68 patients with high expression; however, the stage‑stratified Kapla",https://pubmed.ncbi.nlm.nih.gov/42825377/,PubMed
Biomimetic nano-in-gel vaccine platform with spatiotemporal co-delivery capacity for DC maturation against immunosuppressive tumors.,"Wu Jie, Bu Xinxin, Liu Zi",International journal of pharmaceutics: X,2026-10-05,"Therapeutic tumor vaccinations are promising for cancer immunotherapy. However, challenges like inadequate antigen encapsulation, weak immune activation, and an immunosuppressive tumor microenvironment limit their efficacy. To overcome these, an injectable Nano-in-Gel vaccine composed of porcine lung-derived extracellular matrix hydrogel (ECMG), tumor cell lysate (TCL), Poly I:C, and PD-L1 siRNA-l",https://pubmed.ncbi.nlm.nih.gov/42824691/,PubMed
Methyl eugenol increases neural microcirculation to promote nerve repair by regulating endothelial cell and Schwann cell communication via Ptn/Sdc4.,"Zhuang Zifeng, Lin Shaozi, Li Yixuan",Natural products and bioprospecting,2026-10-05,Neuromicrocirculatory disorders often accompany nerve injury. Improving neural microcirculation can promote the repair of injured nerves. Methyl eugenol is a major bioactive component of Asarum heterotropoides and has been reported to exert analgesic effects in chronic pain. This study aimed to demonstrate that methyl eugenol can enhance neural microcirculation and thereby promote nerve repair. A ,https://pubmed.ncbi.nlm.nih.gov/42823554/,PubMed
FBXW7 mitigates hepatic fibrosis by degrading NOTCH1 to transcriptionally silence SEMA3G in liver sinusoidal endothelial cells.,"Yan Chengrong, Dong Jinling, Sun Yihong",Nature communications,2026-10-05,"Overactivation of Notch signaling in liver sinusoidal endothelial cells (LSECs) is an established driver of hepatic fibrosis, yet its precise upstream regulators and downstream effectors remain poorly defined, limiting therapeutic translation. Here, we demonstrate that FBXW7, the primary E3 ubiquitin ligase responsible for NOTCH1 degradation, serves as a critical suppressor of liver fibrosis. Usin",https://pubmed.ncbi.nlm.nih.gov/42823407/,PubMed
METTL3-m6A-mediated downregulation of IGFBP6 accelerates atherosclerotic plaque formation through GPX4-induced ferroptosis.,"Liu Zhenzhen, He Yanru, Zhu Wenjing",Integrative biology : quantitative biosciences from nano to macro,2026-10-05,"Insulin-like growth factor binding protein 6 (IGFBP6) is thought to be associated with the progression of atherosclerosis (AS). However, whether IGFBP6 is involved in ferroptosis, a key biological process, in the progression of AS remains unclear. In this study, IGFBP6 expression was downregulated in oxidized low-density lipoprotein (ox-LDL)-treated human umbilical vein endothelial cells (HUVECs).",https://pubmed.ncbi.nlm.nih.gov/42822859/,PubMed
The RNA-binding protein EIF3B promotes necroptosis and subsequent metabolic acidosis in acute pancreatitis through stabilization of RIPK3 mRNA.,"Jia JiangKun, Xu Jian, Yu Miao",Cellular signalling,2026-10-05,"Severe Acute Pancreatitis (SAP) is a life-threatening condition driven by pancreatic necroptosis, yet its upstream regulators are poorly understood. This study aimed to investigate the roles of eukaryotic initiation factor 3 subunit B (EIF3B) and its downstream target receptor-interacting protein kinase 3 (RIPK3) in SAP pathogenesis and to elucidate the underlying regulatory mechanism. Expression ",https://pubmed.ncbi.nlm.nih.gov/42822683/,PubMed
DeepSilencer: A Novel Deep Learning Model for Predicting siRNA Knockdown Efficiency,"Wangdan Liao, Weidong Wang",arXiv,2026-10-05,"Background: Small interfering RNA (siRNA) is a promising therapeutic agent due to its ability to silence disease-related genes via RNA interference. While traditional machine learning and early deep learning methods have made progress in predicting siRNA efficacy, there remains significant room for improvement. Advanced deep learning techniques can enhance prediction accuracy, reducing the relianc",http://arxiv.org/abs/2503.04200v1,arXiv
Maturation of siRNA by strand separation: Steered Molecular dynamics study,"Rakesh K Mishra, Sanchita Mukherjee, Dhananjay Bhattacharyya",arXiv,2026-10-05,"RNA interference, particularly siRNA induced gene silencing is becoming an important avenue of modern therapeutics. The siRNA is delivered to the cells as short double helical RNA which becomes single stranded for forming the RISC complex. Significant experimental evidence is available for most of the steps except the process of the separation of the two strands. We have attempted to understand th",http://arxiv.org/abs/1910.03778v1,arXiv
Using a hydrogen-bond index to predict the gene-silencing efficiency of siRNA based on the local structure of mRNA,"Kathy Q. Luo, Donald C. Chang",arXiv,2026-10-05,The gene silencing effect of short interfering RNA (siRNA) is known to vary strongly with the targeted position of the mRNA. A number of hypotheses have been suggested to explain this phenomenon. We would like to test if this positional effect is mainly due to the secondary structure of the mRNA at the target site. We proposed that this structural factor can be characterized by a single parameter ,http://arxiv.org/abs/1710.07413v1,arXiv
Unraveling siRNA Unzipping Kinetics with Graphene,"Santosh Mogurampelly, Swati Panigrahi, Dhananjay Bhattacharyya",arXiv,2026-10-05,"Using all atom molecular dynamics simulations, we report spontaneous unzipping and strong binding of small interfering RNA (siRNA) on graphene. Our dispersion corrected density functional theory based calculations suggest that nucleosides of RNA have stronger attractive interactions with graphene as compared to DNA residues. These stronger interactions force the double stranded siRNA to spontaneou",http://arxiv.org/abs/1207.4569v1,arXiv
Unzipping and binding of small interfering RNA with single walled Carbon Nanotube: a platform for small interfering RNA delivery,"Mogurampelly Santosh, Swati Panigrahi, Dhananjay Bhattacharyya",arXiv,2026-10-05,"In an effort to design efficient platform for siRNA delivery, we combine all atom classical and quantum simulations to study the binding of small interfering RNA (siRNA) by pristine single wall carbon nanotube (SWCNT). Our results show that siRNA strongly binds to SWCNT surface via unzipping its base-pairs and the propensity of unzipping increases with the increase in the diameter of the SWCNTs. T",http://arxiv.org/abs/1203.2409v1,arXiv
Nanodiamond as a vector for siRNA delivery to Ewing sarcoma cells,"Anna Alhaddad, Marie-Pierre Adam, Jacques Botsoa",arXiv,2026-10-05,"We investigated the ability of diamond nanoparticles (nanodiamonds, NDs) to deliver small interfering RNA (siRNA) in Ewing sarcoma cells, in the perspective of in vivo anti-cancer nucleic acid drug delivery. siRNA was adsorbed onto NDs previously coated with cationic polymer. Cell uptake of NDs has been demonstrated by taking advantage of NDs intrinsic fluorescence coming from embedded color cente",http://arxiv.org/abs/1106.2252v2,arXiv
Target prediction and a statistical sampling algorithm for RNA-RNA interaction,"F. W. D. Huang, J. Qin, C. M. Reidys",arXiv,2026-10-05,"It has been proven that the accessibility of the target sites has a critical influence for miRNA and siRNA. In this paper, we present a program, rip2.0, not only the energetically most favorable targets site based on the hybrid-probability, but also a statistical sampling structure to illustrate the statistical characterization and representation of the Boltzmann ensemble of RNA-RNA interaction st",http://arxiv.org/abs/0908.0597v1,arXiv
In silico evidence of the relationship between miRNAs and siRNAs,"Ludovica Montanucci, Piero Fariselli, Pier Luigi Martelli",arXiv,2026-10-05,"Both short interfering RNAs (siRNAs) and microRNAs (miRNAs) mediate the repression of specific sequences of mRNA through the RNA interference pathway. In the last years several experiments have supported the hypothesis that siRNAs and miRNAs may be functionally interchangeable, at least in cultured cells. In this work we verify that this hypothesis is also supported by a computational evidence. We",http://arxiv.org/abs/0705.2355v1,arXiv
