title,authors,journal,date,abstract,link,source
CCL21/CCR7 axis regulates VEGF-D m,"Wu Zhenheng, Cai Xinran, Jiang Lei",Human cell,2026-07-25,"Gallbladder cancer (GBC), the most common malignancy of the biliary tract, exhibits a high propensity for lymphatic system invasion. However, the mechanisms underlying lymphatic metastasis in GBC remain poorly understood. Here, we demonstrate that C-C motif chemokine ligand 21 (CCL21) is significantly upregulated in GBC and positively correlates with lymphatic vessel density and lymph node metasta",https://pubmed.ncbi.nlm.nih.gov/42498884/,PubMed
JN.1-adapted vaccination is associated with readjustment of ancestral memory B cells toward neutralization within the JN.1 antigenic space.,"Stankov Metodi V, Bruhn Matthias, Hoffmann Markus",Nature communications,2026-07-25,"The antigenic drift of SARS-CoV-2 toward the JN.1 lineage has prompted the development of variant-adapted COVID-19 booster vaccines. However, these boosters are thought to primarily recall pre-existing memory B cells (MBC), raising concerns about their ability to realign the immune response in highly pre-exposed populations. Here we analyze antibody and B cell responses in pre-exposed individuals ",https://pubmed.ncbi.nlm.nih.gov/42498786/,PubMed
"Discovery of the Novel HLA-A*02:1302 Allele, a Variant of A*02:07:01:01, in a Taiwanese Individual.","Yang Kuo-Liang, Lin Py-Yu",HLA,2026-07-25,"One nucleotide mutation in exon 3 of HLA-A*02:07:01:01 results in the novel allele, HLA-A*02:1302.",https://pubmed.ncbi.nlm.nih.gov/42498691/,PubMed
Small RNA barcodes for sensitive labeling of AAV transcripts.,"Magaña Yessenia, Wang Shanshan, Torreblanca-Zanca Albertina",eNeuro,2026-07-25,Adeno-associated virus (AAV) vectors are widely used for neuroscience research. Labeling AAV mRNA by ,https://pubmed.ncbi.nlm.nih.gov/42498665/,PubMed
Investigating the role of CpG islands and DNA methylation at 3'UTRs in cancer.,"Wilson Claire, Kanhere Aditi",Life science alliance,2026-07-25,"DNA methylation is one of the most important epigenetic processes that regulates gene expression. Although the human genome is predominantly methylated, CpG-rich regions known as CpG islands (CGIs) are typically unmethylated and are often sites of transcriptional control. Although the importance of CGIs and DNA methylation at the promoters is well understood, the significance of CGIs at the 3' end",https://pubmed.ncbi.nlm.nih.gov/42498499/,PubMed
Role of macrophage NLRP3 inflammasome activation in real-ambient particulate matter-induced abnormal hepatic glucose metabolism.,"Wu Dong, Zhang Zhen, Chen Sixin",Journal of environmental sciences (China),2026-07-25,"Evidence regarding the effects of particulate matter (PM) exposure on hepatic glucose metabolism and insulin resistance is limited, and its mechanisms remain unclear. Macrophages, as key regulators of the liver microenvironment, may mediate PM-induced metabolic processes. This study used an individually ventilated cage (IVC)-based real-ambient PM exposure system mouse model, co-cultured macrophage",https://pubmed.ncbi.nlm.nih.gov/42498412/,PubMed
WTAP upregulates HK2 expression via m6A methylation to reprogram cell glycolysis and stemness under Cr(VI) exposure.,"Xie Yunxia, Wang Lin, Zhang Ruike",Journal of environmental sciences (China),2026-07-25,"Epidemiological investigations indicate that hexavalent chromium (Cr(VI)) exposure induces lung carcinogenesis, but the underlying epigenetic mechanisms of Cr(VI)-induced carcinogenesis remain to be further investigated. In this study, we used a Cr(VI)-exposed mouse model to demonstrate elevated m6A modification levels in lung tissues, and further used Cr(VI) transformed cell model (CrT) to identi",https://pubmed.ncbi.nlm.nih.gov/42498350/,PubMed
Three High Throughput Compatible Cell-Based Assays for Identifying Small Molecule JAG1 Upregulators for Alagille Syndrome.,"Kulikauskas Molly R, Huang Xiuli, Pavlinov Ivan",SLAS discovery : advancing life sciences R & D,2026-07-25,Haploinsufficiency disorders arise when loss of function mutations in one allele of a gene reduce gene dosage below the level required for normal physiology. Pharmacologic upregulation of the remaining functional allele represents a promising therapeutic strategy but requires screening assays capable of detecting modest changes in endogenous gene expression. Here we developed and compared three hi,https://pubmed.ncbi.nlm.nih.gov/42498207/,PubMed
"Mitochondria-targeted reactive species scavenger JP4-039 protects against disturbances of redox homeostasis, mitochondrial quality control, and glucose metabolism in brains of glutaryl-CoA dehydrogenase-deficient mice: A potential new therapeutic strategy for glutaric acidemia type 1.","de Britto Renata, Moura Alvorcem Leonardo de, Marcuzzo Manuela Bianchin",Biochemical pharmacology,2026-07-25,"Glutaric aciduria type 1 (GA1) is a cerebral organic aciduria caused by deficient activity of glutaryl-CoA dehydrogenase (GCDH). Patients present with acute striatal degeneration and develop progressive cortical leukodystrophy whose pathophysiology is only partially known. As treatment for GA1 is limited, we evaluated the impact of JP4-039, a mitochondria-targeted reactive oxygen species (ROS) and",https://pubmed.ncbi.nlm.nih.gov/42498157/,PubMed
N6-methyladenosine reader YTHDF2 facilitates malignant progression of gallbladder cancer by suppressing NME1 expression.,"Zhu En-Liang, Ma Ming-Jian, Wu Xin-Gui",Cancer letters,2026-07-25,"Gallbladder carcinoma (GBC) is a highly aggressive malignancy characterized by an extremely poor prognosis and limited therapeutic options. N6-methyladenosine (m6A), the most prevalent post-transcriptional modification in eukaryotic mRNA, plays a pivotal role in regulating tumor progression. Screening of an siRNA library targeting YTH-domain family reader proteins identified YTH domain-containing ",https://pubmed.ncbi.nlm.nih.gov/42498073/,PubMed
Dose-dependent cytotoxicity and modulation of catabolic cytokine expression by teicoplanin in human articular chondrocytes.,"Wu Chang-Chin, Wang Chen-Chie, Chiang Chih-Yung",Toxicology in vitro : an international journal published in association with BIBRA,2026-07-25,"Intra-articular administration of teicoplanin is a cost-effective therapeutic strategy for septic arthritis. Although teicoplanin has been reported to induce cytotoxicity in multiple cell types, the effects on human articular chondrocytes remain insufficiently characterized. In this study, primary human articular chondrocytes were subjected in vitro to increasing concentrations of teicoplanin (10,",https://pubmed.ncbi.nlm.nih.gov/42497968/,PubMed
Cisplatin-induced inflammatory liver injury via promoting free radicals' accumulation and Bax/Caspase-3 apoptotic signaling cascades: A possible mitigating role of high-purity selenium.,"Aboraya Dina M, Risha Engy F, El Baz Ayman",Journal of trace elements in medicine and biology : organ of the Society for Minerals and Trace Elements (GMS),2026-07-25,"Cisplatin is a prevalent anti-tumor agent despite its association with DNA damage, oxidative stress, myelosuppression, and hepatotoxicity, which may limit its use. The current study aims to assess the mitigating effect of selenium on cisplatin-induced hepatotoxicity. Thirty-two adult albino rats were evenly divided into four groups: the control group received normal saline, the CIS group was IP in",https://pubmed.ncbi.nlm.nih.gov/42497513/,PubMed
Daphnetin alleviates cisplatin-induced acute kidney injury by inhibiting the HIF-1α signaling pathway.,"Wan Li, Lu Congxian, Xue Chunju",In vitro cellular & developmental biology. Animal,2026-07-25,"Cisplatin-induced acute kidney injury (AKI) limits its clinical use, and effective renoprotective agents are lacking. Daphnetin (DAP), a natural coumarin, exhibits anti-inflammatory and antioxidant properties, but its role and mechanism in cisplatin nephrotoxicity remain unclear. This study investigates whether DAP protects against cisplatin-induced renal tubular injury and elucidates the involvem",https://pubmed.ncbi.nlm.nih.gov/42498919/,PubMed
"Effects of copper overload on mitochondrial parameters in GBM-1, U-87 MG, and C6 glioma cell lines.","Tassinari Giovanna, de Souza Lorena Aparecida, Aguiar de Souza Nikole","Biometals : an international journal on the role of metal ions in biology, biochemistry, and medicine",2026-07-25,"Over the years, there has been growing interest in developing new therapies for glioblastoma, and copper compounds have emerged as promising therapeutic targets due to their antitumoral properties. In this context, this study aimed to investigate the effects of high copper levels on cell viability, mitochondrial physiology, PINK1 content, and the expression of PGC-1α and TFAM in distinct glioma ce",https://pubmed.ncbi.nlm.nih.gov/42498833/,PubMed
IGF2BP1 regulates the malignant progression of intrahepatic cholangiocarcinoma by recognizing the m6A modification of FN1.,"Sa Qirilatu, Wang Xiaodong, Jia Guangpeng",Arab journal of gastroenterology : the official publication of the Pan-Arab Association of Gastroenterology,2026-07-25,"Although advances have been made in intrahepatic cholangiocarcinoma (ICC) treatment, ICC prognosis remains unsatisfactory. Thus, in-depth exploration of ICC pathogenesis to identify new therapeutic targets is crucial for optimizing treatment strategies. Acquisition of single-cell sequencing data encompassing ICC tumor tissues and adjacent normal tissues was performed via the GEO database. Key cell",https://pubmed.ncbi.nlm.nih.gov/42498553/,PubMed
"Retraction notice to ""Methylation modification is a poor prognostic factor in non-small cell lung cancer and regulates the tumor microenvironment: mRNA molecular structure and function"" [Int. J. Biol. Macromol. 282 (2024) 137214].","Yang Kai, Yang YuPing, Yu Lin",International journal of biological macromolecules,2026-07-25,,https://pubmed.ncbi.nlm.nih.gov/42498550/,PubMed
Functional delivery of commercially-available microRNA mimics to the organs of developing mice.,"Willen Sven, Myti Despoina, Obeidat Razan","RNA (New York, N.Y.)",2026-07-25,"MicroRNA are pivotal regulators of organ and tissue homeostasis and development, and pathogenic mediators of disease. While antagonism of specific microRNA species ",https://pubmed.ncbi.nlm.nih.gov/42498504/,PubMed
Prenatal exposure to polystyrene nanoplastics caused testicular development toxicities and relative mechanisms in male offspring mice from embryo to adulthood.,"Zhao Moxuan, Xie Junhong, Wang Jingjing",Journal of environmental sciences (China),2026-07-25,"Polystyrene nanoplastics (PS-NPs) are extensively present in the environment. Population studies have confirmed the presence of micro- and nanoplastics in human blood and placental tissues, and animal experiments found PS-NPs had potential developmental and reproductive toxicity. However, the continuous effects of prenatal PS-NPs exposure on testicular differentiation and development in offspring ",https://pubmed.ncbi.nlm.nih.gov/42498394/,PubMed
Rab31 promotes platelet activation and arterial thrombosis via ERK-PLCβ3 signaling and regulation of CD151.,"Wang Yixian, Luo Jiajia, Liu Jingjing",Journal of thrombosis and haemostasis : JTH,2026-07-25,"Rab GTPases regulate vesicular trafficking and membrane dynamics, processes essential for platelet activation. Although several Rab family members are expressed in platelets, the role of Rab31 remains undefined. To determine the role of Rab31 in platelet activation, thrombosis, and hemostasis and to explore the underlying mechanisms. Rab31 expression was examined in human and murine platelets. Pla",https://pubmed.ncbi.nlm.nih.gov/42498138/,PubMed
Defective m,"Song Xueyan, Sa Xiaohan, Zhou Yuanshuai",Cancer letters,2026-07-25,"Chronic inflammation resulting from unresolved tissue injury is a potent driver of tumorigenesis. Macrophages are essential for efferocytosis, the clearance of apoptotic cells, which prevents secondary necrosis and promotes inflammation resolution. However, the epigenetic mechanisms regulating this process under inflammatory stress remain incompletely understood. Here, we identify the m6A methyltr",https://pubmed.ncbi.nlm.nih.gov/42498074/,PubMed
Energy-efficient codon optimization on thermodynamic hardware,"Andraz Jelincic, Ross C. Walker",arXiv,2026-07-25,"The growing energy demand for computation is becoming increasingly unsustainable. Thermodynamic computing, which harnesses physical thermal fluctuations as a computational resource rather than suppressing them, offers orders-of-magnitude energy savings for probabilistic and combinatorial tasks. Pharmaceutical R&D, heavily reliant on computational optimization and sampling, is a natural application",http://arxiv.org/abs/2606.17327v1,arXiv
mRNAutilus: Multi-Objective-Guided Discrete Generation of mRNA with Optimized Therapeutic Properties,"Sawan Patel, Sophia Tang, Yesol Kim",arXiv,2026-07-25,"Therapeutic mRNA design requires coordinating multiple interacting sequence features across the full transcript, where codon usage, untranslated regions (UTRs), and their coupling jointly determine stability, translation efficiency, and protein expression. Here, we present mRNA generation via unrolled trajectories and informed latent updates (mRNAutilus), a framework for simultaneous codon optimiz",http://arxiv.org/abs/2605.31296v1,arXiv
Sampling-based Continuous Optimization for Messenger RNA Design,"Feipeng Yue, Ning Dai, Wei Yu Tang",arXiv,2026-07-25,"Designing messenger RNA (mRNA) sequences for a fixed target protein requires searching an exponentially large synonymous space while optimizing properties that affect stability and downstream performance. This is challenging because practical mRNA design involves multiple coupled objectives beyond classical folding criteria, and different applications prefer different trade-offs. We propose a gene",http://arxiv.org/abs/2603.06559v1,arXiv
Drug-like antibodies with low immunogenicity in human panels designed with Latent-X2," Latent Labs Team, Henry Kenlay, Daniella Pretorius",arXiv,2026-07-25,"Drug discovery has long sought computational systems capable of designing drug-like molecules directly: developable and non-immunogenic from the start. Here we introduce Latent-X2, a frontier generative model that achieves this goal through zero-shot design of antibodies with strong binding affinities, drug-like properties, and, for the first time for any de novo generated antibody, confirmed low ",http://arxiv.org/abs/2512.20263v1,arXiv
"RNAGenScape: Property-Guided, Optimized Generation of mRNA Sequences with Manifold Langevin Dynamics","Danqi Liao, Chen Liu, Xingzhi Sun",arXiv,2026-07-25,"Generating property-optimized mRNA sequences is central to applications such as vaccine design and protein replacement therapy, but remains challenging due to limited data, complex sequence-function relationships, and the narrow space of biologically viable sequences. Generative methods that drift away from the data manifold can yield sequences that fail to fold, translate poorly, or are otherwise",http://arxiv.org/abs/2510.24736v3,arXiv
The proportional scaling of mRNA and ribosome concentrations controls eukaryotic cell growth,"Xin Gao, Michael Lanz, Rosslyn Grosely",arXiv,2026-07-25,"Cell growth underlies nearly all eukaryotic physiology, yet its quantitative principles remain unclear. Using single-molecule ribosome tracking, spike-in RNA sequencing, and quantitative proteomics across 15 nutrient-limited conditions in budding yeast, we define how growth is controlled in the budding yeast Saccharomyces cerevisiae. Ribosome concentration scales linearly with growth rate, while p",http://arxiv.org/abs/2508.14997v2,arXiv
mRNA Folding Algorithms for Structure and Codon Optimization,"Max Ward, Mary Richardson, Mihir Metkar",arXiv,2026-07-25,"mRNA technology has revolutionized vaccine development, protein replacement therapies, and cancer immunotherapies, offering rapid production and precise control over sequence and efficacy. However, the inherent instability of mRNA poses significant challenges for drug storage and distribution, particularly in resource-limited regions. Co-optimizing RNA structure and codon choice has emerged as a p",http://arxiv.org/abs/2503.19273v1,arXiv
Generative Model for Synthesizing Ionizable Lipids: A Monte Carlo Tree Search Approach,"Jingyi Zhao, Yuxuan Ou, Austin Tripp",arXiv,2026-07-25,"Ionizable lipids are essential in developing lipid nanoparticles (LNPs) for effective messenger RNA (mRNA) delivery. While traditional methods for designing new ionizable lipids are typically time-consuming, deep generative models have emerged as a powerful solution, significantly accelerating the molecular discovery process. However, a practical challenge arises as the molecular structures genera",http://arxiv.org/abs/2412.00807v1,arXiv
Machine learning framework to predict the performance of lipid nanoparticles for nucleic acid delivery,"Gaurav Kumar, Arezoo M. Ardekani",arXiv,2026-07-25,"Lipid nanoparticles (LNPs) are highly effective carriers for gene therapies, including mRNA and siRNA delivery, due to their ability to transport nucleic acids across biological membranes, low cytotoxicity, improved pharmacokinetics, and scalability. A typical approach to formulate LNPs is to establish a quantitative structure-activity relationship (QSAR) between their compositions and in vitro/in",http://arxiv.org/abs/2411.14293v1,arXiv
Joint Design of 5' Untranslated Region and Coding Sequence of mRNA,"Yang Liu, Jie Gao, Xiaonan Zhang",arXiv,2026-07-25,"Messenger RNA (mRNA) vaccines and therapeutics are emerging as powerful tools against a variety of diseases, including infectious diseases and cancer. The design of mRNA molecules, particularly the untranslated region (UTR) and coding sequence (CDS) is crucial for optimizing translation efficiency and stability. Current design approaches generally focus solely on either the 5' UTR or the CDS, whic",http://arxiv.org/abs/2410.20781v1,arXiv
Bacterial stress granule protects mRNA through ribonucleases exclusion,"Linsen Pei, Yujia Xian, Xiaodan Yan",arXiv,2026-07-25,"Membraneless droplets formed through liquid-liquid phase separation (LLPS) play a crucial role in mRNA storage, enabling organisms to swiftly respond to environmental changes. However, the mechanisms underlying mRNA integration and protection within droplets remain unclear. Here, we unravel the role of bacterial aggresomes as stress granules (SGs) in safeguarding mRNA during stress. We discovered ",http://arxiv.org/abs/2404.17873v2,arXiv
"Hypolipidemic effect of brown seaweed (Sargassum crassifolium) extract in vivo (Study of histopathology, mRNA expression, and immunohistochemistry (IHC) with VCAM-1, ICAM-1, and MCP-1 parameters)","Sarah Zaidan, Syamsudin Abdillah, Nur Arfian",arXiv,2026-07-25,The purpose of this study was to obtain natural drugs from brown seaweed (Sargassum crassifolium) as antiatherosclerosis candidates through the study of hypolipidemic mechanisms of action. Modeling of dyslipidemia rats was carried out by feeding high-fat (HFF) and doses of crude fucoidan 100. 200. 400mg / KgBB. in both treatments measured blood lipid profile levels taken from the orbital sinuses. ,http://arxiv.org/abs/2402.07497v1,arXiv
Machine Learning Modeling Of SiRNA Structure-Potency Relationship With Applications Against Sars-Cov-2 Spike Gene,Damilola Oshunyinka,arXiv,2026-07-25,"The pharmaceutical Research and development (R&D) process is lengthy and costly, taking nearly a decade to bring a new drug to the market. However, advancements in biotechnology, computational methods, and machine learning algorithms have the potential to revolutionize drug discovery, speeding up the process and improving patient outcomes. The COVID-19 pandemic has further accelerated and deepened",http://arxiv.org/abs/2401.12232v1,arXiv
Messenger RNA Design via Expected Partition Function and Continuous Optimization,"Ning Dai, Wei Yu Tang, Tianshuo Zhou",arXiv,2026-07-25,"The tasks of designing RNAs are discrete optimization problems, and several versions of these problems are NP-hard. As an alternative to commonly used local search methods, we formulate these problems as continuous optimization and develop a general framework for this optimization based on a generalization of classical partition function which we call ""expected partition function"". The basic idea ",http://arxiv.org/abs/2401.00037v2,arXiv
Machine Learning-guided Lipid Nanoparticle Design for mRNA Delivery,"Daisy Yi Ding, Yuhui Zhang, Yuan Jia",arXiv,2026-07-25,"While RNA technologies hold immense therapeutic potential in a range of applications from vaccination to gene editing, the broad implementation of these technologies is hindered by the challenge of delivering these agents effectively. Lipid nanoparticles have emerged as one of the most widely used delivery agents, but their design optimization relies on laborious and costly experimental methods. W",http://arxiv.org/abs/2308.01402v2,arXiv
Corrected Hill Function in Stochastic Gene Regulatory Networks,"Manuel Eduardo Hernández-García, Jorge Velázquez-Castro",arXiv,2026-07-25,"Describing reaction rates in stochastic bio-circuits is commonly done by directly introducing the deterministically deduced Hill function into the master equation. However, when fluctuations in enzymatic reaction rates are not neglectable, the Hill function must be derived, considering all the involved stochastic reactions. In this work, we derived the stochastic version of the Hill function from ",http://arxiv.org/abs/2307.03057v4,arXiv
Stochastic dynamics and ribosome-RNAP interactions in Transcription-Translation Coupling,"Xiangting Li, Tom Chou",arXiv,2026-07-25,"Under certain cellular conditions, transcription and mRNA translation in prokaryotes appear to be ""coupled,"" in which the formation of mRNA transcript and production of its associated protein are temporally correlated. Such transcription-translation coupling (TTC) has been evoked as a mechanism that speeds up the overall process, provides protection during the transcription, and/or regulates the t",http://arxiv.org/abs/2207.04568v1,arXiv
Coronavirus RNA Sensor Using Single-Stranded DNA Bonded to Sub-Percolated Gold Films on Monolayer Graphene Field-Effect Transistors,"Nicholas E. Fuhr, Mohamed Azize, David J. Bishop",arXiv,2026-07-25,"Electrical detection of messenger ribonucleic acid (mRNA) is a promising approach to enhancing transcriptomics and disease diagnostics because of its sensitivity, rapidity, and modularity. Reported here is a fast SARS-CoV-2 mRNA biosensor (<1 minute) with a limit of detection of 1 aM, and dynamic range of 4 orders of magnitude and a linear sensitivity of 22 mV per molar decade. These figures of me",http://arxiv.org/abs/2205.05143v1,arXiv
Deep learning models for predicting RNA degradation via dual crowdsourcing,"Hannah K. Wayment-Steele, Wipapat Kladwang, Andrew M. Watkins",arXiv,2026-07-25,"Messenger RNA-based medicines hold immense potential, as evidenced by their rapid deployment as COVID-19 vaccines. However, worldwide distribution of mRNA molecules has been limited by their thermostability, which is fundamentally limited by the intrinsic instability of RNA molecules to a chemical degradation reaction called in-line hydrolysis. Predicting the degradation of an RNA molecule is a ke",http://arxiv.org/abs/2110.07531v2,arXiv
Coagulapathies after vaccination against SARS-CoV-2 may be derived from a combination effect of SARS-CoV-2 spike protein and adenovirus vector-triggered signaling pathways,Ralf Kircheis,arXiv,2026-07-25,"The novel coronavirus SARS-CoV-2 has resulted in a global pandemic with worldwide 6-digital infection rates and thousands death tolls daily. Enormeous effords are undertaken to achieve high coverage of immunization in order to reach herd immunity to stop spreading of SARS-CoV-2 infection. Several SARS-CoV-2 vaccines, based either on mRNA, viral vectors, or inactivated SARS-CoV-2 virus have been ap",http://arxiv.org/abs/2109.00089v1,arXiv
Sequential expression of heat shock proteins 70 contributing to the heat response of Haemaphysalis longicornis (Acari: Ixodidae).,"Gao Jinrong, Li Tong, Cui Litian",Journal of thermal biology,2026-07-25,"The hard tick Haemaphysalis longicornis serves as a vector for multiple pathogens and can cause severe tick-borne diseases. Temperature is a key environmental factor influencing its population dynamics and disease transmission risk. As a crucial molecular mechanism underlying thermal adaptation, the upregulation of heat shock protein 70 (Hsp70) is generally regarded as an important adaptive respon",https://pubmed.ncbi.nlm.nih.gov/42497653/,PubMed
Viral replication dynamics: Coinfection and superinfection of Vero cells with Zika virus and West Nile virus or Zika virus and Mayaro virus.,"Krokovsky Larissa, Garrido de Castro Mariana, Williams Amanda J M",PloS one,2026-07-25,"Globalization and climate change have contributed to the emergence and spread of arboviruses, with the possibility of their cocirculation in the same geographic region at the same time. Understanding the effects of concurrent infections within a mosquito vector or human host is therefore an emerging focus in arboviral research. Studies using mosquito- and mammalian-derived cell lines provide a con",https://pubmed.ncbi.nlm.nih.gov/42497147/,PubMed
[Expression of Concern] Exposure to acoustic stimuli promotes the development and differentiation of neural stem cells from the cochlear nuclei through the clusterin pathway.,"Xue Tao, Wei Li, Zha Ding-Jun",International journal of molecular medicine,2026-07-25,"Following the publication of this paper, it was drawn to the Editor's attention by a concerned reader that various of the flow cytometry plots featured in Fig. 6A subsequently appeared in six papers written by different authors at different research institutes that were published in the years 2017‑8, one of which has since been retracted (a paper in ",https://pubmed.ncbi.nlm.nih.gov/42495758/,PubMed
SNHG15 Positively Regulates Influenza Virus Infection Through Its Association With miR-153 and RABL2A.,"Pushparaj Samuel, Vaddadi Kishore, Huang Chaoqun",Journal of medical virology,2026-07-25,"Influenza viruses cause seasonal epidemics, and current vaccines do not fully protect against them. This study focuses on long non-coding RNAs (lncRNAs), which are RNA molecules that do not code for proteins but play crucial roles in various biological processes. We identified 17 lncRNAs altered by the influenza virus. Among these, SNHG15 was found to enhance influenza virus infection. Knockdown o",https://pubmed.ncbi.nlm.nih.gov/42494191/,PubMed
Shared CRISPR arrays underpin type I-A/I-B coexistence.,"Liu Kunming, Ren Chunjiang, Liu Xinyue",Protein & cell,2026-07-25,"CRISPR-Cas systems provide adaptive immunity in prokaryotes, yet how multiple CRISPR-Cas subtypes coexist and coordinate within a single genome remains unclear. Comparative genomic analysis revealed that nearly one-third of type I-A CRISPR-Cas3 systems are adjacent to a type I-B system, often sharing a single CRISPR array. Using Thermococcus siculi RG-20 (Tsi) as a model, we show that purified Tsi",https://pubmed.ncbi.nlm.nih.gov/42494101/,PubMed
ABCG and ABCH transporters at the interface of cuticular lipid transport and insecticide handling.,"Qiao Jian-Wen, Li Li, Mobarak Syed Husne",Pesticide biochemistry and physiology,2026-07-25,"ATP-binding cassette (ABC) transporters are widely associated with insecticide resistance, yet the physiological links between endogenous transport and xenobiotic handling remain incompletely resolved for ABCG and arthropod-associated ABCH subfamilies. Unlike many canonical full ABC transporters, ABCG and ABCH proteins usually have reverse half-transporter topology and require dimeric assembly, cr",https://pubmed.ncbi.nlm.nih.gov/42493065/,PubMed
Cell autophagy promotes nucleopolyhedrovirus infection in the fall armyworm.,"Qian Xin, Li Ting, Lu Juan",Pesticide biochemistry and physiology,2026-07-25,"Pathogens, such as nucleopolyhedroviruses (NPVs), are promising biological control agents for lepidopteran pests to protect crops. However, a major drawback, their field application is limited by slower virulence compared with chemical insecticides. Modulating host pathways to enhance viral infectivity offers a potential strategy for improving NPV-based biocontrol. In this study, the expression le",https://pubmed.ncbi.nlm.nih.gov/42493063/,PubMed
"Corrigendum to ""Evolution of pyraclostrobin resistance in Botrytis cinerea from Xinxiang City of China and its targeted management via RNA interference"" [Pesticide Biochemistry and Physiology 221 (2026) 107105].","Zhou Feng, Su Haichuan, Jia Huifang",Pesticide biochemistry and physiology,2026-07-25,,https://pubmed.ncbi.nlm.nih.gov/42493057/,PubMed
The effects of dsRNases on RNA interference efficiency in insects and future research directions.,"Liu Jisheng, Chen Yuying, Zhu Ziqi",Pesticide biochemistry and physiology,2026-07-25,"RNA interference (RNAi), a gene silencing mechanism mediated by double-stranded RNA (dsRNA), is critical for insect gene function research and sustainable pest control. However, RNAi efficacy varies drastically across insect orders, with dsRNA stability, tightly linked to the action of double-stranded ribonucleases (dsRNases), as a key determinant. This review focuses on three representative insec",https://pubmed.ncbi.nlm.nih.gov/42493049/,PubMed
PxTret1-mediated trehalose transport regulates development and reproduction in Plutella xylostella with implications for Cry1Ac tolerance.,"Wang Yingpeng, Fu Qiaoru, Xie Liya",Pesticide biochemistry and physiology,2026-07-25,"Trehalose transporter 1 (TRET1) plays a key role in insect trehalose homeostasis and abiotic stress adaptation. However, its role in insecticide susceptibility remains largely unexplored, particularly to Bacillus thuringiensis toxins. In Plutella xylostella, we found that PxTret1 is post-transcriptionally regulated by pxy-miR-8522. Furthermore, PxTret1 was significantly upregulated following Cry1A",https://pubmed.ncbi.nlm.nih.gov/42493032/,PubMed
NPFF2 regulate thiamethoxam resistance by over-expressing CYP6CX4 in Bemisia tabaci.,"Zhang Ying, Zhang Rong, Lu Hantang",Pesticide biochemistry and physiology,2026-07-25,"The whitefly, Bemisia tabaci, as a globally significant agricultural pest, poses a serious threat to various food crops and thus causes enormous economic losses to global agricultural production. In recent decades, with the long-term and extensive use of chemical pesticides, B. tabaci has developed high levels resistance to thiamethoxam. Therefore, an in-depth analysis of the molecular mechanisms ",https://pubmed.ncbi.nlm.nih.gov/42493024/,PubMed
Cooperative detoxification through GSTm1 and GSTs2 reveals distinct transcription factors BH1 and zen2 in dinotefuran resistance in Nilaparvata lugens.,"Tang Bingjie, Hu Yutao, Liu Bin",Pesticide biochemistry and physiology,2026-07-25,"The brown planthopper (BPH), Nilaparvata lugens (Stål), is a major rice pest across Asia. Control of N. lugens has been mainly relied on chemical insecticides. However, overuse has contributed to emergence of high-level insecticide resistances, particularly neonicotinoids like dinotefuran. Glutathione S-transferases (GSTs) play crucial roles in detoxifying insecticides involved in metabolic resist",https://pubmed.ncbi.nlm.nih.gov/42493019/,PubMed
"Field assay of LDH-formulated dsRNA specific to vATPase against the pine wood nematode, Bursaphelenchus xylophilus, via trunk injection.","Song Taegeun, Khan Falguni, Kim Yonggyun",Pesticide biochemistry and physiology,2026-07-25,"The pine wood nematode, Bursaphelenchus xylophilus, causes severe damage to pine trees. Current chemical control methods have raised environmental concerns and the resistance issue of the nematode. Due to its high specificity, RNA interference (RNAi) has emerged as a promising approach for controlling pests, including plant-parasitic nematodes, through the application of double-stranded RNA (dsRNA",https://pubmed.ncbi.nlm.nih.gov/42493015/,PubMed
Roles of mdh and MAP1981c in Mycobacterium avium subsp. paratuberculosis intracellular survival within bovine monocyte-derived macrophages via CRISPR interference.,"Lee Jun Ho, Lee Eun-Seo, Xiang Xi-Rui",Microbial pathogenesis,2026-07-25,"Mycobacterium avium subsp. paratuberculosis (MAP) is the causative agent of Johne's disease, a chronic enteritis in ruminants, and is capable of persisting within macrophages despite the activation of host immune defenses. Although this intracellular persistence is a key determinant of MAP pathogenicity, the bacterial factors and host responses that regulate this process remain poorly understood. ",https://pubmed.ncbi.nlm.nih.gov/42492860/,PubMed
The mechanism by which long-term exposure to TDCIPP promotes cognitive impairment in 3×Tg-AD mice: insights from multi-omics studies.,"Yang Tingting, Liu Yu, Liang Ruoxuan",Neurotoxicology,2026-07-25,"Tri(1,3-dichloro-2-propyl) phosphate (TDCIPP) is a commonly used organophosphate ester that has the potential to adversely affect human health. Although previous studies have closely associated TDCIPP with cognitive impairment, the underlying mechanisms remain unclear. To elucidate the neurotoxic effects of TDCIPP and its mechanistic contribution to cognitive impairment in 3×Tg-AD mice, a multi-om",https://pubmed.ncbi.nlm.nih.gov/42492782/,PubMed
Distinct roles of COPI proteins attenuated in cell senescence.,"Mazan-Mamczarz Krystyna, Wind Eleanor J, Pal Apala",Science advances,2026-07-25,"In senescent cells, functional alterations in organelles like mitochondria and lysosomes are well characterized, but senescence-associated changes in Golgi function are not. An RNA interference screen revealed that silencing subunits of the coatomer protein I (COPI) complex, critical for intracellular transport involving the Golgi, reduced extracellular vesicle uptake. In proliferating WI-38 fibro",https://pubmed.ncbi.nlm.nih.gov/42490423/,PubMed
Vector competence across ,"Castro-Rodríguez Jorge A, Marín-Montesino José Carlos, Mora-Herrera Silvia Ivonne",Journal of virology,2026-07-25,,https://pubmed.ncbi.nlm.nih.gov/42489453/,PubMed
"BCKDK, A Novel Hypoxia-Responsive Kinase That Exacerbates Cerebral Ischemia Injury.","Liao Boya, Zhang Fang, Han Chang",Stroke,2026-07-25,"Alterations in circulating amino acid profiles have been observed in ischemic stroke patients; however, whether cerebral ischemia disrupts amino acid metabolism within brain tissue and whether this disruption contributes to cellular stress and cerebral injury remain unknown. This hypothesis-testing study investigates disrupted BCAA (branched-chain amino acid) catabolism as a key mechanism of ische",https://pubmed.ncbi.nlm.nih.gov/42488958/,PubMed
Targeting JOSD2 degrades β-catenin to suppress colorectal cancer metastasis by disrupting RAS/ERK/β-catenin axis.,"Liu Yue, Yang Shu-Yu, Zhang Wen-Han",Acta pharmacologica Sinica,2026-07-25,"Colorectal cancer (CRC) ranks as the third most common malignancy worldwide, with metastasis representing the primary cause of mortality. Aberrant activation of the Wnt/β-catenin pathway drives epithelial‒mesenchymal transition (EMT) and CRC metastasis, making β-catenin a key therapeutic target. Josephin domain containing 2 (JOSD2), a deubiquitinase with protumorigenic roles in multiple cancers, h",https://pubmed.ncbi.nlm.nih.gov/42486946/,PubMed
Loss of Atp8a2 drives neurodegeneration through the dysregulation of spatiotemporal phosphatidylserine externalization in mature neurons.,"Schneider Adriana, Merkel Alexandra B, Perta Nunzio",Cell death & disease,2026-07-25,"Phosphatidylserine (PS) asymmetry in plasma membranes is critical for cellular functions and serves as an apoptotic signal in many cell types. However, in mature neurons, the molecular mechanisms governing PS distribution, its precise regulation, and its functional significance beyond apoptosis and development remain poorly understood - particularly in the context of neurodegeneration. Here, we ma",https://pubmed.ncbi.nlm.nih.gov/42486854/,PubMed
Engineering T7 RNA Polymerase for High-Purity In Vitro Transcription,"Pauline Hermans, Youlia Serikova, José Castillo",arXiv,2026-07-25,"In vitro transcription using bacteriophage T7 RNA polymerase (T7 RNAP) is the gold-standard platform for RNA production in both research and therapeutic applications. Despite its high processivity and promoter specificity, T7 RNAP generates multiple RNA by-products, including double-stranded RNA, 3'-extended transcripts, abortive RNAs, and prematurely terminated products. These impurities reduce R",http://arxiv.org/abs/2607.18468v1,arXiv
Enhanced sampling and cryo-EM data resolve magnesium binding to RNA,"Olivier Languin-Cattoën, Elisa Posani, Giovanni Bussi",arXiv,2026-07-25,"Magnesium ions are essential for RNA structure but difficult to model due to slow binding kinetics and experimental limitations. We present an enhanced-sampling strategy that accelerates Mg$^{2+}$ inner-shell binding by orders of magnitude, enabling quantitative exploration of ion-binding motifs in a large ribozyme. The method combines a barrier-flattening bias with Hamiltonian replica exchange to",http://arxiv.org/abs/2607.07186v1,arXiv
Bayesian Sampling of Structural Ensembles: The Role of Ensemble-Counting Measures,"Ivan Gilardoni, Giovanni Bussi",arXiv,2026-07-25,"Structural ensemble refinement is widely used to integrate molecular simulations with experimental measurements. While most applications focus on the maximum-a-posteriori (MAP) ensemble, Bayesian sampling of the posterior distribution can provide uncertainty estimates and posterior averages for arbitrary observables. A notable step in this direction was introduced by the Bayesian Energy Landscape ",http://arxiv.org/abs/2606.18495v1,arXiv
MultiMolecule: a modular ecosystem for biomolecular sequence-model workflows,Zhiyuan Chen,arXiv,2026-07-25,"Biomolecular sequence models are increasingly reused outside the studies in which they were introduced, but public checkpoints rarely preserve the execution context needed to inspect source-defined behavior, adapt models to new assays, compare models under shared task definitions or deploy biological predictions. MultiMolecule is an open-source Python ecosystem that turns heterogeneous RNA, DNA an",http://arxiv.org/abs/2606.16540v1,arXiv
The Montparnasse Algorithm for RNA Design,Tristan Cazenave,arXiv,2026-07-25,"RNA design consists of discovering a nucleotide sequence that optimizes predefined criteria, such as secondary structure. It is useful for synthetic biology, medicine, and nanotechnology. We propose Montparnasse, a Monte Carlo search framework based on Generalized Nested Rollout Policy Adaptation, augmented with a problem-specific prior, slow and long adaptation at level 1, and a lexicographic mul",http://arxiv.org/abs/2606.07562v1,arXiv
Multimodal Alignment and Preference Optimization for Zero-Shot Conditional RNA Generation,"Roman Klypa, Alberto Bietti, Sergei Grudinin",arXiv,2026-07-25,"The design of RNA molecules that interact with specific proteins is a critical challenge in experimental and computational biology. Despite recent progress in natural language modeling and deep learning-based protein design, there remains significant room to improve the frequency of successful interactions and the authenticity of generated sequences for functional applications. In this work, we fr",http://arxiv.org/abs/2605.23961v1,arXiv
"GoForth: Language Models for RNA Design under Structure, Sequence, and Coding Constraints",Michael Lindsey,arXiv,2026-07-25,"RNA inverse sequence design has broad biological and engineering applications, but computational methods for practical design queries remain limited. Such queries may impose several constraints at once, including target folds or motifs, fixed bases, and coding restrictions, while leaving arbitrary sequence and structure in unspecified regions. Because these constraints may permit many acceptable s",http://arxiv.org/abs/2605.07608v1,arXiv
Bayesian Rate Inference for Sequence Motif Dynamics in Systems of Reactive Nucleic Acids,"Johannes Harth-Kitzerow, Ulrich Gerland, Torsten A. Enßlin",arXiv,2026-07-25,"The RNA world hypothesis suggests a pathway of how life emerged on early earth. It assumes that life started with RNA based systems, capable of storing, transmitting and replicating information, envisioning that monomers and short RNA oligomers interact to form longer strands, eventually becoming catalytically active ribozymes. Key reactions in RNA pools are hybridization, dehybridization, templat",http://arxiv.org/abs/2604.25701v2,arXiv
VARIANT: Web Server for Decoding and Analyzing Viral Mutations at Genome and Protein Levels,"Rui Wang, Xuhang Dai, Xin Cao",arXiv,2026-07-25,"A comprehensive analysis of viral mutations is essential for understanding viral evolution, disease epidemiology, diagnosis, drug resistance, etc. However, challenges remain in capturing complex mutation patterns and supporting diverse viral families with varying genome architectures. To address these needs, we present VARIANT, an web server for mutational analysis of RNA viral genomes and associa",http://arxiv.org/abs/2604.20942v1,arXiv
Interfacial Potential Transduction for Diagnostics,"Hyun-June Jang, Peuli Nath, Yuqin Wang",arXiv,2026-07-25,"A major barrier to decentralized, near-patient diagnostics is the lack of a signal transduction modality that is both analytically precise and accessible at the point of care. Optical readouts remain instrument-dependent and difficult to miniaturize, while compact electrochemical readouts are prone to matrix-derived signal distortion, limiting their biomarker coverage in real clinical settings. He",http://arxiv.org/abs/2603.23775v1,arXiv
ZeroFold: Protein-RNA Binding Affinity Predictions from Pre-Structural Embeddings,"Josef Hanke, Sebastian Pujalte Ojeda, Shengyu Zhang",arXiv,2026-07-25,"The accurate prediction of protein-RNA binding affinity remains an unsolved problem in structural biology, limiting opportunities in understanding gene regulation and designing RNA-targeting therapeutics. A central obstacle is the structural flexibility of RNA, as, unlike proteins, RNA molecules exist as dynamic conformational ensembles. Thus, committing to a single predicted structure discards in",http://arxiv.org/abs/2603.23583v1,arXiv
Computational modeling of RNA-protein binding interactions under an external force,"Danielle Wampler, Ralf Bundschuh",arXiv,2026-07-25,"RNA binding proteins play a crucial role in post-transcriptional gene regulation by controlling the transport, processing, and translation of their target RNAs. Post-transcriptional gene regulation leads to the differential expression of genetic material and loss of regulation or over-regulation relates to a large range of cancers and diseases - many of which have directly been associated with RNA",http://arxiv.org/abs/2603.22269v1,arXiv
Fair splits flip the leaderboard: CHANRG reveals limited generalization in RNA secondary-structure prediction,"Zhiyuan Chen, Zhenfeng Deng, Pan Deng",arXiv,2026-07-25,"Accurate prediction of RNA secondary structure underpins transcriptome annotation, mechanistic analysis of non-coding RNAs, and RNA therapeutic design. Recent gains from deep learning and RNA foundation models are difficult to interpret because current benchmarks may overestimate generalization across RNA families. We present the Comprehensive Hierarchical Annotation of Non-coding RNA Groups (CHAN",http://arxiv.org/abs/2603.22330v1,arXiv
Reverse Distillation: Consistently Scaling Protein Language Model Representations,"Darius Catrina, Christian Bepler, Samuel Sledzieski",arXiv,2026-07-25,"Unlike the predictable scaling laws in natural language processing and computer vision, protein language models (PLMs) scale poorly: for many tasks, models within the same family plateau or even decrease in performance, with mid-sized models often outperforming the largest in the family. We introduce Reverse Distillation, a principled framework that decomposes large PLM representations into orthog",http://arxiv.org/abs/2603.07710v1,arXiv
Fast and Versatile RNA Design via Motif-level Divide-and-Conquer and Structure-level Rival Search,"Tianshuo Zhou, David H. Mathews, Liang Huang",arXiv,2026-07-25,"RNA design aims to identify RNA sequences that fold into a target secondary structure. This task is challenging in terms of computational efficiency. Most existing methods focus on either minimum free energy (MFE)-based or ensemble-based metrics, leaving a gap for a unified approach that performs well across both. We introduce a fast and versatile RNA design algorithm inspired by our previous work",http://arxiv.org/abs/2603.02283v1,arXiv
CryoNet.Refine: A One-step Diffusion Model for Rapid Refinement of Structural Models with Cryo-EM Density Map Restraints,"Fuyao Huang, Xiaozhu Yu, Kui Xu",arXiv,2026-07-25,"High-resolution structure determination by cryo-electron microscopy (cryo-EM) requires the accurate fitting of an atomic model into an experimental density map. Traditional refinement pipelines such as Phenix.real_space_refine and Rosetta are computationally expensive, demand extensive manual tuning, and present a significant bottleneck for researchers. We present CryoNet.Refine, an end-to-end dee",http://arxiv.org/abs/2602.22263v2,arXiv
CPTCs Drive Somatic-Visceral Communication via the Wnt Axis in Somatic Mechanotherapy: A Single-Cell Deep Learning Study,"Haixiang Huang, Zhenwei Zhang, BingBing Shen",arXiv,2026-07-25,"Somatic mechanical stimulation (e.g., acupuncture) exerts systemic immunomodulatory effects, yet the cellular bridge translating peripheral physical force into visceral repair remains elusive. Here, employing a custom interpretable deep learning framework (CARSS) on single-cell RNA sequencing data, we identify CD34$^{+}$PDGFR$α$$^{+}$ telocytes (CPTCs) as the primary mechanosensors in both fascia ",http://arxiv.org/abs/2602.05451v2,arXiv
Tensor-DTI: Enhancing Biomolecular Interaction Prediction with Contrastive Embedding Learning,"Manel Gil-Sorribes, Júlia Vilalta-Mor, Isaac Filella-Mercè",arXiv,2026-07-25,"Accurate drug-target interaction (DTI) prediction is essential for computational drug discovery, yet existing models often rely on single-modality predefined molecular descriptors or sequence-based embeddings with limited representativeness. We propose Tensor-DTI, a contrastive learning framework that integrates multimodal embeddings from molecular graphs, protein language models, and binding-site",http://arxiv.org/abs/2601.05792v1,arXiv
MERGE-RNA: a physics-based model to predict RNA secondary structure ensembles with chemical probing,"Giuseppe Sacco, Jianhui Li, Redmond P. Smyth",arXiv,2026-07-25,"RNA function is tied to secondary structure, operating through dynamic and heterogeneous structural ensembles. While current analysis tools typically output single static structures or averaged contact maps, chemical probing methods like DMS capture nucleotide-resolution signals representing the full structural ensemble, which remain difficult to interpret structurally. To address this, we present",http://arxiv.org/abs/2512.20581v3,arXiv
Long noncoding RNA Gpr137b-ps mediates 15-PGDH-induced angiogenesis in brain microvasculature following tMCAO in mice.,"Wang Di, Zhang Guojian, Gou Haiyan",PloS one,2026-07-25,"Angiogenesis is essential for recovery following ischemic stroke, as brain microvascular endothelial cells (BMVECs) drive vascular repair. 15-hydroxyprostaglandin dehydrogenase (15-PGDH) is a major regulator of endothelial function in some vascular contexts, but it is unknown whether 15-PGDH plays a significant role in angiogenesis following stroke. Notably, based on preliminary bioinformatics pre",https://pubmed.ncbi.nlm.nih.gov/42497132/,PubMed
Small nucleolar RNA host genes in hepatocellular carcinoma: an evidence-weighted and etiology-aware framework for mechanistic and translational interpretation.,"El-Sehrawy Amr Ali Mohamed Abdelgawwad, Ahmed Yasmeen Kateb, Djumayeva Nasiba",Molecular biology reports,2026-07-25,"Small nucleolar RNA host genes (SNHGs) are a distinctive subgroup of long non-coding RNAs whose loci can generate both host lncRNA transcripts and intronic small nucleolar RNAs. In hepatocellular carcinoma (HCC), dysregulated SNHGs have been linked to tumor growth, epithelial-mesenchymal transition, metastasis, stemness, immune remodeling, extracellular vesicle communication, and therapeutic resis",https://pubmed.ncbi.nlm.nih.gov/42496957/,PubMed
Atranorin suppresses the LUCAT1/STAT3 axis to induce ferroptotic cell death in ovarian cancer.,"Al-Qaysi Ahmed Saad Abdullah, Ensoy Mine, Cansaran-Duman Demet",Molecular biology reports,2026-07-25,"Ovarian cancer remains the most lethal gynecological malignancy and represents a major cause of cancer-related mortality among women worldwide. Despite advances in therapeutic strategies, treatment efficacy is frequently limited by systemic toxicity, chemoresistance, and disease recurrence, highlighting the urgent need for novel, mechanism-based targeted therapies with improved safety profiles. In",https://pubmed.ncbi.nlm.nih.gov/42496762/,PubMed
"Epigenetic Mechanisms of Breast and Ovarian Cancer Development: Interplay Between DNA Methylation/Demethylation Enzymes, MicroRNAs, and Long Non-Coding RNAs.","Lukina Svetlana S, Pronina Irina V, Bril Alexander A",Epigenomes,2026-07-25,"Structural and functional disruptions of the epigenome are hallmarks of breast and ovarian carcinogenesis. This review dissects the reciprocal regulatory networks co-operated by DNA methyltransferases (DNMTs), ten-eleven translocation enzymes (TETs), and key non-coding RNAs (microRNAs and lncRNAs). We map the precise molecular mechanisms through which these epigenetic modulators alter chromatin ac",https://pubmed.ncbi.nlm.nih.gov/42496533/,PubMed
"Integrated Transcriptomic, In Silico, and In Vitro Characterization of lncRNA ENST00000615487.1 Reveals Epithelial-Specific Expression, Differential Subcellular Distribution Between Normal and Colorectal Cancer Cells, and Potential Regulatory Functions.","Đokić Nataša, Bubanja Anastasija, Karanović Jelena",Non-coding RNA,2026-07-25,,https://pubmed.ncbi.nlm.nih.gov/42496243/,PubMed
Frequent Functional Orthology of Characterized Long Noncoding RNAs and Genomic Loci Associated with Complex Traits and Disorders.,"Cummins Mitchell J, Mattick John S",Molecular and cellular biology,2026-07-25,"Genome wide association studies (GWAS) have identified many haplotype blocks linked to a wide range of complex human traits, including intelligence, neuropsychiatric disorders, and immunological disorders, among many others. Approximately a quarter of these haplotype blocks lack protein-coding sequences but most express long noncoding RNAs (lncRNAs). Here we show that human loci orthologous with m",https://pubmed.ncbi.nlm.nih.gov/42496200/,PubMed
LncRNA ckATP1A1-AS1 inhibits influenza A virus replication by mediating innate immune responses and suppressing viral nuclear import.,"Fan Menglu, Liu Zhiyuan, Deng Lulu",Journal of virology,2026-07-25,"Influenza A viruses (IAVs) pose an ongoing threat to humans and other species because of their zoonotic potential. Accumulating evidence has demonstrated that certain long non-coding RNAs (lncRNAs) exhibit differential expression during viral infection and modulate diverse facets of viral pathogenesis. As key regulatory RNAs, lncRNAs participate in fundamental physiological processes and disease p",https://pubmed.ncbi.nlm.nih.gov/42496117/,PubMed
Cell surface RNAs define a new interface for immune recognition.,"Zhang Xinming, Liao Jiahao, Chang Yuduo",Frontiers in immunology,2026-07-25,"Cell surface glycoRNAs have recently emerged as an unexpected class of RNA-glycan conjugates. Their discovery challenges the long-standing view that RNA is confined to intracellular compartments. These small noncoding RNAs, modified with N- or O-linked glycans and displayed on the outer leaflet of the plasma membrane, create a unique molecular interface recognizable by both glycan-binding and nucl",https://pubmed.ncbi.nlm.nih.gov/42495650/,PubMed
Mechanistic study of antisense long non-coding RNA ,"Sun Jinquan, Cui Jiayong, Qiu Tianlei",Exploration of targeted anti-tumor therapy,2026-07-25,This study aims to investigate the expression and function of antisense long non-coding RNA (lncRNA)  Database prediction and collection of tissue samples were employed alongside a cell proliferation assay and Transwell migration and invasion assay to examine  Both database and 9 paired clinical tissue sample results demonstrate that  This study is the first to demonstrate the tumor-suppressive ro,https://pubmed.ncbi.nlm.nih.gov/42495581/,PubMed
Long noncoding RNA MNX1-AS1 mediated regulation of one-carbon metabolism by preventing CACYBP degradation to promote lung cancer progression.,"Yang Juze, Qian Xinyi, Ren Jiayi",Cell death and differentiation,2026-07-25,"Lung cancer remains the leading cause of cancer-related death worldwide, and long noncoding RNAs (lncRNAs) have been implicated in its tumourigenesis and progression. However, the roles lncRNAs play in lung cancer remain unclear. In this study, we discovered an important role for the lncRNA MNX1 Antisense RNA 1 (MNX1-AS1) as a critical regulator of one-carbon metabolism reprogramming. Glutamine de",https://pubmed.ncbi.nlm.nih.gov/42493541/,PubMed
"Corrigendum to ""Identification of pyroptosis-related lncRNAs for constructing a prognostic model and their correlation with immune infiltration in pancreatic cancer"" [Hepatobiliary Pancreat Dis Int 24 (2025) 579-585].","Ye Zhou, Zhang Qi-Jun, Chen Wei",Hepatobiliary & pancreatic diseases international : HBPD INT,2026-07-25,,https://pubmed.ncbi.nlm.nih.gov/42493381/,PubMed
"Retraction notice to ""LncRNA MEG3 aggravates acute pulmonary embolism-induced pulmonary arterial hypertension by regulating miR-34a-3p/DUSP1 axis"" [Int. J. Biol. Macromol. 283 (2024) 137755].","Song Jianfeng, Shao Jinyan, Yu Shuili",International journal of biological macromolecules,2026-07-25,,https://pubmed.ncbi.nlm.nih.gov/42493264/,PubMed
Long noncoding RNA profiling in gills of Pacific white shrimp reveals lnc17924 as a regulator of white spot syndrome virus infection.,"Sathapondecha Ponsit, Suksri Phassorn, Udomkit Apinunt","Comparative biochemistry and physiology. Part A, Molecular & integrative physiology",2026-07-25,"Marine shrimp are among the most economically significant aquatic animals facing serious challenges from pathogen infections, particularly the white spot syndrome virus (WSSV), which leads to massive mortality in shrimp aquaculture. An understanding of shrimp defense mechanisms is crucial for developing effective protection strategies. Long noncoding RNA (lncRNA), one of the potential non-coding R",https://pubmed.ncbi.nlm.nih.gov/42492892/,PubMed
Xist-mediated B cell modulation: Implications for immune dysregulation in T1DM.,"Guo Yingxue, Lei Lin, Che Guanghua",Biochimica et biophysica acta. Molecular basis of disease,2026-07-25,"Type 1 diabetes mellitus (T1DM) involves immune-mediated destruction of pancreatic β cells, but the role of B cells in the islet immune microenvironment remains unclear. This study investigated how the long non-coding RNA X-inactive specific transcript (Xist) regulates islet immunity during T1DM progression. Single-cell RNA sequencing of non-obese diabetic (NOD) mice was used to characterize dynam",https://pubmed.ncbi.nlm.nih.gov/42492838/,PubMed
The LncRNA CRNDE/miR-152-3p/ROCK1 axis aggravates neurological deficits and neuroinflammation in intracerebral hemorrhage.,"Xiao Junli, Wang Ming, Zuo Haiyan",Experimental neurology,2026-07-25,"Intracerebral hemorrhage (ICH) is a fatal cerebrovascular disease. This study explored the intrinsic relationship between ICH and lncRNA CRNDE. Injecting the lentiviral interference vector (sh-CRNDE) into the ICH mice (induced by collagenase). Subsequently, the neurological deficits were evaluated through Garcia scoring, the corner turn test, and the water maze test. The levels of CRNDE and inflam",https://pubmed.ncbi.nlm.nih.gov/42492830/,PubMed
lncRNA HOTAIR in Cancer: Recent Advances and Critical Perspectives on Molecular Mechanisms.,"Hu Zidian, Yan Bo",Cancer management and research,2026-07-25,"The long non-coding RNA (lncRNA) HOTAIR (HOX transcript antisense RNA) has emerged as an important regulatory molecule that plays a critical role in tumor initiation and progression. With advances in tumor molecular biology, HOTAIR has become a research focus owing to its high expression in multiple malignancies and its profound impact on key biological behaviors such as tumor cell proliferation, ",https://pubmed.ncbi.nlm.nih.gov/42491964/,PubMed
Therapeutic resistance in cancer: lncRNAs as modulators and targets for cancer therapy.,"Ali Ashiq, Azmat Urooj, Khatoon Aisha",Genes & diseases,2026-07-25,"Therapeutic resistance continues to be a significant challenge in cancer treatment, often leading to tumor recurrence, metastasis, and limited therapeutic efficacy despite advancements in chemotherapy and radiotherapy. This resistance arises from complex molecular mechanisms that are influenced by various factors, including genetic alterations, epigenetic modifications, and cellular signaling. Rec",https://pubmed.ncbi.nlm.nih.gov/42491364/,PubMed
[Expression of Concern] Long non-coding RNA OIP5-AS1 promotes the progression of esophageal cancer by regulating miR-30a/VOPP1 expression.,"Xu Jiajun, Chen Zhixi, Fang Zheng",Oncology letters,2026-07-25,,https://pubmed.ncbi.nlm.nih.gov/42491344/,PubMed
LncRNA APF suppresses pulmonary vascular remodeling in chronic thromboembolic pulmonary hypertension through the miR-188-3p/ATG7-mediated autophagy pathway.,"Feng Xiaona, Wang Fanbo, Yang Ting",American journal of translational research,2026-07-25,"An imbalance in autophagy leads to persistent pulmonary vascular remodeling, resulting from impaired phenotypes of dysfunctional vascular smooth muscle cells in chronic thromboembolic pulmonary hypertension (CTEPH). Long non-coding RNA autophagy-promoting factor (APF) is an essential regulator of the miR-188-3p/autophagy-related gene 7 (ATG7)/autophagy pathway in cardiomyocytes, but its role in CT",https://pubmed.ncbi.nlm.nih.gov/42491119/,PubMed
An Evaluation on the Role of Non-Coding RNA in HIV Transcription and Latency: A Review,Xiangshuai Liu,arXiv,2026-07-25,"The existence of latent cellular reservoirs is recognized as the major barrier to an HIV cure. Reactivating and eliminating ""shock and kill"" or permanently silencing ""block and lock"" the latent HIV reservoir, as well as gene editing, remain promising approaches, but so far have proven to be only partially successful. Moreover, using latency reversing agents or ""block and lock"" drugs pose additiona",http://arxiv.org/abs/2502.06107v1,arXiv
"Blood-derived lncRNAs as potential biomarkers for early cancer diagnosis: The Good, the Bad and the Beauty","Cedric Badowski, Bing He, Lana X Garmire",arXiv,2026-07-25,Cancer ranks as one of the deadliest diseases worldwide. The high mortality rate associated with cancer is partially due to the lack of reliable early detection methods and/or inaccurate diagnostic tools such as certain protein biomarkers. Cell-free nucleic acids (cfNA) such as circulating long non-coding RNAs (lncRNAs) have recently been proposed as a new class of potential biomarkers that could ,http://arxiv.org/abs/2109.11746v1,arXiv
BPPart and BPMax: RNA-RNA Interaction Partition Function and Structure Prediction for the Base Pair Counting Model,"Ali Ebrahimpour-Boroojeny, Sanjay Rajopadhye, Hamidreza Chitsaz",arXiv,2026-07-25,"RNA-RNA interaction (RRI) is ubiquitous and has complex roles in the cellular functions. In human health studies, miRNA-target and lncRNAs are among an elite class of RRIs that have been extensively studied. Bacterial ncRNA-target and RNA interference are other classes of RRIs that have received significant attention. In recent studies, mRNA-mRNA interaction instances have been observed, where bot",http://arxiv.org/abs/1904.01235v2,arXiv
Emerging and targeted therapeutic strategies in colorectal cancer: molecular mechanisms and clinical perspectives.,"Ganguly Debgopal, Choudhury Ananta, Deka Himangshu",Clinical & translational oncology : official publication of the Federation of Spanish Oncology Societies and of the National Cancer Institute of Mexico,2026-07-25,"Colorectal cancer (CRC) remains a leading cause of cancer-related morbidity and mortality worldwide, driven by complex genetic, epigenetic, and environmental factors. Despite advances in conventional treatments such as surgery, chemotherapy, and radiotherapy, therapeutic resistance and disease recurrence continue to limit long-term outcomes. This review provides a comprehensive overview of emergin",https://pubmed.ncbi.nlm.nih.gov/42498870/,PubMed
MicroRNAs and SGLT2 inhibitors in cardiovascular disease: Shared pathways and emerging roles.,"Bhaskaran Anna Bjarvin, Sakr Antoine, Doycheva Desislava",Journal of molecular and cellular cardiology plus,2026-07-25,"MicroRNAs are non-coding RNA sequences capable of transport outside the cell to regulate essential cellular processes. They are able to induce structural changes implicated in prevalent cardiovascular conditions such as heart failure, atherosclerosis and myocardial ischemia. SGLT2 inhibitors are newer anti-diabetic drugs used in the prevention and treatment of cardiovascular disease, which modulat",https://pubmed.ncbi.nlm.nih.gov/42495428/,PubMed
Selection of two pronuclei zygotes before electroporation does not improve gene editing efficiency or reduce mosaicism in porcine embryos despite optimized timing and Hoechst staining.,"Takebayashi Koki, Otoi Takeshige, Wittayarat Manita",Veterinary world,2026-07-25,"Electroporation-mediated delivery of Clustered-Regularly Interspaced Short Palindromic Repeats (CRISPR)/CRISPR-associated protein 9 components is an effective approach for genome editing in porcine embryos; however, mosaicism remains a major limitation. Selecting normally fertilized zygotes with two pronuclei (2PN) before electroporation may improve editing uniformity and reduce mosaicism. Therefo",https://pubmed.ncbi.nlm.nih.gov/42494698/,PubMed
Exploratory profiling of serum small extracellular vesicle-associated miRNAs as candidate biomarkers for Moyamoya disease.,"Yan Lin, Ding Hao, Zhao Ruifang",Biochemistry and biophysics reports,2026-07-25,"Moyamoya disease (MMD) is a chronic progressive cerebrovascular disease with elevated rates of mortality and disability in children and adults. Therefore, early and accurate identification of MMD is crucial for good prognosis, effective therapeutics, and increased clinical survival rates. Serum small extracellular vesicles (EVs) have attracted significant attention as innovative liquid biopsy biom",https://pubmed.ncbi.nlm.nih.gov/42494421/,PubMed
Enhancing pulp regeneration through metabolic reprogramming of mature dental pulp stem cells mediated by GLUT1/HK2 mRNA delivery.,"Di Tiankai, Liu Yuhan, Li Zhili",International journal of oral science,2026-07-25,"The age-related decline in the pro-angiogenic capacity of mature dental pulp stem cells (DPSCs) severely limits pulp regeneration. We identify impaired glycolytic metabolism, driven by reduced glucose transporter type 1 (GLUT1) and hexokinase 2 (HK2) expression, as the key mechanism, as its inhibition diminished endothelial tube formation. To reverse this, we developed an aminolyzed highly branche",https://pubmed.ncbi.nlm.nih.gov/42493486/,PubMed
Precision control of maize stalk rot by cysteine-functionalized nanocarriers via the ZmLHT1 amino acid transporter.,"Liu Guoxin, Feng Xiaoxiao, Tang Bowen",Pesticide biochemistry and physiology,2026-07-25,"Maize stalk rot (MSR) caused by Fusarium graminearum (F. graminearum) is a destructive soil-borne disease. Conventional fungicides, including tebuconazole (Teb), exhibited poor systemic translocation and basipetal transport, and seed coating provided only short-term protection, resulting is low efficacy. Here, we developed a cysteine-functionalized polysuccinimide nanocarrier loaded with tebuconaz",https://pubmed.ncbi.nlm.nih.gov/42493018/,PubMed
"Genetically Engineered Probiotic Nanoplatform for Ultrasound-Enhanced Colorectal Cancer Therapy via Targeted Delivery, Immune Modulation, and Anti-Angiogenesis.","Long Jie, Shang Tongrui, Mo Xuezhong",MedComm,2026-07-25,"Colorectal cancer (CRC) remains a leading cause of cancer-related mortality worldwide, largely due to limitations in early diagnosis and effective treatment. To address these challenges, we developed a multifunctional probiotic nanoplatform, EcNA@Cur-Lip-FA, that integrates real-time diagnosis, targeted therapy, and immune modulation for enhanced CRC treatment. Specifically, this system leverages ",https://pubmed.ncbi.nlm.nih.gov/42491488/,PubMed
"Autophagy as a multi-scale architect of fungal development and pathogenicity: membrane dynamics, multilayer regulation, and cell wall integrity crosstalk.","Wang Feixiang, Li Jiarui, Chen Huojuan",IMA fungus,2026-07-25,"Autophagy is a conserved membrane-trafficking pathway traditionally viewed as a nonspecific nutrient recycling mechanism. However, recent advances across diverse fungal systems, from plant pathogens to human opportunistic fungi and entomopathogenic species, have revealed autophagy as a central regulatory hub that orchestrates fungal development, virulence, and host interaction at multiple biologic",https://pubmed.ncbi.nlm.nih.gov/42491232/,PubMed
Preparation of Antibody-Modified mRNA-LNPs via a Combination of Post-Encapsulation and Post-Insertion.,"Ri Yoshie, Oshima Shion, Tanaka Hiroki",ACS applied bio materials,2026-07-25,"Using ligand-modified lipid nanoparticles (LNPs) to encapsulate messenger RNA (mRNA) has become an important modality for tissue/organ/cell-specific gene delivery. Modifying mRNA-LNPs either with antibodies or their derivatives (Ab-mRNA-LNPs) has emerged as a promising drug delivery system (DDS) due to its efficacy and target specificity. Manufacturing Ab-mRNA-LNPs, however, involves complex and m",https://pubmed.ncbi.nlm.nih.gov/42490325/,PubMed
Mechanism of astragaloside-loaded lactosyl chitosan nanoparticles inhibiting MAPK/ERK pathway and preventing angiogenesis and colon cancer development through miR-200.,"Chen Renhao, Wang Bin",Pakistan journal of pharmaceutical sciences,2026-07-25,The incidence of colorectal cancer in China continues to rise. Astragaloside IV has been shown to delay its progression and nanoparticles constructed from it with astragaloside-lactosyl chitosan nanoparticles (ALCNPs) exhibit enhanced therapeutic efficacy. This study aimed to construct novel lactosyl chitosan nanoparticles (ALCNPs) to improve the delivery of astragaloside IV and to investigate its,https://pubmed.ncbi.nlm.nih.gov/42489301/,PubMed
Active pH Modulation by Proton Channel-Peptide Nucleic Acid Complex for Effective siRNA Endosomal Escape.,"Ga Seongmin, Kim Nam Hyeong, Ryu Si Yeon","Small (Weinheim an der Bergstrasse, Germany)",2026-07-25,"Small interfering RNA (siRNA) has shown great potential for treating various genetic diseases, but lysosomal degradation limits its bioavailability. Here, we present the design of a Channel-PNA-siRNA (CPR) complex that facilitates endosomal escape by actively inducing osmotic rupture of the endosomes. Our design utilizes the transmembrane domain of the M2 proton channel (M2TM) to facilitate proton",https://pubmed.ncbi.nlm.nih.gov/42488996/,PubMed
"RNA epitranscriptomic regulation of tumor immune evasion: mechanisms, context-dependent roles, and therapeutic implications.","Ma Yanni, Deng Wenzhi, Jiang Xiulin",Frontiers in immunology,2026-07-25,"Tumor immune evasion is a fundamental hallmark of cancer progression and a major barrier to effective immunotherapy. RNA epitranscriptomic modifications have emerged as a critical layer of post-transcriptional regulation that links RNA fate control with tumor immune remodeling. These reversible modifications, including m",https://pubmed.ncbi.nlm.nih.gov/42488625/,PubMed
Long non-coding RNAs as molecular hubs integrating inflammatory and osteogenic pathways in calcific aortic valve disease.,"Muñoz-Manco Juan Ignacio, Utami Annisa Mardianing, Li Zhexi",Frontiers in cardiovascular medicine,2026-07-25,"Cardiovascular disease remains the leading cause of morbidity and mortality worldwide. Among valvular pathologies, CAVD is the most prevalent and poses a growing burden on the aging population. Once considered a passive degenerative process, aortic stenosis (AS) is now understood to be an actively regulated disease characterized by progressive leaflet fibrosis, calcification, and inflammation, ult",https://pubmed.ncbi.nlm.nih.gov/42488534/,PubMed
Integrative bioinformatics analysis identifies placental senescence-associated signatures in early-onset preeclampsia.,"Lin Li, Chen Ying, Chen Lei",Frontiers in endocrinology,2026-07-25,"Early-onset preeclampsia (EOPE) is a severe hypertensive disorder of pregnancy associated with preterm delivery and maternal multi-organ dysfunction. Although placental senescence and immune dysregulation have been implicated in EOPE, the expression profile of senescence-related genes(SRGs) and their mechanistic roles in disease progression remain unclear. Multiple placental bulk RNA-seq datasets ",https://pubmed.ncbi.nlm.nih.gov/42488003/,PubMed
ANGPTL4 in gestational diabetes: a diagnostic biomarker linked to placental senescence.,"He Yu-Feng, Chen Hui, Zhang Chuan-Meng",Functional & integrative genomics,2026-07-25,"Current diagnostic methods for Gestational Diabetes Mellitus (GDM) inadequately reflect early placental pathophysiology. Accelerated cellular senescence in trophoblasts has been reported as a pathological feature associated with the GDM placenta. However, the potential of senescence-related genes (SRGs) as candidate biomarkers or molecular indicators for GDM has not been systematically investigate",https://pubmed.ncbi.nlm.nih.gov/42487020/,PubMed
Manganese-Functionalized GelMA Hydrogels for MRI-Guided Immunotheranostics in Precision Oncology,"Motahareh Nazari, Keyvan Alavi",arXiv,2026-07-25,"Precision oncology requires multifunctional platforms capable of integrating accurate tumor diagnosis, localized therapeutic delivery, immune modulation, and real-time monitoring of treatment response. Gelatin methacryloyl (GelMA) hydrogels have emerged as versatile biomaterials for biomedical engineering because of their biocompatibility, extracellular matrix-like structure, tunable mechanical pr",http://arxiv.org/abs/2606.29599v1,arXiv
Reinforcement-guided generative protein language models enable de novo design of highly diverse AAV capsids,"Lucas Ferraz, Ana F. Rodrigues, Pedro Giesteira Cotovio",arXiv,2026-07-25,"Adeno-associated viral (AAV) vectors are widely used delivery platforms in gene therapy, and the design of improved capsids is key to expanding their therapeutic potential. A central challenge in AAV bioengineering, as in protein design more broadly, is the vast sequence design space relative to the scale of feasible experimental screening. Machine-guided generative approaches provide a powerful m",http://arxiv.org/abs/2603.19473v1,arXiv
Predicting Early and Complete Drug Release from Long-Acting Injectables Using Explainable Machine Learning,"Karla N. Robles, Manar D. Samad",arXiv,2026-07-25,"Polymer-based long-acting injectables (LAIs) have transformed the treatment of chronic diseases by enabling controlled drug delivery, thus reducing dosing frequency and extending therapeutic duration. Achieving controlled drug release from LAIs requires extensive optimization of the complex underlying physicochemical properties. Machine learning (ML) can accelerate LAI development by modeling the ",http://arxiv.org/abs/2601.02265v1,arXiv
"Characterization of vaccine viremia, attenuation reversion, and safety: Combined results from the TAK-003 dengue vaccine clinical development program.","Tricou Vianney, Saez-Llorens Xavier, Kosalaraksa Pope",Vaccine,2026-07-25,"Live-attenuated vaccines can replicate for a transient period post-vaccination and may be associated with symptoms resembling natural infection. The tetravalent dengue vaccine, TAK-003, has undergone extensive preclinical assessment to investigate vaccine RNAemia, viremia, genetic stability, and transmissibility. Here, we investigated the presence of vaccine RNAemia, attenuation loci reversions, a",https://pubmed.ncbi.nlm.nih.gov/42497670/,PubMed
A Simple Method to Evaluate the Length of Poly(A) Tails in mRNA.,"Mumenthaler Jonas, Feldmann Maximilian, Mamaghani Shahab",Methods and protocols,2026-07-25,Synthetic mRNA produced by in vitro transcription is the active pharmaceutical ingredient of approved vaccines and of many drugs under development. It typically contains a 3' poly(A) tail required for optimal stabilization and translation of the mRNA. The average length of the poly(A) tail in the produced mRNA cannot be precisely predicted and consequently must be measured using complicated techno,https://pubmed.ncbi.nlm.nih.gov/42496561/,PubMed
Twenty-year persistence of WT1-specific cytotoxic T lymphocytes in peritumoral brain tissue by peptide vaccine therapy: Transcriptomic evidence for resident memory T-cell induction.,"Nakata Jun, Nakamura Natsuki, Motooka Daisuke",Neuro-oncology advances,2026-07-25,"Sustained immune surveillance at tumor sites is considered essential for effective cancer immunotherapy; however, direct evidence of immune surveillance in humans is limited due to difficulty obtaining tumor and peritumoral tissues through invasive procedures. Peritumoral brain tissue was obtained during reoperation from a patient with  A high level of T-cell infiltration was observed in peritumor",https://pubmed.ncbi.nlm.nih.gov/42494995/,PubMed
"Dendritic cells in cancer immunotherapy: functional barriers, reprogramming strategies and translational challenges.","Xiao Ningping, Chen Chao, Yang Xiuyu",Frontiers in immunology,2026-07-25,"Cancer immunotherapy depends on effective antigen presentation and T cell activation. Antigen-presenting cells (APCs), especially dendritic cells (DCs), play a central role in this process by capturing tumor antigens, processing them, and presenting antigenic peptides to T cells through major histocompatibility complex molecules. However, APC function is often impaired within the tumor microenviro",https://pubmed.ncbi.nlm.nih.gov/42491063/,PubMed
EscaPRRS-ORF5: A Structure-Aware Evolutionary Framework for Prioritizing Immune Escape-Prone Variants in Porcine Reproductive and Respiratory Syndrome Virus.,"S R Vaishnavey, Dey Supantha, Ferdous Sakib","Bioinformatics (Oxford, England)",2026-07-25,"Porcine Reproductive and Respiratory Syndrome Virus (PRRSV) is a rapidly evolving RNA virus causing significant economic losses, posing a formidable challenge to vaccine efficacy due to its high mutational variability and immune escape. As the viral mutants evolve, their ability to sustain in population is driven by a range of host biology factors such as receptor binding, fusion, and uncoating. E",https://pubmed.ncbi.nlm.nih.gov/42489519/,PubMed
Gut Microbiota-Derived Bacterial Extracellular Vesicles in COVID-19: Their Signature and Immunological Impact.,"Ishizaka Aya, Koga Michiko, Hayashi Tomoya",Journal of extracellular vesicles,2026-07-25,"Gut microbial dysbiosis has been observed in several diseases. Although causal links and direct effects on host cells remain unclear, bacteria-derived extracellular vesicles (BEVs) from the gut microbiota may regulate the host immune response. We examined the impact of severe acute respiratory syndrome coronavirus 2 (SARS-CoV-2) infection on the gut microbiome and BEVs release, and the effects of ",https://pubmed.ncbi.nlm.nih.gov/42489221/,PubMed
Hydrophobic Tail and Linker Diversification of PEG-Lipids Unlocks Precise Muscle Tropism of mRNA-Lipid Nanoparticles.,"Ou Bingqian, Tang Xuying, Qian Sunxiang","Small (Weinheim an der Bergstrasse, Germany)",2026-07-25,"Intramuscular mRNA lipid nanoparticles (LNPs) often exhibit undesirable liver accumulation, compromising safety and efficacy. While optimization efforts focus on ionizable and helper lipids, the role of trace PEG-lipids remains underexplored. To address this, we constructed a 45-member PEG-lipid library via Ugi/Passerini reactions, keeping the PEG chain constant at 2 kDa while systematically diver",https://pubmed.ncbi.nlm.nih.gov/42489054/,PubMed
Increased Autoreactive CD8,"Roy Payel, Parashar Smriti, Sidney John",Circulation research,2026-07-25,"Atherosclerosis is a chronic inflammatory disease with a strong autoimmune component, marked by the detection of autoreactive T cells and autoantibodies. Recent single-cell RNA sequencing studies have shown that atherosclerotic plaques contain clonally expanded CD8 We studied CD8 Some APOB peptides triggered robust CD8 The discovery of immunodominant major histocompatibility complex class I-restri",https://pubmed.ncbi.nlm.nih.gov/42488951/,PubMed
Safety of mRNA COVID-19 Vaccination during Pregnancy: Findings from Post-vaccination Follow-up Data from the Canadian National Vaccine Safety Network.,"Soe Phyumar, Muller Matthew P, Isenor Jennifer E",Journal of obstetrics and gynaecology Canada : JOGC = Journal d'obstetrique et gynecologie du Canada : JOGC,2026-07-25,"This communication reports post-vaccination follow-up findings from the Canadian National Vaccine Safety network on COVID-19 vaccination during pregnancy. Among 6606 pregnant individuals who received an mRNA COVID-19 primary series, 4302 provided pregnancy status in follow-up surveys. Within seven months of vaccination, live birth was the most reported outcome, followed by ongoing pregnancy. Our d",https://pubmed.ncbi.nlm.nih.gov/42486365/,PubMed
The emergence of novel H3N8 and H3N3 avian influenza viruses in chickens during multi-province surveillance in China and their potential public health risk.,"Wang Xue, Shi Hao, Li Peidong","Veterinary journal (London, England : 1997)",2026-07-25,"The H3 subtype avian influenza virus (AIV) poses a substantial global public health threat due to its high host adaptability and ongoing evolution. The recent emergence of novel H3N8 and H3N3 AIVs associated with cross-species transmission underscores the urgent need for enhanced epidemiological surveillance. In this study, we conducted surveillance and characterization of H3 AIVs based on a total",https://pubmed.ncbi.nlm.nih.gov/42486182/,PubMed
"mRNA vaccines for multidrug-resistant bacteria: promise, challenges, and microbiome-informed strategies.","Davido Benjamin, Loubet Paul, Saleh-Mghir Azzam",The Lancet. Microbe,2026-07-25,"Antimicrobial resistance (AMR) has made multidrug-resistant organisms (MDROs), particularly ESKAPE-E pathogens (including Enterococcus faecium, Staphylococcus aureus, Klebsiella pneumoniae, Acinetobacter baumannii, Pseudomonas aeruginosa, Enterobacter spp, and Escherichia coli), a major threat to modern medicine. Although novel antibiotics, antimicrobial stewardship, and infection prevention remai",https://pubmed.ncbi.nlm.nih.gov/42486137/,PubMed
Real-world effectiveness and safety of protein-based and mRNA COVID-19 vaccines (BEEHIVE trial).,"Yoon Sarang K, Phillips Andrew L, Battan-Wraith Steph",Vaccine,2026-07-25,"Real-world vaccine effectiveness (VE) and relative VE (rVE) data of protein-based and mRNA COVID-19 vaccines against symptomatic SARS-CoV-2 infections inform policy recommendations and reinforce public confidence. The study aim was to assess the safety and VE of the 2023-2024 protein-based and mRNA COVID-19 vaccines (XBB.1.5) in a real-world setting. The single-site, pragmatic BEEHIVE clinical tri",https://pubmed.ncbi.nlm.nih.gov/42486052/,PubMed
mRNA-LNP hepatitis C vaccine encoding p7 elicits improved humoral immunogenicity.,"Reagan Erin K, Wright Desiree A, Clark Kaitlyn E",Vaccine,2026-07-25,"Nucleoside-modified messenger RNA lipid nanoparticle (mRNA-LNP) vaccines have had a tremendous impact on vaccine development against infectious pathogens, particularly since the onset of the COVID-19 pandemic. The platform is an effective stimulator of humoral and cellular immune responses due to unique features of the mRNA and LNP components. We sought to optimize the performance of the mRNA-LNP ",https://pubmed.ncbi.nlm.nih.gov/42486050/,PubMed
Dengue vaccines: The role of a correlate of protection in evaluating vaccine safety and risk.,"Wong Joshua M, Acevedo Parker K, Whitehead Steve",Vaccine,2026-07-25,"Dengue remains a significant global health challenge, with incidence rising and over half the world's population at risk. Vaccines could play an important role in controlling dengue, but without a validated correlate of protection (CoP), vaccine development relies on large, costly, and complex phase 3 field efficacy trials that are often underpowered for evaluating efficacy and safety by individua",https://pubmed.ncbi.nlm.nih.gov/42486049/,PubMed
Salmonella vaccines in poultry: An update on the current status.,"Prakasan Lakshmi, Nair Sonu S, Pal Santanu",Research in veterinary science,2026-07-25,"Salmonella can cause significant infections in poultry, including fowl typhoid and pullorum disease, while Non-Typhoidal Salmonella (NTS) causes mild to severe diarrheal diseases and is potentially zoonotic. NTS, a significant cause of gastroenteritis in humans, is often underestimated in developing countries, where contaminated chicken or poultry products are the main drivers of its spread. Vario",https://pubmed.ncbi.nlm.nih.gov/42486020/,PubMed
Vaccine Efficacy Against Naturally Asymptomatic Infections: A Novel Estimand for Quantifying Vaccine Effects.,"Rogawski McQuade Elizabeth, Nabi Razieh, Codi Allison","Epidemiology (Cambridge, Mass.)",2026-07-25,"The naive approach to estimating the effects of a vaccine on asymptomatic infections, which compares the risk of asymptomatic infection among vaccinated and unvaccinated individuals, can be misleading because it comprises two effects: the vaccine preventing asymptomatic infections and the vaccine converting symptomatic to asymptomatic infections. When the latter effect is strong, vaccines can appe",https://pubmed.ncbi.nlm.nih.gov/42484317/,PubMed
Synthetic double-stranded RNA in antiviral immunity and vaccine adjuvant: insights into poly(I:C) and poly(A:U).,"Kayesh Mohammad Enamul Hoque, Kohara Michinori, Tsukiyama-Kohara Kyoko",Frontiers in immunology,2026-07-25,"Synthetic double-stranded RNA (dsRNA) analogues function as viral mimetics that activate innate immune signaling pathways critical for antiviral defense and the induction of adaptive immunity. Among dsRNA analogues, polyinosinic:polycytidylic acid [poly(I:C)] and polyadenylic:polyuridylic acid [poly(A:U)] have been extensively studied for their immunostimulatory properties and potential as vaccine",https://pubmed.ncbi.nlm.nih.gov/42483173/,PubMed
Safety and Immunogenicity of BNT162b2 in Antiretroviral Therapy-Treated People With HIV.,"Mitha Essack, Berhe Mezgebe, Aberg Judith",Open forum infectious diseases,2026-07-25,"People with human immunodeficiency virus (HIV) are at increased risk of severe COVID-19 and are recommended for priority vaccination. We investigated the safety and immunogenicity of a 2-dose regimen of the mRNA vaccine BNT162b2 in people with HIV (PWH) on antiretroviral therapy (ART). Safety, reactogenicity, and immunogenicity data were obtained from PWH on ART ≥16 years enrolled in the phase 1/2",https://pubmed.ncbi.nlm.nih.gov/42483033/,PubMed
"mRNA cancer vaccines: delivery strategies, immune modulation, and clinical translation.","Tian Dianzhe, Li Xinshi, Yang Zuyi",Frontiers in pharmacology,2026-07-25,"Cancer remains a major global health challenge, and traditional treatments often involve significant toxicity and limited benefits for patients with advanced-stage disease. mRNA vaccines have recently emerged as a promising approach in cancer immunotherapy due to their flexibility in design, rapid production, and suitability for personalized treatment. This review summarizes the molecular basis, m",https://pubmed.ncbi.nlm.nih.gov/42482783/,PubMed
Transformer-Based Active Learning for Data-Efficient Vaccine Epitope Selection in PRRS,"Aspen Erlandsson Brisebois, Zahed Khatooni, Connor Burbridge",arXiv,2026-07-25,"High-fidelity molecular docking simulations can produce biologically relevant estimates of epitope-receptor binding affinity but are computationally expensive and therefore limit the number of candidates that can be screened for vaccine design. In this work, we evaluate machine learning (ML) approaches where variants of active learning are used to classify instances of high binding affinity betwee",http://arxiv.org/abs/2606.28659v1,arXiv
Exploring the Effects of Entanglement on Quantum Machine Learning of Pathogen Epitope-Receptor Binding,"Aspen Erlandsson Brisebois, Luis Pablo Gonzalez Dominguez, Shivansi Prajapati",arXiv,2026-07-25,"Parameterized quantum circuits (PQCs) provide a flexible substrate for hybrid quantum machine learning (QML), but their practical value on Noisy Intermediate-Scale Quantum (NISQ) devices remains an empirical question, especially because training depth and scale can introduce optimization challenges such as barren plateaus. Here we study how the number and topology of two-qubit entangling gates in ",http://arxiv.org/abs/2606.28655v1,arXiv
ZDHHC16-induced GPX2 S-palmitoylation promotes lenvatinib resistance and inhibits lenvatinib-induced immunogenic cell death in hepatocellular carcinoma.,"He Long, Zhang Guangquan, Sun Yuxiu",Drug resistance updates : reviews and commentaries in antimicrobial and anticancer chemotherapy,2026-07-25,"S-palmitoylation is a common and reversible post-translational modification. This study aims to elucidate the functional role and mechanism of S-palmitoylation in lenvatinib resistance and lenvatinib-induced immunogenic cell death (ICD) in hepatocellular carcinoma (HCC). Using small interfering RNA (siRNA) screening in HCC cells, zinc finger DHHC-type palmitoyltransferase 16 (ZDHHC16) was identifi",https://pubmed.ncbi.nlm.nih.gov/42497564/,PubMed
NEK3 promotes cancer resistance through facilitating CtIP-mediated DNA repair.,"Zhang Yan, Wen Qingqiu, Huang Haibo",DNA repair,2026-07-25,"DNA double-strand breaks (DSBs) are the most harmful type of DNA damage. Efficient repair of DSBs is critical for cell survival and contributes to cancer resistance. Protein kinases have been found to be involved in this sophisticated process. In this study, we utilized an optimized loss-of-function screen for a customized siRNA Premix Library to identify kinases involved in HR repair. NEK3 was id",https://pubmed.ncbi.nlm.nih.gov/42497526/,PubMed
Yin-Huang-Qing-Fei-Capsule derived diosgenin and its optimized nanoconjugate target STAT3 against pulmonary fibrosis.,"Xu Wenjie, Xin Guang, Dong Yuman",Phytomedicine : international journal of phytotherapy and phytopharmacology,2026-07-25,"Pulmonary fibrosis (PF) is a progressive, fatal interstitial lung disease with limited curative therapeutic options. Yin-Huang-Qing-Fei (YHQF) capsule is an approved clinical Chinese patent medicine with emerging preclinical evidence of potential anti-fibrotic bioactivity, yet its core anti-PF constituents, direct functional targets, and the druggability of its key active monomer remain largely un",https://pubmed.ncbi.nlm.nih.gov/42497519/,PubMed
Deoxynivalenol Induces Macrophage Extracellular Trap Formation via the PER2-c-Myc-ROS Axis.,"Zhao Baimei, Tan Shiqing, Li Junyao",Toxicology,2026-07-25,"Deoxynivalenol (DON), a Fusarium-derived mycotoxin, disrupts immune homeostasis and induces immunotoxicity. Macrophage extracellular traps (METs) are key effectors in innate immunity and inflammation, yet whether DON triggers METs formation and the underlying mechanisms remain unclear. This study aims to investigate the molecular mechanism by which DON induces METs generation through circadian rhy",https://pubmed.ncbi.nlm.nih.gov/42498174/,PubMed
Targeting DYNC1I1 attenuates Parkinsonian neurodegeneration and α-synuclein accumulation in cellular and mouse models.,"Li Yuyu, Xu Li, Sun Hui",Brain research bulletin,2026-07-25,"To investigate the effects of targeting DYNC1I1 in cellular and mouse models of Parkinson's disease (PD). Methods The scRNA-seq dataset GSE243639 was analyzed to prioritize autophagy- and transport-related candidate genes in post-mortem substantia nigra samples from patients with PD and controls. SH-SY5Y cells were treated with 1mM MPP⁺ for 48h, and male C57BL/6 mice received MPTP at 30mg/kg/day f",https://pubmed.ncbi.nlm.nih.gov/42497977/,PubMed
The protein kinase GCN2 senses the integrity of the multi-tRNA synthetase complex.,"Cardoso da Silva Richard, Castilho Beatriz A",Biochemical and biophysical research communications,2026-07-25,"Aminoacyl-tRNA synthetases (ARSs) assemble with ARS-interacting multifunctional proteins (AIMPs) to form the multi-tRNA synthetase complex (MSC), a supramolecular complex proposed to enhance efficiency of tRNA aminoacylation. Here, we show that disassembly of MSC via siRNA-mediated depletion of the scaffold protein AIMP2 promotes a transient activation of the eIF2α kinase GCN2 in mouse embryonic f",https://pubmed.ncbi.nlm.nih.gov/42497830/,PubMed
Interfering with PTBP1 expression promotes anti-inflammatory macrophage polarization alongside altered activity of the miR-124/p38MAPK pathway.,"Wu Tongtong, Lei Shuang-Yin, Yu Qi",Tissue & cell,2026-07-25,"Modulating the polarization phenotype of macrophages offers significant potential for treating central nervous system damage. Polypyrimidine tract binding protein 1 (PTBP1) is an indispensable RNA-binding protein that participates in nearly all stages of RNA maturation. However, the role of PTBP1 in macrophage polarization remains underexplored. This study aimed to investigate the effects of PTBP1",https://pubmed.ncbi.nlm.nih.gov/42497783/,PubMed
"Comparison of the permeability of RdRp inhibitors, remdesivir, molnupiravir and azvudine, in placental barrier cell models and exploration of their transport mechanisms.","Shen Qian, Wu Yong, Zhang Shuixian",The Journal of antimicrobial chemotherapy,2026-07-25,"Pregnant women are at increased risk of severe coronavirus disease 2019 with potential adverse consequences for maternal and fetal health. Although remdesivir (RDV), molnupiravir and azvudine are RNA-dependent RNA polymerase (RdRp) inhibitors of SARS-CoV-2, their placental transport characteristics are unclear. This study aimed to compare the placental permeability and transport mechanisms of thes",https://pubmed.ncbi.nlm.nih.gov/42497385/,PubMed
SRM-Mediated Spermidine Synthesis Links Lipid Overload With AMPK Pathway to Regulate Hepatic Insulin Signaling and Gluconeogenesis.,"Zhao Zengqi, Ding Geye, Shen Yanan",FASEB journal : official publication of the Federation of American Societies for Experimental Biology,2026-07-25,"Polyamine metabolism is essential for cell proliferation and differentiation; however, its specific role in insulin signaling regulation remains poorly understood. Here, we uncover an unexpected role for spermidine synthase (SRM) in linking lipid overload to insulin resistance. In a teleost fish model, we demonstrate high fat diet (HFD) suppresses hepatic SRM expression via X-box binding protein 1",https://pubmed.ncbi.nlm.nih.gov/42497081/,PubMed
Lapatinib Induces Ferroptosis in Cardiomyocytes by Regulating ATF4/GPX4.,"Sun Yue, Jiang Keyi, Wang Dan",Cardiovascular toxicology,2026-07-25,"The TKI-targeted agent lapatinib has been applied in clinical oncology for the management of multiple malignancies. Nonetheless, its therapeutic benefit is restricted by cardiotoxic effects that endanger patient survival, and the underlying molecular basis remains unclear. The GSE146096 dataset containing transcriptomic profiles of lapatinib-exposed human cardiomyocytes was analyzed to identify fe",https://pubmed.ncbi.nlm.nih.gov/42496814/,PubMed
N,"Chen Keping, Zhang Xin, Sun Huidi",Molecular neurobiology,2026-07-25,"Emerging evidence implicates circular RNAs (circRNAs) in Alzheimer's disease (AD) pathogenesis. Notably, circKCNN2 correlates with clinical dementia severity in AD patients; however, its biological functions and regulatory mechanisms in neuronal systems remain poorly understood. Here, we elucidated the molecular mechanism by which circKCNN2 regulated neuronal apoptosis and delineated the underlyin",https://pubmed.ncbi.nlm.nih.gov/42496794/,PubMed
Paternal Methionine Supplementation Alters DNA Methylation Patterns in Preimplantation Sheep Embryos.,"Graybeal Jessica Townsend, Kizilaslan Zeynep, Kizilaslan Mehmet",Epigenomes,2026-07-25,,https://pubmed.ncbi.nlm.nih.gov/42496534/,PubMed
Longer-Term Efficacy and Safety of Zodasiran in Patients with Mixed Hyperlipidaemia.,"Rosenson Robert S, Gaudet Daniel, Ballantyne Christie M",European journal of preventive cardiology,2026-07-25,"Mixed hyperlipidaemia, characterized by elevated cholesterol and triglyceride levels, is associated with increased risk of atherosclerotic cardiovascular disease (ASCVD). Angiopoietin-like protein 3 (ANGPTL3) regulates lipid metabolism through inhibition of lipoprotein and endothelial lipases. Loss-of-function variants in ANGPTL3 are associated with lower plasma triglycerides, cholesterol, and red",https://pubmed.ncbi.nlm.nih.gov/42496147/,PubMed
EDNRA Forms a Positive Feedback Loop with the Hippo/YAP Axis to Drive Triple-Negative Breast Cancer Progression.,"Hong Zehao, Li Boyang, Xu Jiahui","Advanced science (Weinheim, Baden-Wurttemberg, Germany)",2026-07-25,"Sustained Hippo/Yes-associated protein (YAP) activation drives triple-negative breast cancer (TNBC), but druggable upstream regulators remain unclear. We investigated G protein-coupled receptors (GPCRs) as membrane inputs for YAP activation. TCGA-based Hippo/YAP signature analysis, marketed-drug GPCR annotation, and siRNA screening using connective tissue growth factor (CTGF) identified endothelin",https://pubmed.ncbi.nlm.nih.gov/42496060/,PubMed
Expression of Concern: Chitosan nanoparticle-delivered siRNA reduces CXCR4 expression and sensitizes breast cancer cells to cisplatin.,"Yu Shaonan, Chen Yan, Li Xuefeng",Bioscience reports,2026-07-25,,https://pubmed.ncbi.nlm.nih.gov/42495788/,PubMed
An Ocular Surface-Targeting Nucleic Acid Hydrogel for Efficient Dry Eye Disease Treatment.,"Liu Yuhe, Zhai Zimeng, Huang Yangyang","Exploration (Beijing, China)",2026-07-25,"Dry eye disease (DED) is a prevalent disorder affecting millions worldwide, fueled by both the aging population and extensive use of electronic devices. Yet, current treatments for moderate-to-severe DED fail to fully meet the clinical needs due to the lack of effective therapeutics and delivery systems for topical application. Based on the concept of ""Barrier to Target,"" an siRNA-embedded nucleic",https://pubmed.ncbi.nlm.nih.gov/42494583/,PubMed
"10,11-Dehydrocurvularin attenuates LPS-induced neuroinflammation in BV2 cells by inhibiting the TLR2/MyD88/NLRP3 signaling pathway.","Tian Chenggang, Sun Jian, Wang Jinting",Biochemistry and biophysics reports,2026-07-25,"Neuroinflammation, driven by microglial activation and Toll-like receptor 2 (TLR2) signaling, is a hallmark of neurodegenerative diseases. While 10,11-Dehydrocurvularin (DCV) is known for its anti-inflammatory properties, its specific effects on neuroinflammation remain poorly understood. This study evaluated DCV in lipopolysaccharide (LPS)-stimulated BV2 microglia. Nitric oxide (NO) was measured ",https://pubmed.ncbi.nlm.nih.gov/42494423/,PubMed
DeepSilencer: A Novel Deep Learning Model for Predicting siRNA Knockdown Efficiency,"Wangdan Liao, Weidong Wang",arXiv,2026-07-25,"Background: Small interfering RNA (siRNA) is a promising therapeutic agent due to its ability to silence disease-related genes via RNA interference. While traditional machine learning and early deep learning methods have made progress in predicting siRNA efficacy, there remains significant room for improvement. Advanced deep learning techniques can enhance prediction accuracy, reducing the relianc",http://arxiv.org/abs/2503.04200v1,arXiv
Maturation of siRNA by strand separation: Steered Molecular dynamics study,"Rakesh K Mishra, Sanchita Mukherjee, Dhananjay Bhattacharyya",arXiv,2026-07-25,"RNA interference, particularly siRNA induced gene silencing is becoming an important avenue of modern therapeutics. The siRNA is delivered to the cells as short double helical RNA which becomes single stranded for forming the RISC complex. Significant experimental evidence is available for most of the steps except the process of the separation of the two strands. We have attempted to understand th",http://arxiv.org/abs/1910.03778v1,arXiv
Using a hydrogen-bond index to predict the gene-silencing efficiency of siRNA based on the local structure of mRNA,"Kathy Q. Luo, Donald C. Chang",arXiv,2026-07-25,The gene silencing effect of short interfering RNA (siRNA) is known to vary strongly with the targeted position of the mRNA. A number of hypotheses have been suggested to explain this phenomenon. We would like to test if this positional effect is mainly due to the secondary structure of the mRNA at the target site. We proposed that this structural factor can be characterized by a single parameter ,http://arxiv.org/abs/1710.07413v1,arXiv
Unraveling siRNA Unzipping Kinetics with Graphene,"Santosh Mogurampelly, Swati Panigrahi, Dhananjay Bhattacharyya",arXiv,2026-07-25,"Using all atom molecular dynamics simulations, we report spontaneous unzipping and strong binding of small interfering RNA (siRNA) on graphene. Our dispersion corrected density functional theory based calculations suggest that nucleosides of RNA have stronger attractive interactions with graphene as compared to DNA residues. These stronger interactions force the double stranded siRNA to spontaneou",http://arxiv.org/abs/1207.4569v1,arXiv
Unzipping and binding of small interfering RNA with single walled Carbon Nanotube: a platform for small interfering RNA delivery,"Mogurampelly Santosh, Swati Panigrahi, Dhananjay Bhattacharyya",arXiv,2026-07-25,"In an effort to design efficient platform for siRNA delivery, we combine all atom classical and quantum simulations to study the binding of small interfering RNA (siRNA) by pristine single wall carbon nanotube (SWCNT). Our results show that siRNA strongly binds to SWCNT surface via unzipping its base-pairs and the propensity of unzipping increases with the increase in the diameter of the SWCNTs. T",http://arxiv.org/abs/1203.2409v1,arXiv
Nanodiamond as a vector for siRNA delivery to Ewing sarcoma cells,"Anna Alhaddad, Marie-Pierre Adam, Jacques Botsoa",arXiv,2026-07-25,"We investigated the ability of diamond nanoparticles (nanodiamonds, NDs) to deliver small interfering RNA (siRNA) in Ewing sarcoma cells, in the perspective of in vivo anti-cancer nucleic acid drug delivery. siRNA was adsorbed onto NDs previously coated with cationic polymer. Cell uptake of NDs has been demonstrated by taking advantage of NDs intrinsic fluorescence coming from embedded color cente",http://arxiv.org/abs/1106.2252v2,arXiv
Target prediction and a statistical sampling algorithm for RNA-RNA interaction,"F. W. D. Huang, J. Qin, C. M. Reidys",arXiv,2026-07-25,"It has been proven that the accessibility of the target sites has a critical influence for miRNA and siRNA. In this paper, we present a program, rip2.0, not only the energetically most favorable targets site based on the hybrid-probability, but also a statistical sampling structure to illustrate the statistical characterization and representation of the Boltzmann ensemble of RNA-RNA interaction st",http://arxiv.org/abs/0908.0597v1,arXiv
In silico evidence of the relationship between miRNAs and siRNAs,"Ludovica Montanucci, Piero Fariselli, Pier Luigi Martelli",arXiv,2026-07-25,"Both short interfering RNAs (siRNAs) and microRNAs (miRNAs) mediate the repression of specific sequences of mRNA through the RNA interference pathway. In the last years several experiments have supported the hypothesis that siRNAs and miRNAs may be functionally interchangeable, at least in cultured cells. In this work we verify that this hypothesis is also supported by a computational evidence. We",http://arxiv.org/abs/0705.2355v1,arXiv
