title,authors,journal,date,abstract,link,source
Precise microfluidic engineering of mRNA lipid nanoparticle-loaded polycaprolactone microcapsules for sustained delivery.,"Bai Hao, Chen Baiqiu, Wang Ziyue",Journal of materials chemistry. B,2026-07-07,"mRNA therapy holds promise for treating a variety of diseases, but its clinical application faces significant challenges, including rapid degradation ",https://pubmed.ncbi.nlm.nih.gov/42411346/,PubMed
"Multi-Omics Framework Integrating Genetics, Microbiome, Metabolism, and Immunity for Deciphering Ulcerative Colitis Pathogenesis and Diagnostic Biomarker Discovery.","Wang Yiyun, Tian Yulin, Cui Hongsi",FASEB journal : official publication of the Federation of American Societies for Experimental Biology,2026-07-07,"Ulcerative colitis (UC) is an inflammatory bowel disease involving complex interactions between genetics, gut microbiota, metabolism, and immunity. This study aimed to systematically evaluate multi-omics factors potentially associated with UC susceptibility and identify reliable diagnostic biomarkers. A two-sample Mendelian randomization (MR) framework assessed potential causal associations betwee",https://pubmed.ncbi.nlm.nih.gov/42411190/,PubMed
Advancing siRNA Therapeutics with Pharmacometrics: A Review of Modeling Approaches and Clinical Applications.,"Kang Jueun, Yim Hyeonwoo, Jeong Hyunsuk",Current gene therapy,2026-07-07,"Small interfering RNA (siRNA) therapeutics represent a paradigm shift in targeting previously undruggable diseases through specific gene silencing. Since the FDA's first approval of patisiran in 2018, the field has expanded rapidly, with eight approved drugs and numerous clinical candidates. However, the atypical pharmacokinetic-pharmacodynamic (PK-PD) profile of siRNAs, characterized by rapid pla",https://pubmed.ncbi.nlm.nih.gov/42411083/,PubMed
Ascorbic acid and biotin modulate heat shock protein mRNA expression after thawing in rat sperm.,"Yilmaz Dayanc Firdevs, Yalcin Oguz Kaan, Eraslan Sakar Aysel","Zygote (Cambridge, England)",2026-07-07,"The successful freezing of rat spermatozoa and the development of innovative cryoprotectant formulations are of great importance in the field of reproductive biotechnology. In the present study, 4 mg/mL Ascorbic acid and 20 nM Biotin were added to cryopreservation medium containing 8% lactose-monohydrate, 23% egg yolk, and 10% tris-aminomethane to investigate the freezability of rat sperm. After c",https://pubmed.ncbi.nlm.nih.gov/42410980/,PubMed
Targeting lysosomes with a novel chloroquine derivative induces irreversible lysosomal damage and disrupts autophagosome and lysosome assembly in cancer.,"Chauhan Nitish, Guha Majumdar Ananda, Bhutia Sujit Kumar",Autophagy,2026-07-07,"Pancreatic ductal adenocarcinoma (PDAC) exhibits profound therapy resistance driven by lysosome-dependent nutrient recycling, metabolic adaptation, and stress tolerance. Current lysosome targeting agents such as chloroquine (CQ)/hydroxychloroquine (HCQ) show limited efficacy due to transient activity and dose-limiting-toxicities. To overcome these limitations, we developed lysostilbenes, a new cla",https://pubmed.ncbi.nlm.nih.gov/42410967/,PubMed
Construction and validation of a lncRNA/circRNA-miRNA-mRNA ceRNA network in allergic rhinitis pathogenesis.,"Zhang Shaojie, Ban Molu, Wang Rong",BMC medical genomics,2026-07-07,"The lncRNA/circRNA-miRNA-mRNA interaction constructs a competing endogenous RNAs (ceRNAs) network, which is closely related to inflammation. However, their roles in allergic rhinitis (AR) remain unclear. In this study, we investigated the regulatory role of ceRNA networks in AR pathogenesis by analyzing long non-coding RNAs (lncRNAs) and circular RNAs (circRNAs), then constructing a lncRNA/circRNA",https://pubmed.ncbi.nlm.nih.gov/42410433/,PubMed
Acetate ameliorates membranous nephropathy by modulating the immune response and podocyte function.,"Liu Jing, Cui Yan-Yan, Zheng Kai",BMC nephrology,2026-07-07,"Membranous nephropathy (MN) is an antibody-mediated podocytopathy in which subepithelial immune deposits and complement activation lead to podocyte injury and proteinuria. Short-chain fatty acids (SCFAs) are microbiota-derived metabolites with immunomodulatory properties, but their therapeutic potential and mechanisms in MN remain incompletely defined. We evaluated acetate, propionate, and butyrat",https://pubmed.ncbi.nlm.nih.gov/42410386/,PubMed
PYRIN m,"Sun He, Peng Xiang-Yan, Ye Meng-Meng",Acta pharmacologica Sinica,2026-07-07,"Sepsis-induced cardiomyopathy (SIC) is a major contributor to mortality in patients with sepsis, with PANoptosis-a form of inflammatory programmed cell death-emerging as a critical mechanism. This study investigated the upstream regulatory axis involving m",https://pubmed.ncbi.nlm.nih.gov/42410248/,PubMed
RNA m,"Gao Xue-Feng, Shi Gao-Na, Wang Ya-Nan",Acta pharmacologica Sinica,2026-07-07,N,https://pubmed.ncbi.nlm.nih.gov/42410246/,PubMed
OMIDIENT: Multiomics Integration for Cancer by Dirichlet Auto-Encoder Networks.,"Safinianaini Negar, Välimäki Niko, Bresson Roman",Communications biology,2026-07-07,"To achieve a more comprehensive understanding of cancer, novel computational methods are required for the integrative analysis of data from different molecular layers, such as genomics, transcriptomics, and epigenomics. Here, we present an innovative multi-omics integrative method that performs unsupervised representation learning, referred to as OMIDIENT: multiOMics Integration for cancer by DIri",https://pubmed.ncbi.nlm.nih.gov/42410237/,PubMed
Multi-layer network biology combined with single-cell evidence reveals core regulatory nodes in atherosclerotic plaques and potential drug-targeting directions.,"Huang Dajun, Liu Ying, Wang Yilan",Naunyn-Schmiedeberg's archives of pharmacology,2026-07-07,"Atherosclerosis (AS) is driven by intertwined inflammatory responses and vascular wall remodeling, yet the core regulatory networks and actionable targets underlying plaque formation remain incompletely defined. Bulk transcriptomic data from GSE43292, comprising paired advanced carotid plaques and distant early-stage lesion tissues from 32 patients, were analyzed to identify differentially express",https://pubmed.ncbi.nlm.nih.gov/42410224/,PubMed
NAT10 drives head and neck squamous cell carcinoma proliferation via ac4C modification of DDIT4 mRNA.,"Song Panpan, Xiao Qian, Jiang Yue",Scientific reports,2026-07-07,"N-acetyltransferase 10 (NAT10) is the principal enzyme responsible for N4-acetylcytidine (ac4C) modification in mRNA, a process that regulates target gene expression and contributes to the development of various diseases. Emerging evidence indicates that NAT10 plays a role in tumor progression across multiple cancer types; however, its specific function in head and neck squamous cell carcinoma (HN",https://pubmed.ncbi.nlm.nih.gov/42410175/,PubMed
SARS-CoV-2-specific immunity after XBB.1.5 vaccination is not significantly altered by subsequent influenza vaccination in dialysis patients.,"Bronder Saskia, Urschel Rebecca, Reinhardt Felix",Scientific reports,2026-07-07,"Annual immunisation against COVID-19 and seasonal influenza before the winter waves is increasingly recommended in routine practice. These vaccines may be administered on the same day or sequentially, yet data on the immunogenicity of consecutive vaccinations in patients on dialysis remain limited. In this real-world observational study, we assessed SARS-CoV-2-specific immune responses in dialysis",https://pubmed.ncbi.nlm.nih.gov/42410167/,PubMed
Oxymatrine suppresses neuroinflammation via promoting microglial M2 polarization through FTO-dependent m,"Li Ping, Zhang Shengnan, Xia Fei",Scientific reports,2026-07-07,"Microglia play a pivotal role in neuroinflammation, and targeting their activation has emerged as a promising therapeutic strategy for brain injury. Oxymatrine (OMT) exhibits anti-inflammatory and neuroprotective properties; however, whether OMT regulates microglial M1/M2 polarization via epigenetic mechanisms, particularly RNA N6-methyladenosine (m",https://pubmed.ncbi.nlm.nih.gov/42410145/,PubMed
Nonsense-mediated decay influences position-dependent effects of SCN2A premature stop codons on neuronal excitability and behavior.,"Al Saneh Ahmad, Arrieta Maria Fernanda Hermosillo, Gissot Lionel",Molecular psychiatry,2026-07-07,SCN2A encodes the voltage-gated sodium channel Na,https://pubmed.ncbi.nlm.nih.gov/42410084/,PubMed
The Protective Effects of Small-Molecule Compound 0242 Against LPS-Induced Neuroinflammation and in P301S Tau Transgenic Mice.,"Suo Xinyuan, Wan Peifeng, Yu Jie",Neurochemical research,2026-07-07,"Neuroinflammation and tau pathology are central drivers of Alzheimer's disease (AD) progression, necessitating multi-target therapeutic strategies. Here, we evaluated the efficacy and mechanisms of 0242, a novel small-molecule derivative optimized from the berberine scaffold. In lipopolysaccharide (LPS)-stimulated BV-2 microglia, 0242 treatment significantly inhibited cell activation and nitric ox",https://pubmed.ncbi.nlm.nih.gov/42410071/,PubMed
COG8 serves as a predictive and prognostic biomarker in lung adenocarcinoma and other human malignancies.,"Tan Fei-Xiang, Zhao Chun-Yan, Li Guo-Sheng",Discover oncology,2026-07-07,"The main objective of this study is to investigate the dysregulated expression, clinical relevance, and underlying mechanisms of COG8 in lung adenocarcinoma (LUAD) and other human malignancies. We assembled multi-cohort microarray and RNA sequencing data for tumor and non-tumor controls from global repositories including ArrayExpress, Gene Expression Omnibus, The Cancer Genome Atlas, and Genotype-",https://pubmed.ncbi.nlm.nih.gov/42410055/,PubMed
SLC25A43 in hepatocellular carcinoma: bioinformatics insights into progression and immune microenvironment.,"Chen Dunzhen, Yu Li, Zhou Xichang",Scientific reports,2026-07-07,"Hepatocellular carcinoma (HCC) poses a significant global health burden with limited therapeutic options, particularly for non-viral etiologies. The mitochondrial solute carrier SLC25A43 is implicated in cellular redox homeostasis, yet its role in HCC remains unclear. This study aimed to comprehensively investigate the expression pattern, clinical significance, biological function, and potential m",https://pubmed.ncbi.nlm.nih.gov/42409937/,PubMed
Dysregulation of miRNA expression and 3'UTR length variation in target mRNAs in the testes of dogs with cryptorchidism.,"Nowacka-Woszuk Joanna, Kajdasz Arkadiusz, Stachowiak Monika",Scientific reports,2026-07-07,"Cryptorchidism, a major reproductive malformation in dogs, is associated with an increased risk of testicular cancer. In this study, we aimed to compare miRNA expression and 3'UTR length variation in the mRNAs of differentially expressed genes (DEGs) between undescended (UD) and descended (D) canine testes without signs of tumorigenesis. In total, expression of 453 miRNA genes was detected, and ov",https://pubmed.ncbi.nlm.nih.gov/42409905/,PubMed
"Comparative clinical significance of HPV DNA, HPV E6/E7 mRNA, and p16","Ahuja Riddhi, Sharma Kapil, Kumar Tiwari Ashutosh",Scientific reports,2026-07-07,"This systematic review and meta-analysis was registered with PROSPERO (Registration No. CRD420251130849) and conducted in accordance with PRISMA 2020 guidelines. A comprehensive literature search of PubMed, Web of Science, and SciencDirect (2000-2025) identified English-language studies reporting the diagnostic performance of HPV DNA, HPV E6/E7 mRNA, and p16",https://pubmed.ncbi.nlm.nih.gov/42409895/,PubMed
Energy-efficient codon optimization on thermodynamic hardware,"Andraz Jelincic, Ross C. Walker",arXiv,2026-07-07,"The growing energy demand for computation is becoming increasingly unsustainable. Thermodynamic computing, which harnesses physical thermal fluctuations as a computational resource rather than suppressing them, offers orders-of-magnitude energy savings for probabilistic and combinatorial tasks. Pharmaceutical R&D, heavily reliant on computational optimization and sampling, is a natural application",http://arxiv.org/abs/2606.17327v1,arXiv
mRNAutilus: Multi-Objective-Guided Discrete Generation of mRNA with Optimized Therapeutic Properties,"Sawan Patel, Sophia Tang, Yesol Kim",arXiv,2026-07-07,"Therapeutic mRNA design requires coordinating multiple interacting sequence features across the full transcript, where codon usage, untranslated regions (UTRs), and their coupling jointly determine stability, translation efficiency, and protein expression. Here, we present mRNA generation via unrolled trajectories and informed latent updates (mRNAutilus), a framework for simultaneous codon optimiz",http://arxiv.org/abs/2605.31296v1,arXiv
Sampling-based Continuous Optimization for Messenger RNA Design,"Feipeng Yue, Ning Dai, Wei Yu Tang",arXiv,2026-07-07,"Designing messenger RNA (mRNA) sequences for a fixed target protein requires searching an exponentially large synonymous space while optimizing properties that affect stability and downstream performance. This is challenging because practical mRNA design involves multiple coupled objectives beyond classical folding criteria, and different applications prefer different trade-offs. We propose a gene",http://arxiv.org/abs/2603.06559v1,arXiv
Drug-like antibodies with low immunogenicity in human panels designed with Latent-X2," Latent Labs Team, Henry Kenlay, Daniella Pretorius",arXiv,2026-07-07,"Drug discovery has long sought computational systems capable of designing drug-like molecules directly: developable and non-immunogenic from the start. Here we introduce Latent-X2, a frontier generative model that achieves this goal through zero-shot design of antibodies with strong binding affinities, drug-like properties, and, for the first time for any de novo generated antibody, confirmed low ",http://arxiv.org/abs/2512.20263v1,arXiv
"RNAGenScape: Property-Guided, Optimized Generation of mRNA Sequences with Manifold Langevin Dynamics","Danqi Liao, Chen Liu, Xingzhi Sun",arXiv,2026-07-07,"Generating property-optimized mRNA sequences is central to applications such as vaccine design and protein replacement therapy, but remains challenging due to limited data, complex sequence-function relationships, and the narrow space of biologically viable sequences. Generative methods that drift away from the data manifold can yield sequences that fail to fold, translate poorly, or are otherwise",http://arxiv.org/abs/2510.24736v3,arXiv
Yeast growth is controlled by the proportional scaling of mRNA and ribosome concentrations,"Xin Gao, Michael Lanz, Rosslyn Grosely",arXiv,2026-07-07,"Despite growth being fundamental to all aspects of cell biology, we do not yet know its organizing principles in eukaryotic cells. Classic models derived from the bacteria E. coli posit that protein-synthesis rates are set by mass-action collisions between charged tRNAs produced by metabolic enzymes and mRNA-bound ribosomes. These models show that faster growth is achieved by simultaneously raisin",http://arxiv.org/abs/2508.14997v1,arXiv
mRNA Folding Algorithms for Structure and Codon Optimization,"Max Ward, Mary Richardson, Mihir Metkar",arXiv,2026-07-07,"mRNA technology has revolutionized vaccine development, protein replacement therapies, and cancer immunotherapies, offering rapid production and precise control over sequence and efficacy. However, the inherent instability of mRNA poses significant challenges for drug storage and distribution, particularly in resource-limited regions. Co-optimizing RNA structure and codon choice has emerged as a p",http://arxiv.org/abs/2503.19273v1,arXiv
Generative Model for Synthesizing Ionizable Lipids: A Monte Carlo Tree Search Approach,"Jingyi Zhao, Yuxuan Ou, Austin Tripp",arXiv,2026-07-07,"Ionizable lipids are essential in developing lipid nanoparticles (LNPs) for effective messenger RNA (mRNA) delivery. While traditional methods for designing new ionizable lipids are typically time-consuming, deep generative models have emerged as a powerful solution, significantly accelerating the molecular discovery process. However, a practical challenge arises as the molecular structures genera",http://arxiv.org/abs/2412.00807v1,arXiv
Machine learning framework to predict the performance of lipid nanoparticles for nucleic acid delivery,"Gaurav Kumar, Arezoo M. Ardekani",arXiv,2026-07-07,"Lipid nanoparticles (LNPs) are highly effective carriers for gene therapies, including mRNA and siRNA delivery, due to their ability to transport nucleic acids across biological membranes, low cytotoxicity, improved pharmacokinetics, and scalability. A typical approach to formulate LNPs is to establish a quantitative structure-activity relationship (QSAR) between their compositions and in vitro/in",http://arxiv.org/abs/2411.14293v1,arXiv
Joint Design of 5' Untranslated Region and Coding Sequence of mRNA,"Yang Liu, Jie Gao, Xiaonan Zhang",arXiv,2026-07-07,"Messenger RNA (mRNA) vaccines and therapeutics are emerging as powerful tools against a variety of diseases, including infectious diseases and cancer. The design of mRNA molecules, particularly the untranslated region (UTR) and coding sequence (CDS) is crucial for optimizing translation efficiency and stability. Current design approaches generally focus solely on either the 5' UTR or the CDS, whic",http://arxiv.org/abs/2410.20781v1,arXiv
Bacterial stress granule protects mRNA through ribonucleases exclusion,"Linsen Pei, Yujia Xian, Xiaodan Yan",arXiv,2026-07-07,"Membraneless droplets formed through liquid-liquid phase separation (LLPS) play a crucial role in mRNA storage, enabling organisms to swiftly respond to environmental changes. However, the mechanisms underlying mRNA integration and protection within droplets remain unclear. Here, we unravel the role of bacterial aggresomes as stress granules (SGs) in safeguarding mRNA during stress. We discovered ",http://arxiv.org/abs/2404.17873v2,arXiv
"Hypolipidemic effect of brown seaweed (Sargassum crassifolium) extract in vivo (Study of histopathology, mRNA expression, and immunohistochemistry (IHC) with VCAM-1, ICAM-1, and MCP-1 parameters)","Sarah Zaidan, Syamsudin Abdillah, Nur Arfian",arXiv,2026-07-07,The purpose of this study was to obtain natural drugs from brown seaweed (Sargassum crassifolium) as antiatherosclerosis candidates through the study of hypolipidemic mechanisms of action. Modeling of dyslipidemia rats was carried out by feeding high-fat (HFF) and doses of crude fucoidan 100. 200. 400mg / KgBB. in both treatments measured blood lipid profile levels taken from the orbital sinuses. ,http://arxiv.org/abs/2402.07497v1,arXiv
Machine Learning Modeling Of SiRNA Structure-Potency Relationship With Applications Against Sars-Cov-2 Spike Gene,Damilola Oshunyinka,arXiv,2026-07-07,"The pharmaceutical Research and development (R&D) process is lengthy and costly, taking nearly a decade to bring a new drug to the market. However, advancements in biotechnology, computational methods, and machine learning algorithms have the potential to revolutionize drug discovery, speeding up the process and improving patient outcomes. The COVID-19 pandemic has further accelerated and deepened",http://arxiv.org/abs/2401.12232v1,arXiv
Messenger RNA Design via Expected Partition Function and Continuous Optimization,"Ning Dai, Wei Yu Tang, Tianshuo Zhou",arXiv,2026-07-07,"The tasks of designing RNAs are discrete optimization problems, and several versions of these problems are NP-hard. As an alternative to commonly used local search methods, we formulate these problems as continuous optimization and develop a general framework for this optimization based on a generalization of classical partition function which we call ""expected partition function"". The basic idea ",http://arxiv.org/abs/2401.00037v2,arXiv
Machine Learning-guided Lipid Nanoparticle Design for mRNA Delivery,"Daisy Yi Ding, Yuhui Zhang, Yuan Jia",arXiv,2026-07-07,"While RNA technologies hold immense therapeutic potential in a range of applications from vaccination to gene editing, the broad implementation of these technologies is hindered by the challenge of delivering these agents effectively. Lipid nanoparticles have emerged as one of the most widely used delivery agents, but their design optimization relies on laborious and costly experimental methods. W",http://arxiv.org/abs/2308.01402v2,arXiv
Corrected Hill Function in Stochastic Gene Regulatory Networks,"Manuel Eduardo Hernández-García, Jorge Velázquez-Castro",arXiv,2026-07-07,"Describing reaction rates in stochastic bio-circuits is commonly done by directly introducing the deterministically deduced Hill function into the master equation. However, when fluctuations in enzymatic reaction rates are not neglectable, the Hill function must be derived, considering all the involved stochastic reactions. In this work, we derived the stochastic version of the Hill function from ",http://arxiv.org/abs/2307.03057v4,arXiv
Stochastic dynamics and ribosome-RNAP interactions in Transcription-Translation Coupling,"Xiangting Li, Tom Chou",arXiv,2026-07-07,"Under certain cellular conditions, transcription and mRNA translation in prokaryotes appear to be ""coupled,"" in which the formation of mRNA transcript and production of its associated protein are temporally correlated. Such transcription-translation coupling (TTC) has been evoked as a mechanism that speeds up the overall process, provides protection during the transcription, and/or regulates the t",http://arxiv.org/abs/2207.04568v1,arXiv
Coronavirus RNA Sensor Using Single-Stranded DNA Bonded to Sub-Percolated Gold Films on Monolayer Graphene Field-Effect Transistors,"Nicholas E. Fuhr, Mohamed Azize, David J. Bishop",arXiv,2026-07-07,"Electrical detection of messenger ribonucleic acid (mRNA) is a promising approach to enhancing transcriptomics and disease diagnostics because of its sensitivity, rapidity, and modularity. Reported here is a fast SARS-CoV-2 mRNA biosensor (<1 minute) with a limit of detection of 1 aM, and dynamic range of 4 orders of magnitude and a linear sensitivity of 22 mV per molar decade. These figures of me",http://arxiv.org/abs/2205.05143v1,arXiv
Deep learning models for predicting RNA degradation via dual crowdsourcing,"Hannah K. Wayment-Steele, Wipapat Kladwang, Andrew M. Watkins",arXiv,2026-07-07,"Messenger RNA-based medicines hold immense potential, as evidenced by their rapid deployment as COVID-19 vaccines. However, worldwide distribution of mRNA molecules has been limited by their thermostability, which is fundamentally limited by the intrinsic instability of RNA molecules to a chemical degradation reaction called in-line hydrolysis. Predicting the degradation of an RNA molecule is a ke",http://arxiv.org/abs/2110.07531v2,arXiv
Coagulapathies after vaccination against SARS-CoV-2 may be derived from a combination effect of SARS-CoV-2 spike protein and adenovirus vector-triggered signaling pathways,Ralf Kircheis,arXiv,2026-07-07,"The novel coronavirus SARS-CoV-2 has resulted in a global pandemic with worldwide 6-digital infection rates and thousands death tolls daily. Enormeous effords are undertaken to achieve high coverage of immunization in order to reach herd immunity to stop spreading of SARS-CoV-2 infection. Several SARS-CoV-2 vaccines, based either on mRNA, viral vectors, or inactivated SARS-CoV-2 virus have been ap",http://arxiv.org/abs/2109.00089v1,arXiv
LncRNAs at the Crossroads of Breast Cancer Metastasis: Emerging Mechanisms and Therapeutic Prospects.,"Dey Arnab, Vagdevi Kuppa Sree, Singh Mohini","MicroRNA (Shariqah, United Arab Emirates)",2026-07-07,"Breast cancer metastasis is one of the leading causes of cancer-related mortality in women, which occurs through an intricate molecular network and cellular events. Over time, lncRNAs have emerged as an important regulator of metastatic progression. These RNAs affect important processes including EMT, ECM remodelling, angiogenesis, immune evasion, and can-cer stemness. LncRNAs regulate this proces",https://pubmed.ncbi.nlm.nih.gov/42411072/,PubMed
Developing and validating a SNARE-based prognostic model to forecast outcomes and immune microenvironment in lung squamous cell carcinoma.,"Chen Qingqing, Wang Jian, Wu Xiaoting",Medicine,2026-07-07,"SNARE-related genes (SRGs), which mediate membrane fusion events, play critical roles in the development and advancement of cancer. The aim of this research was to develop a prognostic signature based on SRGs for lung squamous cell carcinoma (LUSC) and assess the biological functions of associated SRGs. Transcriptomic and clinical data for LUSC were obtained from public databases. Least absolute s",https://pubmed.ncbi.nlm.nih.gov/42410787/,PubMed
Doublesex gene influences sex differentiation and embryonic development in predatory mite Phytoseiulus persimilis.,"Cheng Yuanyuan, Wang Zhenhui, Wang Endong",Pest management science,2026-07-07,"Phytoseiulus persimilis is an effective biocontrol agent characterized by paternal genome elimination (PGE), an unusual reproductive system in which males eliminate the paternal genome during embryogenesis. However, the molecular mechanism underlying sex determination and reproductive regulation in this species remain poorly understood. Transcriptome-based analyses identified two doublesex (dsx) h",https://pubmed.ncbi.nlm.nih.gov/42410731/,PubMed
Sec8 and Myo15 regulate epidermal chitin synthase localization and cuticular chitin biosynthesis.,"Zhu Weixing, Beck Marius, Merzendorfer Hans",Insect biochemistry and molecular biology,2026-07-07,"Chitin synthase 1 (Chs1) is an integral membrane β-1,4-glycosyltransferase that catalyzes chitin biosynthesis, which is essential for insect cuticle formation. Proper localization of Chs1 to the apical plasma membrane of epidermal cells is critical for chitin deposition in the cuticle; however, the mechanisms regulating this localization remain unclear. Here, using TurboID-based proximity biotinyl",https://pubmed.ncbi.nlm.nih.gov/42409082/,PubMed
"Nonstandard viral genomes as engines of viral evolution: ecological roles, evolutionary consequences, and insights from mathematical modeling.","Elena Santiago F, Hillung Julia, Tomás Lázaro J",Current opinion in virology,2026-07-07,"Nonstandard viral genomes (nsVGs) are heritable viral genomic forms that differ from the canonical full-length genome through structural rearrangements such as deletions, duplications, copy-back/snap-back structures, or recombination. This definition is genomic rather than functional: some nsVGs are defective, some interfere with helper virus replication, and others may be neutral, conditionally b",https://pubmed.ncbi.nlm.nih.gov/42407226/,PubMed
Genetic Biosensor for Optimizing Double-Stranded RNA Production by Bacteria.,"Navarro-Escalante Lucio, VanDieren Anthony J, Barrick Jeffrey E",ACS synthetic biology,2026-07-07,Bacteria can be engineered to produce double-stranded RNA (dsRNA) molecules that induce a targeted RNA interference (RNAi) response in plants and animals for applications ranging from pest control to functional genomics. We developed a genetically encoded sensor that uses bimolecular fluorescence complementation to report relative dsRNA levels within bacterial cells. We tested sensor designs consi,https://pubmed.ncbi.nlm.nih.gov/42406466/,PubMed
Mechanistic insights into transcriptional regulation of ARHGAP36 expression identify a factor predictive of neuroblastoma survival.,"Havrylov Serhiy, Gamper Armin M, Lehmann Ordan J",eLife,2026-07-07,"Cancer repeatedly exploits attributes fundamental for morphogenesis to advance malignancy and metastasis. This is illustrated by lineage-specific transcription factors that regulate neural crest migration, representing frequent drivers of malignancy. One such example is the ",https://pubmed.ncbi.nlm.nih.gov/42405753/,PubMed
"Transcriptomic resources and functional validation of RNAi in the cabbage seedpod weevil, Ceutorhynchus obstrictus.","Sabnis Apurva Vikas, Kallavus Triin, Avila Dos Santos Éricmar",Pest management science,2026-07-07,"The cabbage seedpod weevil (CSW) (Ceutorhynchus obstrictus) is a major pest of oilseed rape (Brassica napus). Current management depends heavily on broad-spectrum synthetic insecticides due to limited effectiveness of alternative methods. However, this reliance is becoming unsustainable as regulatory withdrawals reduce available active ingredients and resistance diminishes their efficacy, highligh",https://pubmed.ncbi.nlm.nih.gov/42402756/,PubMed
Inverse co-variation of circulating PIWIL2 and PIWIL4 in gastric adenocarcinoma: an exploratory ELISA-based study.,"Abuladze Mariam, Kekelia Elene, Cree Ian Alexander",Clinical proteomics,2026-07-07,"Gastric cancer is characterized by substantial molecular heterogeneity, and RNA-mediated regulatory mechanisms may contribute to its biological complexity. PIWI-family proteins are central components of the PIWI-interacting RNA pathway, but their circulating patterns in gastric adenocarcinoma remain insufficiently characterized. This study aimed to describe circulating PIWIL1, PIWIL2, and PIWIL4 p",https://pubmed.ncbi.nlm.nih.gov/42402549/,PubMed
A receptor-Fc based SFV replicon Trim-Away platform for targeted viral protein degradation.,"Han Yiming, Dong Qisheng, Tian Zhen",Virology journal,2026-07-07,"Developing effective antiviral strategies is urgently needed during global viral pandemics. Traditional approaches, including small-molecule inhibitors, neutralizing antibodies, and RNA interference (RNAi), often face challenges such as drug resistance, limited specificity, and inefficient delivery. These limitations highlight the pressing need for innovative strategies focused on the targeted deg",https://pubmed.ncbi.nlm.nih.gov/42401976/,PubMed
Integrated comparative genomic and transcriptomic analysis reveals a wsv249 mutation drives enhanced pathogenicity in white spot syndrome virus.,"Puttirungroj Pattama, Kawato Satoshi, Mwamburi Samuel Mwakisha",Scientific reports,2026-07-07,"Despite causing catastrophic losses across shrimp-farming regions worldwide, the molecular determinants that drive virulence differences among WSSV isolates remain poorly understood. Despite the remarkable conservation of WSSV genomes, outbreaks frequently exhibit differences in virulence among virus isolates. However, the molecular determinants underlying these differences remain unclear. This st",https://pubmed.ncbi.nlm.nih.gov/42401682/,PubMed
Zmlaccase2 is essential for cuticle pigmentation and development in the edible beetle Zophobas morio.,"Cheng Yumeng, Liang Xiaofang, Dai Huiling",International journal of biological macromolecules,2026-07-07,"Laccase2 is a multicopper oxidase that plays a central role in insect cuticle tanning and sclerotization, yet its molecular characteristics and biological functions remain poorly understood in the edible beetle superworm Zophobas morio. In this study, the laccase2 homolog, Zmlaccase2, was identified and functionally characterized in Z. morio. Sequence analysis revealed conserved multicopper oxidas",https://pubmed.ncbi.nlm.nih.gov/42401413/,PubMed
Knockdown of Chimeric RNA by RNAi.,"Cheng Liang, Lu XiaoLe, Yang Chenwei","Methods in molecular biology (Clifton, N.J.)",2026-07-07,Knockdown experiments are commonly employed to examine the functions of a gene of interest. A group of well-known techniques known as RNA interference (RNAi) is used to lower the expression of a target gene by using short hairpin RNAs (shRNAs) or short interfering RNAs (siRNAs) to degrade the target gene's mRNA. The issues associated with chimeric RNA knockdown differ from those associated with tr,https://pubmed.ncbi.nlm.nih.gov/42400796/,PubMed
Antisense Oligonucleotide-Mediated Chimeric RNA Knockdown.,"Tajammal Anam, Do Katie, Li Hui","Methods in molecular biology (Clifton, N.J.)",2026-07-07,"Knockdown assays aim to silence the expression of a target gene. By reducing expression of a gene, researchers can investigate the gene's function in biological processes. Common knockdown assays use RNA interference (RNAi) to reduce gene expression by degrading its mRNA. However, RNAi requires the use of double-stranded RNA to target mature mRNA transcripts. Antisense oligonucleotides (ASO) offer",https://pubmed.ncbi.nlm.nih.gov/42400795/,PubMed
"[The role of miRNAs in the pathogenesis, diagnosis, and personalized therapy of glioblastoma multiforme].",Bielecka-Wajdman Anna,Postepy biochemii,2026-07-07,"Glioblastoma multiforme (GBM) is a malignant, hypercellular, and invasive brain tumor characterized by high mortality and recurrence. Their strong heterogeneity, mitotic activity, microvascular proliferation, and foci of necrosis induce therapeutic resistance, resulting in a 5-year survival rate of only 5% in patients diagnosed with glioblastoma. Therefore, it is necessary to identify new targets ",https://pubmed.ncbi.nlm.nih.gov/42400430/,PubMed
How Do DICER1 Syndrome Mutations Disrupt Catalysis? Unveiling Dicer Metal Binding Architecture and Mechanism of Action Using MD Simulations and QM/MM Calculations.,"Nikkel Dylan J, Wetmore Stacey D",Journal of computational chemistry,2026-07-07,"The RNA interference (RNAi) pathway regulates gene expression and viral defense and has been harnessed in therapeutic solutions to inhibit otherwise undruggable proteins by preventing translation. Dicer initiates RNAi by generating cleaved RNA products that bind to a target mRNA to promote gene silencing. Mutations to the Dicer catalytic domain cause DICER1 syndrome, which increases the risk of ca",https://pubmed.ncbi.nlm.nih.gov/42400226/,PubMed
A hypofunctional PREX1 variant (p.Y191C) leads to neurodevelopmental abnormalities and epilepsy by attenuating RAC1 signaling.,"Nishikawa Masashi, Uchiyama Yuri, Nakamura Kazuyuki",Scientific reports,2026-07-07,"The RAC subfamily of Rho family small GTPases plays a crucial role in neurodevelopment by regulating cellular signaling pathways and the actin cytoskeleton. The activity of RAC is controlled by guanine nucleotide exchange factors (GEFs), which facilitate the transition from an inactive GDP-bound form to an active GTP-bound form. A novel de novo variant, NM_020820.4:c.572 A > G p.(Y191C), was ident",https://pubmed.ncbi.nlm.nih.gov/42399407/,PubMed
Progress in siRNA nucleic acid therapeutics and challenges in their application to cancer treatment.,Ui-Tei Kumiko,Japanese journal of clinical oncology,2026-07-07,"Small interfering RNA (siRNA) therapeutics have emerged as a promising class of nucleic acid-based medicines that selectively suppress the expression of disease-associated genes by targeting messenger RNAs (mRNAs). Unlike conventional small-molecule drugs and antibody therapeutics, which primarily act on proteins, siRNAs function at the mRNA level through the mechanism of RNA interference (RNAi), ",https://pubmed.ncbi.nlm.nih.gov/42398059/,PubMed
Genome-wide atlas of lncRNAs in Mucorales reveals conserved regulators essential for fungal viability and development.,"Tahiri Ghizlane, Hovhannisyan Hrant, Lax Carlos",Cell reports,2026-07-07,"Long non-coding RNAs (lncRNAs) are key regulators across eukaryotes, yet their functions in non-Dikarya fungal pathogens remain largely unexplored. Here, we provide a comprehensive identification and characterization of lncRNAs in the non-Dikarya fungal order Mucorales, a WHO high-priority group of opportunistic human pathogens. Using Mucor lusitanicus and the clinically relevant pathogen Rhizopus",https://pubmed.ncbi.nlm.nih.gov/42397739/,PubMed
Bridging two hosts: how intracellular environments shape flaviviral infection.,"Umashankar Pavithra, Shivaprasad Shwetha",mBio,2026-07-07,"Mosquito-borne flaviviruses replicate in physiologically and biochemically distinct host environments in humans and mosquitoes, providing a unique window into conserved and host-specific mechanisms shaping viral infection efficiencies and outcomes. This review focuses specifically on intracellular factors, including proteins, metabolites, innate immune effectors, and stress sensors in human and mo",https://pubmed.ncbi.nlm.nih.gov/42397178/,PubMed
Bayesian Sampling of Structural Ensembles: The Role of Ensemble-Counting Measures,"Ivan Gilardoni, Giovanni Bussi",arXiv,2026-07-07,"Structural ensemble refinement is widely used to integrate molecular simulations with experimental measurements. While most applications focus on the maximum-a-posteriori (MAP) ensemble, Bayesian sampling of the posterior distribution can provide uncertainty estimates and posterior averages for arbitrary observables. A notable step in this direction was introduced by the Bayesian Energy Landscape ",http://arxiv.org/abs/2606.18495v1,arXiv
MultiMolecule: a modular ecosystem for biomolecular sequence-model workflows,Zhiyuan Chen,arXiv,2026-07-07,"Biomolecular sequence models are increasingly reused outside the studies in which they were introduced, but public checkpoints rarely preserve the execution context needed to inspect source-defined behavior, adapt models to new assays, compare models under shared task definitions or deploy biological predictions. MultiMolecule is an open-source Python ecosystem that turns heterogeneous RNA, DNA an",http://arxiv.org/abs/2606.16540v1,arXiv
The Montparnasse Algorithm for RNA Design,Tristan Cazenave,arXiv,2026-07-07,"RNA design consists of discovering a nucleotide sequence that optimizes predefined criteria, such as secondary structure. It is useful for synthetic biology, medicine, and nanotechnology. We propose Montparnasse, a Monte Carlo search framework based on Generalized Nested Rollout Policy Adaptation, augmented with a problem-specific prior, slow and long adaptation at level 1, and a lexicographic mul",http://arxiv.org/abs/2606.07562v1,arXiv
Multimodal Alignment and Preference Optimization for Zero-Shot Conditional RNA Generation,"Roman Klypa, Alberto Bietti, Sergei Grudinin",arXiv,2026-07-07,"The design of RNA molecules that interact with specific proteins is a critical challenge in experimental and computational biology. Despite recent progress in natural language modeling and deep learning-based protein design, there remains significant room to improve the frequency of successful interactions and the authenticity of generated sequences for functional applications. In this work, we fr",http://arxiv.org/abs/2605.23961v1,arXiv
"GoForth: Language Models for RNA Design under Structure, Sequence, and Coding Constraints",Michael Lindsey,arXiv,2026-07-07,"RNA inverse sequence design has broad biological and engineering applications, but computational methods for practical design queries remain limited. Such queries may impose several constraints at once, including target folds or motifs, fixed bases, and coding restrictions, while leaving arbitrary sequence and structure in unspecified regions. Because these constraints may permit many acceptable s",http://arxiv.org/abs/2605.07608v1,arXiv
Bayesian Rate Inference for Sequence Motif Dynamics in Systems of Reactive Nucleic Acids,"Johannes Harth-Kitzerow, Ulrich Gerland, Torsten A. Enßlin",arXiv,2026-07-07,"The RNA world hypothesis suggests a pathway of how life emerged on early earth. It assumes that life started with RNA based systems, capable of storing, transmitting and replicating information, envisioning that monomers and short RNA oligomers interact to form longer strands, eventually becoming catalytically active ribozymes. Key reactions in RNA pools are hybridization, dehybridization, templat",http://arxiv.org/abs/2604.25701v2,arXiv
VARIANT: Web Server for Decoding and Analyzing Viral Mutations at Genome and Protein Levels,"Rui Wang, Xuhang Dai, Xin Cao",arXiv,2026-07-07,"A comprehensive analysis of viral mutations is essential for understanding viral evolution, disease epidemiology, diagnosis, drug resistance, etc. However, challenges remain in capturing complex mutation patterns and supporting diverse viral families with varying genome architectures. To address these needs, we present VARIANT, an web server for mutational analysis of RNA viral genomes and associa",http://arxiv.org/abs/2604.20942v1,arXiv
Interfacial Potential Transduction for Diagnostics,"Hyun-June Jang, Peuli Nath, Yuqin Wang",arXiv,2026-07-07,"A major barrier to decentralized, near-patient diagnostics is the lack of a signal transduction modality that is both analytically precise and accessible at the point of care. Optical readouts remain instrument-dependent and difficult to miniaturize, while compact electrochemical readouts are prone to matrix-derived signal distortion, limiting their biomarker coverage in real clinical settings. He",http://arxiv.org/abs/2603.23775v1,arXiv
ZeroFold: Protein-RNA Binding Affinity Predictions from Pre-Structural Embeddings,"Josef Hanke, Sebastian Pujalte Ojeda, Shengyu Zhang",arXiv,2026-07-07,"The accurate prediction of protein-RNA binding affinity remains an unsolved problem in structural biology, limiting opportunities in understanding gene regulation and designing RNA-targeting therapeutics. A central obstacle is the structural flexibility of RNA, as, unlike proteins, RNA molecules exist as dynamic conformational ensembles. Thus, committing to a single predicted structure discards in",http://arxiv.org/abs/2603.23583v1,arXiv
Computational modeling of RNA-protein binding interactions under an external force,"Danielle Wampler, Ralf Bundschuh",arXiv,2026-07-07,"RNA binding proteins play a crucial role in post-transcriptional gene regulation by controlling the transport, processing, and translation of their target RNAs. Post-transcriptional gene regulation leads to the differential expression of genetic material and loss of regulation or over-regulation relates to a large range of cancers and diseases - many of which have directly been associated with RNA",http://arxiv.org/abs/2603.22269v1,arXiv
Fair splits flip the leaderboard: CHANRG reveals limited generalization in RNA secondary-structure prediction,"Zhiyuan Chen, Zhenfeng Deng, Pan Deng",arXiv,2026-07-07,"Accurate prediction of RNA secondary structure underpins transcriptome annotation, mechanistic analysis of non-coding RNAs, and RNA therapeutic design. Recent gains from deep learning and RNA foundation models are difficult to interpret because current benchmarks may overestimate generalization across RNA families. We present the Comprehensive Hierarchical Annotation of Non-coding RNA Groups (CHAN",http://arxiv.org/abs/2603.22330v1,arXiv
Reverse Distillation: Consistently Scaling Protein Language Model Representations,"Darius Catrina, Christian Bepler, Samuel Sledzieski",arXiv,2026-07-07,"Unlike the predictable scaling laws in natural language processing and computer vision, protein language models (PLMs) scale poorly: for many tasks, models within the same family plateau or even decrease in performance, with mid-sized models often outperforming the largest in the family. We introduce Reverse Distillation, a principled framework that decomposes large PLM representations into orthog",http://arxiv.org/abs/2603.07710v1,arXiv
Fast and Versatile RNA Design via Motif-level Divide-and-Conquer and Structure-level Rival Search,"Tianshuo Zhou, David H. Mathews, Liang Huang",arXiv,2026-07-07,"RNA design aims to identify RNA sequences that fold into a target secondary structure. This task is challenging in terms of computational efficiency. Most existing methods focus on either minimum free energy (MFE)-based or ensemble-based metrics, leaving a gap for a unified approach that performs well across both. We introduce a fast and versatile RNA design algorithm inspired by our previous work",http://arxiv.org/abs/2603.02283v1,arXiv
CryoNet.Refine: A One-step Diffusion Model for Rapid Refinement of Structural Models with Cryo-EM Density Map Restraints,"Fuyao Huang, Xiaozhu Yu, Kui Xu",arXiv,2026-07-07,"High-resolution structure determination by cryo-electron microscopy (cryo-EM) requires the accurate fitting of an atomic model into an experimental density map. Traditional refinement pipelines such as Phenix.real_space_refine and Rosetta are computationally expensive, demand extensive manual tuning, and present a significant bottleneck for researchers. We present CryoNet.Refine, an end-to-end dee",http://arxiv.org/abs/2602.22263v2,arXiv
CPTCs Drive Somatic-Visceral Communication via the Wnt Axis in Somatic Mechanotherapy: A Single-Cell Deep Learning Study,"Haixiang Huang, Zhenwei Zhang, BingBing Shen",arXiv,2026-07-07,"Somatic mechanical stimulation (e.g., acupuncture) exerts systemic immunomodulatory effects, yet the cellular bridge translating peripheral physical force into visceral repair remains elusive. Here, employing a custom interpretable deep learning framework (CARSS) on single-cell RNA sequencing data, we identify CD34$^{+}$PDGFR$α$$^{+}$ telocytes (CPTCs) as the primary mechanosensors in both fascia ",http://arxiv.org/abs/2602.05451v2,arXiv
Tensor-DTI: Enhancing Biomolecular Interaction Prediction with Contrastive Embedding Learning,"Manel Gil-Sorribes, Júlia Vilalta-Mor, Isaac Filella-Mercè",arXiv,2026-07-07,"Accurate drug-target interaction (DTI) prediction is essential for computational drug discovery, yet existing models often rely on single-modality predefined molecular descriptors or sequence-based embeddings with limited representativeness. We propose Tensor-DTI, a contrastive learning framework that integrates multimodal embeddings from molecular graphs, protein language models, and binding-site",http://arxiv.org/abs/2601.05792v1,arXiv
MERGE-RNA: a physics-based model to predict RNA secondary structure ensembles with chemical probing,"Giuseppe Sacco, Jianhui Li, Redmond P. Smyth",arXiv,2026-07-07,"RNA function is tied to secondary structure, operating through dynamic and heterogeneous structural ensembles. While current analysis tools typically output single static structures or averaged contact maps, chemical probing methods like DMS capture nucleotide-resolution signals representing the full structural ensemble, which remain difficult to interpret structurally. To address this, we present",http://arxiv.org/abs/2512.20581v3,arXiv
Methods for Analyzing RNA Pseudoknots via Chord Diagrams and Intersection Graphs,"Rayan Ibrahim, Allison H. Moore",arXiv,2026-07-07,"RNA molecules are known to form complex secondary structures including pseudoknots. A systematic framework for the enumeration, classification and prediction of secondary structures is critical to determine the biological significance of the molecular configurations of RNA. Chord diagrams are mathematical objects widely used to represent RNA secondary structures and to analyze structural motifs, h",http://arxiv.org/abs/2512.19939v1,arXiv
Machine learning for RNA-targeting drug design,"Wissam Karroucha, Carlos Oliver, Veronique Stoven",arXiv,2026-07-07,"Targeting RNA with small molecules offers significant therapeutic potential.
  Machine learning could substantially accelerate preclinical drug discovery, from hit identification to lead optimization.
  Yet a fundamental limitation emerges: drug design machine learning models, tailored for proteins, are not readily applicable to RNAs because of fundamental differences between RNAs and proteins in ",http://arxiv.org/abs/2512.15645v1,arXiv
LncRNA Mirt2 Attenuates Osteoarthritis Progression by Promoting miR-429/TBK1-Mediated Autophagy.,"Zhang Jian-Xin, Li Zheng, Yang Ping","Immunity, inflammation and disease",2026-07-07,"Osteoarthritis (OA) is a chronic and degenerative joint disorder that is prevalent in middle-aged and older populations. While several long non-coding RNAs (lncRNAs) have been implicated in OA progression, the role of lncRNA Mirt2 and its regulatory mechanisms remain unclear. The expression of lncRNA Mirt2, miR-429, and TANK-binding kinase 1 (TBK1) was detected using qRT-PCR in normal and OA carti",https://pubmed.ncbi.nlm.nih.gov/42411048/,PubMed
Placental defects revealed by modelling PWS in mice.,"Webberley Anna E, Boque-Sastre Raquel, Bailey Lauren",Disease models & mechanisms,2026-07-07,"The neurodevelopmental disorder Prader-Willi syndrome (PWS) is caused by loss of paternally-derived gene expression from the imprinted interval on chromosome 15q11-q13. Recently, it has been suggested that the abnormal feeding-related behaviours characteristic of PWS may, in part, be developmentally programmed in utero via abnormal placental function. Here we report that several PWS-genes are expr",https://pubmed.ncbi.nlm.nih.gov/42411013/,PubMed
Identification of differentially expressed lncRNAs in different daily weight gains of Jiangquan black pigs and functional analysis of LOC100518120.,"Huang Jingsen, Cao Hongzhen, Jin Xinlin",BMC genomics,2026-07-07,"Jiangquan black pig is a novel breed under development, characterized by rapid growth, high-quality meat, strong stress resistance, and high reproductive performance. However, the molecular mechanisms underpinning their muscle development remain poorly characterized. To address this gap, we conducted whole-transcriptome RNA-seq on longissimus dorsi muscle samples from Jiangquan black pigs with div",https://pubmed.ncbi.nlm.nih.gov/42410520/,PubMed
LMNTD2-AS1 promotes esophageal squamous cell carcinoma progression by sponging miR-449b-5p to upregulate MYCN.,"Wusiman Rukeyeguli, Chang Zhenhong, Yang Feng",World journal of surgical oncology,2026-07-07,"Esophageal squamous cell carcinoma (ESCC) remains a significant part of the global health burden, increasing the need to make its molecular basis clear in regard to therapeutic development. This study focuses on the long non-coding RNA LMNTD2-AS1 and its regulatory network in ESCC. The expression level of LMNTD2-AS1 in clinical specimens and selected cell lines was quantified using quantitative RT",https://pubmed.ncbi.nlm.nih.gov/42410452/,PubMed
Functional CRISPR screens reveal TPL1 lncRNA as a regulator of triple-negative breast cancer hallmarks.,"Elango Ramesh, Ramnarayanan Sunandini, Vishnubalaji Radhakrishnan",Journal of advanced research,2026-07-07,"Despite the rapidly expanding catalog of long noncoding RNAs (lncRNAs), the functional roles of most remain poorly characterized in cancer. In triple-negative breast cancer (TNBC), an aggressive subtype with limited targeted treatment options, defining lncRNA-associated molecular mechanisms could uncover novel therapeutic vulnerabilities. This study aimed to systematically identify TNBC-enriched l",https://pubmed.ncbi.nlm.nih.gov/42409165/,PubMed
Association of Serum lncRNA CASC11 with Injury Severity and Inflammation in Spinal Cord Injury.,"Hu Xueyan, Wang Lili, Ji Yuhui",Journal of visualized experiments : JoVE,2026-07-07,"Spinal cord injury (SCI) is a severe central nervous system trauma. This single-center, observational and in vitro study investigated the diagnostic potential of CASC11 and its possible regulatory mechanism in SCI using clinical serum samples and lipopolysaccharide-stimulated cell models. CASC11, miR-130b-5p, and SPP1 levels were measured by real-time quantitative polymerase chain reaction (RT-qPC",https://pubmed.ncbi.nlm.nih.gov/42406829/,PubMed
Unraveling the Exosome-Derived ceRNA Network of Cartilage Injury in Kashin-Beck Disease Chondrocytes.,"Wang Chaowei, Bai Lulu, Cui Liangyu",Biological trace element research,2026-07-07,This study sought to develop and validate an exosome-derived competitive endogenous RNA (ceRNA) regulatory network in chondrocytes impacted by Kashin-Beck disease (KBD) and to elucidate its functional implications in selenium deficiency-induced cartilage damage. Exosomes were isolated from the chondrocytes of KBD patients (n = 3) and matched healthy controls (n = 3). Exosomal RNA microarrays and h,https://pubmed.ncbi.nlm.nih.gov/42406332/,PubMed
Integrated proteomic profiling and in silico miRNA and lncRNA analysis of glucose-capped fisetin silver nanoparticle-mediated cell proliferation arrest in breast cancer.,"Subhalakshmi K, Veeraraghavan Vishnu Priya, Sivagnanam Ananthi",3 Biotech,2026-07-07,"Breast cancer remains the most common cancer among women and a major cause of mortality. Fisetin, a natural compound, has demonstrated anti-cancer activity, but its limited bioavailability reduces its therapeutic effect. To overcome this, glucose-capped fisetin silver nanoparticles (GF-Ag NPs) were synthesised, and their significant impact on the MDA-MB-231 breast cancer cell line is reported. Thi",https://pubmed.ncbi.nlm.nih.gov/42404972/,PubMed
"Extracellular Vesicle-Associated Non-Coding RNAs in Preeclampsia: Mechanistic Insights, Biomarker Discovery, and Emerging Nanomedicine Concepts.","Zhang Zhongsong, Du Jiahui, Chen Tianze",International journal of nanomedicine,2026-07-07,"Preeclampsia (PE) is a complex multisystem disorder that affects 2-8% of pregnancies worldwide and poses substantial risks to maternal and fetal health. Current diagnostic approaches rely largely on clinical signs and angiogenic biomarkers, and available treatments remain primarily supportive; they do not directly reverse the placental or systemic mechanisms that drive the disease. Extracellular v",https://pubmed.ncbi.nlm.nih.gov/42403533/,PubMed
Analysis of Circulating Long Non-Coding RNA in Prediabetes or Newly Diagnosed Type 2 Diabetes Subjects With or Without Heart Stress.,"Di Giacomo Barbagallo Francesco, Bosco Giosiana, Lanzafame Lorena",Diabetes/metabolism research and reviews,2026-07-07,Early myocardial stress may develop in subjects with prediabetes or newly diagnosed type 2 diabetes (T2D) even in the absence of overt heart failure. We aimed to evaluate circulating lncRNAs in prediabetes or newly diagnosed T2D subjects. We conducted a cross-sectional study on 133 subjects with prediabetes or newly diagnosed T2D without a history of cardiovascular disease. All participants underw,https://pubmed.ncbi.nlm.nih.gov/42403333/,PubMed
Coding and Noncoding Uterine Small Extracellular Vesicle Content Differs in the Early Stages of Pregnancies Produced by Artificial Insemination and In Vitro Fertilization in Cattle.,"Furlan Amanda de Oliveira, Bridi Alessandra, Drum Jéssica Nora",Molecular reproduction and development,2026-07-07,"Establishing a successful pregnancy relies on effective communication between the mother and fetus. Small extracellular vesicles (sEVs) are pivotal in facilitating intercellular communication, transferring messenger RNA (mRNA), noncoding RNA (ncRNA), and proteins. Considering the prevalence of in vitro fertilization (IVF) in bovine production, despite its lower birth rate, we aimed to evaluate whe",https://pubmed.ncbi.nlm.nih.gov/42403257/,PubMed
The roles and clinical significance of LINC01140 in human cancers in the real world.,"Men Wen-Jing, Wen Xiang-Sheng",Cell division,2026-07-07,"Carcinogenic factors facilitate cell carcinogenesis and the progression of cancer. In contrast, tumor suppressor factors inhibit abnormal cell proliferation and cancer development. Accumulating evidence indicates that long non-coding RNAs (lncRNAs) can either suppress or promote cancer initiation and progression. LINC01140, a recently identified lncRNA, exhibits abnormal expression in cancerous ti",https://pubmed.ncbi.nlm.nih.gov/42402584/,PubMed
A Cattle BodyMap of Transcriptome across 52 Tissues and 3 Developmental Stages Reveals New Genetic Insights into Beef Production Traits.,"Cai Wentao, Zhang Yapeng, Xu Lei","Genomics, proteomics & bioinformatics",2026-07-07,"Cattle are important livestock that provide essential meat and milk resources. However, a comprehensive analysis of gene expression, alternative splicing (AS), and RNA editing across various organs and developmental stages in cattle has not been reported. This study aims to create a comprehensive transcriptomic BodyMap across various tissues and developmental stages, integrating this information i",https://pubmed.ncbi.nlm.nih.gov/42402208/,PubMed
LINC00324 induces nucleus pulposus cell apoptosis in intervertebral disc degeneration via miR-143-3p targeted TRAIL/DR4/DR5 axis.,"Zhang Jialin, Zhao Min, Shan Zewei",Biology direct,2026-07-07,"Intervertebral disc degeneration (IDD) serves as a predominant pathogenic driver of spinal degenerative diseases and low back pain. Long non-coding RNAs (lncRNAs) have emerged as important regulators involved in the pathogenesis of IDD. Despite this, the specific contributions of LINC00324, a particular lncRNA, to the advancement of IDD are not yet well understood. The study seeks to elucidate the",https://pubmed.ncbi.nlm.nih.gov/42401954/,PubMed
PTGIS inhibited osteogenic and promoted angiogenic differentiation of bone marrow mesenchymal stem cells via endoplasmic reticulum stress mediated PI3K/AKT signaling.,"Bao Han, Wang Jiaohong, Yang Haoqing",Stem cell research & therapy,2026-07-07,"Mesenchymal stem cells (MSCs) play a key role in ectopic mineralization. Effective treatment requires both inhibiting pathological calcification and promoting vessel growth. While prostacyclin synthase (PTGIS) is critical for vascular health, its role in regulating osteogenic and angiogenic differentiation in MSCs remains unclear. Following PTGIS modulation in bone marrow mesenchymal stem cells (B",https://pubmed.ncbi.nlm.nih.gov/42401884/,PubMed
Hyaluronic acid-functionalized Fe,"Daghari Maryam, Salehzadeh Ali, Pourahmad Afshin",Scientific reports,2026-07-07,"Hepatocellular carcinoma (HCC) is a leading cause of cancer-related death worldwide. Targeting cancer cells using functionalized nanoparticles has gained attention. In this study, the anticancer potential of Iron oxide NPs functionalized with Glucose and co-conjugated with Hyaluronic acid and trans-Chalcone (Fe",https://pubmed.ncbi.nlm.nih.gov/42401688/,PubMed
"Integrative analysis of circ_DLGAP4, lncRNA KCNQ1OT1, and the miR-9/SOX7 interaction network in chronic kidney disease progression: a case-control study.","El Samaloty Nourhan M, Senousy Mahmoud A, Sabry Sarah",Functional & integrative genomics,2026-07-07,"Timely recognition and monitoring of chronic kidney disease (CKD) is critical for improving patient outcomes. Non-coding RNAs (ncRNAs) are implicated in CKD pathophysiology. However, their clinical translation, particularly in patients on maintenance hemodialysis (MHD), and their association with erythropoiesis-stimulating agent (ESA) resistance remain under-investigated. This case-control study e",https://pubmed.ncbi.nlm.nih.gov/42400831/,PubMed
An Evaluation on the Role of Non-Coding RNA in HIV Transcription and Latency: A Review,Xiangshuai Liu,arXiv,2026-07-07,"The existence of latent cellular reservoirs is recognized as the major barrier to an HIV cure. Reactivating and eliminating ""shock and kill"" or permanently silencing ""block and lock"" the latent HIV reservoir, as well as gene editing, remain promising approaches, but so far have proven to be only partially successful. Moreover, using latency reversing agents or ""block and lock"" drugs pose additiona",http://arxiv.org/abs/2502.06107v1,arXiv
"Blood-derived lncRNAs as potential biomarkers for early cancer diagnosis: The Good, the Bad and the Beauty","Cedric Badowski, Bing He, Lana X Garmire",arXiv,2026-07-07,Cancer ranks as one of the deadliest diseases worldwide. The high mortality rate associated with cancer is partially due to the lack of reliable early detection methods and/or inaccurate diagnostic tools such as certain protein biomarkers. Cell-free nucleic acids (cfNA) such as circulating long non-coding RNAs (lncRNAs) have recently been proposed as a new class of potential biomarkers that could ,http://arxiv.org/abs/2109.11746v1,arXiv
BPPart and BPMax: RNA-RNA Interaction Partition Function and Structure Prediction for the Base Pair Counting Model,"Ali Ebrahimpour-Boroojeny, Sanjay Rajopadhye, Hamidreza Chitsaz",arXiv,2026-07-07,"RNA-RNA interaction (RRI) is ubiquitous and has complex roles in the cellular functions. In human health studies, miRNA-target and lncRNAs are among an elite class of RRIs that have been extensively studied. Bacterial ncRNA-target and RNA interference are other classes of RRIs that have received significant attention. In recent studies, mRNA-mRNA interaction instances have been observed, where bot",http://arxiv.org/abs/1904.01235v2,arXiv
CD4-directed nanoblades enable selective genome editing in CD4,"Van Cleemput Jolien, De Cock Maaike, Verbeek Rianne",EMBO molecular medicine,2026-07-07,"Current antiretroviral therapies suppress HIV replication but fail to eliminate integrated proviral DNA in long-lived CD4⁺ cells, precluding a cure. CRISPR-Cas9 offers potential for HIV eradication but efficient and cell-specific delivery into HIV target cells remains a major hurdle. We developed CD4-directed Nanoblades (CD4-NBs), murine leukemia virus-like particles pseudotyped with anti-CD4 nano",https://pubmed.ncbi.nlm.nih.gov/42410265/,PubMed
Efficient CRISPR-Cas9 delivery and transgene-free multiplex genome editing in plants using cymbidium mosaic virus-derived vectors.,"Huang Ying-Wen, Hu Chung-Chi, Cho Yu-Hsiu",The Plant journal : for cell and molecular biology,2026-07-07,"Virus-induced genome editing (VIGE) has become a useful method by enabling transient delivery of gene-editing reagents; however, many viral systems face limitations in cargo size, host range, or reliance on transgenic Cas9-expressing plants. In this study, we developed a cymbidium mosaic virus (CymMV)-based VIGE platform that enables simultaneous expression of Streptococcus pyogenes Cas9 (SpCas9) ",https://pubmed.ncbi.nlm.nih.gov/42409605/,PubMed
"In vivo transduction of CAR T cells: Pharmacological principles, delivery platforms, and the road to clinical translation.",Gill Saar I,"Advances in pharmacology (San Diego, Calif.)",2026-07-07,"Chimeric antigen receptor (CAR) T cell therapy has fundamentally altered the treatment landscape for hematological malignancies, yet the autologous ex vivo manufacturing process that underpins commercially available products imposes severe constraints on access, scalability, and cost. In vivo CAR T cell generation can be achieved by direct systemic administration of gene delivery vehicles engineer",https://pubmed.ncbi.nlm.nih.gov/42409473/,PubMed
Transient T cell therapies.,"Xiao Yudian, Bai Mingliang, Ang Melgious Jin Yan","Advances in pharmacology (San Diego, Calif.)",2026-07-07,"Chimeric antigen receptor (CAR) T cell therapy has achieved clinical success in hematological malignancies, but its reliance on viral vectors and complex ex vivo manufacturing poses challenges related to safety, cost, and scalability. Next-generation strategies, including universal (""off-the-shelf"") and in vivo CAR-T cell therapies, have emerged to address these limitations. The latter strategy em",https://pubmed.ncbi.nlm.nih.gov/42409472/,PubMed
METTL3-Mediated m,"Zhai Yanbin, Wang Xiaofei, Guo Wanli",Experimental cell research,2026-07-07,"Keloids are pathological scars characterized by excessive collagen deposition and fibroblast hyperactivity, yet effective therapies remain limited due to incomplete understanding of their molecular drivers. Emerging evidence implicates N",https://pubmed.ncbi.nlm.nih.gov/42409157/,PubMed
Safeguarding nanovesicles and their payload: A framework for stable storage.,"Kachanov Artyom, Brezgin Sergey, Kostyusheva Anastasiya","Colloids and surfaces. B, Biointerfaces",2026-07-07,"Recent advances in biomedical science have shifted therapeutic strategies toward biologics, nucleic acid-based medicines, and precision gene regulation, demanding equally sophisticated delivery and preservation vehicles. This shift is epitomized by the breakthrough of RNA therapeutics during the COVID-19 pandemic, which are now advancing into oncology, autoimmune disorders, and inflammatory diseas",https://pubmed.ncbi.nlm.nih.gov/42407372/,PubMed
4D force patterning enables spatial control of angiogenesis.,"Kheiri Sina, Shah Jessica, Chai Peiyuan",Proceedings of the National Academy of Sciences of the United States of America,2026-07-07,"Engineering organized microvascular networks remains a critical challenge in tissue engineering and regenerative medicine. While biochemical approaches for patterning angiogenesis via growth factor delivery have shown promise, their inability to pattern sustained growth factors with spatiotemporal control limits effectiveness. Here, we demonstrate that dynamically patterned mechanical forces enabl",https://pubmed.ncbi.nlm.nih.gov/42406945/,PubMed
MicroRNA In Metabolism-Related Fatty Liver Inflammation: Mechanisms and Clinical Translation Prospects.,"Shihao Du, Shaokang Wu, Ji Zhou",Journal of visualized experiments : JoVE,2026-07-07,"Metabolic-associated steatohepatitis (MASH) represents a growing global public health challenge. Its complex pathogenesis involves multiple pathological pathways, including lipid metabolism, inflammation, and fibrosis, yet effective specific diagnostic and therapeutic approaches remain elusive. MicroRNAs (miRNAs), as key post-transcriptional regulators, play an important role in the development an",https://pubmed.ncbi.nlm.nih.gov/42406801/,PubMed
Innate Immunity of Framework Nucleic Acids.,"Guo Linjie, Zhou Fei, Zhu Ying",Accounts of chemical research,2026-07-07,"ConspectusNucleic acid nanotechnology has fundamentally transcended the classic paradigm of DNA and RNA as passive carriers of genetic blueprints, which enables the rational design and construction of precise nanostructures with defined shapes, dynamics, and functions. This programmability has revolutionized approaches in biomedicine, facilitating breakthroughs in high-resolution molecular diagnos",https://pubmed.ncbi.nlm.nih.gov/42405833/,PubMed
PANoptosis in diabetic retinopathy: immunological insights into mechanisms and translational therapies.,"Ma Lingli, Hou Ning, Zhao Xiaoyu",Frontiers in immunology,2026-07-07,"Diabetic retinopathy (DR), a leading cause of blindness, is driven by hyperglycemia-induced neurovascular damage. Emerging evidence indicates that PANoptosis, an integrated inflammatory programmed cell death modality encompassing apoptosis, pyroptosis, and necroptosis, participates in the progression of diabetic retinal damage; however, the supporting evidence varies substantially across clinical ",https://pubmed.ncbi.nlm.nih.gov/42404883/,PubMed
Adipose tissue-derived stem cell exosomes enhance skin barrier function and show exploratory associations with the skin mycobiome in aging skin.,"Choi Bo-Yun, Kim Hye-Jin, Kim Myeong Jae","Journal of microbiology (Seoul, Korea)",2026-07-07,"Skin aging increases transepidermal water loss (TEWL), reduces elasticity, and perturbs the skin microbiome. Adipose tissue-derived stem cell exosomes (ASCE) show regenerative potential; however, their clinical effects on skin physiology and microbiome remain unclear. We conducted a split-face, randomized controlled trial in 16 adults aged ≥ 40 years with visible facial aging. One facial side rece",https://pubmed.ncbi.nlm.nih.gov/42403177/,PubMed
Role of methionine metabolism in cancer: recent advances in molecular mechanisms and therapeutic implications.,"Yang Pei-Wen, Xu Xin-Yi, Jiao Ju-Ying",Experimental hematology & oncology,2026-07-07,"Methionine is essential for protein synthesis and serves as a precursor to S-adenosylmethionine, supporting epigenetic modifications and cell growth. Unlike normal cells, cancer cells are dependent on methionine. Therapeutic strategies targeting metabolic vulnerability show promise but face challenges related to tumor heterogeneity and adaptive resistance, limiting clinical translation. This revie",https://pubmed.ncbi.nlm.nih.gov/42402595/,PubMed
Single-cell transcriptomics-guided dynamic hydrogel delivery of artemisia argyi-derived EVs relieves ER stress and promotes diabetic wound regeneration.,"Miao Dazhuang, Suo Xiaopeng, Geng Xinqian",Journal of nanobiotechnology,2026-07-07,"Diabetic wounds are characterized by persistent inflammation, impaired angiogenesis, and delayed tissue regeneration, yet effective strategies to regulate the pathological immune microenvironment remain limited. Here, integrated single-cell transcriptomics and multi-omics analyses revealed significant enrichment of endoplasmic reticulum stress (ERS)-related signaling in pro-inflammatory macrophage",https://pubmed.ncbi.nlm.nih.gov/42402577/,PubMed
Butyrylated PGAM5-Triggered and GSH-Responsive Cysteine Polymer Nanoparticles for CBL0137 Delivery to Enhance Necroptosis in Prostate Cancer.,"Luo Tianlong, Wang Liying, Cheng Bisheng",Advanced healthcare materials,2026-07-07,"Prostate cancer (PCa) is characterized by significant metabolic heterogeneity, particularly in glutathione (GSH) metabolism. Elevated GSH metabolism is closely linked to PCa progression, therapeutic resistance, and poor clinical outcomes. Recent studies have highlighted the impact of protein butyrylation on cancer biology, although related therapeutic strategies remain limited. Herein, we utilized",https://pubmed.ncbi.nlm.nih.gov/42402000/,PubMed
Beyond therapeutic maximalism: Prioritization and personalization in preventive therapies.,"Sethi Yashendra, Mahajan Kunal, Shapiro Michael D",Progress in cardiovascular diseases,2026-07-07,"The landscape of lipid management has transitioned from a statin-monotherapy and statin-intensification paradigm to a sophisticated, multi-axis intervention model targeting low-density lipoprotein cholesterol, triglyceride-rich lipoproteins, lipoprotein(a), and vascular inflammation. The emergence of PCSK9-targeted small interfering RNA therapies, CETP inhibitors, and Lp(a)-directed antisense and ",https://pubmed.ncbi.nlm.nih.gov/42401381/,PubMed
The lncRNA-m6A axis in cancer: a bidirectional regulatory network in tumor progression and therapeutic resistance.,"Wang Ziqiang, Li Tianzi, Li Kun",Journal of translational medicine,2026-07-07,Long non-coding RNAs and N6-methyladenosine RNA methylation represent two pivotal layers of gene regulation. Their extensive crosstalk forms a sophisticated bidirectional network that is fundamentally rewired in cancer. This review synthesizes current knowledge to elucidate the principles and consequences of this synergistic axis. We detail how m6A modification dictates long non-coding RNA stabili,https://pubmed.ncbi.nlm.nih.gov/42400056/,PubMed
Manganese-Functionalized GelMA Hydrogels for MRI-Guided Immunotheranostics in Precision Oncology,"Motahareh Nazari, Keyvan Alavi",arXiv,2026-07-07,"Precision oncology requires multifunctional platforms capable of integrating accurate tumor diagnosis, localized therapeutic delivery, immune modulation, and real-time monitoring of treatment response. Gelatin methacryloyl (GelMA) hydrogels have emerged as versatile biomaterials for biomedical engineering because of their biocompatibility, extracellular matrix-like structure, tunable mechanical pr",http://arxiv.org/abs/2606.29599v1,arXiv
Reinforcement-guided generative protein language models enable de novo design of highly diverse AAV capsids,"Lucas Ferraz, Ana F. Rodrigues, Pedro Giesteira Cotovio",arXiv,2026-07-07,"Adeno-associated viral (AAV) vectors are widely used delivery platforms in gene therapy, and the design of improved capsids is key to expanding their therapeutic potential. A central challenge in AAV bioengineering, as in protein design more broadly, is the vast sequence design space relative to the scale of feasible experimental screening. Machine-guided generative approaches provide a powerful m",http://arxiv.org/abs/2603.19473v1,arXiv
Predicting Early and Complete Drug Release from Long-Acting Injectables Using Explainable Machine Learning,"Karla N. Robles, Manar D. Samad",arXiv,2026-07-07,"Polymer-based long-acting injectables (LAIs) have transformed the treatment of chronic diseases by enabling controlled drug delivery, thus reducing dosing frequency and extending therapeutic duration. Achieving controlled drug release from LAIs requires extensive optimization of the complex underlying physicochemical properties. Machine learning (ML) can accelerate LAI development by modeling the ",http://arxiv.org/abs/2601.02265v1,arXiv
The thermodynamics of pressure activated assembly of supramolecules in isochoric and isobaric systems,Boris Rubinsky,arXiv,2026-07-07,"The efficacy of cryopreservation is constrained by the difficulty of achieving sufficiently high intracellular concentrations of cryoprotective solutes without inducing osmotic injury or chemical toxicity during loading. This thermodynamic study introduces a new conceptual mechanism for cryoprotectant delivery into cells directly or through vascular perfusion. In this framework, effective cryoprot",http://arxiv.org/abs/2601.00599v1,arXiv
Preclinical immunogenicity of the LP.8.1-adapted BNT162b2 COVID-19 vaccine.,"Kurhade Chaitanya, Chen Wei, Li Weiqiang",NPJ vaccines,2026-07-07,"SARS-CoV-2 evolution toward antigenically distinct lineages drives escape from host immunity. JN.1 lineage derivatives have recently dominated the global epidemiologic landscape. In preclinical models, an LP.8.1-adapted BNT162b2 vaccine elicited higher serum neutralizing antibody responses against contemporary, circulating JN.1 sublineages, including the epidemiologically dominant XFG lineage, as ",https://pubmed.ncbi.nlm.nih.gov/42409841/,PubMed
Autoantigen mRNA-LNP Vaccination Drives Therapeutic Efficacy in Preclinical Models for Autoimmunity.,"Baeten Paulien, Beets Karen, Schalley Tessa","Advanced science (Weinheim, Baden-Wurttemberg, Germany)",2026-07-07,"Autoimmune diseases like multiple sclerosis (MS) and type 1 diabetes (T1D) lack therapies that induce durable, antigen-specific immune tolerance. We investigated whether mRNA lipid nanoparticles (LNPs) encoding disease-relevant autoantigens could re-establish immune homeostasis in preclinical models. While mRNA-LNP microbial vaccines evoke strong effector immune responses, we show that both system",https://pubmed.ncbi.nlm.nih.gov/42405898/,PubMed
Live human metapneumovirus vaccine candidates attenuated by temperature sensitivity mutations from human respiratory syncytial virus.,"Lamichhane Pramila, Yang Lijuan, Santos Celia",Journal of virology,2026-07-07,"Human metapneumovirus (HMPV, genus  Human metapneumovirus (HMPV) is a leading cause of lower respiratory illness in young children, and there are no licensed vaccines. Similarly to immunization strategies against the related human respiratory syncytial virus (HRSV), live-attenuated HMPV vaccines for intranasal immunization would be most suitable for young children. Live-intranasal vaccines infect ",https://pubmed.ncbi.nlm.nih.gov/42405774/,PubMed
Dirty mice better recapitulate key features of mRNA vaccine immunogenicity observed in humans.,"Praena Beatriz, Shepherd Frances K, McDonald Cera A",mBio,2026-07-07,"Although specific-pathogen-free (SPF) mice have traditionally been used to test candidate vaccines, recent work has demonstrated that ""dirty"" mice with broad microbial exposure more appropriately recapitulate human immune responses. Using a dirty mouse model in which lab mice are co-housed with pet store mice, we modeled SARS-CoV-2 mRNA vaccine responses in dirty and SPF mice. In this study, dirty",https://pubmed.ncbi.nlm.nih.gov/42405763/,PubMed
Enhancing protein expression in humans through codon optimization with transformer and contrastive learning.,"Kim Juseong, Kim Jeongmu, Lee Jae-Wook",Molecular therapy. Nucleic acids,2026-07-07,"Following the success of COVID-19 vaccines and therapies, mRNA-based therapeutics have attracted significant attention. Codon optimization is crucial for improving translation efficiency and mRNA stability, both of which are necessary for developing effective mRNA vaccines and drugs. Traditional approaches often rely on codon usage tables and other frequency-based heuristics, which neglect sequenc",https://pubmed.ncbi.nlm.nih.gov/42405277/,PubMed
Applications of Recombinant DNA Technology in Medicine: A Comprehensive Review.,Kumar Krishan,Molecular biotechnology,2026-07-07,"Recombinant DNA (rDNA) technology has revolutionised modern medicine by providing precise genetic manipulation for therapeutic, diagnostic, and preventive uses. By integrating genetic material from multiple sources, rDNA permits the creation of physiologically active compounds and the development of new medical therapies. This study summarises the basics of rDNA technology, including DNA separatio",https://pubmed.ncbi.nlm.nih.gov/42402538/,PubMed
A low-dose self-amplifying mRNA vaccine encoding HPV16 E6/E7 induces potent T-cell immunity and antitumor protection in mice.,"Xing Rui, Wang Shanshan, Wang Yixin","Cancer immunology, immunotherapy : CII",2026-07-07,"Human papillomavirus (HPV), particularly high-risk types such as HPV16, is associated with several malignancies, including cervical cancer. Existing therapeutic vaccines targeting HPV oncoproteins E6 and E7 show limited immunogenicity and high production costs. Self-amplifying mRNA (saRNA) vaccines offer a promising alternative by enabling robust antigen expression at low doses. This study evaluat",https://pubmed.ncbi.nlm.nih.gov/42400858/,PubMed
Chimeric RNAs as Novel Neoantigens for Extracellular Vesicles-Based Vaccines Against Cancer.,"Hu Mengyuan, Lin Xiaona, Huang Huiying","Methods in molecular biology (Clifton, N.J.)",2026-07-07,"Tumor vaccines largely depend on targetable tumor-specific neoantigens. However, in certain tumors, mutation-based neoantigens are exceptionally rare or even absent. To address this challenge, we developed an innovative strategy beyond genomic mutation events by utilizing tumor-specific chimeric RNAs and their encoded chimeric proteins. In this study, we demonstrated through flow cytometry and cel",https://pubmed.ncbi.nlm.nih.gov/42400798/,PubMed
Bioinformatic Discovery of Tumor-Specific Neoantigens Arising from Chimeric RNAs.,"Lalani Samir, Gadh Sehajroop, Li Hui","Methods in molecular biology (Clifton, N.J.)",2026-07-07,"Cancer vaccines inducing immunogenic responses to tumor-specific neoantigens are rapidly emerging into a new frontier of cancer therapy. Chimeric RNAs encoding fusion proteins are a rich source of novel neoantigens. Here, we present a straightforward bioinformatic pipeline to identify immunogenic peptides produced from chimeric RNAs. We apply a bespoke script to identify fusion-specific peptide re",https://pubmed.ncbi.nlm.nih.gov/42400797/,PubMed
Toward accessible mRNA LNP formulation: systematic evaluation of mixing strategies and key parameters.,"Jung Han Na, Lee Somin, Hong Eunice",Scientific reports,2026-07-07,"Although mRNA LNPs are a leading delivery platform, achieving reproducible, high-quality formulations across diverse fabrication techniques remains a challenge. This study systematically investigates the impact of microfluidic architectures - staggered herringbone (SS) and serpentine-only (S) channels - alongside T-junction and rapid pipetting methods. We evaluate how critical parameters, includin",https://pubmed.ncbi.nlm.nih.gov/42399706/,PubMed
Synergistic Protection of Atlantic Salmon Against Caligus Rogercresseyi and Piscirickettsia Salmonis Using IPath® and Commercial Vaccines.,"Casuso Antonio, Leal Yeny, Gallardo-Escárate Cristian","Marine biotechnology (New York, N.Y.)",2026-07-07,"Vaccine-based approaches provide a sustainable method for controlling pathogens in aquaculture. Our team previously created the IPath® vaccine, a recombinant formulation with metal-chelating properties. This study aimed to evaluate the performance of IPath® in salmon vaccinated with the mandatory vaccines used commercially in Chile, and to assess their effects on the transcriptome profiles of Atla",https://pubmed.ncbi.nlm.nih.gov/42399510/,PubMed
Induction of mucosal immune responses against SARS-CoV-2: a heterologous intramuscular mRNA-LNP prime/pulmonary recombinant subunit pull vaccination strategy.,"Ongun Melike, Kola Naga Suresh, Patel Dhruv",Scientific reports,2026-07-07,"Approved mRNA vaccines administered intramuscularly (i.m.) induce strong systemic immune responses, but provide limited protection at the respiratory mucosa, where many infections are initiated. Designing safe and efficacious mucosal vaccines is challenging because it requires vaccine administration at the mucosa that is equipped with protective barriers and characterized by tolerogenic predominan",https://pubmed.ncbi.nlm.nih.gov/42399410/,PubMed
New approach methodologies (NAMs) for preclinical and translational evaluation of mRNA-lipid nanoparticle (LNP) therapeutics.,"Zhou Jiawei, Li Nan, Liu Rihe",Journal of controlled release : official journal of the Controlled Release Society,2026-07-07,"Messenger RNA-lipid nanoparticle (mRNA-LNP) therapeutics have emerged as a versatile drug modality, enabling in vivo protein expression for vaccines, cancer immunotherapy, and the treatment of genetic and metabolic diseases. Although mRNA-LNP platforms achieved rapid clinical success during the COVID-19 pandemic, most candidates fail to progress beyond preclinical development, largely due to the l",https://pubmed.ncbi.nlm.nih.gov/42398834/,PubMed
Pseudorabies virus hijacks JNK to reprogram m,"Li Juan, Zhao Lei, Yang Mei",Microbiological research,2026-07-07,"Pseudorabies virus (PRV) reprograms host inflammatory responses and epitranscriptomics, yet how these processes are connected remains unclear. Here, we report a JNK-WTAP-m⁶A-DUSP5 regulatory circuit that coordinates viral replication and inflammatory responses. PRV infection activated c-Jun N-terminal kinase (JNK), which phosphorylated wilms tumor-associated protein (WTAP) to drive its nuclear exp",https://pubmed.ncbi.nlm.nih.gov/42398312/,PubMed
"Safety and immunogenicity of a reduced, homologous booster dose of the BNT162b2 mRNA COVID-19 vaccine: a single blind, randomized, non-inferiority follow-up trial.","Depickère Stéphanie, Pannus Pieter, Houben Sarah",Vaccine,2026-07-07,"Reduced-dose primo-vaccination against COVID-19 demonstrated safety and immunogenicity, as evidenced by us and others. Fractional booster dosing may similarly maintain strong immunogenicity and protection while reducing reactogenicity, improving acceptability, and conserving supplies. To evaluate the safety and humoral immunogenicity of a reduced-dose (10 μg) versus full-dose (30 μg) BNT162b2 boos",https://pubmed.ncbi.nlm.nih.gov/42398210/,PubMed
Probing the sequence constraints for the stable incorporation of chimeric NSP1 segments into infectious rotaviruses.,"Kendra Joseph, Parra Gabriel I",The Journal of general virology,2026-07-07,"Rotaviruses are a global cause of acute paediatric gastroenteritis. They present a genome of 11 dsRNA segments that have been successfully incorporated into a plasmid-based reverse-genetics system that enables the generation of reassortant and chimeric viruses as a possible foundation for multi-virus vaccines. Studies have shown that these chimeric segments are pruned across successive passages, h",https://pubmed.ncbi.nlm.nih.gov/42397695/,PubMed
"3D-Printed Milli-Fluidic Mixing-Extrusion Platform for Continuous, High-Throughput LNP Production.","Jeon Leekang, Kim Seeun, Seo Hanjin","Small (Weinheim an der Bergstrasse, Germany)",2026-07-07,"Lipid nanoparticles (LNPs) have emerged as a prominent delivery vehicle for therapeutics such as mRNA vaccines and genetic medicines. However, current manufacturing technologies struggle to balance precision, scalability, and cost-effectiveness. While microfluidic mixing offers excellent particle control, it often faces operational challenges, including channel fouling and a reliance on costly sin",https://pubmed.ncbi.nlm.nih.gov/42396639/,PubMed
"Post-translational modification networks as master regulators of influenza virus replication, host adaptation, and immune evasion.","Jin Chengxun, Zhang Bingya, Gao Yihang",Frontiers in immunology,2026-07-07,"Influenza viruses remain major global health threats due to their rapid evolution and complex interactions with host regulatory systems. While genetic variation is a key driver of viral pathogenicity and host adaptation, growing evidence indicates that post-translational modifications (PTMs) provide an additional regulatory layer that can influence viral replication, immune evasion, and metabolic ",https://pubmed.ncbi.nlm.nih.gov/42396434/,PubMed
Transformer-Based Active Learning for Data-Efficient Vaccine Epitope Selection in PRRS,"Aspen Erlandsson Brisebois, Zahed Khatooni, Connor Burbridge",arXiv,2026-07-07,"High-fidelity molecular docking simulations can produce biologically relevant estimates of epitope-receptor binding affinity but are computationally expensive and therefore limit the number of candidates that can be screened for vaccine design. In this work, we evaluate machine learning (ML) approaches where variants of active learning are used to classify instances of high binding affinity betwee",http://arxiv.org/abs/2606.28659v1,arXiv
Exploring the Effects of Entanglement on Quantum Machine Learning of Pathogen Epitope-Receptor Binding,"Aspen Erlandsson Brisebois, Luis Pablo Gonzalez Dominguez, Shivansi Prajapati",arXiv,2026-07-07,"Parameterized quantum circuits (PQCs) provide a flexible substrate for hybrid quantum machine learning (QML), but their practical value on Noisy Intermediate-Scale Quantum (NISQ) devices remains an empirical question, especially because training depth and scale can introduce optimization challenges such as barren plateaus. Here we study how the number and topology of two-qubit entangling gates in ",http://arxiv.org/abs/2606.28655v1,arXiv
Mixed viral infections uncover multifaceted RNA silencing strategies in plant antiviral defense.,"Materatski Patrick, Ribeiro Joana Amaro, Marques Cristiana",BMC genomics,2026-07-07,"Alphanecrovirus tessellati and Alphanecrovirus oleae are closely related alphanecroviruses, sharing over 74% genomic identity and frequently co-infecting plants under natural conditions. Despite their frequent coexistence, the molecular consequences of single versus mixed infections, particularly concerning host RNA silencing responses, remain poorly understood. Here, we investigated the antiviral",https://pubmed.ncbi.nlm.nih.gov/42410347/,PubMed
Exploring the mechanism of NDRG2 in regulating endometrial receptivity and embryo implantation.,"Huang Bixia, Liu Di, Sun Yuanyuan",Scientific reports,2026-07-07,"Endometrial receptivity and embryo implantation are pivotal events for successful pregnancy, yet the underlying molecular regulatory networks remain incompletely defined. In this study, we investigated the expression pattern and regulatory role of NDRG2 during embryonic implantation. We first examined endogenous NDRG2 expression in human and mouse endometrial tissues across different phases. A ute",https://pubmed.ncbi.nlm.nih.gov/42409918/,PubMed
Regulation of acute myocardial infarction by CircTMCC1 through mitochondrial dysfunction and AMPK/mTOR-driven M1 macrophage polarization: role in QFR assessment.,"Ren Mengmeng, He Shu, Duan Mengyang",Cell death discovery,2026-07-07,"Circular RNAs (circRNAs) have been implicated in various cardiovascular diseases and hold promise as diagnostic biomarkers and therapeutic targets. However, the roles and mechanisms of circRNAs in coronary artery disease (CAD) and its severe complication, acute myocardial infarction (AMI), remain unclear. CircRNA sequencing, fluorescence in situ hybridization, and quantitative PCR were used to ass",https://pubmed.ncbi.nlm.nih.gov/42409783/,PubMed
Inhibition of AXL receptor tyrosine kinase increases osteoblast function and bone mass.,"Ahmad Mubashir, Kölbl Christoph, Jan Irfana",Bone research,2026-07-07,"Osteoporosis, a prevalent age-related disease, is characterized by impaired bone formation and an increased risk of fractures. Current anabolic treatments primarily rely on biologics, which are costly and require inconvenient administration. Identifying regulators of osteoblastogenesis that are amenable to small-molecule targeting is essential for developing more accessible therapies. Through an u",https://pubmed.ncbi.nlm.nih.gov/42409771/,PubMed
[Gilteritinib enhances the inhibitory effect of dabrafenib on anaplastic thyroid carcinoma cells by suppressing the AXL signaling pathway].,"许 舒 亭, 高 雨 晨, 段 艳 婷",Zhejiang da xue xue bao. Yi xue ban = Journal of Zhejiang University. Medical sciences,2026-07-07,"To investigate the inhibitory effect of combined gilteritinib and dabrafenib treatment on anaplastic thyroid cancer (ATC) cells and its underlying mechanisms. The BRAF V600E-mutant ATC cell line 8505C and the BRAF wild-type ATC cell line KHM-5M were treated with various concentrations of dabrafenib (0, 40, 80, 120, 160, 320 nmol/mL) and gilteritinib (0, 0.1, 0.2, 0.4, 0.6, 1.0, 2.0 μmol/mL), alone",https://pubmed.ncbi.nlm.nih.gov/42409582/,PubMed
CD55 glycosylation promotes ferroptotic stress tolerance in CD55-high triple-negative breast cancer.,"Huang Weiqiang, Lin Qizhuan, Wang Yongpan",Biochemical pharmacology,2026-07-07,"Triple-negative breast cancer (TNBC) lacks effective targeted therapies and is characterized by pronounced metabolic reprogramming and redox adaptation. Identifying key regulators of its antioxidant defense system therefore holds important therapeutic potential. Ferroptosis-an iron-dependent, lipid peroxidation-driven form of regulated cell death-represents a promising anticancer strategy; however",https://pubmed.ncbi.nlm.nih.gov/42409323/,PubMed
SMSC-EVs restore chondrocyte function through S1PR1-mTORC2-mediated mitochondrial fusion and GPS2-HDAC1-driven epigenetic regulation.,"Guo Zijian, Mao Xingjia, Wang Zehua",Osteoarthritis and cartilage,2026-07-07,"In osteoarthritis (OA) treatment, synovial mesenchymal stem cell-derived extracellular vesicles (SMSC-EVs) hold therapeutic potential; however, the mechanisms coordinating mitochondrial and epigenetic repair remain unclear. Chondrocyte proliferation, apoptosis and migration were assessed in vitro. Mitochondrial function was evaluated via membrane potential, oxygen consumption, ATP and reactive oxy",https://pubmed.ncbi.nlm.nih.gov/42409275/,PubMed
Copper metallodendrimers effectively deliver proapoptotic siRNA to human liver carcinoma HepG2 cells.,"Michlewska Sylwia, Grodzicka Marika, Hołota Marcin",International journal of pharmaceutics,2026-07-07,"The delivery of therapeutic nucleic acids to target cells faces many challenges, and novel carriers continue to be investigated. Metallodendrimers present several beneficial features as drugs and nucleic acid carriers, including specificity toward pathological cells, low toxicity to normal cells, and the capacity to cross cellular membranes. In the present work, we investigated the efficacy of syn",https://pubmed.ncbi.nlm.nih.gov/42409194/,PubMed
Tiered Evaluation of Carbosilane Dendrimer-siRNA Nanoplatform from Single-Cell Biocompatibility to Blood-Brain Barrier Model Dynamics and Murine Alzheimer Model Behavior Assessment.,"Zawadzki Serafin, Okła Elżbieta, Michlewska Sylwia",ACS applied materials & interfaces,2026-07-07,"Blood-brain barrier (BBB) transport remains a primary constraint on achieving predictable central nervous system exposure for Alzheimer's disease (AD) therapeutics, motivating the evaluation of delivery platforms with barrier-resolved and functionally relevant end points. We assessed a carbosilane dendrimer (G3Si PEG6000) and its siRNA dendriplex using a tiered, upstream strategy spanning cell int",https://pubmed.ncbi.nlm.nih.gov/42406649/,PubMed
PGRMC1 suppression enhances progesterone responsiveness in stromal cells of ovarian endometrioma.,"Izumi Yuko, Tarumi Yosuke, Aoki Kota","Reproduction (Cambridge, England)",2026-07-07,"Progesterone resistance in endometriosis reduces the efficacy of progestin. The non-classical progesterone receptor, progesterone receptor membrane component 1 (PGRMC1) may regulate progesterone signaling in the normal endometrium, but its expression and role in endometriosis remain unknown. We aimed to investigate PGRMC1 expression in endometriosis and its role in progesterone resistance. PGRMC1 ",https://pubmed.ncbi.nlm.nih.gov/42406423/,PubMed
CD109 exhibits a dynamic expression pattern in coronary endothelium and endocardial-derived valve mesenchyme during heart development with preserved morphogenesis following endothelial-specific deletion.,"Harvey Andrew B, Drummond Jenna R, Tarolli Hannah G",Frontiers in cell and developmental biology,2026-07-07,"We found that  CD109 exhibits a highly dynamic spatiotemporal expression pattern during cardiovascular development, with enriched expression in coronary endothelial cells and endocardial-derived subpopulations in the valves. Despite this striking developmental expression pattern, previously reported human genetic associations with cardiovascular diseases, and endothelial-associated phenotypes foll",https://pubmed.ncbi.nlm.nih.gov/42405331/,PubMed
β-Caryophyllene confers protection against type 2 diabetic osteoporosis by blocking ferroptosis via the AMPK/Nrf2 pathway.,"Fan Lai-Lai, Chen Chun-Hui, Zheng Wen-Hao",Journal of pharmaceutical analysis,2026-07-07,"Type 2 diabetic osteoporosis (T2DOP) is a chronic bone disorder marked by increased fracture risk and osteonecrosis, exacerbated by a persistent high-glucose and high-fat (HGHF) environment, distinguishing it from postmenopausal osteoporosis. Ferroptosis, an iron-dependent form of programmed cell death caused by lipid peroxidation, plays a crucial role in the death of bone marrow mesenchymal stem ",https://pubmed.ncbi.nlm.nih.gov/42403939/,PubMed
Immune-evasion-associated prognostic gene expression score stratifies survival and immune microenvironment features in breast cancer.,"Zhao Bozhi, Wang Hongyu, Hu Qunyu",Biomolecules & biomedicine,2026-07-07,"Breast cancer is characterized by marked prognostic and immune heterogeneity, and tumor immune evasion may contribute to variable responses to immunotherapy. This study aimed to characterize immune-evasion-associated transcriptomic patterns in breast cancer and to develop an exploratory prognostic score linked to immune microenvironment features. A curated set of 182 immune-evasion-associated gene",https://pubmed.ncbi.nlm.nih.gov/42403264/,PubMed
Branched actin segregates endocytic cargo to control sorting and fission.,"Frisby Devin, Naslavsky Naava, Caplan Steve",Journal of cell science,2026-07-07,"At the early endosome, cargos are sorted into subdomains; receptors destined for recycling to the plasma membrane are sorted into tubulovesicular structures that undergo fission and release cargo-laden vesicles that traffic along microtubules. Although branched actin has been implicated in the establishment/maintenance of endosomal membrane subdomains, its role in cargo segregation, fission, and r",https://pubmed.ncbi.nlm.nih.gov/42402963/,PubMed
NOTCH3 Modulates Inflammation and Fibrosis in HK2 Cells Under Diabetic Conditions Through TLR4/NF-κB and TGF-β1/Smad3 Signaling.,"Tian RunHua, Zheng ChunXi",Journal of biochemical and molecular toxicology,2026-07-07,"To investigate the modulatory role of NOTCH3 in renal inflammatory and fibrotic processes during diabetic nephropathy (DN), focusing on TLR4/NF-κB and TGF-β1/Smad3 signaling pathways. HK2 cells were stimulated with BSA to mimic diabetic conditions in vitro. To investigate the roles of TLR4/NF-κB and TGF-β1/Smad3 pathways, cells were treated with Resatorvid or LPS, and SB-431542 or TGF-β1, respecti",https://pubmed.ncbi.nlm.nih.gov/42402923/,PubMed
Lipoaspirate-derived secretome restores redox homeostasis to attenuate pathological scar formation.,"Huang Xin, Ding Pengbing, Sun Zhixuan",Stem cell research & therapy,2026-07-07,"Pathological scars are characterized by persistent fibroblast activation and excessive extracellular matrix (ECM) deposition. Although oxidative stress and dysregulated NRF2 signaling contribute to TGF-β1-mediated fibrosis in internal organs, their roles in cutaneous pathological scarring remain unclear. Secretome-based cell-free therapies have shown regenerative and antifibrotic potential, but wh",https://pubmed.ncbi.nlm.nih.gov/42401927/,PubMed
Sinomenine regulates the AKT/FOXO3/GLUL pathway to inhibit pulmonary fibroblast-to-myofibroblast transition via α7nAChR against rheumatoid arthritis associated interstitial lung disease.,"Liu Muqiu, Du Huaizhi, Zheng Junhui",Pharmacological research,2026-07-07,"Rheumatoid arthritis-associated interstitial lung disease (RA-ILD) is a severe extra-articular manifestation with limited treatment options. Identifying anti-arthritic agents that concurrently protect against ILD is clinically significant. Sinomenine (SIN), a natural alkaloid used clinically to treat RA, shows potential anti-fibrotic activity, but its efficacy and mechanism in RA-ILD remain unclea",https://pubmed.ncbi.nlm.nih.gov/42401409/,PubMed
DeepSilencer: A Novel Deep Learning Model for Predicting siRNA Knockdown Efficiency,"Wangdan Liao, Weidong Wang",arXiv,2026-07-07,"Background: Small interfering RNA (siRNA) is a promising therapeutic agent due to its ability to silence disease-related genes via RNA interference. While traditional machine learning and early deep learning methods have made progress in predicting siRNA efficacy, there remains significant room for improvement. Advanced deep learning techniques can enhance prediction accuracy, reducing the relianc",http://arxiv.org/abs/2503.04200v1,arXiv
Maturation of siRNA by strand separation: Steered Molecular dynamics study,"Rakesh K Mishra, Sanchita Mukherjee, Dhananjay Bhattacharyya",arXiv,2026-07-07,"RNA interference, particularly siRNA induced gene silencing is becoming an important avenue of modern therapeutics. The siRNA is delivered to the cells as short double helical RNA which becomes single stranded for forming the RISC complex. Significant experimental evidence is available for most of the steps except the process of the separation of the two strands. We have attempted to understand th",http://arxiv.org/abs/1910.03778v1,arXiv
Using a hydrogen-bond index to predict the gene-silencing efficiency of siRNA based on the local structure of mRNA,"Kathy Q. Luo, Donald C. Chang",arXiv,2026-07-07,The gene silencing effect of short interfering RNA (siRNA) is known to vary strongly with the targeted position of the mRNA. A number of hypotheses have been suggested to explain this phenomenon. We would like to test if this positional effect is mainly due to the secondary structure of the mRNA at the target site. We proposed that this structural factor can be characterized by a single parameter ,http://arxiv.org/abs/1710.07413v1,arXiv
Unraveling siRNA Unzipping Kinetics with Graphene,"Santosh Mogurampelly, Swati Panigrahi, Dhananjay Bhattacharyya",arXiv,2026-07-07,"Using all atom molecular dynamics simulations, we report spontaneous unzipping and strong binding of small interfering RNA (siRNA) on graphene. Our dispersion corrected density functional theory based calculations suggest that nucleosides of RNA have stronger attractive interactions with graphene as compared to DNA residues. These stronger interactions force the double stranded siRNA to spontaneou",http://arxiv.org/abs/1207.4569v1,arXiv
Unzipping and binding of small interfering RNA with single walled Carbon Nanotube: a platform for small interfering RNA delivery,"Mogurampelly Santosh, Swati Panigrahi, Dhananjay Bhattacharyya",arXiv,2026-07-07,"In an effort to design efficient platform for siRNA delivery, we combine all atom classical and quantum simulations to study the binding of small interfering RNA (siRNA) by pristine single wall carbon nanotube (SWCNT). Our results show that siRNA strongly binds to SWCNT surface via unzipping its base-pairs and the propensity of unzipping increases with the increase in the diameter of the SWCNTs. T",http://arxiv.org/abs/1203.2409v1,arXiv
Nanodiamond as a vector for siRNA delivery to Ewing sarcoma cells,"Anna Alhaddad, Marie-Pierre Adam, Jacques Botsoa",arXiv,2026-07-07,"We investigated the ability of diamond nanoparticles (nanodiamonds, NDs) to deliver small interfering RNA (siRNA) in Ewing sarcoma cells, in the perspective of in vivo anti-cancer nucleic acid drug delivery. siRNA was adsorbed onto NDs previously coated with cationic polymer. Cell uptake of NDs has been demonstrated by taking advantage of NDs intrinsic fluorescence coming from embedded color cente",http://arxiv.org/abs/1106.2252v2,arXiv
Target prediction and a statistical sampling algorithm for RNA-RNA interaction,"F. W. D. Huang, J. Qin, C. M. Reidys",arXiv,2026-07-07,"It has been proven that the accessibility of the target sites has a critical influence for miRNA and siRNA. In this paper, we present a program, rip2.0, not only the energetically most favorable targets site based on the hybrid-probability, but also a statistical sampling structure to illustrate the statistical characterization and representation of the Boltzmann ensemble of RNA-RNA interaction st",http://arxiv.org/abs/0908.0597v1,arXiv
In silico evidence of the relationship between miRNAs and siRNAs,"Ludovica Montanucci, Piero Fariselli, Pier Luigi Martelli",arXiv,2026-07-07,"Both short interfering RNAs (siRNAs) and microRNAs (miRNAs) mediate the repression of specific sequences of mRNA through the RNA interference pathway. In the last years several experiments have supported the hypothesis that siRNAs and miRNAs may be functionally interchangeable, at least in cultured cells. In this work we verify that this hypothesis is also supported by a computational evidence. We",http://arxiv.org/abs/0705.2355v1,arXiv
