title,authors,journal,date,abstract,link,source
"Messenger RNA (mRNA) Therapeutics: Advances, Challenges, and Future Perspectives in Modern Medicine.","Sharma Utkarsh, Pandey Vishal, Gupta Hrishika",Current pharmaceutical design,2026-09-25,"The rapid clinical validation of messenger RNA (RNA) during the COVID-19 pandemic has catalyzed a shift from traditional vaccine development toward a versatile, programmable therapeutic platform. This review provides a comprehensive analysis of the mRNA landscape, moving beyond historical milestones to critically evaluate the structural biology and synthetic modifications required for therapeutic ",https://pubmed.ncbi.nlm.nih.gov/42786888/,PubMed
MiRNAs-Mediated Regulation of Oxidative Stress Pathways in Diabetes Complications: Molecular Insights and Therapeutic Opportunities.,"Borkar Prachitee, Mishra Neetu",Current diabetes reviews,2026-09-25,"Persistent hyperglycemia and uncontrolled type 2 diabetes contribute significantly to diabetes- related mortality by causing multiorgan and systemic injuries, particularly in vital organs such as the heart and kidneys, leading to both microvascular and macrovascular complications. The auto-oxidation of glucose increases oxidative stress, which in turn affects gene modulation and immune responses t",https://pubmed.ncbi.nlm.nih.gov/42786884/,PubMed
"Integrative bioinformatics and machine learning reveal hub genes and immune signatures bridging type 2 diabetes mellitus, fracture susceptibility, and osteoblast differentiation dysfunction.","Sun Shulong, Chen Qian, Li Hua",Mammalian genome : official journal of the International Mammalian Genome Society,2026-09-25,"To investigate the causal relationship between type 2 diabetes mellitus (T2DM) and fracture and identify molecular targets linking T2DM to impaired osteogenesis, we performed two-sample Mendelian randomization (MR) using large-scale GWAS data, followed by integrated bioinformatic and machine learning analyses of T2DM-, fracture-, and osteoblast differentiation-related datasets. Hub genes were iden",https://pubmed.ncbi.nlm.nih.gov/42786371/,PubMed
Loss of C3 and CD14 reduces region-specific neuroinflammation in a murine polytrauma model.,"Olde Heuvel Florian, Pagliarini Marica, Sun Fan",Inflammation research : official journal of the European Histamine Research Society ... [et al.],2026-09-25,"TBI-polytrauma (P-TBI) is associated with acute neurological deterioration, delirium, and poor prognosis. Systemic inflammatory mediators are thought to amplify the cerebral neuroimmune response, particularly microglial activation, with detrimental consequences. We investigated the roles of complement factor C3 and the TLR co-receptor CD14 in a murine polytrauma model combining mild TBI with femur",https://pubmed.ncbi.nlm.nih.gov/42786300/,PubMed
Methylation Mesa define functional regulatory elements for targeted gene activation.,"Liu Y V, Suryatenggara J, Wong H",Nature communications,2026-09-25,"DNA methylation regulates transcription, yet the demethylation of canonical elements like promoter CpG islands exhibits inconsistent correlations with gene activation. We hypothesize that causal regulatory elements are defined by biophysical hypersensitivity. Profiling 24 whole-genome bisulfite sequencing samples across diverse human and murine models, we identify Methylation Mesa, narrow (~45-300",https://pubmed.ncbi.nlm.nih.gov/42786170/,PubMed
"Computational Design of a Trivalent Multi-Epitope mRNA Vaccine Candidate Against Western, Eastern, and Venezuelan Equine Encephalitis Viruses.","Qin Rongliu, Luo Yuying, Zhou Ziyou",Pharmaceutical research,2026-09-25,"Western equine encephalitis virus (WEEV), Eastern equine encephalitis virus (EEEV), and Venezuelan equine encephalitis virus (VEEV) are mosquito-borne neurotropic alphaviruses that can cause severe encephalitis in humans and equids, yet no licensed vaccines are currently available for routine human prevention. This study aimed to computationally design a trivalent multi-epitope mRNA vaccine target",https://pubmed.ncbi.nlm.nih.gov/42786366/,PubMed
ERa-induced m,"Huang Ziwei, Xu Wenjie, Xiao Yunxiao",British journal of cancer,2026-09-25,"Breast cancer (BC) remains a major threat to women's health globally. The RNA m6A modification and its readers, such as heterogeneous nuclear ribonucleoprotein C (HNRNPC), which is upregulated in multiple cancers, play critical roles in tumorigenesis. We assessed gene/protein expression (RT-qPCR, western blot) and cellular functions. Molecular mechanisms involving HNRNPC, DDX6, and m6A modificatio",https://pubmed.ncbi.nlm.nih.gov/42786277/,PubMed
Synonymous codon usage shapes ERα function through specialized translational programs during breast cancer progression.,"Fernandez-Calero Tamara, Métivier Raphaël, Percevault Frederic",Oncogene,2026-09-25,"Long considered neutral, synonymous codon usage is increasingly recognized as a regulatory layer of mRNA translation. Proteins expressed during proliferation are translated from mRNAs with codon compositions distinct from those encoding proteins in differentiated states, suggesting the existence of specialized translational programs. In hormone-receptor-positive breast cancer, estrogen receptor-al",https://pubmed.ncbi.nlm.nih.gov/42786269/,PubMed
"Integrative AI-based multiomic and neurophysiological profiling of chronic pain in rheumatoid arthritis: study protocol for the prospective, observational, case-control RA-PAIN-AI study.","Skotny Anna, Ptaszkowski Kuba, Kościelska-Kasprzak Katarzyna",BMJ open,2026-09-25,"Rheumatoid arthritis (RA) is a chronic systemic autoimmune disease in which pain remains the most prominent and burdensome symptom from the patient's perspective. Despite effective control of peripheral inflammation with biological and targeted synthetic disease-modifying antirheumatic drugs, an estimated 20-30% of patients continue to experience persistent moderate-to-severe pain after achieving ",https://pubmed.ncbi.nlm.nih.gov/42785931/,PubMed
Uncovering the influence of lyoprotection on stability of mRNA-LNPs after lyophilization and high temperature storage.,"Zhen Zixuan, Darji Mittal, Shih Kuo-Chih",Journal of controlled release : official journal of the Controlled Release Society,2026-09-25,"Lyophilization has the potential to enhance mRNA-LNP stability at elevated temperatures. The present study aimed to comprehensively evaluate the influence of lyoprotectants on critical quality attributes (CQAs) and function of mRNA-LNPs post-lyophilization and upon storage at 4 °C, 25 °C, and 40 °C. Twelve formulations containing sucrose, trehalose, and polyvinylpyrrolidone (PVP) and their combina",https://pubmed.ncbi.nlm.nih.gov/42785688/,PubMed
Merkel Cell Polyomavirus in colorectal cancer: exploring the Wnt/β-catenin pathway.,"Passerini Sara, Dolci Maria, Messina Sara",Virus research,2026-09-25,"Merkel cell polyomavirus (MCPyV) is the established oncogenic driver of Merkel cell carcinoma (MCC), but its role in other malignancies is under investigation. Although MCPyV DNA has been detected in colorectal cancer (CRC) specimens, its biological relevance and contribution to colorectal tumorigenesis remain unclear. In this observational study, we investigated MCPyV prevalence, load and molecul",https://pubmed.ncbi.nlm.nih.gov/42785685/,PubMed
Core gut symbionts enhance honeybee (Apis mellifera) resilience to flumethrin stress by upregulating host immunity.,"Liu Jianhui, Chen Jing, Wu Xiaobo","Environmental pollution (Barking, Essex : 1987)",2026-09-25,"The widespread use of flumethrin has significantly jeopardized the survival of bees. However, the mechanisms by which bees and their intestinal microorganisms resist flumethrin remain to be elucidated. Therefore, this study aimed to explore the mechanism by which the gut microbiota of bees assist the bee host in resiling flumethrin stress. Bees were exposed to various concentrations of flumethrin ",https://pubmed.ncbi.nlm.nih.gov/42785622/,PubMed
Acute co-exposure to urban particulate matter and aircraft noise elicits lung-centered immune-redox proteomic remodeling in mice.,"Ameli Corrado, Nair Bharath Anila Bhuvanendran, Klinkby Amalie Schufri","Environmental pollution (Barking, Essex : 1987)",2026-09-25,"Particulate air pollution and transportation noise frequently co-occur, but their combined molecular effects are poorly defined. We used data-independent acquisition (DIA) LC-MS/MS proteomics to profile lung, brain, and heart from male C57BL/6J mice exposed for 3 days to NIST SRM 1648a urban particulate matter (PM), aircraft noise (NOISE), PM + NOISE, or control conditions. The exposure model is t",https://pubmed.ncbi.nlm.nih.gov/42785619/,PubMed
IGF2BP3 suppresses adipogenesis via m6A-dependent stabilization of FAM13A mRNA in 3T3-L1 adipocytes.,"Xiao Jingbo, Li Suining, Jiang Zhihua",Molecular and cellular endocrinology,2026-09-25,"Dysregulated adipogenesis is a key pathogenic driver of obesity. This study aimed to delineate the role of family with sequence similarity 13, member A (FAM13A) in adipogenesis and to elucidate the molecular mechanisms underlying its abnormal expression. C57BL/6J mice were subjected to a high-fat diet to establish an obesity model. 3T3-L1 cells were induced for adipogenic differentiation. Lipid ac",https://pubmed.ncbi.nlm.nih.gov/42785510/,PubMed
YBX3 Promotes Ischemia-Reperfusion Injury by Enhancing Microglial Glycolysis via PKM2 Stabilization and mTOR-HIF-1α Pathway Activation.,"Feng Zhaowei, Qin Peipei, Ni Hua",Behavioural brain research,2026-09-25,"Stroke remains one of the leading causes of death and long-term disability worldwide, with neuroinflammation and metabolic dysfunction playing central roles in its pathogenesis. In this study, we investigated the function of Y-box binding protein 3 (YBX3) in ischemic stroke, with particular focus on its regulation of glycolysis and neuroinflammatory responses. Using a middle cerebral artery occlus",https://pubmed.ncbi.nlm.nih.gov/42785477/,PubMed
PAX6ΔPD modulates the balance between proliferation and differentiation programs in corneal epithelial cells through protein-protein interactions.,"Meza-Aguilar Rosa Guadalupe, García-Villegas Refugio, Reséndez-Pérez Diana",Experimental eye research,2026-09-25,"PAX6 is a key regulator of corneal epithelial differentiation, expressed as multiple variants that result either from alternative splicing or by the use of an alternative internal promoter. These variants include the canonical PAX6, PAX6(5a), and the paired-less PAX6ΔPD variant. This study evaluated the functional roles of these variants in rabbit RCE1(5T5) corneal epithelial cells. Endogenous PAX",https://pubmed.ncbi.nlm.nih.gov/42785418/,PubMed
Preliminary structural characterization and potential glucose metabolism-regulating effects of Armillaria mellea mycelial polysaccharide in insulin-resistant HepG2 cells.,"Tan Rui, Zhu Haobin, Wang Xin",International journal of biological macromolecules,2026-09-25,"Armillaria mellea mycelial polysaccharide (AMMP) is a fungal bioactive macromolecule with potential metabolic regulatory activity; however, its preliminary structural characteristics and glucose metabolism-regulating effects in insulin-resistant hepatic cells remain inadequately clarified. In this study, AMMP was obtained by ultrasound-assisted enzymatic hydrolysis, purified through column chromat",https://pubmed.ncbi.nlm.nih.gov/42785414/,PubMed
The conserved U1 snRNP subunit FgLuc7 regulates sexual development and pre-mRNA processing in fusarium graminearum.,"Wang Jie, Yang Ling, Bai Enhui",International journal of biological macromolecules,2026-09-25,"The U1 small nuclear ribonucleoprotein (U1 snRNP) is an essential spliceosome component that mediates pre-mRNA splicing. Although the molecular function of Luc7 proteins is broadly conserved in eukaryotes, whether this core splicing factor acquires developmentally specialized functions in filamentous fungi remains unclear. Here, we investigated the U1 snRNP-associated protein FgLuc7 in Fusarium gr",https://pubmed.ncbi.nlm.nih.gov/42785402/,PubMed
"UV-aged microplastics exacerbate cadmium-induced intestinal barrier dysfunction, innate immune impairment, and Vibrio harveyi colonization in big-belly seahorses, Hippocampus abdominalis.","Chae Jeong Won, Kim Jin A, Kim Jun-Hwan",Fish & shellfish immunology,2026-09-25,Ultraviolet (UV) aging alters the surface physicochemical properties of microplastics (MPs) and may increase their capacity to transport toxic metals in aquatic environments. This study investigated whether UV-aged high-density polyethylene MPs exacerbate cadmium (Cd) toxicity by impairing intestinal barrier function and innate immunity and increasing susceptibility to Vibrio harveyi infection in ,https://pubmed.ncbi.nlm.nih.gov/42785397/,PubMed
Hyaluronic Acid Modulates IL1β-Induced Cytokine Profile of Gingival Mesenchymal Stem Cells.,"Hakki Sema S, Božić Darko, Sculean Anton",Journal of clinical periodontology,2026-09-25,"Hyaluronic acid (HA) possesses anti-inflammatory properties critical for periodontal wound healing. In this study, we aimed to evaluate the role of cross-linked high-molecular-weight (HMW) HA on cytokine mRNA expression, cell viability and migration in IL-1β-stimulated gingival mesenchymal stem cells (gMSCs). gMSCs were treated with IL-1β (1 ng/mL), HA dilutions (1:2 and 1:4) or both. Cell viabili",https://pubmed.ncbi.nlm.nih.gov/42785239/,PubMed
Optimizing RNA yield using deep neural networks coupled to massively parallel screening,"Dinghai Zheng, Justin Hong, Jun Wang",arXiv,2026-09-25,"Messenger RNA (mRNA)-based therapeutics have emerged as a powerful platform for vaccines, protein replacement therapies, and cancer immunotherapy. A critical bottleneck in mRNA development is manufacturing large quantities of RNA economically, as measured by RNA yield emerging from an in vitro transcription (IVT) reaction. However, how promoter-adjacent DNA sequences influence RNA yield remains po",http://arxiv.org/abs/2608.23722v1,arXiv
Energy-efficient codon optimization on thermodynamic hardware,"Andraz Jelincic, Ross C. Walker",arXiv,2026-09-25,"The growing energy demand for computation is becoming increasingly unsustainable. Thermodynamic computing, which harnesses physical thermal fluctuations as a computational resource rather than suppressing them, offers orders-of-magnitude energy savings for probabilistic and combinatorial tasks. Pharmaceutical R&D, heavily reliant on computational optimization and sampling, is a natural application",http://arxiv.org/abs/2606.17327v1,arXiv
mRNAutilus: Multi-Objective-Guided Discrete Generation of mRNA with Optimized Therapeutic Properties,"Sawan Patel, Sophia Tang, Yesol Kim",arXiv,2026-09-25,"Therapeutic mRNA design requires coordinating multiple interacting sequence features across the full transcript, where codon usage, untranslated regions (UTRs), and their coupling jointly determine stability, translation efficiency, and protein expression. Here, we present mRNA generation via unrolled trajectories and informed latent updates (mRNAutilus), a framework for simultaneous codon optimiz",http://arxiv.org/abs/2605.31296v1,arXiv
Sampling-based Continuous Optimization for Messenger RNA Design,"Feipeng Yue, Ning Dai, Wei Yu Tang",arXiv,2026-09-25,"Designing messenger RNA (mRNA) sequences for a fixed target protein requires searching an exponentially large synonymous space while optimizing properties that affect stability and downstream performance. This is challenging because practical mRNA design involves multiple coupled objectives beyond classical folding criteria, and different applications prefer different trade-offs. We propose a gene",http://arxiv.org/abs/2603.06559v1,arXiv
Drug-like antibodies with low immunogenicity in human panels designed with Latent-X2," Latent Labs Team, Henry Kenlay, Daniella Pretorius",arXiv,2026-09-25,"Drug discovery has long sought computational systems capable of designing drug-like molecules directly: developable and non-immunogenic from the start. Here we introduce Latent-X2, a frontier generative model that achieves this goal through zero-shot design of antibodies with strong binding affinities, drug-like properties, and, for the first time for any de novo generated antibody, confirmed low ",http://arxiv.org/abs/2512.20263v1,arXiv
"RNAGenScape: Property-Guided, Optimized Generation of mRNA Sequences with Manifold Langevin Dynamics","Danqi Liao, Chen Liu, Xingzhi Sun",arXiv,2026-09-25,"Generating property-optimized mRNA sequences is central to applications such as vaccine design and protein replacement therapy, but remains challenging due to limited data, complex sequence-function relationships, and the narrow space of biologically viable sequences. Generative methods that drift away from the data manifold can yield sequences that fail to fold, translate poorly, or are otherwise",http://arxiv.org/abs/2510.24736v3,arXiv
The proportional scaling of mRNA and ribosome concentrations controls eukaryotic cell growth,"Xin Gao, Michael Lanz, Rosslyn Grosely",arXiv,2026-09-25,"Cell growth underlies nearly all eukaryotic physiology, yet its quantitative principles remain unclear. Using single-molecule ribosome tracking, spike-in RNA sequencing, and quantitative proteomics across 15 nutrient-limited conditions in budding yeast, we define how growth is controlled in the budding yeast Saccharomyces cerevisiae. Ribosome concentration scales linearly with growth rate, while p",http://arxiv.org/abs/2508.14997v2,arXiv
mRNA Folding Algorithms for Structure and Codon Optimization,"Max Ward, Mary Richardson, Mihir Metkar",arXiv,2026-09-25,"mRNA technology has revolutionized vaccine development, protein replacement therapies, and cancer immunotherapies, offering rapid production and precise control over sequence and efficacy. However, the inherent instability of mRNA poses significant challenges for drug storage and distribution, particularly in resource-limited regions. Co-optimizing RNA structure and codon choice has emerged as a p",http://arxiv.org/abs/2503.19273v1,arXiv
Generative Model for Synthesizing Ionizable Lipids: A Monte Carlo Tree Search Approach,"Jingyi Zhao, Yuxuan Ou, Austin Tripp",arXiv,2026-09-25,"Ionizable lipids are essential in developing lipid nanoparticles (LNPs) for effective messenger RNA (mRNA) delivery. While traditional methods for designing new ionizable lipids are typically time-consuming, deep generative models have emerged as a powerful solution, significantly accelerating the molecular discovery process. However, a practical challenge arises as the molecular structures genera",http://arxiv.org/abs/2412.00807v1,arXiv
Machine learning framework to predict the performance of lipid nanoparticles for nucleic acid delivery,"Gaurav Kumar, Arezoo M. Ardekani",arXiv,2026-09-25,"Lipid nanoparticles (LNPs) are highly effective carriers for gene therapies, including mRNA and siRNA delivery, due to their ability to transport nucleic acids across biological membranes, low cytotoxicity, improved pharmacokinetics, and scalability. A typical approach to formulate LNPs is to establish a quantitative structure-activity relationship (QSAR) between their compositions and in vitro/in",http://arxiv.org/abs/2411.14293v1,arXiv
Joint Design of 5' Untranslated Region and Coding Sequence of mRNA,"Yang Liu, Jie Gao, Xiaonan Zhang",arXiv,2026-09-25,"Messenger RNA (mRNA) vaccines and therapeutics are emerging as powerful tools against a variety of diseases, including infectious diseases and cancer. The design of mRNA molecules, particularly the untranslated region (UTR) and coding sequence (CDS) is crucial for optimizing translation efficiency and stability. Current design approaches generally focus solely on either the 5' UTR or the CDS, whic",http://arxiv.org/abs/2410.20781v1,arXiv
Bacterial stress granule protects mRNA through ribonucleases exclusion,"Linsen Pei, Yujia Xian, Xiaodan Yan",arXiv,2026-09-25,"Membraneless droplets formed through liquid-liquid phase separation (LLPS) play a crucial role in mRNA storage, enabling organisms to swiftly respond to environmental changes. However, the mechanisms underlying mRNA integration and protection within droplets remain unclear. Here, we unravel the role of bacterial aggresomes as stress granules (SGs) in safeguarding mRNA during stress. We discovered ",http://arxiv.org/abs/2404.17873v2,arXiv
"Hypolipidemic effect of brown seaweed (Sargassum crassifolium) extract in vivo (Study of histopathology, mRNA expression, and immunohistochemistry (IHC) with VCAM-1, ICAM-1, and MCP-1 parameters)","Sarah Zaidan, Syamsudin Abdillah, Nur Arfian",arXiv,2026-09-25,The purpose of this study was to obtain natural drugs from brown seaweed (Sargassum crassifolium) as antiatherosclerosis candidates through the study of hypolipidemic mechanisms of action. Modeling of dyslipidemia rats was carried out by feeding high-fat (HFF) and doses of crude fucoidan 100. 200. 400mg / KgBB. in both treatments measured blood lipid profile levels taken from the orbital sinuses. ,http://arxiv.org/abs/2402.07497v1,arXiv
Machine Learning Modeling Of SiRNA Structure-Potency Relationship With Applications Against Sars-Cov-2 Spike Gene,Damilola Oshunyinka,arXiv,2026-09-25,"The pharmaceutical Research and development (R&D) process is lengthy and costly, taking nearly a decade to bring a new drug to the market. However, advancements in biotechnology, computational methods, and machine learning algorithms have the potential to revolutionize drug discovery, speeding up the process and improving patient outcomes. The COVID-19 pandemic has further accelerated and deepened",http://arxiv.org/abs/2401.12232v1,arXiv
Messenger RNA Design via Expected Partition Function and Continuous Optimization,"Ning Dai, Wei Yu Tang, Tianshuo Zhou",arXiv,2026-09-25,"The tasks of designing RNAs are discrete optimization problems, and several versions of these problems are NP-hard. As an alternative to commonly used local search methods, we formulate these problems as continuous optimization and develop a general framework for this optimization based on a generalization of classical partition function which we call ""expected partition function"". The basic idea ",http://arxiv.org/abs/2401.00037v2,arXiv
Machine Learning-guided Lipid Nanoparticle Design for mRNA Delivery,"Daisy Yi Ding, Yuhui Zhang, Yuan Jia",arXiv,2026-09-25,"While RNA technologies hold immense therapeutic potential in a range of applications from vaccination to gene editing, the broad implementation of these technologies is hindered by the challenge of delivering these agents effectively. Lipid nanoparticles have emerged as one of the most widely used delivery agents, but their design optimization relies on laborious and costly experimental methods. W",http://arxiv.org/abs/2308.01402v2,arXiv
Corrected Hill Function in Stochastic Gene Regulatory Networks,"Manuel Eduardo Hernández-García, Jorge Velázquez-Castro",arXiv,2026-09-25,"Describing reaction rates in stochastic bio-circuits is commonly done by directly introducing the deterministically deduced Hill function into the master equation. However, when fluctuations in enzymatic reaction rates are not neglectable, the Hill function must be derived, considering all the involved stochastic reactions. In this work, we derived the stochastic version of the Hill function from ",http://arxiv.org/abs/2307.03057v4,arXiv
Stochastic dynamics and ribosome-RNAP interactions in Transcription-Translation Coupling,"Xiangting Li, Tom Chou",arXiv,2026-09-25,"Under certain cellular conditions, transcription and mRNA translation in prokaryotes appear to be ""coupled,"" in which the formation of mRNA transcript and production of its associated protein are temporally correlated. Such transcription-translation coupling (TTC) has been evoked as a mechanism that speeds up the overall process, provides protection during the transcription, and/or regulates the t",http://arxiv.org/abs/2207.04568v1,arXiv
Coronavirus RNA Sensor Using Single-Stranded DNA Bonded to Sub-Percolated Gold Films on Monolayer Graphene Field-Effect Transistors,"Nicholas E. Fuhr, Mohamed Azize, David J. Bishop",arXiv,2026-09-25,"Electrical detection of messenger ribonucleic acid (mRNA) is a promising approach to enhancing transcriptomics and disease diagnostics because of its sensitivity, rapidity, and modularity. Reported here is a fast SARS-CoV-2 mRNA biosensor (<1 minute) with a limit of detection of 1 aM, and dynamic range of 4 orders of magnitude and a linear sensitivity of 22 mV per molar decade. These figures of me",http://arxiv.org/abs/2205.05143v1,arXiv
Deep learning models for predicting RNA degradation via dual crowdsourcing,"Hannah K. Wayment-Steele, Wipapat Kladwang, Andrew M. Watkins",arXiv,2026-09-25,"Messenger RNA-based medicines hold immense potential, as evidenced by their rapid deployment as COVID-19 vaccines. However, worldwide distribution of mRNA molecules has been limited by their thermostability, which is fundamentally limited by the intrinsic instability of RNA molecules to a chemical degradation reaction called in-line hydrolysis. Predicting the degradation of an RNA molecule is a ke",http://arxiv.org/abs/2110.07531v2,arXiv
Nucleic Acid-Based Antimicrobial Strategies Against Drug-Resistant Staphylococcus aureus: A Review of Mechanisms of Action and Delivery Approaches.,"Ghasemi Reza, Heidari Hamid",Infectious diseases and therapy,2026-09-25,Drug-resistant Staphylococcus aureus remains one of the major clinical challenges in both community and hospital settings. Increasing rates of resistance to conventional antibiotics have prompted the development of alternative therapeutic strategies capable of selectively targeting essential bacterial functions. Nucleic acid-based antimicrobial strategies have emerged as promising and precise appr,https://pubmed.ncbi.nlm.nih.gov/42786391/,PubMed
A transcription factor regulates development of a bacteria-housing eukaryotic cell through DNA damage mitigation.,"Li Na-Na, Jiang Shan, Hong Ji-Sheng",Proceedings of the National Academy of Sciences of the United States of America,2026-09-25,"Intracellular microorganisms are widespread and housed within specialized host cells called bacteriocytes in many invertebrates. Although increasing attention has been devoted to understanding bacteriocyte development, differentiation, and proliferation, the molecular mechanisms that maintain these cells remain poorly understood. We previously showed that the transcription factor Adf-1 suppresses ",https://pubmed.ncbi.nlm.nih.gov/42784505/,PubMed
Expression Characteristics of Odorant Receptor Gene ,"Liu Jinjia, Xie Bailu, Jia Shiyan",Insects,2026-09-25,This study aims to characterize the structural features and spatiotemporal expression patterns of the protein encoded by odorant receptor gene ,https://pubmed.ncbi.nlm.nih.gov/42783334/,PubMed
Research Progress on Target Gene Screening and the Precise Control Potential of ,"Ye Liping, He Zhenrui, Li Xiang",Insects,2026-09-25,,https://pubmed.ncbi.nlm.nih.gov/42783320/,PubMed
The Upregulation of Two ,"Liu Bo, Chen Si-Yi, Li Zhi-Hong",Insects,2026-09-25,,https://pubmed.ncbi.nlm.nih.gov/42783317/,PubMed
Optimization of dsRNA Length and Target Position for Enhanced RNA Interference Efficiency Targeting the Chitinase Gene ,"Bao Wenhua, Qiu Yan, Zhao Xiaoke",Insects,2026-09-25,"Chitinase is a key enzyme involved in insect chitin metabolism, and RNA interference (RNAi) targeting the corresponding gene represents a promising strategy for eco-friendly pest management. However, the design parameters of double-stranded RNA (dsRNA), particularly fragment length and target position, remain insufficiently optimized. To investigate the effects of these parameters on the RNAi effi",https://pubmed.ncbi.nlm.nih.gov/42783298/,PubMed
Crosstalk Between ,"Lin Ruixuan, Li Shiyuan, Lv Hui",Insects,2026-09-25,"Insects lack adaptive immunity and rely exclusively on innate immune system for pathogen defense. However, the specific role of ",https://pubmed.ncbi.nlm.nih.gov/42783272/,PubMed
Function of ,"Li Xiao, Cui Sufen, Wan Zhichao",Insects,2026-09-25,It has been suggested that hypoxia-inducible factor 1α (,https://pubmed.ncbi.nlm.nih.gov/42783271/,PubMed
What Shapes RNA Interference Responsiveness in Heteroptera (Insecta: Hemiptera)? An Evidence-Constrained Multilevel Framework for Experimental Design and Optimisation.,"Zielińska Anna, Rojek Julia, Lis Jerzy A",Insects,2026-09-25,"RNA interference (RNAi) is widely used in insect functional genomics and has potential for species-selective pest management, but its performance in Heteroptera varies among species, delivery routes, targets, and endpoints. This review evaluates processes that may constrain double-stranded RNA (dsRNA) delivery, processing, and phenotypic expression using a claim-level evidence hierarchy. Productiv",https://pubmed.ncbi.nlm.nih.gov/42783267/,PubMed
"Molecular Cloning and Functional Analysis of CTL14 and PPO4: Their Roles in Development, Reproduction, and Antiviral Defense in ","Faidah Arina Nur, Lu Tianxing, Wang Qinghong",Insects,2026-09-25,"The insect innate immune system serves as the primary line of defense against pathogens, regulated by pattern recognition receptors (PRRs) such as C-type lectins (CTLs) and effector systems like prophenoloxidase (PPO). This study aims to provide molecular and functional characterization of the ",https://pubmed.ncbi.nlm.nih.gov/42783253/,PubMed
Comparative genomic analysis of P450 genes reveals CYP6CX4 is associated with differential clothianidin resistance between Bemisia tabaci B/MEAM1 and Q/MED.,"He Chao, Zhang Ying, Yang Zelu",Pest management science,2026-09-25,"Bemisia tabaci is a globally invasive agricultural pest. The B. tabaci Q/MED has rapidly replaced B/MEAM1, largely due to Q/MED's high resistance to neonicotinoid insecticides. Although cytochrome P450s (P450s) are major detoxification enzymes involved in insecticide resistance, the genome-wide identification and functional contributions to differential clothianidin resistance between B/MEAM1 and ",https://pubmed.ncbi.nlm.nih.gov/42782141/,PubMed
An amplification-free fluorescence turn-on sensing platform for in situ monitoring miRNA release from live cells.,"Kumar Avinash, Qu Jing, Odubanjo Oluwatoyin V",Talanta open,2026-09-25,"MicroRNAs (miRNAs) are key regulators of numerous physiological and pathological processes and hold substantial promise for disease diagnosis and therapeutic evaluation. Although a variety of quantitative miRNA assays have been reported, none are suitable for real-time monitoring of miRNA release from live cells due to prolonged assay times, insufficient sensitivity, or interference from complex s",https://pubmed.ncbi.nlm.nih.gov/42780876/,PubMed
The serotonin receptor Am,"Wang Qiushi, Mohamed Ahmed A M, Al-Akeel Rasha K",Frontiers in physiology,2026-09-25,"Division of labor in honey bees is accompanied by coordinated changes in neural and glandular physiology, yet the molecular links between neuromodulatory signaling and Major Royal Jelly Protein 1 (MRJP1) expression remain poorly understood. Here we show that the serotonin receptor Am",https://pubmed.ncbi.nlm.nih.gov/42780445/,PubMed
An ancestral mitochondrial DNA insertion disrupts RNAi and enables persistence of a novel mycovirus in ,"Huang Jun, Larmore Connor J, Davenport Timothy C",bioRxiv : the preprint server for biology,2026-09-25,"RNA interference (RNAi) is a widely conserved genome-defense mechanism that protects eukaryotes against viruses and transposable elements. We previously showed that RNAi loss can lead to hypermutation and antifungal drug resistance in the human fungal pathogen  Despite its broad conservation, RNAi has been repeatedly lost across diverse fungal lineages, yet the biological consequences of RNAi loss",https://pubmed.ncbi.nlm.nih.gov/42779951/,PubMed
Dynamin-2 promotes Atg9A retrieval from phagophores during autophagy.,"Caliri Andrew, Riera Alejandro Martorell, Kolitsida Panagiota",Biology open,2026-09-25,"Autophagy involves the rapid growth of phagophores through membrane addition. This growth is triggered by vesicles containing the Atg9A protein. However, Atg9A is not incorporated into mature autophagosomes. We now demonstrate that Dynamin-2 (Dnm2) colocalizes with the BAR domain protein Endophilin-B1 (EndoB1/Bif-1/SH3GLB1) and other autophagy proteins when autophagy is induced. Our data suggest t",https://pubmed.ncbi.nlm.nih.gov/42779336/,PubMed
[Characterization of Class F G protein - coupled receptors and functional analysis of Smoothened receptor in ,"Wang X, Lu Z, Cai M",Zhongguo xue xi chong bing fang zhi za zhi = Chinese journal of schistosomiasis control,2026-09-25,"To characterize  Six Class F GPCRs were identified from the  The five FZD receptors and one Smoothened receptor all contained a conserved Frizzled domain. Phylogenetic analysis revealed that  SjSMO is a key receptor that regulates the growth, development, reproduction, and oviposition of ",https://pubmed.ncbi.nlm.nih.gov/42779242/,PubMed
Identification of β-ionone as an oviposition preference cue in Spodoptera litura using SlitPBP3-based reverse chemical ecology.,"Wu Chunyan, Zhang Biyun, Ma Lijun",Pest management science,2026-09-25,Screening and identifying compounds that modulate oviposition by female Spodoptera litura moths is a promising strategy for the selective management of this pest. Reverse chemical ecology provides an efficient and target-oriented approach for identifying bioactive semiochemicals by exploiting the functionally relevant olfactory binding proteins. Scanning electron microscopy revealed the presence o,https://pubmed.ncbi.nlm.nih.gov/42779141/,PubMed
"Oral RNAi reduces survival and grain loss in Rhyzopertha dominica, including phosphine-resistant populations.","Shen ZiHan, Chen Wei, Wang KangXu",Pest management science,2026-09-25,"Phosphine fumigation remains a cornerstone of stored-grain protection, yet widespread resistance in Rhyzopertha dominica threatens its long-term effectiveness. RNA interference (RNAi) through ingestion of double-stranded RNA (dsRNA) offers a sequence-specific mode-of-action (MoA) distinct from conventional insecticides. However, practical development requires identification of orally effective tar",https://pubmed.ncbi.nlm.nih.gov/42779009/,PubMed
Dexmedetomidine attenuates sepsis-associated inflammation and encephalopathy by modulating the MeCP2/NLGN1 pathway.,"Hu Bowen, Wang Yuge, Yang Ying",Brain research bulletin,2026-09-25,"Sepsis-associated encephalopathy (SAE) is a common and serious complication in septic patients that significantly reduces quality of life. Besides its sedative and analgesic effects, dexmedetomidine has been suggested to have potential neuroprotective benefits. This study aims to determine whether dexmedetomidine guards against cognitive dysfunction in a murine model of sepsis and to investigate t",https://pubmed.ncbi.nlm.nih.gov/42778070/,PubMed
ProteoEM: probabilistic protein abundance estimation from iterative affinity traces,Narayanan Raghupathy,arXiv,2026-09-25,"Single-molecule affinity mapping enables molecular-level measurement of proteins and proteoforms, but imperfect and nonspecific probe binding makes individual affinity traces compatible with multiple molecular identities. Accurate abundance estimation therefore requires apportionment of ambiguous traces by weight rather than assignment to a single candidate. We developed ProteoEM, an expectation-m",http://arxiv.org/abs/2609.29155v1,arXiv
Sequence-Informed Geometric Evaluation of RNA 3D Structures,"Andrea Zerio, Yighua Yao, Alessandro Micheli",arXiv,2026-09-25,"Computational RNA structure pipelines generate many candidate conformations for the same sequence. Reliable evaluation therefore requires more than recognising plausible geometry, it requires determining whether that geometry is compatible with the sequence. We introduce SIRGE, a sequence-informed geometric evaluator that conditions structural representations on nucleotide embeddings from a pretra",http://arxiv.org/abs/2609.10644v1,arXiv
Advancing Alzheimer's Disease Treatment: Synergistic Ligand Combinations Targeting BACE1 via Multi-Ligand Simultaneous Docking,"Pronama Biswas, Surya Shanbhog, Merla Sudha",arXiv,2026-09-25,"Alzheimer's disease is a progressive neurodegenerative disorder characterized by memory loss, cognitive decline, and behavioral changes, primarily affecting the elderly. Current treatments focus on symptom management as no therapies effectively halt or reverse disease progression. Newer therapies targeting BACE1, a key enzyme in amyloid plaque formation, have shown promise in clinical trials, thou",http://arxiv.org/abs/2609.04301v1,arXiv
From static structures to dynamic landscapes: cryo-EM redefines RNA biology,"Shekhar Jadhav, Spandan Saha, Qingbin Shang",arXiv,2026-09-25,RNA molecules perform diverse biological functions by dynamically exploring multiple conformational states rather than adopting a single static structure. Capturing these ensembles is a challenge in molecular biology. Recent advances in cryoEM are now transforming this landscape by enabling the visualization of RNA molecules across a broad spectrum of functionally relevant conformations at near at,http://arxiv.org/abs/2609.01132v1,arXiv
Designability of RNA Targets with Up to Two Length-2 Helices,Ashutosh S. Jogalekar,arXiv,2026-09-25,"RNA inverse folding asks for an RNA sequence whose prescribed secondary structure is the unique maximum-base-pair compatible fold. In the four-letter Watson-Crick model (A-U and C-G pairs only, no pseudoknots, and zero minimum base-pair span), Hales et al. introduced a separated-coloring certificate and an even-odd device, while Boury et al. generalized this to modulo-$m$ separability, gave an $O(",http://arxiv.org/abs/2608.25194v1,arXiv
Leveraging generative hallucination and biophysics-informed modeling for unified biomolecular sequence-structure co-design,"Xuefeng Liu, Mingxuan Cao, Xiao Luo",arXiv,2026-09-25,"Biomolecular design underpins applications from molecular recognition to therapeutics and synthetic biology, yet de novo interaction design remains challenging-especially for DNA/RNA, underexplored non-protein modalities with scarce, heterogeneous complex data and sharper geometric and chemical constraints. We introduce MCTH (Monte Carlo Tree Hallucination), an inference-only framework that casts ",http://arxiv.org/abs/2608.17381v1,arXiv
"MultiStructRNA: a Python package for multi-algorithm RNA secondary structure prediction, ensemble analysis, and visualization","Yashrajsinh Jadeja, Haining Lin, Mihir Metkar",arXiv,2026-09-25,"We introduce MultiStructRNA, a unified Python toolkit for RNA secondary structure prediction, ensemble analysis, and visualization. Although RNA secondary structure is central to RNA biology and therapeutic design, practical adoption is often hindered by fragmented tooling, incompatible input and output formats, and limited visualization support. MultiStructRNA addresses these challenges through a",http://arxiv.org/abs/2608.14846v1,arXiv
Evolutionary Curriculum Learning Improves Biological Sequence Modeling,"Richard Zhu, Kento Nishi",arXiv,2026-09-25,"Variational autoencoders (VAEs) trained on multiple sequence alignments (MSAs) have emerged as powerful generative models for biological sequences, with applications ranging from disease variant prediction to functional RNA design. However, standard biological VAE training treats all sequences as exchangeable, ignoring the rich evolutionary structure that organizes homologous sequences from evolut",http://arxiv.org/abs/2608.00697v2,arXiv
Engineering T7 RNA Polymerase for High-Purity In Vitro Transcription,"Pauline Hermans, Youlia Serikova, José Castillo",arXiv,2026-09-25,"In vitro transcription using bacteriophage T7 RNA polymerase (T7 RNAP) is the gold-standard platform for RNA production in both research and therapeutic applications. Despite its high processivity and promoter specificity, T7 RNAP generates multiple RNA by-products, including double-stranded RNA, 3'-extended transcripts, abortive RNAs, and prematurely terminated products. These impurities reduce R",http://arxiv.org/abs/2607.18468v1,arXiv
Enhanced sampling and cryo-EM data resolve magnesium binding to RNA,"Olivier Languin-Cattoën, Elisa Posani, Giovanni Bussi",arXiv,2026-09-25,"Magnesium ions are essential for RNA structure but difficult to model due to slow binding kinetics and experimental limitations. We present an enhanced-sampling strategy that accelerates Mg$^{2+}$ inner-shell binding by orders of magnitude, enabling quantitative exploration of ion-binding motifs in a large ribozyme. The method combines a barrier-flattening bias with Hamiltonian replica exchange to",http://arxiv.org/abs/2607.07186v1,arXiv
Bayesian Sampling of Structural Ensembles: The Role of Ensemble-Counting Measures,"Ivan Gilardoni, Giovanni Bussi",arXiv,2026-09-25,"Structural ensemble refinement is widely used to integrate molecular simulations with experimental measurements. While most applications focus on the maximum-a-posteriori (MAP) ensemble, Bayesian sampling of the posterior distribution can provide uncertainty estimates and posterior averages for arbitrary observables. A notable step in this direction was introduced by the Bayesian Energy Landscape ",http://arxiv.org/abs/2606.18495v1,arXiv
MultiMolecule: a modular ecosystem for biomolecular sequence-model workflows,Zhiyuan Chen,arXiv,2026-09-25,"Biomolecular sequence models are increasingly reused outside the studies in which they were introduced, but public checkpoints rarely preserve the execution context needed to inspect source-defined behavior, adapt models to new assays, compare models under shared task definitions or deploy biological predictions. MultiMolecule is an open-source Python ecosystem that turns heterogeneous RNA, DNA an",http://arxiv.org/abs/2606.16540v1,arXiv
The Montparnasse Algorithm for RNA Design,Tristan Cazenave,arXiv,2026-09-25,"RNA design consists of discovering a nucleotide sequence that optimizes predefined criteria, such as secondary structure. It is useful for synthetic biology, medicine, and nanotechnology. We propose Montparnasse, a Monte Carlo search framework based on Generalized Nested Rollout Policy Adaptation, augmented with a problem-specific prior, slow and long adaptation at level 1, and a lexicographic mul",http://arxiv.org/abs/2606.07562v1,arXiv
Multimodal Alignment and Preference Optimization for Zero-Shot Conditional RNA Generation,"Roman Klypa, Alberto Bietti, Sergei Grudinin",arXiv,2026-09-25,"The design of RNA molecules that interact with specific proteins is a critical challenge in experimental and computational biology. Despite recent progress in natural language modeling and deep learning-based protein design, there remains significant room to improve the frequency of successful interactions and the authenticity of generated sequences for functional applications. In this work, we fr",http://arxiv.org/abs/2605.23961v1,arXiv
"GoForth: Language Models for RNA Design under Structure, Sequence, and Coding Constraints",Michael Lindsey,arXiv,2026-09-25,"RNA inverse sequence design has broad biological and engineering applications, but computational methods for practical design queries remain limited. Such queries may impose several constraints at once, including target folds or motifs, fixed bases, and coding restrictions, while leaving arbitrary sequence and structure in unspecified regions. Because these constraints may permit many acceptable s",http://arxiv.org/abs/2605.07608v1,arXiv
Bayesian Rate Inference for Sequence Motif Dynamics in Systems of Reactive Nucleic Acids,"Johannes Harth-Kitzerow, Ulrich Gerland, Torsten A. Enßlin",arXiv,2026-09-25,"The RNA world hypothesis suggests a pathway of how life emerged on early earth. It assumes that life started with RNA based systems, capable of storing, transmitting and replicating information, envisioning that monomers and short RNA oligomers interact to form longer strands, eventually becoming catalytically active ribozymes. Key reactions in RNA pools are hybridization, dehybridization, templat",http://arxiv.org/abs/2604.25701v2,arXiv
VARIANT: Web Server for Decoding and Analyzing Viral Mutations at Genome and Protein Levels,"Rui Wang, Xuhang Dai, Xin Cao",arXiv,2026-09-25,"A comprehensive analysis of viral mutations is essential for understanding viral evolution, disease epidemiology, diagnosis, drug resistance, etc. However, challenges remain in capturing complex mutation patterns and supporting diverse viral families with varying genome architectures. To address these needs, we present VARIANT, an web server for mutational analysis of RNA viral genomes and associa",http://arxiv.org/abs/2604.20942v1,arXiv
Interfacial Potential Transduction for Diagnostics,"Hyun-June Jang, Peuli Nath, Yuqin Wang",arXiv,2026-09-25,"A major barrier to decentralized, near-patient diagnostics is the lack of a signal transduction modality that is both analytically precise and accessible at the point of care. Optical readouts remain instrument-dependent and difficult to miniaturize, while compact electrochemical readouts are prone to matrix-derived signal distortion, limiting their biomarker coverage in real clinical settings. He",http://arxiv.org/abs/2603.23775v1,arXiv
ZeroFold: Protein-RNA Binding Affinity Predictions from Pre-Structural Embeddings,"Josef Hanke, Sebastian Pujalte Ojeda, Shengyu Zhang",arXiv,2026-09-25,"The accurate prediction of protein-RNA binding affinity remains an unsolved problem in structural biology, limiting opportunities in understanding gene regulation and designing RNA-targeting therapeutics. A central obstacle is the structural flexibility of RNA, as, unlike proteins, RNA molecules exist as dynamic conformational ensembles. Thus, committing to a single predicted structure discards in",http://arxiv.org/abs/2603.23583v1,arXiv
LncRNA 34962 drives pulmonary vascular remodeling in pulmonary hypertension due to left heart disease through the miR-3575/cMYC/TERT signaling axis.,"Wang Xueying, Huang Wenhui, Wu Wenteng",European journal of pharmacology,2026-09-25,"Pulmonary hypertension due to left heart disease (PH-LHD) is the most prevalent form of pulmonary hypertension, characterized by pulmonary vascular remodeling driven by abnormal proliferation and migration of pulmonary artery smooth muscle cells (PASMCs). Although long non-coding RNAs (lncRNAs) regulate cardiovascular pathophysiology, their role in PH-LHD remains unclear. PH-LHD was established by",https://pubmed.ncbi.nlm.nih.gov/42785460/,PubMed
Escape of the ,"Gao Pu, Pritham Ellen J, Feschotte Cedric","Science (New York, N.Y.)",2026-09-25,"Transposable elements mobilize within and occasionally between genomes, including from host to virus. We identified two insertions of the human ",https://pubmed.ncbi.nlm.nih.gov/42784687/,PubMed
A Novel SINE Transposable Element-Associated lncRNA Regulates Zygotic Genome Activation in Porcine Parthenogenetically Activated Embryos.,"He Tianyao, Zhang Shanlong, Zhang Shichao",Cells,2026-09-25,"Zygotic genome activation (ZGA) is a pivotal event during early mammalian embryonic development and is regulated by multiple molecular factors. In mice, previous studies have demonstrated that long non-coding RNAs (lncRNAs) and transposable elements (TEs) participate in the regulation of this process. However, the functional roles of TEs-associated lncRNAs in porcine ZGA remain largely unknown. In",https://pubmed.ncbi.nlm.nih.gov/42782807/,PubMed
Unravelling the Potential Regulatory Role of Blood lncRNA on Swine Immunity.,"Jové-Juncà Teodor, Hernández-Banqué Carles, Crespo-Piazuelo Daniel",Cells,2026-09-25,"Long non-coding RNAs (lncRNAs) are regulatory RNA molecules involved in numerous biological processes, including immune response. Although their functions remain difficult to characterize, lncRNAs have been associated with both productive and immune traits in pigs. Because immune parameters have been proposed as indicators of immunocompetence, studying lncRNA regulation in immune-related tissues m",https://pubmed.ncbi.nlm.nih.gov/42782783/,PubMed
The role of interferon-stimulated long non-coding RNA PKR-IT1 in the regulation of Zika virus and dengue virus replication and antiviral response.,"Wang Yi, Fu Ai, Chen Liping",Microbiology spectrum,2026-09-25,"Interferon-stimulated genes play a critical role in the innate immune response against flaviviral infection. While recent studies have reported that interferon-stimulated lncRNAs participate in antiviral immunity, the functions of numerous lncRNAs in host-flavivirus interactions remain uncharacterized. Here, we demonstrate that the expression of lncRNA PKR-IT1 is induced by ZIKV and DENV infection",https://pubmed.ncbi.nlm.nih.gov/42782124/,PubMed
Noncoding RNA networks in endodontic regeneration: Current evidence and future directions.,"Pandey Ruchika, Kharche Panshul",Journal of conservative dentistry and endodontics,2026-09-25,"This narrative review provides a consolidated existing literature on regulatory functions of noncoding RNAs (ncRNAs), including microRNAs (miRNAs), long ncRNAs, and circular RNAs (circRNAs) in pulp-dentin complex regeneration. A background search was implemented utilizing data from PubMed, Scopus, and Web of Science to determine research conducted between January 2010 and April 2026. In particular",https://pubmed.ncbi.nlm.nih.gov/42781691/,PubMed
The Hidden Proteome of Cutaneous Repair: Emerging Roles of ncRNA-Encoded Micropeptides.,"Tang Sibei, Li Li, Dou Hanyu",American journal of physiology. Cell physiology,2026-09-25,"The molecular mechanisms governing cutaneous repair have been largely understood through transcriptional and post-transcriptional regulatory networks. Recent discoveries, however, have challenged the long-held assumption that noncoding RNAs (ncRNAs) function exclusively as regulatory transcripts. Advances in translatomics have revealed that a subset of long noncoding RNAs (lncRNAs) and circular RN",https://pubmed.ncbi.nlm.nih.gov/42781502/,PubMed
Circulating IncRNA DRAIC as a potential serum biomarker for predicting lymphatic and vascular spread in pancreatic cancer.,"Che Ying, Zhang Ting, Li Jing",Journal of medical biochemistry,2026-09-25,"Pancreatic cancer is notorious for its aggressive behavior and poor prognosis, largely due to delayed diagnosis and early dissemination. Identifying reliable serum biomarkers could enhance early detection and risk stratification. Long non-coding RNAs (lncRNAs) have been recognised as regulators of tumour biology; however, the clinical and biochemical relevance of lncRNA DRAIC in pancreatic cancer ",https://pubmed.ncbi.nlm.nih.gov/42780864/,PubMed
Epigenetic Signatures as Predictors of Fracture Non-union: A Systematic Review.,"Salem-Hernández Joseph, Belardo Emmanuel, Santiago-Gadea Peter A",Cureus,2026-09-25,"Non-union is a recognized complication of fracture healing that imposes prolonged disability, pain, and repeated surgical intervention. Clinical prediction currently depends on patient and injury characteristics that discriminate poorly at the level of the individual patient, and a molecular marker capable of identifying high-risk patients early would permit intensified surveillance or biological ",https://pubmed.ncbi.nlm.nih.gov/42780834/,PubMed
Decoding the role of non-coding RNAs in HNSCC radioresistance: molecular mechanisms and clinical implications.,"Ge Feng-Xin, Yang Hui, Wang Xiang-Ze",Frontiers in oncology,2026-09-25,"Head and neck squamous cell carcinomas (HNSCC) are the sixth most commonly diagnosed cancer globally, with a stagnant five-year survival rate of approximately 50%. Risk factors include human papillomavirus (HPV) infection, smoking, alcohol consumption, and betel nut chewing, contributing to its genetic and molecular heterogeneity. Although radiotherapy is a primary treatment modality for locally a",https://pubmed.ncbi.nlm.nih.gov/42780679/,PubMed
GLOBAL ANALYSIS OF PROTRUSION-TRANCSRIPTOMES IDENTIFIES DISTINCT CATEGORIES OF LOCALIZED RNAS IN NON-NEURONAL CELLS.,"Hojo Briana, Kumari Shikha, Milla Dominic",bioRxiv : the preprint server for biology,2026-09-25,"RNA localization to protrusions in non-neuronal cells is an emerging molecular process, distinct from the canonical mechanism characterized in neurons. Here, we describe a fractionation workflow optimized for non-neuronal cells that increases sensitivity and reproducibility of transcriptome-wide quantification of protrusion-localized RNAs. Using the optimized method, we identify six categories of ",https://pubmed.ncbi.nlm.nih.gov/42779979/,PubMed
"Total RNA Sequencing Reveals Early Coding, Noncoding, and Isoform-Level Transcriptomic Changes Following Traumatic and Glaucomatous Optic Nerve Injury.","Mathew Noah C, Park Kevin K",bioRxiv : the preprint server for biology,2026-09-25,"Retinal ganglion cell (RGC) death following optic nerve injury is driven by transcriptional programs involved in apoptosis, neuroinflammation, and other regulated cell death pathways; however, the early transcriptomic changes initiating these processes remain poorly defined. We used rRNA-depleted total RNA sequencing to characterize early alterations in protein-coding genes, long noncoding RNAs (l",https://pubmed.ncbi.nlm.nih.gov/42779756/,PubMed
Interrogation of noncoding schizophrenia risk variants using CRISPR-based functional genomics.,"Hamilton Marisa C, Riley Julia W, Nelson Alexander C",bioRxiv : the preprint server for biology,2026-09-25,"Schizophrenia (SCZ) is a highly heritable complex disorder influenced by coding and noncoding genetic variation. Its genetic causes, particularly those involving noncoding variation, are largely unknown. High-throughput CRISPR screens enable dissection of disease-associated loci and identification of noncoding regulatory elements and variants that modulate gene expression. We screened SCZ GWAS loc",https://pubmed.ncbi.nlm.nih.gov/42779610/,PubMed
LncRNA MtCIR2 Negatively Regulates Response of Medicago truncatula Seedlings to Salt Stress by Targeting SOS2-Dependent Na Efflux via H2A Ubiquitination.,"Sun Xiaohan, Tian Rui, Zhao Mingui","Plant, cell & environment",2026-09-25,"Increasing evidence indicates that long non-coding RNAs (lncRNAs) play a regulatory role in plant responses to environmental stress. However, the epigenetic mechanisms behind the regulation of salt stress by lncRNAs remain largely elusive. We previously discovered that the lncRNA MtCIR2 of Medicago trnucatula negatively regulated seed germination under salt stress by altering endogenous ABA and GA",https://pubmed.ncbi.nlm.nih.gov/42779230/,PubMed
Xiaoyao San Alleviates Depression-Associated Dry Eye via the LncRNA-Nespas/TAK1 Axis by Suppressing Central and Peripheral Inflammation.,"Peng Jun, Li Junyao, Ni Ying",Advanced biology,2026-09-25,"Depression commonly manifests alongside dry eye disease (DED), and effective targeted treatments for this comorbid disorder are currently limited. Xiaoyao San (XYP), a traditional Chinese herbal formulation, is widely applied for the management of mood disturbances. This study explored the therapeutic effects and underlying molecular mechanism of XYP against depression-associated DED. A mouse mode",https://pubmed.ncbi.nlm.nih.gov/42779086/,PubMed
The novel role of MEG3 in Glaesserella parasuis-infected porcine alveolar macrophages: Modulating apoptosis via MDM2-mediated ubiquitination and degradation of ILF3 to suppress CFLAR transcription.,"Jia Yongchao, Li Na, Wang Haoran",International journal of biological macromolecules,2026-09-25,"Glaesserella parasuis (G. parasuis) is an important opportunistic pathogen that poses a threat to the swine industry, and the induction of host cell apoptosis is one of the key pathogenic mechanisms by which G. parasuis invades and damages the host. Long non-coding RNAs (lncRNAs) exert diverse and crucial biological functions in cells. Maternally expressed gene 3 (MEG3), a lncRNA widely involved i",https://pubmed.ncbi.nlm.nih.gov/42777995/,PubMed
Cellular and microenvironmental functions of SNHG lncRNAs in tumor immune remodeling.,"Alramadneh Tareq Nayef, Ali Afaq Mahdi, Yunus Fatima Muhammad",Tissue & cell,2026-09-25,"The dynamic interplay between tumor cells and immune components within the tumor microenvironment (TME) is a critical determinant of cancer progression. At the tissue and cellular levels, immune surveillance mechanisms mediated by cytotoxic T lymphocytes (CTLs) and natural killer (NK) cells are responsible for recognizing and eliminating transformed cells. However, tumor cells remodel their microe",https://pubmed.ncbi.nlm.nih.gov/42777519/,PubMed
Molecular biomarkers for early-stage hepatocellular carcinoma: Clinical applications beyond alpha-fetoprotein.,"Amer Marah, Tosello Valeria, Pinto Elisa",The International journal of biological markers,2026-09-25,"Hepatocellular carcinoma (HCC) remains a leading cause of cancer-related death worldwide, owing to late-stage diagnosis and underlying liver disease that limits curative treatment options. Conventional surveillance and diagnostic strategies relying on imaging and alpha-fetoprotein (AFP) lack sufficient sensitivity, particularly for early-stage disease, underscoring the need for more accurate and m",https://pubmed.ncbi.nlm.nih.gov/42777092/,PubMed
Identification of rs28362336 as a risk SNP for generalized myasthenia gravis and its impact on HCG27 regulation.,"Chen Zihong, Guo Qingling, Tian Liting",PloS one,2026-09-25,"Myasthenia gravis (MG) is an antibody-mediated autoimmune disease of the neuromuscular junctions. Accumulating amounts of evidence have indicated that single nucleotide polymorphisms (SNPs) and long noncoding RNAs (lncRNAs) play critical roles in the pathogenesis of MG; however, research on MG-related lncRNA SNPs remains limited. Therefore, our study focused on MG-related lncRNA SNPs to explore th",https://pubmed.ncbi.nlm.nih.gov/42776983/,PubMed
Long Noncoding RNA ,"Kwon Min S, Chung Hee K, Chen Hongxia",Non-coding RNA,2026-09-25,,https://pubmed.ncbi.nlm.nih.gov/42776743/,PubMed
An Evaluation on the Role of Non-Coding RNA in HIV Transcription and Latency: A Review,Xiangshuai Liu,arXiv,2026-09-25,"The existence of latent cellular reservoirs is recognized as the major barrier to an HIV cure. Reactivating and eliminating ""shock and kill"" or permanently silencing ""block and lock"" the latent HIV reservoir, as well as gene editing, remain promising approaches, but so far have proven to be only partially successful. Moreover, using latency reversing agents or ""block and lock"" drugs pose additiona",http://arxiv.org/abs/2502.06107v1,arXiv
"Blood-derived lncRNAs as potential biomarkers for early cancer diagnosis: The Good, the Bad and the Beauty","Cedric Badowski, Bing He, Lana X Garmire",arXiv,2026-09-25,Cancer ranks as one of the deadliest diseases worldwide. The high mortality rate associated with cancer is partially due to the lack of reliable early detection methods and/or inaccurate diagnostic tools such as certain protein biomarkers. Cell-free nucleic acids (cfNA) such as circulating long non-coding RNAs (lncRNAs) have recently been proposed as a new class of potential biomarkers that could ,http://arxiv.org/abs/2109.11746v1,arXiv
BPPart and BPMax: RNA-RNA Interaction Partition Function and Structure Prediction for the Base Pair Counting Model,"Ali Ebrahimpour-Boroojeny, Sanjay Rajopadhye, Hamidreza Chitsaz",arXiv,2026-09-25,"RNA-RNA interaction (RRI) is ubiquitous and has complex roles in the cellular functions. In human health studies, miRNA-target and lncRNAs are among an elite class of RRIs that have been extensively studied. Bacterial ncRNA-target and RNA interference are other classes of RRIs that have received significant attention. In recent studies, mRNA-mRNA interaction instances have been observed, where bot",http://arxiv.org/abs/1904.01235v2,arXiv
"From Laboratory to Clinic: Translational Challenges, Lessons, and Future Strategies for microRNA Delivery Systems.","Liu Qianqian, Jia Liwei, Meng Xin",Current drug delivery,2026-09-25,"MicroRNA (miRNA)-based therapeutics can modulate disease-associated gene networks by restoring protective miRNAs or inhibiting pathogenic miRNAs, yet clinical translation remains limited despite substantial preclinical progress. This review critically evaluates representative clinical and advanced translational programs, including Miravirsen, MRX34, Cobomarsen, Remlarsen, RGLS4326, and farabursen ",https://pubmed.ncbi.nlm.nih.gov/42786854/,PubMed
Nucleic Acid Foundation Models for siRNA Drug Design.,"Ren Liping, Zulfiqar Hasan, Shi Zheng",Current drug targets,2026-09-25,"Small interfering RNA (siRNA) therapeutics have become an important class of nucleic acid medicines. Meanwhile, nucleic acid foundation models and RNA language models have demonstrated promising performance in selected RNA-related tasks and may support siRNA drug design through transferable sequence representation learning. This mini-review selectively surveys and critically evaluates representati",https://pubmed.ncbi.nlm.nih.gov/42786822/,PubMed
RNA therapeutics: current status and future directions.,"Yang Barbara, Sedano Melina J, Perez Karla",Signal transduction and targeted therapy,2026-09-25,RNA-based therapeutics have enabled drug discovery and design by introducing a fundamentally different perspective from conventional therapeutics. RNAs are not only the upstream molecules of proteins (coding) but also functional components of an extensive and intricate regulatory network (noncoding) that helps govern biological processes and mechanisms. Recent advances in functional genomics have ,https://pubmed.ncbi.nlm.nih.gov/42786162/,PubMed
Screening strong anaerobic E. coli promoters to enhance therapeutical protein expression in tumors.,"Cui Tianqi, Yu Guangle, Jiang Chanjuan",Journal of controlled release : official journal of the Controlled Release Society,2026-09-25,"Engineered bacterial biotherapeutics have shown increasingly promising potential for cancer treatment, yet they are hindered by unresolved challenges regarding off-target toxicity and suboptimal therapeutic efficacy. In this study, we report the first systematic screening of strong constitutive anaerobic promoters in the probiotic Escherichia coli Nissle 1917 (EcN). Via RNA-seq analysis, we initia",https://pubmed.ncbi.nlm.nih.gov/42785689/,PubMed
Multifunctional Hydrogel Dressing Loaded with DH-EVs Promotes Healing of Bacteria-Infected Diabetic Wounds.,"Dai Jiemin, Zhao Wenwen, Ma Xin","Nanomaterials (Basel, Switzerland)",2026-09-25,,https://pubmed.ncbi.nlm.nih.gov/42784179/,PubMed
mRNA Vaccines as Novel Immunotherapeutic Approaches in Gastrointestinal Cancers.,"Ghidini Michele, Novazzi Federica, Denaro Nerina",Cells,2026-09-25,"Messenger RNA vaccines have moved rapidly from the infectious-disease area into oncology. They now represent an attractive therapeutic option for gastrointestinal (GI) cancers. Personalised constructs, designed to elicit tumour-specific T-cell immunity, have shown acceptable safety and clear immunogenicity in early-phase trials of colorectal and pancreatic cancers. These early signals are encourag",https://pubmed.ncbi.nlm.nih.gov/42782773/,PubMed
Beyond Precision: A Multidimensional Framework for Selecting Genetic Medicine Platforms.,"Wieland Jared, Jackson Peyton, Penrod William",Cells,2026-09-25,"Gene therapy is undergoing continued clinical translation and technological development. This progress has been marked by regulatory approvals and broadened therapeutic indications across genetic, metabolic, and oncologic diseases and disorders. The field has evolved over decades from early viral-mediated gene addition to approaches capable of targeted editing, regulation, or replacement of geneti",https://pubmed.ncbi.nlm.nih.gov/42782748/,PubMed
Rewriting Heart Health: Epigenetic Drugs in Cardiovascular Medicine.,"Atzemian Natalia, Di Venanzio Ludovica, Mohammed Shafeeq Ahmed",European heart journal. Cardiovascular pharmacotherapy,2026-09-25,"Cardiovascular disease reflects not only genetic predisposition and haemodynamic stress but also reversible alterations in chromatin organisation and transcriptional programming, a layer of regulation that is, in principle, amenable to pharmacological intervention. Purpose-built epigenetic drugs, DNA methyltransferase inhibitors, histone deacetylase inhibitors, histone acetyltransferase inhibitors",https://pubmed.ncbi.nlm.nih.gov/42781940/,PubMed
Transposon-derived genome editors in plants: from compact nucleases to large-fragment integration and regeneration strategies.,"Jiao Xuemin, Chen Wenhua, Lv Zongyou",Engineering in life sciences,2026-09-25,"CRISPR/Cas technology has been transformative for genome editing, enabling the precise integration of large DNA fragments-a capability essential for advanced genome (re)writing in plants, such as for trait stacking and pathway engineering. However, several new RNA-guided systems derived from transposable elements (TEs) have shown promise for plant genome editing, thereby enriching the toolkit avai",https://pubmed.ncbi.nlm.nih.gov/42781469/,PubMed
Emerging strategies and innovations in circular RNA synthesis.,"Bansode Nitin D, Phutane Kirankumar M, Latthe Prashant R",Molecular therapy. Nucleic acids,2026-09-25,"Circular RNAs (circRNAs) have emerged as a promising class of therapeutic molecules distinguished by their covalently closed topology, which provides exceptional exonuclease resistance, prolonged intracellular stability, and sustained protein expression. These properties, combined with reduced innate immunogenicity and capacity for cap-independent translation, position circRNAs as attractive candi",https://pubmed.ncbi.nlm.nih.gov/42780376/,PubMed
Engineered mRNA nanostructures expand the design space of mRNA therapeutics through programmable protein expression and immune stimulation.,"Knappenberger Mark D, Henry Skylar J W, Kikla Archana",bioRxiv : the preprint server for biology,2026-09-25,"Messenger RNA (mRNA) therapeutics have transformed vaccination and protein replacement strategies, yet efforts to improve their performance have focused largely on sequence engineering, nucleotide modification, and delivery vehicles. Here we show that mRNA function can be controlled by rational design of higher-order RNA architectures. We develop self-assembling mRNA origami (mRNA-OG), a class of ",https://pubmed.ncbi.nlm.nih.gov/42779767/,PubMed
Monocyte-Mimetic Nanoparticle Delivery of Verteporfin Promotes Plaque-Stabilizing Remodeling in Atherosclerosis.,"Wang Ting-Yun, Zehnder Andrew, Wu Sin-Pei",bioRxiv : the preprint server for biology,2026-09-25,"Despite advances in lipid-lowering and anti-inflammatory therapies, pharmacological strategies that act directly within established atherosclerotic lesions to suppress plaque progression remain limited. We recently developed a monocyte-mimetic nanoparticle (MoNP) platform that selectively targets inflamed endothelium and delivers Verteporfin (VP), termed MoNP-VP, to suppress YAP/TAZ-associated end",https://pubmed.ncbi.nlm.nih.gov/42779731/,PubMed
Spatiotemporal control of STING activation and saRNA delivery decouples humoral and cellular immunity.,"Peeler David J, Wang Ziyin, Spiga Livia",bioRxiv : the preprint server for biology,2026-09-25,Self-amplifying mRNA (saRNA) vaccine formulations link the location and timing of antigen expression to innate immune stimulation by both RNA cargo and carrier. We hypothesized that targeting a polymeric STING agonist prodrug (polySTING) to antigen-presenting cells (APCs) independently of saRNA delivery could tune vaccines responses without limiting saRNA expression. By varying the time and locati,https://pubmed.ncbi.nlm.nih.gov/42779658/,PubMed
Neural Mechanisms of Heart-Lung Crosstalk in Chronic Heart Failure.,"Hong Juan, Gillman Samuel, Pellegrino Peter R",Circulation research,2026-09-25,The cardiac sympathetic afferent reflex and pulmonary spinal afferent reflex amplify sympathetic activity and may contribute to chronic heart failure. We hypothesized that cardiac injury triggers a cardiac nerve-mediated cytokine uptake cascade that propagates neural inflammation in thoracic dorsal root ganglia (DRGs) and drives reciprocal cardiopulmonary afferent sensitization through suppression,https://pubmed.ncbi.nlm.nih.gov/42779536/,PubMed
How a polymer filling enhances the rate and selectivity of colloid permeation across mesopores,"Mikhail Y. Laktionov, Frans A. M. Leermakers, Ralf P. Richter",arXiv,2026-09-25,"Polymer-functionalised mesopores are an emerging technology for colloid separation, sensing and delivery. Their potential is strikingly illustrated in living cells, where nuclear pore complexes (NPCs) control biocolloid transport between the nucleus and the cytosol. Even colloids much smaller than the biopolymer-filled NPC channel are effectively blocked, but some larger colloids with distinct sur",http://arxiv.org/abs/2608.27995v1,arXiv
Manganese-Functionalized GelMA Hydrogels for MRI-Guided Immunotheranostics in Precision Oncology,"Motahareh Nazari, Keyvan Alavi",arXiv,2026-09-25,"Precision oncology requires multifunctional platforms capable of integrating accurate tumor diagnosis, localized therapeutic delivery, immune modulation, and real-time monitoring of treatment response. Gelatin methacryloyl (GelMA) hydrogels have emerged as versatile biomaterials for biomedical engineering because of their biocompatibility, extracellular matrix-like structure, tunable mechanical pr",http://arxiv.org/abs/2606.29599v1,arXiv
Smart Nanoarchitectures for Precision RNA Delivery: Harnessing Endogenous and Exogenous Stimuli in Cancer Treatment,"Jintao Hao, Yue Li, Lu Huang",Theranostics,2025-07-02,"RNA therapy holds great potential for cancer treatment owing to its ability to regulate gene expression precisely, thereby inhibiting tumor growth and metastasis. However, RNA delivery faces several physiological challenges, including rapid degradation by nucleases, limited cellular uptake, and inefficient intracellular release. To address these limitations, stimuli-responsive nanocarriers have be",https://www.semanticscholar.org/paper/3963227ce70b9d2fae66a194e45e1e6543e666ed,Semantic Scholar
Integrin beta 1 and fibronectin mediate extracellular vesicle uptake and functional RNA delivery,"Omnia Elsharkasy, Willemijn S. de Voogt, Maria-Laura Tognoli",Journal of Biological Chemistry,2025-02-01,"Extracellular vesicles (EVs) are cell-derived vesicles secreted by all cell types into the extracellular spaces. EVs comprise a heterogenous population of vesicles that carry bioactive molecules, such as proteins, lipids, and RNAs, which they can deliver to recipient cells. Over the past few years, EVs have been recognized for their vital role in intercellular communication, and thereby in various",https://www.semanticscholar.org/paper/03ab38d01bdb511a15cac0440de984b6d2e760e4,Semantic Scholar
Systemic RNA delivery to dendritic cells exploits antiviral defence for cancer immunotherapy,"L. Kranz, M. Diken, H. Haas",Nature,2016-06-01,,https://www.semanticscholar.org/paper/90807faae7e0f1ee33eb41d0b9bbd3bded077f70,Semantic Scholar
RNA delivery by extracellular vesicles in mammalian cells and its applications,"K. O'Brien, K. Breyne, S. Ughetto",Nature reviews. Molecular cell biology,2020-05-26,"The term ‘extracellular vesicles’ refers to a heterogeneous population of vesicular bodies of cellular origin that derive either from the endosomal compartment (exosomes) or as a result of shedding from the plasma membrane (microvesicles, oncosomes and apoptotic bodies). Extracellular vesicles carry a variety of cargo, including RNAs, proteins, lipids and DNA, which can be taken up by other cells,",https://www.semanticscholar.org/paper/a6f6f1aded4cf0a055d7468814b913d508fa190d,Semantic Scholar
Enhancing lipid nanoparticles-mediated RNA delivery to glioblastoma via targeted strategies.,"Ningyang Wang, Qian Qing, Yu Xue",Journal of Controlled Release,2025-11-01,"Glioblastoma (GBM) is an aggressive central nervous system (CNS) malignancy with a poor prognosis and limited responses to conventional therapies. RNA-based therapeutics, with their gene-targeting specificity, present a promising avenue for GBM treatment. However, their clinical translation is hampered by several challenges, including inadequate blood-brain barrier (BBB) penetration, RNA instabili",https://www.semanticscholar.org/paper/0dc152c1955dae8fec02954dbd32e548d2fc30aa,Semantic Scholar
Chemistry of Lipid Nanoparticles for RNA Delivery.,"Yulia Eygeris, M. Gupta, Jeonghwan Kim",Accounts of Chemical Research,2021-12-01,"ConspectusLipid nanoparticles (LNPs) are a type of lipid vesicles that possess a homogeneous lipid core. These vesicles are widely used in small-molecule drug and nucleic acid delivery and recently gained much attention because of their remarkable success as a delivery platform for COVID-19 mRNA vaccines. Nonetheless, the utility of transient protein expression induced by mRNA extends far beyond v",https://www.semanticscholar.org/paper/a39710a85d73cca0d990f4778ceb565b6f96b97f,Semantic Scholar
Recent advances in nanoparticulate RNA delivery systems,"Jacob Witten, Yizong Hu, R. Langer",Proceedings of the National Academy of Sciences of the United States of America,2024-03-04,"Nanoparticle-based RNA delivery has shown great progress in recent years with the approval of two mRNA vaccines for Severe Acute Respiratory Syndrome Coronavirus 2 (SARS-CoV-2) and a liver-targeted siRNA therapy. Here, we discuss the preclinical and clinical advancement of new generations of RNA delivery therapies along multiple axes. Improvements in cargo design such as RNA circularization and da",https://www.semanticscholar.org/paper/a797546712119a7bb5ca52f9bc770fdb24c5e576,Semantic Scholar
Comprehensive analysis of lipid nanoparticle formulation and preparation for RNA delivery,"Md. Anamul Haque, Archana Shrestha, Constantinos M. Mikelis",International Journal of Pharmaceutics: X,2024-09-01,"Nucleic acid-based therapeutics are a common approach that is increasingly popular for a wide spectrum of diseases. Lipid nanoparticles (LNPs) are promising delivery carriers that provide RNA stability, with strong transfection efficiency, favorable and tailorable pharmacokinetics, limited toxicity, and established translatability. In this review article, we describe the lipid-based delivery syste",https://www.semanticscholar.org/paper/c108b791de087a4773c395c3975141814ed7221f,Semantic Scholar
Tumor‐Tailored Ionizable Lipid Nanoparticles Facilitate IL‐12 Circular RNA Delivery for Enhanced Lung Cancer Immunotherapy,"Shufen Xu, Yue Xu, Nicholas C Solek",Advances in Materials,2024-04-24,"The advancement of message RNA (mRNA) ‐based immunotherapies for cancer is highly dependent on the effective delivery of RNA (Ribonucleic) payloads using ionizable lipid nanoparticles (LNPs). However, the clinical application of these therapies is hindered by variable mRNA expression among different cancer types and the risk of systemic toxicity. The transient expression profile of mRNA further co",https://www.semanticscholar.org/paper/594b08d8523899d9153741be67ad91ea02c5d150,Semantic Scholar
Therapeutic potential of RNA-enriched Extracellular Vesicles 1: The next generation in RNA delivery via biogenic nanoparticles.,"Muskan Muskan, Pevindu Abeysinghe, Riccardo Cecchin",Molecular Therapy,2024-02-01,"Exosomes are extracellular vesicles (EVs) (∼50-150 nm) have emerged as promising vehicles for therapeutic applications and drug delivery. These membrane-bound particles, released by all actively dividing cells have the ability to transfer effector molecules, including proteins, RNA, and even DNA, from donor cells to recipient cells, thereby modulating cellular responses. RNA-based therapeutics, in",https://www.semanticscholar.org/paper/1f4490a511f95b55849c3127fbd926f7a2ff8153,Semantic Scholar
Navigating the landscape of RNA delivery systems in cardiovascular disease therapeutics.,"Paula Gil-Cabrerizo, T. Simon-Yarza, E. Garbayo",Advanced Drug Delivery Reviews,2024-04-01,"Cardiovascular diseases (CVDs) stand as the leading cause of death worldwide, posing a significant global health challenge. Consequently, the development of innovative therapeutic strategies to enhance CVDs treatment is imperative. RNA-based therapies, encompassing non-coding RNAs, mRNA, aptamers, and CRISPR/Cas9 technology, have emerged as promising tools for addressing CVDs. However, inherent ch",https://www.semanticscholar.org/paper/a3b9647cb0d77cf7f9ceea8fe14e81d9fc73ad0f,Semantic Scholar
Tuning lipid nanoparticles for RNA delivery to extrahepatic organs,"Donghui Song, Yu Zhao, Zeyu Wang",Advances in Materials,2024-09-05,"RNA therapeutics have been successfully transitioned into clinical applications. Lipid nanoparticles (LNPs) are widely employed as nonviral delivery vehicles for RNA therapeutics in commercial vaccine and gene therapy products. However, the bottleneck in expanding the clinical applications of LNP‐based RNA therapeutics lies in the tendency of these nanoparticles to preferentially accumulate in the",https://www.semanticscholar.org/paper/bff1aeeb5ef3a5f896b052ff0bb0cb5c1afa3b34,Semantic Scholar
Advances and prospects of RNA delivery nanoplatforms for cancer therapy,"M. Attia, Gregor Kijanka, Nam-Trung Nguyen",Acta Pharmaceutica Sinica B,2024-09-01,"Modern oncology is rapidly evolving, driven by recent advances in RNA-based therapeutics. As new emerging cutting-edge technology, mRNA vaccines hold excellent promise for encoding immunostimulatory molecules, tumor-associated antigens, neoantigens, and chimeric antigen receptors for T-cell reprogramming. RNA interference tools enable highly effective post-transcriptional gene silencing that has r",https://www.semanticscholar.org/paper/c0421f35da663530677e75e0cd29aad57a351cd8,Semantic Scholar
A perspective of lipid nanoparticles for RNA delivery,"Yutian Ma, Shi-Yao Li, Xin Lin",Exploration,2024-04-15,"Over the last two decades, lipid nanoparticles (LNPs) have evolved as an effective biocompatible and biodegradable RNA delivery platform in the fields of nanomedicine, biotechnology, and drug delivery. They are novel bionanomaterials that can be used to encapsulate a wide range of biomolecules, such as mRNA, as demonstrated by the current successes of COVID‐19 mRNA vaccines. Therefore, it is impor",https://www.semanticscholar.org/paper/c0ff32cf26cc8e221711435795495d3237a67472,Semantic Scholar
Lipid nanoparticles for RNA delivery: Self-assembling vs driven-assembling strategies.,"Valeria Nele, Virginia Campani, Seyedeh Alia Moosavian",Advanced Drug Delivery Reviews,2024-03-01,"Among non-viral vectors, lipid nanovectors are considered the gold standard for the delivery of RNA therapeutics. The success of lipid nanoparticles for RNA delivery, with three products approved for human use, has stimulated further investigation into RNA therapeutics for different pathologies. This requires decoding the pathological intracellular processes and tailoring the delivery system to th",https://www.semanticscholar.org/paper/f63a27443117b94e3b628f838f12b275ed1f686c,Semantic Scholar
Dynamic carriers for therapeutic RNA delivery,"Simone Berger, Ulrich Lächelt, Ernst Wagner",Proceedings of the National Academy of Sciences of the United States of America,2024-03-04,"Carriers for RNA delivery must be dynamic, first stabilizing and protecting therapeutic RNA during delivery to the target tissue and across cellular membrane barriers and then releasing the cargo in bioactive form. The chemical space of carriers ranges from small cationic lipids applied in lipoplexes and lipid nanoparticles, over medium-sized sequence-defined xenopeptides, to macromolecular polyca",https://www.semanticscholar.org/paper/0d35d81b69e4a911877d03bfcae365ed8be73646,Semantic Scholar
Hydrogels for RNA delivery,"Ruibo Zhong, Sepehr Talebian, Bárbara B. Mendes",Nature Materials,2023-03-20,"RNA-based therapeutics hold promise for the treatment of several diseases. This Review provides an overview of hydrogels for RNA delivery, discussing how the chemical nature and physical properties of hydrogels can be explored for tailored RNA loading and release, and highlighting the use of these materials in biomedical applications. RNA-based therapeutics have shown tremendous promise in disease",https://www.semanticscholar.org/paper/be9f3fe488e2b51b0892c66063defdf906cc81c1,Semantic Scholar
Lipids and Lipid Derivatives for RNA Delivery,"Yuebao Zhang, Changzhen Sun, Chang Wang",Chemical Reviews,2021-07-19,"RNA-based therapeutics have shown great promise in treating a broad spectrum of diseases through various mechanisms including knockdown of pathological genes, expression of therapeutic proteins, and programmed gene editing. Due to the inherent instability and negative-charges of RNA molecules, RNA-based therapeutics can make the most use of delivery systems to overcome biological barriers and to r",https://www.semanticscholar.org/paper/da989341518aa8714e341e7f7bb3427b5548ea13,Semantic Scholar
Non-viral vectors for RNA delivery,"Yi Yan, Xiao-Yu Liu, A. Lu",Journal of Controlled Release,2022-01-08,"RNA-based therapy is a promising and potential strategy for disease treatment by introducing exogenous nucleic acids such as messenger RNA (mRNA), small interfering RNA (siRNA), microRNA (miRNA) or antisense oligonucleotides (ASO) to modulate gene expression in specific cells. It is exciting that mRNA encoding the spike protein of COVID-19 (coronavirus disease 2019) delivered by lipid nanoparticle",https://www.semanticscholar.org/paper/83fda9c083fc1e7441683c3fe5e44c7be71f1a7f,Semantic Scholar
Tumor Microenvironment‐Responsive Polymer‐Based RNA Delivery Systems for Cancer Treatment,"Yahan Zhang, Ming Zhang, Haiqin Song",Small Methods,2024-05-28,"Ribonucleic acid (RNA) therapeutics offer a broad prospect in cancer treatment. However, their successful application requires overcoming various physiological barriers to effectively deliver RNAs to the target sites. Currently, a number of RNA delivery systems based on polymeric nanoparticles are developed to overcome these barriers in RNA delivery. This work provides an overview of the existing ",https://www.semanticscholar.org/paper/78694410323b89e38b295753148b918df7b14b7e,Semantic Scholar
"Protection against necrotic enteritis in broiler chickens by co-administration of Enterococcus faecalis EF32 and recombinant Lactobacillus plantarum strain co-expressing FimA, FimB, NetB and Fba.","Xu Yao, Zhang Yuxi, Liu Huanyu",Poultry science,2026-09-25,"Necrotic enteritis (NE), caused by Clostridium perfringens(C. perfringen) type G carrying the NetB gene, represents a major infectious disease threatening the global poultry industry. Following the ban on in-feed antibiotic growth promoters, the incidence of NE has increased markedly, highlighting the urgent need for safe and effective prevention and control strategies. To address this challenge, ",https://pubmed.ncbi.nlm.nih.gov/42785062/,PubMed
"Toward Precision Vaccinology for Mpox: Rational Antigen Design, Next-Generation Platforms, and Immune Correlates of Protection.","Paramasivam Yithenthrathevinair K, Mohamad Nasir Nur Syafiqah, Salleh Mohd Zulkifli",Tropical medicine and infectious disease,2026-09-25,"Mpox has emerged as a global public health concern, highlighting the limitations of traditional vaccinia-based vaccination strategies and the urgent need for precision vaccinology approaches. Advances in structural virology and immunoinformatics have enabled the identification of conserved immunodominant antigens from both mature virion and extracellular virion forms, supporting the development of",https://pubmed.ncbi.nlm.nih.gov/42784343/,PubMed
COVID-19 mRNA Vaccines as Antigen-Agnostic Immunomodulators: A Repurposing Perspective.,"Minoretti Piercarlo, Emanuele Enzo","Medical sciences (Basel, Switzerland)",2026-09-25,"Since 2020, billions of doses of COVID-19 messenger RNA (mRNA) lipid nanoparticle vaccines have been administered worldwide, generating one of the largest pharmacovigilance databases for a modern therapeutic class. Intriguingly, their immunopharmacologic profile-including the engagement of innate nucleic acid sensors, systemic type I interferon signaling, dendritic cell-mediated cross-priming of C",https://pubmed.ncbi.nlm.nih.gov/42783445/,PubMed
Co-administration of intranasal parainfluenza virus vaccines expressing antigenically distinct SARS-CoV-2 S antigens elicits broad and durable immunity in hamsters.,"Park Hong-Su, Matsuoka Yumiko, Santos Celia",Journal of virology,2026-09-25,Intranasal COVID-19 vaccines with the ability to induce broad and durable mucosal and systemic immunity would be useful as stand-alone vaccines or in combination with injectable vaccines. We evaluated in hamsters the breadth of immunity and durability of protection elicited by co-administration of two live-attenuated bovine/human parainfluenza virus type 3 (B/HPIV3) vectors expressing antigenicall,https://pubmed.ncbi.nlm.nih.gov/42782150/,PubMed
Codon-dependent translation of N1-ethylpseudouridine-modified mRNA reduces innate immunity while preserving vaccine immunogenicity.,"Park Jisang, Lee GeonHee, Lee Haneul",Molecular therapy. Nucleic acids,2026-09-25,"Messenger RNA (mRNA) vaccines are a versatile platform for rapid vaccine development; however, nucleoside modifications must be optimized to balance translational efficiency and innate immune activation. Here, we evaluated N1-ethylpseudouridine (Et1Ψ) as an alternative to the widely used N1-methylpseudouridine (m1Ψ). Et1Ψ-modified mRNA exhibited a distinct codon-dependent translational sensitivity",https://pubmed.ncbi.nlm.nih.gov/42780913/,PubMed
Human metapneumovirus prevention in children: emerging roles of monoclonal antibodies and vaccines.,"Esposito Susanna, Fainardi Valentina, Arnesano Gaia Giorgia",Frontiers in immunology,2026-09-25,"Human metapneumovirus (hMPV) is a major cause of acute lower respiratory tract infection in children, older adults, and individuals with underlying medical conditions. In pediatric populations, hMPV contributes substantially to hospitalizations, morbidity, and healthcare costs, yet no licensed vaccine or monoclonal antibody is currently available for prevention. This narrative review summarizes cu",https://pubmed.ncbi.nlm.nih.gov/42780759/,PubMed
"Relative efficacy, safety and immunogenicity of bivalent versus monovalent COVID-19 mRNA booster vaccines: a randomized trial.","Dadabhai Sufia, Samandari Taraz, Zhang Bo",Research square,2026-09-25,"The relative efficacy, safety, and immunogenicity of monovalent mRNA-1273 (ancestral WA1) versus bivalent mRNA-1273.222 (ancestral plus omicron BA.4/BA.5) boosting have not been studied prospectively where HIV and SARS-CoV-2 seroprevalence are high. CoVPN 3008 (NCT05168813) was a randomized, double-blinded trial in seven African countries during omicron waves, enrolling people with HIV (PWH) or co",https://pubmed.ncbi.nlm.nih.gov/42779880/,PubMed
"Clinical landscape of therapeutic vaccines for ovarian cancer: current status, challenges, and future directions.","Shan Yuping, Wang Qianqian, Wan Wei",Journal of ovarian research,2026-09-25,"Therapeutic cancer vaccines have emerged as a promising immunotherapeutic strategy for ovarian cancer by stimulating tumor-specific immune responses and establishing long-term immune memory. Despite decades of clinical investigation, the overall development landscape, translatform characteristics, and research trends of ovarian cancer vaccines remain incompletely understood. Clinical trials relate",https://pubmed.ncbi.nlm.nih.gov/42778941/,PubMed
"Functional mechanism of SptP from Salmonella Typhimurium in modulating environmental adaptability, intracellular proliferation and intestinal inflammation in Wenchang chickens.","Fu Meihong, Wu Yingquan, Pei Shimin",Veterinary microbiology,2026-09-25,"Salmonella enterica subsp. enterica serovar Typhimurium (S.Typhimurium) is a critical foodborne zoonotic pathogen that impairs poultry production and threatens public health. The virulence effector SptP encoded by Salmonella Pathogenicity Island 1 (SPI-1) exerts unclear pathogenic functions in indigenous Wenchang chickens, a high-susceptible local broiler breed in China. Here, wild-type (WT) S. Ty",https://pubmed.ncbi.nlm.nih.gov/42777575/,PubMed
New pharmacologic and interventional horizons in hypertension and nondialysis chronic kidney disease: bridging innovation and clinical translation.,"Damianaki Aikaterini, Iliakis Panagiotis, Vakka Angeliki",Journal of hypertension,2026-09-25,"Hypertension is highly prevalent among patients with chronic kidney disease (CKD), where it functions both as a cause and a consequence of disease progression. Renin-angiotensin-aldosterone system inhibitors remain foundational for nephroprotection, with calcium channel blockers, thiazide diuretics and mineralocorticoid receptor antagonists (MRAs) commonly added to improve blood pressure (BP) cont",https://pubmed.ncbi.nlm.nih.gov/42775984/,PubMed
HOMEBRED: A unified CRISPR platform for field-ready shadowing of infectious agents and oncogenic mutations.,"Asadbeigi Adnan, Fazilaty Hassan, Saffari Mojtaba",iScience,2026-09-25,"Emerging infectious diseases and late-stage cancers demand rapid, sensitive, and deployable diagnostics. Here, we present HOMEBRED (highly sensitive & specific omnipresent multipurpose endonuclease based reliable detection), a CRISPR-based platform capable of detecting human and animal pathogens (viral/bacterial, RNA/DNA) alongside oncogenic transcripts. HOMEBRED advances veterinary medicine by in",https://pubmed.ncbi.nlm.nih.gov/42775080/,PubMed
Novel lipid nanoparticle in a mRNA cancer vaccine drives tumor control via type I IFNs and effector CD8,"Gold Matthew J, Millar Douglas G, Liu Jun",Molecular therapy. Nucleic acids,2026-09-25,"mRNA based vaccines utilizing lipid-based delivery systems have been used for cancer therapy with some success targeting tumor-associated antigens (TAAs) or neoantigens. However, in many patients, T cell exhaustion or tumor suppression impedes the induction of a protective anti-tumor T cell response, which suggests that additional activation signals are required to reduce antagonistic tumor effect",https://pubmed.ncbi.nlm.nih.gov/42774904/,PubMed
An mRNA-lipid nanoparticle vaccine targeting the ,"Marques Rodolfo Ferreira, Souza-Silva Guilherme Antonio de, Antunes da Silva Vitor",Molecular therapy. Nucleic acids,2026-09-25,,https://pubmed.ncbi.nlm.nih.gov/42774878/,PubMed
Growth performance and immune responses of pigs from nursery to grower-finisher phase following different PRRSV-2 vaccination strategies: Evidence supporting a prime-boost regimen under field conditions in Korea.,"Lee Woosun, Ham Sehyeong, Na Hyejin",Canadian journal of veterinary research = Revue canadienne de recherche veterinaire,2026-09-25,"This study evaluated the efficacy of various vaccination strategies against porcine reproductive and respiratory syndrome virus type 2 (PRRSV-2) in terms of growth performance and immune responses under field conditions at a commercial swine farm in Korea. A total of 80 pigs was randomly assigned to 1 of 4 groups: VacL (modified live vaccine), VacK (inactivated vaccine), VacLK (modified live vacci",https://pubmed.ncbi.nlm.nih.gov/42774789/,PubMed
COVID-19 vaccination in relation to immune response and physical activity levels.,"Voulgaridi Ioanna, Dinas Petros C, Bogogiannidou Zacharoula",Frontiers in public health,2026-09-25,"The study aimed to determine the antibody response associated with physical activity (PA) levels and participants' individual characteristics following coronavirus disease 2019 (COVID-19) vaccination. The study population included adults vaccinated with either mRNA, adenovirus vector-based, or protein-based adjuvanted vaccines. The sample was derived from participants in a larger cohort study, who",https://pubmed.ncbi.nlm.nih.gov/42774463/,PubMed
An Integrative Computational Approach to Predict Viral Epitopes by Targeting the MHC-TCR Complexation,"Jaya Vasavi Pamidimukkala, Roshan Balaji, Nirav Pravinbhai Bhatt",arXiv,2026-09-25,"T-cell immunity acts as a major defense system against controlling viral infections in vertebrates. During viral entry, innate immune cells degrade the viral proteins (antigens) and present them on their surface via Major Histocompatibility (MHC) proteins. T-cell receptors (TCRs) recognize these antigens/peptides presented by MHC (pMHC), initiating a T-cell mediated immune response. Despite its si",http://arxiv.org/abs/2609.03182v1,arXiv
Transformer-Based Active Learning for Data-Efficient Vaccine Epitope Selection in PRRS,"Aspen Erlandsson Brisebois, Zahed Khatooni, Connor Burbridge",arXiv,2026-09-25,"High-fidelity molecular docking simulations can produce biologically relevant estimates of epitope-receptor binding affinity but are computationally expensive and therefore limit the number of candidates that can be screened for vaccine design. In this work, we evaluate machine learning (ML) approaches where variants of active learning are used to classify instances of high binding affinity betwee",http://arxiv.org/abs/2606.28659v1,arXiv
Exploring the Effects of Entanglement on Quantum Machine Learning of Pathogen Epitope-Receptor Binding,"Aspen Erlandsson Brisebois, Luis Pablo Gonzalez Dominguez, Shivansi Prajapati",arXiv,2026-09-25,"Parameterized quantum circuits (PQCs) provide a flexible substrate for hybrid quantum machine learning (QML), but their practical value on Noisy Intermediate-Scale Quantum (NISQ) devices remains an empirical question, especially because training depth and scale can introduce optimization challenges such as barren plateaus. Here we study how the number and topology of two-qubit entangling gates in ",http://arxiv.org/abs/2606.28655v1,arXiv
EPLIN stabilizes cell-cell adhesion complexes to facilitate TGF-β1-induced fibroblastic differentiation of human periodontal ligament stem cells.,"Choi A-Hyeong, Ko Seon-Yle, Jang Young-Joo","Stem cells (Dayton, Ohio)",2026-09-25,"Periodontal ligament stem cells (hPDLSCs) are essential for periodontal regeneration, yet the molecular mechanisms governing their differentiation into functional fibroblasts remain poorly understood. This study aimed to identify novel regulatory molecules of PDL fibroblastic differentiation and elucidate the role of Epithelial Protein Lost In Neoplasm (EPLIN) in the fibroblastic differentiation. ",https://pubmed.ncbi.nlm.nih.gov/42786592/,PubMed
Aryl hydrocarbon receptor (AhR) regulates organic dust and organic dust-associated bacterial extracellular vesicles-induced airway inflammation via ROS-dependent NFκB and STAT3 activation.,"Meganathan Velmurugan, Kusampudi Shilpa, Stenhouse Maxine",Respiratory research,2026-09-25,"Exposure to agricultural organic dust increases the risk of respiratory diseases. Aryl hydrocarbon receptor (AhR), a transcription factor activated by environmental chemicals and endogenous metabolites, regulates immune and inflammatory responses, but its role in organic dust-induced lung inflammation is not known. Our study elucidated mechanisms by which AhR modulates bronchial epithelial cell in",https://pubmed.ncbi.nlm.nih.gov/42786491/,PubMed
A conserved small RNA-generating gene cluster undergoes sequence diversification and contributes to plant immunity.,"Feng Li, Hou Yingnan, Toghani AmirAli",Nature communications,2026-09-25,"Small RNA-mediated gene silencing contributes to plant immunity. The secondary small interfering RNA (siRNA) pathway promotes defense by silencing target genes in invading fungal and oomycete pathogens. Many secondary siRNAs are derived from transcripts potentially encoding pentatricopeptide repeat (PPR) proteins. Here, we report that siRNA production is an ancient function of a conserved clade of",https://pubmed.ncbi.nlm.nih.gov/42786187/,PubMed
A small molecule ACT004 targets four-and-a-half LIM domain protein 1 to disrupt TGF-β/Smad signaling and promote FHL1 degradation in renal fibrosis.,"He Xiaoyang, Peng Fenfen, Wang Huizhen",Pharmacological research,2026-09-25,"Renal fibrosis is a common endpoint of chronic kidney disease (CKD), yet effective targeted anti-fibrotic therapies remain limited. Ovatodiolide (OVA) has anti-fibrotic activity but poor drug-like properties, whereas ACT004, a synthetic OVA derivative, has improved water solubility and metabolic stability. However, whether ACT004 acts through the same mechanism as OVA or through a distinct target ",https://pubmed.ncbi.nlm.nih.gov/42785539/,PubMed
SOX2 and NTF3 expression are associated with taste-bud alterations in aging klotho-deficient mice.,"Duong Manh Dat, Kim Soo-A, Ahn Sang-Gun",Mechanisms of ageing and development,2026-09-25,"Taste dysfunction is commonly associated with aging and accompanied by morphological and molecular alterations in the tongue epithelium. To investigate the mechanisms underlying this phenomenon, we utilized Klotho-deficient (Kl -/-) mice, a model of accelerated aging. The tongue epithelium of Kl -/- mice showed altered muscle organization and increased clear spaces within the muscle compartment. T",https://pubmed.ncbi.nlm.nih.gov/42785525/,PubMed
Diminished RELB impairs osteogenesis in mature periodontal ligament stem cells.,"Shao Xin, Wu Fan, Song Yang",Stem cell reports,2026-09-25,"Although periodontal ligament stem cells (PDLSCs) are pivotal for periodontal tissue regeneration, their regenerative capacity diminishes with the PDL maturity. To elucidate the mechanisms underlying this phenomenon, we performed single-cell RNA sequencing (scRNA-seq) on immature and mature human PDL tissues to characterize the heterogeneity and predict critical regulators affecting osteogenic cap",https://pubmed.ncbi.nlm.nih.gov/42785307/,PubMed
The Utilization of Inclisiran for the Optimization of Lipid Management in People Living with HIV: A Clinical Case Series and Comprehensive Review.,"Petrakis Vasileios, Panopoulou Maria, Grapsa Anastasia",Reports (MDPI),2026-09-25,,https://pubmed.ncbi.nlm.nih.gov/42784009/,PubMed
PBX3 Promotes Oligodendrocyte Progenitor Cell Proliferation and Differentiation During Early Postnatal Development.,"Yang Yanling, Ling Jing, Zhang Zhongzhe",Journal of developmental biology,2026-09-25,"Pre-B-cell leukemia transcription factor 3 (PBX3) is a TALE homeodomain protein involved in neural development, but its function in oligodendrocyte (OL) differentiation has remained unexplored. Here, we show that PBX3 expression is dynamically regulated during OL lineage progression, with peak expression in the corpus callosum at P14, corresponding to the onset of active myelination. In cultured p",https://pubmed.ncbi.nlm.nih.gov/42783550/,PubMed
KDM4B Maintains Pyruvate Dehydrogenase Complex Expression to Support Mitochondrial Metabolism and Survival in Cancer Cells.,"Sato Sachiko, Hasan Arif Ul, Obara Mami",Epigenomes,2026-09-25,,https://pubmed.ncbi.nlm.nih.gov/42782835/,PubMed
Bioinspired and Biomimetic Nanocarriers: Advances in Exosomes and Cell-Membrane-Coated Systems for Therapeutic Applications.,"El-Tanani Mohamed, Rabbani Syed Arman, Wali Adil Farooq",International journal of nanomedicine,2026-09-25,"The translation of nanomedicine from bench to bedside has been thwarted by the limitations of conventional synthetic nanoparticles including rapid mononuclear phagocyte system (MPS) clearance, lack of target specificity, immunogenicity and poor intracellular delivery. To overcome these limitations, bioinspired and biomimetic nanocarriers are emerging as the next generation of therapeutic platforms",https://pubmed.ncbi.nlm.nih.gov/42781594/,PubMed
New insights into breast cancer therapy: application and mechanisms of novel targeted nano-formulation.,"Li Rui-Chao, Sun Ze-Yuan, Li Si-Nian",International journal of pharmaceutics: X,2026-09-25,"As the most common malignant tumor among women worldwide, breast cancer poses substantial challenges to the effectiveness of conventional therapies because of its molecular and pathological heterogeneity, high invasiveness, and strong metastatic potential. Novel targeted nanocarrier systems can achieve efficient drug accumulation at tumor sites and precise intracellular delivery through the synerg",https://pubmed.ncbi.nlm.nih.gov/42781505/,PubMed
Smilax glabra flavonoids ameliorate non-alcoholic steatohepatitis by regulating PKM2-dependent glycolysis and suppressing AIM2 inflammasome activation.,"Pang Ziyao, Ding Yue, Hu Leyi",Frontiers in immunology,2026-09-25,"Nonalcoholic steatohepatitis (NASH) is a prevalent chronic liver disease characterized by hepatic steatosis, persistent inflammation and progressive liver damage.  This study aimed to investigate the protective effects of SGF against high-fat diet (HFD)-induced NASH in mice, with emphasis on PKM2-mediated glycolysis and AIM2 inflammasome activation. C57BL/6J mice were fed an HFD for 20 weeks to es",https://pubmed.ncbi.nlm.nih.gov/42780534/,PubMed
siRNA did not fail in cancer. It was given the wrong job.,Schrand Brett,Molecular therapy. Nucleic acids,2026-09-25,,https://pubmed.ncbi.nlm.nih.gov/42780388/,PubMed
Single-cell profiling reveals disruption of cell-cycle homeostasis following JDP2 depletion in colorectal epithelial cells.,"Newhart Violet, Gao Angela, Edens Anna",bioRxiv : the preprint server for biology,2026-09-25,"Intestinal epithelial cells (IECs) undergo rapid and continuous renewal to maintain gut epithelial homeostasis and barrier integrity at the interface with luminal microbiota, dietary antigens, and enteric pathogens. IEC proliferation is tightly regulated by a complex machinery of cell cycle regulators and effectors, and genetic or transcriptional dysregulation of cell-cycle regulatory pathways is ",https://pubmed.ncbi.nlm.nih.gov/42779849/,PubMed
Brf1-Mediated RNA Polymerase III Activity Limits Murine Gammaherpesvirus Spread.,"Rapchak K, Nyberg L S, Johnson L A",bioRxiv : the preprint server for biology,2026-09-25,"RNA polymerase III (Pol III) activity is upregulated during herpesvirus infection, yet the functional consequences of this response remain poorly understood. To investigate the role of host Pol III transcription during murine gammaherpesvirus 68 (MHV68) infection, we depleted the Pol III transcription factor Brf1, an essential component of the TFIIIB complex required for transcription from Type I ",https://pubmed.ncbi.nlm.nih.gov/42779666/,PubMed
FTO/m6A Regulate Prenatal Nicotine-Induced eNOS Uncoupling and BP Susceptibility.,"Liu Bailin, He Erhuan, Li Na","Hypertension (Dallas, Tex. : 1979)",2026-09-25,"Prenatal nicotine exposure from maternal smoking or e-cigarette use increases cardiovascular risk in offspring, but the underlying mechanisms remain unclear. We tested whether FTO (fat mass and obesity-associated protein)-mediated N6-methyladenosine RNA demethylation drives eNOS (endothelial nitric oxide [NO] synthase) uncoupling and programmed hypertensive susceptibility following prenatal nicoti",https://pubmed.ncbi.nlm.nih.gov/42779519/,PubMed
Chrysin attenuates diabetes-induced retinal injury by inhibiting microglial GBP3/NLRP3/GSDMD-mediated pyroptosis.,"Liu Qun, Wang Song-Min, Chen Xuan",Animal models and experimental medicine,2026-09-25,"This study was designed to investigate whether chrysin, a natural flavone, alleviates experimental diabetic retinal disease and to define a microglia-centered mechanism involving guanylate-binding protein 3 (GBP3) and NLR family pyrin domain containing 3 (NLRP3)-gasdermin D (GSDMD) pyroptosis signaling. Streptozotocin (STZ)-diabetic mice received vehicle or chrysin for 4 weeks, followed by assessm",https://pubmed.ncbi.nlm.nih.gov/42779509/,PubMed
Loss of ceramide synthases 5 and 6 exacerbate myristate-induced colonic IRE1α activation.,"Doll Chelsea L, Gordon Mary R, Padilla-Rodriguez Marco",Journal of lipid research,2026-09-25,"High-fat diets (HFDs) are a major modifiable risk factor for intestinal health. Current research focuses primarily on palmitate (C16:0); however, myristate (C14:0, rich in dairy products) has been minimally investigated. HFDs increase ceramide generation which drives endoplasmic reticulum (ER) stress; with both sphingolipids and ER stress being key contributors to intestinal biology. Whether diffe",https://pubmed.ncbi.nlm.nih.gov/42778064/,PubMed
DeepSilencer: A Novel Deep Learning Model for Predicting siRNA Knockdown Efficiency,"Wangdan Liao, Weidong Wang",arXiv,2026-09-25,"Background: Small interfering RNA (siRNA) is a promising therapeutic agent due to its ability to silence disease-related genes via RNA interference. While traditional machine learning and early deep learning methods have made progress in predicting siRNA efficacy, there remains significant room for improvement. Advanced deep learning techniques can enhance prediction accuracy, reducing the relianc",http://arxiv.org/abs/2503.04200v1,arXiv
Maturation of siRNA by strand separation: Steered Molecular dynamics study,"Rakesh K Mishra, Sanchita Mukherjee, Dhananjay Bhattacharyya",arXiv,2026-09-25,"RNA interference, particularly siRNA induced gene silencing is becoming an important avenue of modern therapeutics. The siRNA is delivered to the cells as short double helical RNA which becomes single stranded for forming the RISC complex. Significant experimental evidence is available for most of the steps except the process of the separation of the two strands. We have attempted to understand th",http://arxiv.org/abs/1910.03778v1,arXiv
Using a hydrogen-bond index to predict the gene-silencing efficiency of siRNA based on the local structure of mRNA,"Kathy Q. Luo, Donald C. Chang",arXiv,2026-09-25,The gene silencing effect of short interfering RNA (siRNA) is known to vary strongly with the targeted position of the mRNA. A number of hypotheses have been suggested to explain this phenomenon. We would like to test if this positional effect is mainly due to the secondary structure of the mRNA at the target site. We proposed that this structural factor can be characterized by a single parameter ,http://arxiv.org/abs/1710.07413v1,arXiv
Unraveling siRNA Unzipping Kinetics with Graphene,"Santosh Mogurampelly, Swati Panigrahi, Dhananjay Bhattacharyya",arXiv,2026-09-25,"Using all atom molecular dynamics simulations, we report spontaneous unzipping and strong binding of small interfering RNA (siRNA) on graphene. Our dispersion corrected density functional theory based calculations suggest that nucleosides of RNA have stronger attractive interactions with graphene as compared to DNA residues. These stronger interactions force the double stranded siRNA to spontaneou",http://arxiv.org/abs/1207.4569v1,arXiv
Unzipping and binding of small interfering RNA with single walled Carbon Nanotube: a platform for small interfering RNA delivery,"Mogurampelly Santosh, Swati Panigrahi, Dhananjay Bhattacharyya",arXiv,2026-09-25,"In an effort to design efficient platform for siRNA delivery, we combine all atom classical and quantum simulations to study the binding of small interfering RNA (siRNA) by pristine single wall carbon nanotube (SWCNT). Our results show that siRNA strongly binds to SWCNT surface via unzipping its base-pairs and the propensity of unzipping increases with the increase in the diameter of the SWCNTs. T",http://arxiv.org/abs/1203.2409v1,arXiv
Nanodiamond as a vector for siRNA delivery to Ewing sarcoma cells,"Anna Alhaddad, Marie-Pierre Adam, Jacques Botsoa",arXiv,2026-09-25,"We investigated the ability of diamond nanoparticles (nanodiamonds, NDs) to deliver small interfering RNA (siRNA) in Ewing sarcoma cells, in the perspective of in vivo anti-cancer nucleic acid drug delivery. siRNA was adsorbed onto NDs previously coated with cationic polymer. Cell uptake of NDs has been demonstrated by taking advantage of NDs intrinsic fluorescence coming from embedded color cente",http://arxiv.org/abs/1106.2252v2,arXiv
Target prediction and a statistical sampling algorithm for RNA-RNA interaction,"F. W. D. Huang, J. Qin, C. M. Reidys",arXiv,2026-09-25,"It has been proven that the accessibility of the target sites has a critical influence for miRNA and siRNA. In this paper, we present a program, rip2.0, not only the energetically most favorable targets site based on the hybrid-probability, but also a statistical sampling structure to illustrate the statistical characterization and representation of the Boltzmann ensemble of RNA-RNA interaction st",http://arxiv.org/abs/0908.0597v1,arXiv
In silico evidence of the relationship between miRNAs and siRNAs,"Ludovica Montanucci, Piero Fariselli, Pier Luigi Martelli",arXiv,2026-09-25,"Both short interfering RNAs (siRNAs) and microRNAs (miRNAs) mediate the repression of specific sequences of mRNA through the RNA interference pathway. In the last years several experiments have supported the hypothesis that siRNAs and miRNAs may be functionally interchangeable, at least in cultured cells. In this work we verify that this hypothesis is also supported by a computational evidence. We",http://arxiv.org/abs/0705.2355v1,arXiv
