title,authors,journal,date,abstract,link,source
Expanding the repertoire of microRNA target mimicry in plants.,"Fan Youhong, Ren Guodong",The Plant cell,2026-09-07,"microRNAs (miRNAs) are master regulators of gene expression, guiding ARGONAUTE proteins to bind to and repress target RNAs. Interestingly, a special class of target RNAs, termed target mimics (TMs), can in turn trigger miRNA degradation in plants-a process genetically dependent on the F-box protein HAWAIIAN SKIRT (HWS). However, the pairing rules governing effective TM sites remain unclear. Here, ",https://pubmed.ncbi.nlm.nih.gov/42703709/,PubMed
Identification of a novel and a recurrent ,"Zhao Ying, Fu Yiyang, Zhang Shuying",Frontiers in genetics,2026-09-07,"Meier-Gorlin syndrome 7 (MGORS7) is a rare autosomal recessive disorder characterized by primordial dwarfism, craniosynostosis, and patellar aplasia, caused by pathogenic variants of  Clinical and radiological data were collected. Whole-genome sequencing and Sanger sequencing were performed to identify and validate the causative variants. Their functional effects were investigated using an exon-tr",https://pubmed.ncbi.nlm.nih.gov/42703585/,PubMed
A Shared EGR1-IL-32-Macrophage Polarisation Signature in Rheumatoid Arthritis and Metabolic Dysfunction-Associated Steatotic Liver Disease.,"Pang Lijun, Li Yunfei, Cheng Lili",Journal of inflammation research,2026-09-07,"Rheumatoid arthritis (RA) and metabolic dysfunction-associated steatotic liver disease (MASLD) frequently co-occur, but their shared molecular and immunometabolic features remain incompletely defined. We integrated population-level epidemiology, hospital-based clinical phenotyping, cross-disease transcriptomic analyses, and patient-level experimental data to systematically characterise RA-MASLD co",https://pubmed.ncbi.nlm.nih.gov/42703413/,PubMed
Clinical efficacy and safety of apatinib plus S-1 combined with oxaliplatin (SOX) in postoperative stage III gastric cancer patients with high VEGFR-2 expression.,"Deng Qin, Wang Rong, Qi Hongbin",Journal of gastrointestinal oncology,2026-09-07,"The S-1 combined with oxaliplatin (SOX) regimen is the standard adjuvant chemotherapy regimen for stage III gastric cancer (GC) in China, yet 5-year survival remains only 30-40%, partly due to marked tumor heterogeneity. Apatinib, a vascular endothelial growth factor receptor 2 (VEGFR-2) inhibitor, has shown significant efficacy in unresectable or metastatic GC and the neoadjuvant treatment of loc",https://pubmed.ncbi.nlm.nih.gov/42703403/,PubMed
Sphingosine-1-phosphate induces angiogenesis via the activating STAT3 signaling pathway to drive colorectal cancer progression.,"Ling Qianlong, Chen Qidong, Wang Ruipeng",Journal of gastrointestinal oncology,2026-09-07,"Tumor angiogenesis is a characteristic hallmark of carcinogenesis. Sphingosine-1-phosphate (S1P), a key bioactive lipid produced  S1P facilitates the emergence of malignant phenotypes of CRC cells, the angiogenesis of HUVECs ",https://pubmed.ncbi.nlm.nih.gov/42703339/,PubMed
Hydroxysafflor yellow A attenuates TBHP-induced lipid peroxidation and calcification-related changes in human endplate chondrocytes: involvement of SLC7A11/GPX4 signaling.,"Zhang Zongyu, Zhang Peng, Zhou Zhijing",Cytotechnology,2026-09-07,"Intervertebral disc degeneration (IDD) is a chronic degenerative disorder, with oxidative stress being one of the primary driving mechanisms of IDD. Hydroxysafflor yellow A (HSYA), a major active component of safflower, exhibits potent antioxidant, anti-inflammatory, and anti-apoptotic properties. However, its role in IDD remains unclear. To explore the mechanism underlying HSYA's protection again",https://pubmed.ncbi.nlm.nih.gov/42703293/,PubMed
Intranasal administration of spike-specific mRNA-LNP confers more protection than the intramuscular route against SARS-CoV-2.,"Abdoli Mohsen, Soleimanjahi Hoorieh, Soudi Sara",Iranian journal of basic medical sciences,2026-09-07,"Intranasal vaccination mimics natural infection and induces mucosal immunity against respiratory viruses. This study compared the immunogenicity and protective efficacy of a nucleoside-modified messenger RNA (mRNA) encoding the SARS-CoV-2 spike protein, encapsulated in lipid nanoparticles (LNPs), administered via intranasal (I.N) versus intramuscular (I.M) routes. BALB/c mice received mRNA-LNP vac",https://pubmed.ncbi.nlm.nih.gov/42703288/,PubMed
Bioinformatics Analysis and Experimental Validation of Key Genes Associated With Hypoxia and Ischemia in Myocardial Infarction.,"Zhang Longsheng, Liang Ning",Molecular genetics & genomic medicine,2026-09-07,"This study aimed to screen and identify core hypoxia-ischemia-related genes associated with myocardial infarction (MI). Two transcriptomic datasets, GSE97320 and GSE48060, were retrieved from the Gene Expression Omnibus (GEO) database. After data integration and batch effect elimination, differential expression analysis was performed to screen differentially expressed genes (DEGs), and the corresp",https://pubmed.ncbi.nlm.nih.gov/42703103/,PubMed
Proteomic profiling of cephalic vein reveals potential biomarkers for arteriovenous fistula neointimal hyperplasia in ESRD patients.,"Liang Liming, Gu Liangzhen, Shi Lina",Renal failure,2026-09-07,"Arteriovenous fistula (AVF) is the preferred vascular access for patients with end-stage renal disease; however, its failure is primarily due to neointimal hyperplasia. Five patients who underwent initial AVF surgery served as the control group, and another five patients with failed AVF surgery served as the experimental group. Herein, we employed mass spectrometry (MS)-based quantitative proteomi",https://pubmed.ncbi.nlm.nih.gov/42703036/,PubMed
Improvement of post-COVID-19 vaccination dysautonomia with GLP-1 receptor agonist.,"Blitshteyn Svetlana, Schofield Jill R, Haire Nichole",Immunopharmacology and immunotoxicology,2026-09-07,"Vasovagal syncope (VVS) is the most common form of cardiovascular dysautonomia that has multiple etiologies. Post-vaccination dysautonomia, in the form of VVS and postural orthostatic tachycardia syndrome, has been reported in the literature after various vaccines, including COVID-19 mRNA vaccination. Treatment of post-vaccination syndromes has not been explored leaving patients with post-vaccinat",https://pubmed.ncbi.nlm.nih.gov/42703003/,PubMed
pgRNA-m,"Yang Chaoqi, Qin Shanshan, Gao Rui-Huan",Epigenetics,2026-09-07,m,https://pubmed.ncbi.nlm.nih.gov/42703000/,PubMed
Molecular characterization of circannual interval timing in the preoptic area and anteroventral periventricular nucleus in the Djungarian hamster (Phodopus sungorus).,"Stewart Calum, Marshall Christopher, Stevenson Tyler J",Journal of neuroendocrinology,2026-09-07,"Most temperate animals exhibit seasonal rhythms in reproductive physiology and behaviour. Gonadotropin-releasing hormone (GnRH) cells in the preoptic area (POA) and kisspeptin (Kiss) cells in the anteroventral periventricular (AvPv) nucleus are critical for timing photoperiod-induced changes in seasonal reproduction. In response to prolonged exposure to photoperiod cues, many rodents exhibit endog",https://pubmed.ncbi.nlm.nih.gov/42702882/,PubMed
"Progesterone Is Associated With Increased Vasohibin-2 Expression, Tubulin Detyrosination, and Paclitaxel Sensitivity in PR-Negative Ovarian Cancer Cells.","Koyanagi Takahiro, Saga Yasushi, Takahashi Yoshifumi","Cancer reports (Hoboken, N.J.)",2026-09-07,"Progesterone induces rapid cellular responses in progesterone receptor (PR)-negative ovarian cancer cells that are consistent with non-genomic progesterone signaling. Vasohibin-2 (VASH2), originally identified as a pro-angiogenic factor, has recently been recognized as a tubulin carboxypeptidase involved in microtubule regulation. This study investigated the association of progesterone treatment w",https://pubmed.ncbi.nlm.nih.gov/42702875/,PubMed
"Incidence, pathogenesis, clinical manifestations, and pharmacological management of the 2026 Andes virus outbreak.","Ghasemiyeh Parisa, Mohammadi-Samani Soliman",Virology journal,2026-09-07,"Hantavirus is considered as a fatal zoonotic pathogen that can be commonly transmitted from rodents to humans. However, the Andes virus (ANDV), a type of New World hantavirus, can also be transmitted from human to human. It is the cause of the 2026 hantavirus outbreak on a cruise ship. Hantavirus can rapidly progress to a severe respiratory distress, known as hantavirus cardiopulmonary syndrome (H",https://pubmed.ncbi.nlm.nih.gov/42702719/,PubMed
Bifidobacterium adolescentis attenuates brown adipose tissue whitening and improves metabolic markers in high-fat diet-induced obese rats.,"Mehboodi Mahtab, Khodayar Atefeh, Namavar Narges","Daru : journal of Faculty of Pharmacy, Tehran University of Medical Sciences",2026-09-07,"Activation of brown adipose tissue (BAT) has emerged as a promising strategy for combating obesity due to its thermogenic capacity. However, chronic high-fat diet (HFD) exposure impairs BAT function and promotes a ""whitening"" phenotype characterized by lipid droplet enlargement and reduced thermogenic activity. Bifidobacterium adolescentis (B. adolescentis) has been reported to improve lipid metab",https://pubmed.ncbi.nlm.nih.gov/42702700/,PubMed
Investigation of lipid nanoparticle stability and integrity under isoelectric focusing stress conditions using taylor dispersion analysis.,"Dadajová Pavlína, Leclercq Laurent, Biron Jean-Philippe",Analytica chimica acta,2026-09-07,"Liposomes and lipid nanoparticles (LNPs) are widely used as biomimetic systems and drug delivery vehicles, yet their isoelectric point (pI) remains underutilized as a characterization parameter. Capillary isoelectric focusing (cIEF) enables direct pI determination, but carrier ampholytes used in cIEF separations may compromise nanoparticle stability. Their influence on nanoparticle integrity remai",https://pubmed.ncbi.nlm.nih.gov/42702450/,PubMed
[Estradiol,"Liao Zhaohong, Zhang Shuzhen, Wang Nan",Zhong nan da xue xue bao. Yi xue ban = Journal of Central South University. Medical sciences,2026-09-07,"Estradiol is the principal form of estrogen, and its role in tissue injury and repair varies according to the regenerative capacity of the tissue. However, its mechanism of action in skeletal muscle, which has a strong regenerative capacity, remains unclear. This study aims to investigate the effects of estradiol signaling on myofiber regeneration and repair in a mouse model of cardiotoxin (CTX)-i",https://pubmed.ncbi.nlm.nih.gov/42702381/,PubMed
Localized hydrogel delivery of photoactivatable mRNA lipid nanoparticles and hyaluronidase for postoperative TNBC immunotherapy.,"Tong Ao Hoi, Zhu Haichao, Zou Chenming",International journal of biological macromolecules,2026-09-07,"Triple-negative breast cancer (TNBC) responds poorly to immunotherapy, in part because its hyaluronic acid (HA)-rich and immunosuppressive tumor microenvironment restricts drug penetration and antitumor immune activation. Here, we developed an injectable alginate hydrogel platform (ICG-LNP@ALG-H) for localized co-delivery of hyaluronidase (HAase) and indocyanine green (ICG)-functionalized lipid na",https://pubmed.ncbi.nlm.nih.gov/42702319/,PubMed
The analgesic effect and mechanism of celastrol in formalin-induced inflammatory pain mouse model.,"Wang Yaoyao, Zhou Quan, Sun Yaping",Molecular and cellular biochemistry,2026-09-07,"Celastrol (CEL), a quinonic methyl triterpenoid extracted from the rootstock of the plant Tripterygium wilfordii, which shows therapeutic potential in improving inflammatory diseases, tumor, metabolic diseases and neurodegenerative diseases. However, the role of CEL in acute inflammatory pain is still unclear. In our experiment, the inflammatory pain model induced by formalin was used to explore t",https://pubmed.ncbi.nlm.nih.gov/42701985/,PubMed
Wogonin alleviates inflammation caused by neutrophil extracellular traps in atopic dermatitis via miR-4667-5p/CCL2 pathway.,"Qian Fen, Song Yan, Wu Zhihua",Molecular and cellular biochemistry,2026-09-07,"Atopic dermatitis (AD) is primarily characterized by dysregulation of the immune system and abnormal inflammation. Dictamni Cortex is an herb used in traditional Chinese medicine to treat damp-heat skin diseases. To excavate the effective component of Dictamni Cortex for treating AD and explore the specific molecular mechanism. First, wogonin was screened from the active constituents of Dictamnus ",https://pubmed.ncbi.nlm.nih.gov/42701981/,PubMed
Optimizing RNA yield using deep neural networks coupled to massively parallel screening,"Dinghai Zheng, Justin Hong, Jun Wang",arXiv,2026-09-07,"Messenger RNA (mRNA)-based therapeutics have emerged as a powerful platform for vaccines, protein replacement therapies, and cancer immunotherapy. A critical bottleneck in mRNA development is manufacturing large quantities of RNA economically, as measured by RNA yield emerging from an in vitro transcription (IVT) reaction. However, how promoter-adjacent DNA sequences influence RNA yield remains po",http://arxiv.org/abs/2608.23722v1,arXiv
Energy-efficient codon optimization on thermodynamic hardware,"Andraz Jelincic, Ross C. Walker",arXiv,2026-09-07,"The growing energy demand for computation is becoming increasingly unsustainable. Thermodynamic computing, which harnesses physical thermal fluctuations as a computational resource rather than suppressing them, offers orders-of-magnitude energy savings for probabilistic and combinatorial tasks. Pharmaceutical R&D, heavily reliant on computational optimization and sampling, is a natural application",http://arxiv.org/abs/2606.17327v1,arXiv
mRNAutilus: Multi-Objective-Guided Discrete Generation of mRNA with Optimized Therapeutic Properties,"Sawan Patel, Sophia Tang, Yesol Kim",arXiv,2026-09-07,"Therapeutic mRNA design requires coordinating multiple interacting sequence features across the full transcript, where codon usage, untranslated regions (UTRs), and their coupling jointly determine stability, translation efficiency, and protein expression. Here, we present mRNA generation via unrolled trajectories and informed latent updates (mRNAutilus), a framework for simultaneous codon optimiz",http://arxiv.org/abs/2605.31296v1,arXiv
Sampling-based Continuous Optimization for Messenger RNA Design,"Feipeng Yue, Ning Dai, Wei Yu Tang",arXiv,2026-09-07,"Designing messenger RNA (mRNA) sequences for a fixed target protein requires searching an exponentially large synonymous space while optimizing properties that affect stability and downstream performance. This is challenging because practical mRNA design involves multiple coupled objectives beyond classical folding criteria, and different applications prefer different trade-offs. We propose a gene",http://arxiv.org/abs/2603.06559v1,arXiv
Drug-like antibodies with low immunogenicity in human panels designed with Latent-X2," Latent Labs Team, Henry Kenlay, Daniella Pretorius",arXiv,2026-09-07,"Drug discovery has long sought computational systems capable of designing drug-like molecules directly: developable and non-immunogenic from the start. Here we introduce Latent-X2, a frontier generative model that achieves this goal through zero-shot design of antibodies with strong binding affinities, drug-like properties, and, for the first time for any de novo generated antibody, confirmed low ",http://arxiv.org/abs/2512.20263v1,arXiv
"RNAGenScape: Property-Guided, Optimized Generation of mRNA Sequences with Manifold Langevin Dynamics","Danqi Liao, Chen Liu, Xingzhi Sun",arXiv,2026-09-07,"Generating property-optimized mRNA sequences is central to applications such as vaccine design and protein replacement therapy, but remains challenging due to limited data, complex sequence-function relationships, and the narrow space of biologically viable sequences. Generative methods that drift away from the data manifold can yield sequences that fail to fold, translate poorly, or are otherwise",http://arxiv.org/abs/2510.24736v3,arXiv
The proportional scaling of mRNA and ribosome concentrations controls eukaryotic cell growth,"Xin Gao, Michael Lanz, Rosslyn Grosely",arXiv,2026-09-07,"Cell growth underlies nearly all eukaryotic physiology, yet its quantitative principles remain unclear. Using single-molecule ribosome tracking, spike-in RNA sequencing, and quantitative proteomics across 15 nutrient-limited conditions in budding yeast, we define how growth is controlled in the budding yeast Saccharomyces cerevisiae. Ribosome concentration scales linearly with growth rate, while p",http://arxiv.org/abs/2508.14997v2,arXiv
mRNA Folding Algorithms for Structure and Codon Optimization,"Max Ward, Mary Richardson, Mihir Metkar",arXiv,2026-09-07,"mRNA technology has revolutionized vaccine development, protein replacement therapies, and cancer immunotherapies, offering rapid production and precise control over sequence and efficacy. However, the inherent instability of mRNA poses significant challenges for drug storage and distribution, particularly in resource-limited regions. Co-optimizing RNA structure and codon choice has emerged as a p",http://arxiv.org/abs/2503.19273v1,arXiv
Generative Model for Synthesizing Ionizable Lipids: A Monte Carlo Tree Search Approach,"Jingyi Zhao, Yuxuan Ou, Austin Tripp",arXiv,2026-09-07,"Ionizable lipids are essential in developing lipid nanoparticles (LNPs) for effective messenger RNA (mRNA) delivery. While traditional methods for designing new ionizable lipids are typically time-consuming, deep generative models have emerged as a powerful solution, significantly accelerating the molecular discovery process. However, a practical challenge arises as the molecular structures genera",http://arxiv.org/abs/2412.00807v1,arXiv
Machine learning framework to predict the performance of lipid nanoparticles for nucleic acid delivery,"Gaurav Kumar, Arezoo M. Ardekani",arXiv,2026-09-07,"Lipid nanoparticles (LNPs) are highly effective carriers for gene therapies, including mRNA and siRNA delivery, due to their ability to transport nucleic acids across biological membranes, low cytotoxicity, improved pharmacokinetics, and scalability. A typical approach to formulate LNPs is to establish a quantitative structure-activity relationship (QSAR) between their compositions and in vitro/in",http://arxiv.org/abs/2411.14293v1,arXiv
Joint Design of 5' Untranslated Region and Coding Sequence of mRNA,"Yang Liu, Jie Gao, Xiaonan Zhang",arXiv,2026-09-07,"Messenger RNA (mRNA) vaccines and therapeutics are emerging as powerful tools against a variety of diseases, including infectious diseases and cancer. The design of mRNA molecules, particularly the untranslated region (UTR) and coding sequence (CDS) is crucial for optimizing translation efficiency and stability. Current design approaches generally focus solely on either the 5' UTR or the CDS, whic",http://arxiv.org/abs/2410.20781v1,arXiv
Bacterial stress granule protects mRNA through ribonucleases exclusion,"Linsen Pei, Yujia Xian, Xiaodan Yan",arXiv,2026-09-07,"Membraneless droplets formed through liquid-liquid phase separation (LLPS) play a crucial role in mRNA storage, enabling organisms to swiftly respond to environmental changes. However, the mechanisms underlying mRNA integration and protection within droplets remain unclear. Here, we unravel the role of bacterial aggresomes as stress granules (SGs) in safeguarding mRNA during stress. We discovered ",http://arxiv.org/abs/2404.17873v2,arXiv
"Hypolipidemic effect of brown seaweed (Sargassum crassifolium) extract in vivo (Study of histopathology, mRNA expression, and immunohistochemistry (IHC) with VCAM-1, ICAM-1, and MCP-1 parameters)","Sarah Zaidan, Syamsudin Abdillah, Nur Arfian",arXiv,2026-09-07,The purpose of this study was to obtain natural drugs from brown seaweed (Sargassum crassifolium) as antiatherosclerosis candidates through the study of hypolipidemic mechanisms of action. Modeling of dyslipidemia rats was carried out by feeding high-fat (HFF) and doses of crude fucoidan 100. 200. 400mg / KgBB. in both treatments measured blood lipid profile levels taken from the orbital sinuses. ,http://arxiv.org/abs/2402.07497v1,arXiv
Machine Learning Modeling Of SiRNA Structure-Potency Relationship With Applications Against Sars-Cov-2 Spike Gene,Damilola Oshunyinka,arXiv,2026-09-07,"The pharmaceutical Research and development (R&D) process is lengthy and costly, taking nearly a decade to bring a new drug to the market. However, advancements in biotechnology, computational methods, and machine learning algorithms have the potential to revolutionize drug discovery, speeding up the process and improving patient outcomes. The COVID-19 pandemic has further accelerated and deepened",http://arxiv.org/abs/2401.12232v1,arXiv
Messenger RNA Design via Expected Partition Function and Continuous Optimization,"Ning Dai, Wei Yu Tang, Tianshuo Zhou",arXiv,2026-09-07,"The tasks of designing RNAs are discrete optimization problems, and several versions of these problems are NP-hard. As an alternative to commonly used local search methods, we formulate these problems as continuous optimization and develop a general framework for this optimization based on a generalization of classical partition function which we call ""expected partition function"". The basic idea ",http://arxiv.org/abs/2401.00037v2,arXiv
Machine Learning-guided Lipid Nanoparticle Design for mRNA Delivery,"Daisy Yi Ding, Yuhui Zhang, Yuan Jia",arXiv,2026-09-07,"While RNA technologies hold immense therapeutic potential in a range of applications from vaccination to gene editing, the broad implementation of these technologies is hindered by the challenge of delivering these agents effectively. Lipid nanoparticles have emerged as one of the most widely used delivery agents, but their design optimization relies on laborious and costly experimental methods. W",http://arxiv.org/abs/2308.01402v2,arXiv
Corrected Hill Function in Stochastic Gene Regulatory Networks,"Manuel Eduardo Hernández-García, Jorge Velázquez-Castro",arXiv,2026-09-07,"Describing reaction rates in stochastic bio-circuits is commonly done by directly introducing the deterministically deduced Hill function into the master equation. However, when fluctuations in enzymatic reaction rates are not neglectable, the Hill function must be derived, considering all the involved stochastic reactions. In this work, we derived the stochastic version of the Hill function from ",http://arxiv.org/abs/2307.03057v4,arXiv
Stochastic dynamics and ribosome-RNAP interactions in Transcription-Translation Coupling,"Xiangting Li, Tom Chou",arXiv,2026-09-07,"Under certain cellular conditions, transcription and mRNA translation in prokaryotes appear to be ""coupled,"" in which the formation of mRNA transcript and production of its associated protein are temporally correlated. Such transcription-translation coupling (TTC) has been evoked as a mechanism that speeds up the overall process, provides protection during the transcription, and/or regulates the t",http://arxiv.org/abs/2207.04568v1,arXiv
Coronavirus RNA Sensor Using Single-Stranded DNA Bonded to Sub-Percolated Gold Films on Monolayer Graphene Field-Effect Transistors,"Nicholas E. Fuhr, Mohamed Azize, David J. Bishop",arXiv,2026-09-07,"Electrical detection of messenger ribonucleic acid (mRNA) is a promising approach to enhancing transcriptomics and disease diagnostics because of its sensitivity, rapidity, and modularity. Reported here is a fast SARS-CoV-2 mRNA biosensor (<1 minute) with a limit of detection of 1 aM, and dynamic range of 4 orders of magnitude and a linear sensitivity of 22 mV per molar decade. These figures of me",http://arxiv.org/abs/2205.05143v1,arXiv
Deep learning models for predicting RNA degradation via dual crowdsourcing,"Hannah K. Wayment-Steele, Wipapat Kladwang, Andrew M. Watkins",arXiv,2026-09-07,"Messenger RNA-based medicines hold immense potential, as evidenced by their rapid deployment as COVID-19 vaccines. However, worldwide distribution of mRNA molecules has been limited by their thermostability, which is fundamentally limited by the intrinsic instability of RNA molecules to a chemical degradation reaction called in-line hydrolysis. Predicting the degradation of an RNA molecule is a ke",http://arxiv.org/abs/2110.07531v2,arXiv
GmERF109 Positively Enhances Soybean Resistance to Phytophthora sojae by Transcriptionally Activating GmG4DT-Like to Promote Glyceollin I Accumulation.,"Fang Xin, Liang Rui, Cheng Yiling",Molecular plant pathology,2026-09-07,"Phytophthora root rot, a devastating disease caused by Phytophthora sojae, poses a significant threat to worldwide soybean (Glycine max) production. Therefore, enhancing crop resistance to this pathogen is a major breeding objective. However, the signalling mechanisms underlying the response of soybean plants to P. sojae infection, and the networks and targets of key transcription factors TFs, are",https://pubmed.ncbi.nlm.nih.gov/42703042/,PubMed
"A Dual-Membrane Biomimetic Nanoplatform Enables Triple-Modal Therapy Against SARS-CoV-2 Through Viral Decoy, Inflammation Neutralizing, and Intracellular RNAi.","Li Hui, Zhang Bohan, Shang Chao","Advanced science (Weinheim, Baden-Wurttemberg, Germany)",2026-09-07,"The persistent evolution of SARS-CoV-2 and the concomitant risk of life-threatening hyperinflammation, such as cytokine storm syndrome, underscore the urgent need for therapeutic strategies that simultaneously target viral replication and dysregulated host immunity. Herein, we describe a dual-membrane biomimetic nanoplatform, designated [A&T]MLN, comprising siRNA-loaded lipid nanoparticles with a ",https://pubmed.ncbi.nlm.nih.gov/42702867/,PubMed
RNAi in the Rhizarian Phytopathogen Plasmodiophora brassicae: The Causal Agent of Clubroot Disease in Cruciferous Crops.,"Zhang Xiong, Wu Yupo, Hou Jiachang","Advanced science (Weinheim, Baden-Wurttemberg, Germany)",2026-09-07,"Although RNA interference (RNAi) is widespread and functionally important across eukaryotes, RNAi pathways are diverse or even lost in some lineages. Rhizaria represents a major and distinct eukaryotic supergroup that includes Plasmodiophora brassicae (Pb), the causal agent of cruciferous clubroot disease, yet RNAi in this lineage remains poorly understood. Here, we characterized an unusual RNAi p",https://pubmed.ncbi.nlm.nih.gov/42702850/,PubMed
5-Aminolevulinic acid promotes cell division and young fruit development by suppressing the PpARF9-PpGH3.1 auxin-conjugation module in peach.,"Gan Xing, Zhang Jianting, Liu Longbo",Molecular horticulture,2026-09-07,"5-Aminolevulinic acid (ALA) is an emerging plant growth regulator, yet its mechanisms in fruit development remain unclear. Here, we show that ALA promotes early growth and ultimate size in peach (Prunus persica) fruits. ALA treatment significantly enhanced the mesocarp area and the cell number, accompanied by elevated levels of indole-3-acetic acid (IAA) and trans-zeatin riboside. Transcriptomic a",https://pubmed.ncbi.nlm.nih.gov/42702726/,PubMed
Validation of a standardized quantitative RT-qPCR workflow for detection and quantification of airborne respiratory viruses using gelatin membranes as sampling matrix.,"Rusticano Irene Tellini, Berti Fabiola, Calonico Carmela",Journal of microbiological methods,2026-09-07,"Airborne microbiological monitoring is increasingly relevant for identifying and quantifying viral pathogens; however, standardized analytical workflows for respiratory viruses recovered from environmental matrices remain limited. This study reports the full analytical validation of a quantitative RT-qPCR workflow for the simultaneous detection and quantification of SARS-CoV-2, influenza A, influe",https://pubmed.ncbi.nlm.nih.gov/42702290/,PubMed
"Research Progress on Tumor Microenvironment-Responsive siRNA Nanocarriers: Design Strategies, Delivery Efficiency, and Future Perspectives.","Zhu Xiaoxi, Zhang Gong, Li Lin",International journal of nanomedicine,2026-09-07,"Gene silencing by RNA interference (RNAi) has emerged as a promising strategy for cancer therapy. Small interfering RNA (siRNA), a class of small regulatory RNAs that recognize and degrade complementary target messenger RNAs (mRNAs) in a sequence-specific manner at the post-transcriptional level, plays a critical role in regulating gene expression. However, the in vivo delivery of siRNA remains a ",https://pubmed.ncbi.nlm.nih.gov/42701815/,PubMed
"Engineering extracellular vesicles for targeted siRNA delivery: Advances, therapeutic applications, and clinical translation.","Varshan G S Amrish, Namasivayam S Karthick Raja","Nanomedicine : nanotechnology, biology, and medicine",2026-09-07,"Small interfering RNA (siRNA) therapeutics have emerged as a transformative approach for sequence-specific gene silencing, offering the potential to treat a broad spectrum of diseases by selectively suppressing disease-associated genes. However, the clinical translation of siRNA remains limited by rapid enzymatic degradation, poor cellular uptake, inadequate endosomal escape, and off-target effect",https://pubmed.ncbi.nlm.nih.gov/42700828/,PubMed
An entomopathogen-based small-RNA delivery system promotes the biocontrol efficacy against termites.,"Zhao Chen-Chen, Lu Hang, Mao Xiao-Long",Pesticide biochemistry and physiology,2026-09-07,"Entomopathogenic fungus-derived microRNA-like RNAs (milRNAs) have been determined as novel virulence factors that exhibit cross-kingdom RNAi effects on insect hosts. However, which factors and how they function in social insects are still largely unknown. Using the pathogen Metarhizium anisopliae and its social host Reticulitermes aculabialis, we investigated how pathogen-derived small RNAs mediat",https://pubmed.ncbi.nlm.nih.gov/42697687/,PubMed
LsS6K acts as a negative regulator of thiamethoxam tolerance in Laodelphax striatellus.,"Fang Shu, Shi Yuyang, Zhou Mi",Pesticide biochemistry and physiology,2026-09-07,"The ribosomal protein S6 kinase (S6K) transduces the anabolic signals from nutrients and is involved in insect development and reproduction, however, its role in the regulation of the insecticide detoxification is still unclear. In this study, LsS6K was cloned and characterized from Laodelphax striatellus. RT-qPCR analysis revealed tissue-specific expression of LsS6K with the highest expression le",https://pubmed.ncbi.nlm.nih.gov/42697685/,PubMed
A dual-barrier disruption strategy employing lufenuron/dsRNA nanocomplexes overcomes both cuticular and intestinal barriers in late-instar lepidopteran pests.,"Wang Haiqi, Xu Siyun, Hu Jie",Pesticide biochemistry and physiology,2026-09-07,"Managing late-instar lepidopteran pests remains a critical challenge due to their robust physiological and physical barriers, which severely compromise the efficacy of insecticides. Lufenuron, an insect growth regulator, controls lepidopteran pests by inhibiting chitin biosynthesis, but its efficacy against late-instar larvae needs improvement. Here, we developed a dual-barrier disruption strategy",https://pubmed.ncbi.nlm.nih.gov/42697679/,PubMed
A co-delivery nanosystem of dsRNA and nitenpyram for insecticide resistance management in Nilaparvata lugens.,"He Chengshuai, Liao Ziang, Li Zesen",Pesticide biochemistry and physiology,2026-09-07,"Nilaparvata lugens has evolved high resistance to neonicotinoid insecticides such as nitenpyram (NTP), driven by detoxification-associated genes. RNA interference (RNAi) can suppress these genes and restore insecticide susceptibility, but delivering double-stranded RNA (dsRNA) in the field remains a major challenge because naked dsRNA degrades within hours. To overcome this barrier, a layered doub",https://pubmed.ncbi.nlm.nih.gov/42697677/,PubMed
Metarhizium anisopliae infection-associated metabolites act upon LmOBP2 to suppress locust feeding.,"Jia Chen, Mohamed Amr, Al-Akeel Rasha",Pesticide biochemistry and physiology,2026-09-07,"Entomopathogenic fungi can manipulate host behavior to promote infection success, but the molecular effectors remain largely unknown. Here we show that Metarhizium anisopliae suppresses feeding in the migratory locust Locusta migratoria by downregulating an antenna-enriched odorant-binding protein gene, LmOBP2. Metabolomic profiling of infected hemolymph identified infection-associated increases i",https://pubmed.ncbi.nlm.nih.gov/42697657/,PubMed
Characterization of CYP402C5 associated with field resistance to three neonicotinoids in Bemisia tabaci.,"Wang Chao, Zhang Rong, Yang Jing",Pesticide biochemistry and physiology,2026-09-07,"The widespread use of neonicotinoid insecticides has resulted in extensive resistance in field populations of the whitefly Bemisia tabaci, posing a major challenge to sustainable pest management. However, the molecular basis of cross-resistance to multiple neonicotinoids remains to be fully elucidated. In this study, resistance levels to thiamethoxam, thiacloprid, and nitenpyram were evaluated in ",https://pubmed.ncbi.nlm.nih.gov/42697656/,PubMed
Three carboxylesterase genes are involved in spinosad resistance in Frankliniella occidentalis (Pergande).,"Wu Yulei, Wang Jing, Chen Sirui",Pesticide biochemistry and physiology,2026-09-07,"Carboxylesterases (CarEs) are key enzymes in insect detoxification and metabolism, playing a crucial role in resistance development to various insecticides. In this study, CarE activity was significantly higher in spinosad-resistant strains of Frankliniella occidentalis (NIL-R) than in susceptible strains (Ivf03), suggesting a potential role of CarEs in spinosad resistance. RNA-seq and quantitativ",https://pubmed.ncbi.nlm.nih.gov/42697649/,PubMed
"Low-lethal and intergenerational effects of broflanilide on the diamondback moth, Plutella xylostella (L.).","Wang Kunkun, Zhao Qiqi, Yang Chenyao",Pesticide biochemistry and physiology,2026-09-07,"The diamondback moth (DBM), Plutella xylostella (L.) is an important agricultural pest worldwide that causes substantial damage to cruciferous crops. Broflanilide is a novel insecticide with high activity against DBM. This study demonstrated that exposure of DBM larvae to low concentrations (LC",https://pubmed.ncbi.nlm.nih.gov/42697643/,PubMed
Engineered Enterococcus faecalis disrupts redox homeostasis to suppress Nosema bombycis in Bombyx mori.,"Zhang Xiancui, Liu Xingyu, Lu Shenhao",Pesticide biochemistry and physiology,2026-09-07,"Nosema bombycis, the causative agent of pébrine disease, is a major pathogen of the economically important silkworm Bombyx mori, resulting in substantial losses in sericulture. While conventional control strategies offer limited efficacy, symbiont-mediated RNA interference (RNAi) has emerged as a sustainable and targeted strategy for disease control. This study investigates the role of gut microbi",https://pubmed.ncbi.nlm.nih.gov/42697640/,PubMed
Establishment of immune homeostasis in insect vectors enabling persistent-propagative plant pathogen infection.,"Wang Hui, Wei Taiyun, Chen Hongyan",Current opinion in insect science,2026-09-07,"Insect-borne plant pathogens pose a major threat to global agriculture and cause substantial economic losses. As natural vectors, insects display high tolerance to infection by plant pathogens, including viruses, bacteria, and phytoplasmas, while exhibiting no significant pathological effects. This suggests that they have evolved effective strategies to maintain immune homeostasis, thereby restric",https://pubmed.ncbi.nlm.nih.gov/42697527/,PubMed
Antiviral responses of Aedes mosquitoes to Old World alphaviruses.,"Ong Yin Jie, Chan Yoke Fun, Lee Wenn-Chyau",Acta tropica,2026-09-07,"Aedes (Ae.) aegypti and Ae. albopictus are efficient vectors of medically important Old World alphaviruses including chikungunya virus. In contrast to the well-characterized responses to orthoflavivirus infections, antiviral defense against alphaviruses in Aedes mosquitoes remains comparatively underexplored. This review summarizes current knowledge of antiviral defense mechanisms in Ae. aegypti a",https://pubmed.ncbi.nlm.nih.gov/42697351/,PubMed
Cancer-associated fibroblasts and immune remodeling in laryngeal squamous cell carcinoma: evidence and translational perspectives.,"Hong Wei-Zhe, Huang Guan-Jiang, Luo Qi-Ping",Frontiers in immunology,2026-09-07,"Laryngeal squamous cell carcinoma (LSCC) remains a clinically challenging malignancy of the head and neck. Because organ preservation is a major therapeutic objective in LSCC, stromal biology is of particular clinical relevance. Stromal factors influence local disease control, functional outcomes, and treatment resistance. Cancer-associated fibroblasts (CAFs) are dynamic regulators of extracellula",https://pubmed.ncbi.nlm.nih.gov/42694678/,PubMed
RNAi-Mediated Knockdown of Halloween Genes in Lygus hesperus Has Varied Effects on Oogenesis and Fertility.,"Wang Yu-Hui, Ekert Evelien Van, Schutze Inana X",Archives of insect biochemistry and physiology,2026-09-07,"For many insects, the ecdysteroid biosynthetic pathway that converts cholesterol to ecdysone includes multiple cytochrome P450 monooxygenases, a Rieske oxygenase, and a short-chain dehydrogenase. Collectively, the genes encoding these enzymes are referred to as Halloween genes. While the importance of these enzymes in oogenesis is well-documented in holometabolous insects, less is known about thei",https://pubmed.ncbi.nlm.nih.gov/42693648/,PubMed
Advancing Alzheimer's Disease Treatment: Synergistic Ligand Combinations Targeting BACE1 via Multi-Ligand Simultaneous Docking,"Pronama Biswas, Surya Shanbhog, Merla Sudha",arXiv,2026-09-07,"Alzheimer's disease is a progressive neurodegenerative disorder characterized by memory loss, cognitive decline, and behavioral changes, primarily affecting the elderly. Current treatments focus on symptom management as no therapies effectively halt or reverse disease progression. Newer therapies targeting BACE1, a key enzyme in amyloid plaque formation, have shown promise in clinical trials, thou",http://arxiv.org/abs/2609.04301v1,arXiv
From static structures to dynamic landscapes: cryo-EM redefines RNA biology,"Shekhar Jadhav, Spandan Saha, Qingbin Shang",arXiv,2026-09-07,RNA molecules perform diverse biological functions by dynamically exploring multiple conformational states rather than adopting a single static structure. Capturing these ensembles is a challenge in molecular biology. Recent advances in cryoEM are now transforming this landscape by enabling the visualization of RNA molecules across a broad spectrum of functionally relevant conformations at near at,http://arxiv.org/abs/2609.01132v1,arXiv
Designability of RNA Targets with Up to Two Length-2 Helices,Ashutosh S. Jogalekar,arXiv,2026-09-07,"RNA inverse folding asks for an RNA sequence whose prescribed secondary structure is the unique maximum-base-pair compatible fold. In the four-letter Watson-Crick model (A-U and C-G pairs only, no pseudoknots, and zero minimum base-pair span), Hales et al. introduced a separated-coloring certificate and an even-odd device, while Boury et al. generalized this to modulo-$m$ separability, gave an $O(",http://arxiv.org/abs/2608.25194v1,arXiv
Leveraging generative hallucination and biophysics-informed modeling for unified biomolecular sequence-structure co-design,"Xuefeng Liu, Mingxuan Cao, Xiao Luo",arXiv,2026-09-07,"Biomolecular design underpins applications from molecular recognition to therapeutics and synthetic biology, yet de novo interaction design remains challenging-especially for DNA/RNA, underexplored non-protein modalities with scarce, heterogeneous complex data and sharper geometric and chemical constraints. We introduce MCTH (Monte Carlo Tree Hallucination), an inference-only framework that casts ",http://arxiv.org/abs/2608.17381v1,arXiv
"MultiStructRNA: a Python package for multi-algorithm RNA secondary structure prediction, ensemble analysis, and visualization","Yashrajsinh Jadeja, Haining Lin, Mihir Metkar",arXiv,2026-09-07,"We introduce MultiStructRNA, a unified Python toolkit for RNA secondary structure prediction, ensemble analysis, and visualization. Although RNA secondary structure is central to RNA biology and therapeutic design, practical adoption is often hindered by fragmented tooling, incompatible input and output formats, and limited visualization support. MultiStructRNA addresses these challenges through a",http://arxiv.org/abs/2608.14846v1,arXiv
Evolutionary Curriculum Learning Improves Biological Sequence Modeling,"Richard Zhu, Kento Nishi",arXiv,2026-09-07,"Variational autoencoders (VAEs) trained on multiple sequence alignments (MSAs) have emerged as powerful generative models for biological sequences, with applications ranging from disease variant prediction to functional RNA design. However, standard biological VAE training treats all sequences as exchangeable, ignoring the rich evolutionary structure that organizes homologous sequences from evolut",http://arxiv.org/abs/2608.00697v2,arXiv
Engineering T7 RNA Polymerase for High-Purity In Vitro Transcription,"Pauline Hermans, Youlia Serikova, José Castillo",arXiv,2026-09-07,"In vitro transcription using bacteriophage T7 RNA polymerase (T7 RNAP) is the gold-standard platform for RNA production in both research and therapeutic applications. Despite its high processivity and promoter specificity, T7 RNAP generates multiple RNA by-products, including double-stranded RNA, 3'-extended transcripts, abortive RNAs, and prematurely terminated products. These impurities reduce R",http://arxiv.org/abs/2607.18468v1,arXiv
Enhanced sampling and cryo-EM data resolve magnesium binding to RNA,"Olivier Languin-Cattoën, Elisa Posani, Giovanni Bussi",arXiv,2026-09-07,"Magnesium ions are essential for RNA structure but difficult to model due to slow binding kinetics and experimental limitations. We present an enhanced-sampling strategy that accelerates Mg$^{2+}$ inner-shell binding by orders of magnitude, enabling quantitative exploration of ion-binding motifs in a large ribozyme. The method combines a barrier-flattening bias with Hamiltonian replica exchange to",http://arxiv.org/abs/2607.07186v1,arXiv
Bayesian Sampling of Structural Ensembles: The Role of Ensemble-Counting Measures,"Ivan Gilardoni, Giovanni Bussi",arXiv,2026-09-07,"Structural ensemble refinement is widely used to integrate molecular simulations with experimental measurements. While most applications focus on the maximum-a-posteriori (MAP) ensemble, Bayesian sampling of the posterior distribution can provide uncertainty estimates and posterior averages for arbitrary observables. A notable step in this direction was introduced by the Bayesian Energy Landscape ",http://arxiv.org/abs/2606.18495v1,arXiv
MultiMolecule: a modular ecosystem for biomolecular sequence-model workflows,Zhiyuan Chen,arXiv,2026-09-07,"Biomolecular sequence models are increasingly reused outside the studies in which they were introduced, but public checkpoints rarely preserve the execution context needed to inspect source-defined behavior, adapt models to new assays, compare models under shared task definitions or deploy biological predictions. MultiMolecule is an open-source Python ecosystem that turns heterogeneous RNA, DNA an",http://arxiv.org/abs/2606.16540v1,arXiv
The Montparnasse Algorithm for RNA Design,Tristan Cazenave,arXiv,2026-09-07,"RNA design consists of discovering a nucleotide sequence that optimizes predefined criteria, such as secondary structure. It is useful for synthetic biology, medicine, and nanotechnology. We propose Montparnasse, a Monte Carlo search framework based on Generalized Nested Rollout Policy Adaptation, augmented with a problem-specific prior, slow and long adaptation at level 1, and a lexicographic mul",http://arxiv.org/abs/2606.07562v1,arXiv
Multimodal Alignment and Preference Optimization for Zero-Shot Conditional RNA Generation,"Roman Klypa, Alberto Bietti, Sergei Grudinin",arXiv,2026-09-07,"The design of RNA molecules that interact with specific proteins is a critical challenge in experimental and computational biology. Despite recent progress in natural language modeling and deep learning-based protein design, there remains significant room to improve the frequency of successful interactions and the authenticity of generated sequences for functional applications. In this work, we fr",http://arxiv.org/abs/2605.23961v1,arXiv
"GoForth: Language Models for RNA Design under Structure, Sequence, and Coding Constraints",Michael Lindsey,arXiv,2026-09-07,"RNA inverse sequence design has broad biological and engineering applications, but computational methods for practical design queries remain limited. Such queries may impose several constraints at once, including target folds or motifs, fixed bases, and coding restrictions, while leaving arbitrary sequence and structure in unspecified regions. Because these constraints may permit many acceptable s",http://arxiv.org/abs/2605.07608v1,arXiv
Bayesian Rate Inference for Sequence Motif Dynamics in Systems of Reactive Nucleic Acids,"Johannes Harth-Kitzerow, Ulrich Gerland, Torsten A. Enßlin",arXiv,2026-09-07,"The RNA world hypothesis suggests a pathway of how life emerged on early earth. It assumes that life started with RNA based systems, capable of storing, transmitting and replicating information, envisioning that monomers and short RNA oligomers interact to form longer strands, eventually becoming catalytically active ribozymes. Key reactions in RNA pools are hybridization, dehybridization, templat",http://arxiv.org/abs/2604.25701v2,arXiv
VARIANT: Web Server for Decoding and Analyzing Viral Mutations at Genome and Protein Levels,"Rui Wang, Xuhang Dai, Xin Cao",arXiv,2026-09-07,"A comprehensive analysis of viral mutations is essential for understanding viral evolution, disease epidemiology, diagnosis, drug resistance, etc. However, challenges remain in capturing complex mutation patterns and supporting diverse viral families with varying genome architectures. To address these needs, we present VARIANT, an web server for mutational analysis of RNA viral genomes and associa",http://arxiv.org/abs/2604.20942v1,arXiv
Interfacial Potential Transduction for Diagnostics,"Hyun-June Jang, Peuli Nath, Yuqin Wang",arXiv,2026-09-07,"A major barrier to decentralized, near-patient diagnostics is the lack of a signal transduction modality that is both analytically precise and accessible at the point of care. Optical readouts remain instrument-dependent and difficult to miniaturize, while compact electrochemical readouts are prone to matrix-derived signal distortion, limiting their biomarker coverage in real clinical settings. He",http://arxiv.org/abs/2603.23775v1,arXiv
ZeroFold: Protein-RNA Binding Affinity Predictions from Pre-Structural Embeddings,"Josef Hanke, Sebastian Pujalte Ojeda, Shengyu Zhang",arXiv,2026-09-07,"The accurate prediction of protein-RNA binding affinity remains an unsolved problem in structural biology, limiting opportunities in understanding gene regulation and designing RNA-targeting therapeutics. A central obstacle is the structural flexibility of RNA, as, unlike proteins, RNA molecules exist as dynamic conformational ensembles. Thus, committing to a single predicted structure discards in",http://arxiv.org/abs/2603.23583v1,arXiv
Computational modeling of RNA-protein binding interactions under an external force,"Danielle Wampler, Ralf Bundschuh",arXiv,2026-09-07,"RNA binding proteins play a crucial role in post-transcriptional gene regulation by controlling the transport, processing, and translation of their target RNAs. Post-transcriptional gene regulation leads to the differential expression of genetic material and loss of regulation or over-regulation relates to a large range of cancers and diseases - many of which have directly been associated with RNA",http://arxiv.org/abs/2603.22269v1,arXiv
Fair splits flip the leaderboard: CHANRG reveals limited generalization in RNA secondary-structure prediction,"Zhiyuan Chen, Zhenfeng Deng, Pan Deng",arXiv,2026-09-07,"Accurate prediction of RNA secondary structure underpins transcriptome annotation, mechanistic analysis of non-coding RNAs, and RNA therapeutic design. Recent gains from deep learning and RNA foundation models are difficult to interpret because current benchmarks may overestimate generalization across RNA families. We present the Comprehensive Hierarchical Annotation of Non-coding RNA Groups (CHAN",http://arxiv.org/abs/2603.22330v1,arXiv
An Insight into the Emerging Role of Extracellular Vesicle-derived Noncoding RNAs in Colorectal Cancer.,"Jayaraman Vijayalakshmi, Apthi Soniga, Datta Liza","MicroRNA (Shariqah, United Arab Emirates)",2026-09-07,"Colorectal cancer (CRC) ranks among the most frequent and lethal cancers globally, with early detection remaining a significant challenge because of asymptomatic early stages and limitations of current screening methods. This underscores the pressing need for new, non-invasive biomarkers for early CRC detection to enhance patient outcomes. Advancements in the molecular biology of cancer have highl",https://pubmed.ncbi.nlm.nih.gov/42703176/,PubMed
Machine learning approaches for cancer prognosis and diagnosis via non-coding RNA: a comprehensive review.,"Hossain Md Shafayet, Chen Yi-Ping Phoebe",Briefings in bioinformatics,2026-09-07,"Non-coding RNAs (ncRNAs), once considered genomic dark matter, are now established as key regulators of gene expression with widespread roles in cellular homeostasis and disease. In cancer, ncRNA expression is frequently and systematically dysregulated, and many of these molecules circulate in stable, protected form within biofluids, offering a compelling basis for non-invasive or minimally invasi",https://pubmed.ncbi.nlm.nih.gov/42702370/,PubMed
Regulatory roles of pyroptosis-associated lncRnas in breast cancer progression and immune microenvironment.,"Hsu Chou-Yi, Mukhlif Bilal AbdulMajeed, Nematov Ozodbek","Cell cycle (Georgetown, Tex.)",2026-09-07,"Breast cancer progression and therapeutic response are profoundly influenced by tumor immune interactions, yet the molecular regulators linking cell death pathways with immune modulation remain incompletely understood. Pyroptosis, a gasdermin-mediated inflammatory form of programmed cell death, has emerged as a key determinant of tumor immunity, while long non-coding RNAs are increasingly recogniz",https://pubmed.ncbi.nlm.nih.gov/42701903/,PubMed
"Correction to ""Long Noncoding RNA OVAAL Enhances Nucleotide Synthesis Through Pyruvate Carboxylase to Promote 5-Fluorouracil Resistance in Gastric Cancer"".",,Cancer science,2026-09-07,,https://pubmed.ncbi.nlm.nih.gov/42700161/,PubMed
"Epigenetic pacemaker: A review of DNA methylation, histone lactylation, and non-coding RNAs in autoimmune skin diseases.","Chen Jinfang, Feng Xiaoyan, Li Yuling",Journal of translational autoimmunity,2026-09-07,"Autoimmune skin diseases, including psoriasis, cutaneous forms of systemic lupus erythematosus, and scleroderma, involve complicated interactions between genetic and environmental factors. Modern developments have pointed out the importance of regulatory epigenetic processes associated with DNA methylation, histone lactylation, and different types of non-coding RNA molecules like miRNA, lncRNAs, a",https://pubmed.ncbi.nlm.nih.gov/42699774/,PubMed
The identification of growth-promoting lncRNAs in oral cavity squamous cell carcinoma.,"Chen Ronghao, Lin Chenyu, Koshre Ganesh",Non-coding RNA research,2026-09-07,Oral Cavity Squamous Cell Carcinoma (OCSCC) is an aggressive tumor that develops within the mouth of patients. Tumor-suppressor gene loss and genomic arrangements fuel tumorigenesis and transcriptional reprogramming. Understanding how these alterations contribute to OCSCC growth and cell survival may identify new therapeutic vulnerabilities or biomarkers. We profiled the role of long non-coding RN,https://pubmed.ncbi.nlm.nih.gov/42699306/,PubMed
"Erratum: [Corrigendum] Long non-coding RNA CCAT2 functions as an oncogene in hepatocellular carcinoma, regulating cellular proliferation, migration and apoptosis.","Zhou Ning, Si Zhongzhou, Li Ting",Oncology letters,2026-09-07,[This corrects the article DOI: 10.3892/ol.2016.4580.].,https://pubmed.ncbi.nlm.nih.gov/42698850/,PubMed
Long non-coding RNA GAS5 binds to miR-137 and regulates Nrf2 to ameliorate insulin resistance in adipose tissue in gestational diabetes mellitus.,"Guo Yuanyuan, Jiao Jingru, Zheng Xian",Diabetic medicine : a journal of the British Diabetic Association,2026-09-07,"This study aimed to explore whether GAS5 improves gestational diabetes mellitus (GDM)-associated insulin resistance (IR) via the miR-137/Nrf2 axis, thereby elucidating a potential novel mechanism underlying GDM pathogenesis. GAS5 and Nrf2 expression was compared between GDM patients and normal glucose tolerance pregnant women, and their correlations with IR and lipid metabolism indexes were analys",https://pubmed.ncbi.nlm.nih.gov/42698187/,PubMed
Context-dependent effects of MIR100HG on tumorigenic phenotypes and p38/MAPK-AKT signaling in hepatocellular carcinoma.,"Tokay Esra, Koc Sevin Avsar, Dulger Aylin Turkoglu",Functional & integrative genomics,2026-09-07,"Hepatocellular carcinoma (HCC) is one of the leading causes of cancer-related mortality worldwide and is characterized by a hypoxic tumor microenvironment that promotes tumor progression, cellular adaptation, and therapeutic resistance. Increasing evidence indicates that long non-coding RNAs (lncRNAs) play critical roles in regulating tumor-associated signaling networks; however, the contribution ",https://pubmed.ncbi.nlm.nih.gov/42698010/,PubMed
Topology-aware relational learning on heterogeneous networks for lncRNA-disease association prediction.,"Liu Jiajia, Lin Mugang, Zhu Lingzhi",Bio Systems,2026-09-07,"Long non-coding RNAs (lncRNAs) play an irreplaceable role in critical physiological processes such as cell cycle regulation, chromatin remodeling, and tumor suppression, yet traditional wet-lab molecular experiments are expensive and time-consuming. Consequently, there is an urgent need to develop efficient computational prediction models to prioritize disease-related lncRNAs, aiming to discover p",https://pubmed.ncbi.nlm.nih.gov/42697469/,PubMed
Abalone genomics reveals an ancient asymmetry axis and the multifunctionality of the mantle.,"Wang Xiaotong, Li Chunhui, Xin Peidong",Science advances,2026-09-07,"Gastropod diversification represents one of the most spectacular evolutionary radiations, underpinned by a fundamentally asymmetric body plan and diverse pigmentation patterns. To understand the genetic underpinnings of these cardinal traits, we constructed a chromosome-level genome assembly for the rainbow abalone, ",https://pubmed.ncbi.nlm.nih.gov/42696593/,PubMed
"The regulation of COX-2, ABCA1, and ABCG1 by the lncRNA PACERR links the inflammatory response and cholesterol homeostasis.","Hennessy Elizabeth J, Tanosaki Takae, Lordan Ronan",Cell reports,2026-09-07,"Cyclooxygenase-2 (COX-2) plays a central role in inflammation, but its inhibition is associated with increased cardiovascular risk. Here, we investigate the COX-2 antisense long non-coding RNA (lncRNA) PTGS2 antisense complex-mediated expression regulator RNA (PACERR) and its potential role in pathways linking inflammation and cholesterol homeostasis. PACERR expression is induced by high-density l",https://pubmed.ncbi.nlm.nih.gov/42696452/,PubMed
LncRNA DLGAP1-AS2 promotes ESCC progression and indicates unfavorable prognosis via the miR-101-3p/EZH2 axis.,"Tang Liwei, Zhang Yichuan, Cheng Xiangting",Discover oncology,2026-09-07,"LncRNAs are crucial regulators and biomarkers in various cancers. However, their expression and functions in esophageal squamous cell carcinoma (ESCC) remain largely unexplored. This study explored the clinial relevance and mechanisms of LncRNA DLGAP1-AS2 in ESCC. Utilizing the GEO dataset, the identification of differentially expressed lncRNAs in ESCC encompassed DLGAP1-AS2. RT-qPCR was employed ",https://pubmed.ncbi.nlm.nih.gov/42696066/,PubMed
"Interaction of circular RNAs with splicing factors in cervical cancer: Modulation, interplay and theranostics (Review).","Nyalambisa Amahle, Basera Afra, Xelwa Ntombikayise",Molecular medicine reports,2026-09-07,"Cervical cancer (CCa) is a worldwide health concern, particularly in low‑ and middle‑income countries. Human papillomavirus infection is a key risk factor in the development of CCa. Noncoding RNAs (ncRNAs), including microRNAs (miRNAs), circular RNAs (circRNAs) and long ncRNAs (lncRNAs), are important regulators of cancer progression, including CCa, offering potential therapeutic targets. Compared",https://pubmed.ncbi.nlm.nih.gov/42695432/,PubMed
Circulating lncRNA Landscapes: Redefining Biomarker Discovery in Ovarian Cancer.,"Lorenzo-Catoira Lidia, Vizoso-Vázquez Ángel, Barreiro-Alonso Aida",Current medicinal chemistry,2026-09-07,"Ovarian cancer (OC) is an aggressive disease with nonspecific clinical manifestations that is frequently diagnosed at advanced stages, drastically reducing the 5- year survival rate, due in part to the absence of specific biomarkers. Owing to its high sensitivity and reproducibility, low cost, and minimal invasiveness, liquid biopsy is a promising technique for OC. Although proteins, ctDNA, and mi",https://pubmed.ncbi.nlm.nih.gov/42695306/,PubMed
"Biologic and regenerative strategies for osteoarthritis: advances in MSC, exosome, and PRP based therapies.","Yue Haiyuan, Alhaskawi Ahmad, Ezzi Sohaib Hasan Abdullah",Frontiers in pharmacology,2026-09-07,"Osteoarthritis (OA) is a prevalent degenerative joint disorder characterized by progressive cartilage destruction, chronic inflammation, pain, and functional impairment. Conventional therapies primarily focus on symptom management and are unable to restore damaged articular cartilage or effectively modify disease progression. Consequently, increasing attention has been directed toward biologic and",https://pubmed.ncbi.nlm.nih.gov/42694831/,PubMed
"Non-coding RNAs in cancer: multi-omics insights, liquid biopsy advances, drug resistance mechanisms, and the road to clinical translation.","Tutar Şeyma, Rezayifar Vida, Elhaj Hamida Abakar Mohamed",Frontiers in oncology,2026-09-07,"For most of the twentieth century, the transcriptional output of the human genome was thought to be biologically inert-a characterization that has been proven wrong in almost every important respect. Non-coding RNAs (ncRNAs) such as microRNAs (miRNAs), long non-coding RNAs (lncRNAs), circular RNAs (circRNAs), small nucleolar RNAs (snoRNAs) and PIWI-interacting RNAs (piRNAs) are now thought of as v",https://pubmed.ncbi.nlm.nih.gov/42694631/,PubMed
Short peptide 803sp inhibits the inflammatory response induced by ,"Han Shuo, Jiang Junxi, Duan Wei",Frontiers in cellular and infection microbiology,2026-09-07,"Prolonged antibiotic use has led to increased bacterial resistance, making antibacterial peptides a promising alternative. We previously identified that the anti-apoptotic lncRNA-803 could encode short peptides, though their functions were unknown. In this study, we explored the novel peptide 803sp, derived from lncRNA-803, to understand its anti-inflammatory and bactericidal roles. We assessed it",https://pubmed.ncbi.nlm.nih.gov/42694070/,PubMed
"The relationship of peripheral circadian gene mRNAs, antisense lncRNAs, and serum protein levels with chronotype, biological, and social rhythm in euthymic patients with bipolar disorder.","Gümüşlü Ağcabay Aslıhan, Demir Bahadır, Korkmaz Murat",Chronobiology international,2026-09-07,"Circadian and sleep-wake dysregulation have been implicated in episode recurrence and clinical heterogeneity in bipolar disorder (BD), supporting peripheral circadian markers as candidates for further investigation. This study examined the peripheral expression of selected circadian rhythm-related gene mRNAs and antisense long non-coding RNAs (lncRNAs), alongside corresponding serum protein levels",https://pubmed.ncbi.nlm.nih.gov/42693835/,PubMed
Immunogenic Cell Death-Associated miRNAs in the Tumor Microenvironment of Hepatocellular Carcinoma.,"Jiang Anrong, Mo Yun-Qi, Wang Ying",Journal of surgical oncology,2026-09-07,"Hepatocellular carcinoma (HCC) poses significant therapeutic challenges due to its high heterogeneity and immunosuppressive tumor microenvironment (TME). Immunogenic cell death (ICD) represents a promising strategy in cancer therapy by eliciting antitumor immune responses through the controlled release of damage-associated molecular patterns (DAMPs). However, its therapeutic efficacy remains subst",https://pubmed.ncbi.nlm.nih.gov/42693650/,PubMed
An Evaluation on the Role of Non-Coding RNA in HIV Transcription and Latency: A Review,Xiangshuai Liu,arXiv,2026-09-07,"The existence of latent cellular reservoirs is recognized as the major barrier to an HIV cure. Reactivating and eliminating ""shock and kill"" or permanently silencing ""block and lock"" the latent HIV reservoir, as well as gene editing, remain promising approaches, but so far have proven to be only partially successful. Moreover, using latency reversing agents or ""block and lock"" drugs pose additiona",http://arxiv.org/abs/2502.06107v1,arXiv
"Blood-derived lncRNAs as potential biomarkers for early cancer diagnosis: The Good, the Bad and the Beauty","Cedric Badowski, Bing He, Lana X Garmire",arXiv,2026-09-07,Cancer ranks as one of the deadliest diseases worldwide. The high mortality rate associated with cancer is partially due to the lack of reliable early detection methods and/or inaccurate diagnostic tools such as certain protein biomarkers. Cell-free nucleic acids (cfNA) such as circulating long non-coding RNAs (lncRNAs) have recently been proposed as a new class of potential biomarkers that could ,http://arxiv.org/abs/2109.11746v1,arXiv
BPPart and BPMax: RNA-RNA Interaction Partition Function and Structure Prediction for the Base Pair Counting Model,"Ali Ebrahimpour-Boroojeny, Sanjay Rajopadhye, Hamidreza Chitsaz",arXiv,2026-09-07,"RNA-RNA interaction (RRI) is ubiquitous and has complex roles in the cellular functions. In human health studies, miRNA-target and lncRNAs are among an elite class of RRIs that have been extensively studied. Bacterial ncRNA-target and RNA interference are other classes of RRIs that have received significant attention. In recent studies, mRNA-mRNA interaction instances have been observed, where bot",http://arxiv.org/abs/1904.01235v2,arXiv
LNCcation: lncRNA localization and function,"M. Bridges, Amanda C. Daulagala, A. Kourtidis",Journal of Cell Biology,2021-01-19,"Bridges et al. discuss current knowledge, lingering questions, and emerging themes surrounding lncRNA subcellular localization and its impact on cellular functions.",https://www.semanticscholar.org/paper/7eb1e61fdce6d4579eb564a6a2435cc2cc9b1454,Semantic Scholar
Long non-coding RNA (LncRNA) and cancer: a new paradigm,"A. Bhan, Milad Soleimani, S. Mandal",Cancer Research,2017-07-12,"In addition to mutations or aberrant expression in the protein coding genes, mutations and misregulation of non-coding RNAs, in particular long noncoding RNAs (lncRNA), appear to play major roles in cancer. Genome-wide association studies (GWAS) of tumor samples have identified a large number of lncRNAs associated with various types of cancer. Alterations in lncRNA expression and their mutations p",https://www.semanticscholar.org/paper/e5156419c49266fe24b0d422f3e4a7e248bbd5c1,Semantic Scholar
LncRNA-encoded peptides in cancer,Yaguang Zhang,Journal of Hematology & Oncology,2024-08-12,"Long non-coding RNAs (lncRNAs), once considered transcriptional noise, have emerged as critical regulators of gene expression and key players in cancer biology. Recent breakthroughs have revealed that certain lncRNAs can encode small open reading frame (sORF)-derived peptides, which are now understood to contribute to the pathogenesis of various cancers. This review synthesizes current knowledge o",https://www.semanticscholar.org/paper/a753881bf9c86a668e56968e00f894e3e096e26d,Semantic Scholar
Mechanism of LncRNA Gm2044 in germ cell development,"Qinran Zhu, Junpei Sun, Chuangchuang An",Frontiers in Cell and Developmental Biology,2024-07-04,"Germ cell development in mammals is a complex physiological process that involves the proliferation of primordial germ cells, meiosis, and the formation of male and female gametes. Long non-coding RNA (lncRNA) is a type of RNA with more than 200 nucleotides that does not code for proteins. A small number of lncRNAs have been shown to participate in spermatogenesis in the testes and in follicular d",https://www.semanticscholar.org/paper/92733180054e2ad19304182d62caceac54b84b61,Semantic Scholar
Machine learning-based integration develops an immune-derived lncRNA signature for improving outcomes in colorectal cancer,"Zaoqu Liu, Long Liu, Siyuan Weng",Nature Communications,2022-02-10,"Long noncoding RNAs (lncRNAs) are recently implicated in modifying immunology in colorectal cancer (CRC). Nevertheless, the clinical significance of immune-related lncRNAs remains largely unexplored. In this study, we develope a machine learning-based integrative procedure for constructing a consensus immune-related lncRNA signature (IRLS). IRLS is an independent risk factor for overall survival a",https://www.semanticscholar.org/paper/84e7b5a6477033e8ca58e8f015c7027556e664f6,Semantic Scholar
Integrated LncRNA Function Upon Genomic and Epigenomic Regulation,"Allison B Herman, D. Tsitsipatis, M. Gorospe",Molecules and Cells,2022-06-01,"Summary Although some long noncoding (lnc)RNAs are known since the 1950s, the past 25 years have uncovered myriad lncRNAs with diverse sequences, structures, and functions. The advent of high-throughput and sensitive technologies has further uncovered the vast heterogeneity of lncRNA-interacting molecules and patterns of expressed lncRNAs. We propose a unifying functional theme for the expansive f",https://www.semanticscholar.org/paper/69c8661a7817b2212cc72a0ed702c2ce011a53f8,Semantic Scholar
Mechanisms of lncRNA biogenesis as revealed by nascent transcriptomics,"Takayuki Nojima, N. Proudfoot",Nature reviews. Molecular cell biology,2022-01-25,,https://www.semanticscholar.org/paper/3eba950f49e1a3d1b11b62633556f5be6c961930,Semantic Scholar
LncRNA‐mediated posttranslational modifications and reprogramming of energy metabolism in cancer,"Yue Tan, Jin-Fei Lin, Ting Li",Cancer Communications,2020-10-29,"Altered metabolism is a hallmark of cancer, and the reprogramming of energy metabolism has historically been considered a general phenomenon of tumors. It is well recognized that long noncoding RNAs (lncRNAs) regulate energy metabolism in cancer. However, lncRNA‐mediated posttranslational modifications and metabolic reprogramming are unclear at present. In this review, we summarized the current un",https://www.semanticscholar.org/paper/033094e6d7a944eba3f2b1e64d35e0f555d164c6,Semantic Scholar
LncRNA-mediated regulation of cell signaling in cancer,"Wan-Xin Peng, Pratirodh Koirala, Y. Mo",Oncogene,2017-06-12,"To date, a large number of long non-coding RNAs (lncRNAs) have been recently discovered through functional genomics studies. Importantly, lncRNAs have been shown, in many cases, to function as master regulators for gene expression and thus, they can play a critical role in various biological functions and disease processes including cancer. Although the lncRNA-mediated gene expression involves var",https://www.semanticscholar.org/paper/ac6ae0080808b9e98dd9ab38a109af91340188fe,Semantic Scholar
Emerging role of tumor-related functional peptides encoded by lncRNA and circRNA,"Pan Wu, Yongzhen Mo, M. Peng",Molecular Cancer,2020-02-04,"Non-coding RNAs do not encode proteins and regulate various oncological processes. They are also important potential cancer diagnostic and prognostic biomarkers. Bioinformatics and translation omics have begun to elucidate the roles and modes of action of the functional peptides encoded by ncRNA. Here, recent advances in long non-coding RNA (lncRNA) and circular RNA (circRNA)-encoded small peptide",https://www.semanticscholar.org/paper/105a4e7a723e1482c58f9d35dcea2e58eb17ebf3,Semantic Scholar
Predicting the potential human lncRNA-miRNA interactions based on graph convolution network with conditional random field,"Wenya Wang, Li Zhang, Jianqiang Sun",Briefings Bioinform.,2022-10-27,,https://www.semanticscholar.org/paper/c63ec713721aae7d498a7189bc3012067a0a195b,Semantic Scholar
Engineered exosome as targeted lncRNA MEG3 delivery vehicles for osteosarcoma therapy.,"Xin Huang, Wei Wu, Doudou Jing",Journal of Controlled Release,2022-01-01,"Exosomes as nanosized membrane vesicles, could targeted deliver therapeutic agents by modification with target ligands. Exosome-derived non-coding RNAs play a vital role in the development of tumors. Previous evidences reveal that long non-coding RNA maternally expressed gene 3 (lncRNA MEG3) has anti-tumor properties. Whereas, the inhibitory effects of exosome-derived lncRNA MEG3 in osteosarcoma (",https://www.semanticscholar.org/paper/8c5f23d8b9e047e4cdf5ed0362eb07435d851455,Semantic Scholar
The lncRNA Neat1 promotes activation of inflammasomes in macrophages,"Pengfei Zhang, Limian Cao, R. Zhou",Nature Communications,2019-04-02,"The inflammasome has an essential function in innate immune, responding to a wide variety of stimuli. Here we show that the lncRNA Neat1 promotes the activation of several inflammasomes. Neat1 associates with the NLRP3, NLRC4, and AIM2 inflammasomes in mouse macrophages to enhance their assembly and subsequent pro-caspase-1 processing. Neat1 also stabilizes the mature caspase-1 to promote interleu",https://www.semanticscholar.org/paper/3011698601e9267fe18739b25c31c18b6c6e1230,Semantic Scholar
LncRNA-mediated DNA methylation: an emerging mechanism in cancer and beyond,"Wanxu Huang, Hua Li, Qingsong Yu",Journal of experimental & clinical cancer research : CR,2022-03-15,"DNA methylation is one of the most important epigenetic mechanisms to regulate gene expression, which is highly dynamic during development and specifically maintained in somatic cells. Aberrant DNA methylation patterns are strongly associated with human diseases including cancer. How are the cell-specific DNA methylation patterns established or disturbed is a pivotal question in developmental biol",https://www.semanticscholar.org/paper/9398460ec2ef3fe209f36563f807813832f80206,Semantic Scholar
Long non-coding RNA (lncRNA) H19 in human cancer: From proliferation and metastasis to therapy.,"M. Hashemi, MA Moosavi, Hedyeh Maghareh Abed",Pharmacological Research,2022-08-26,"Initiation and development of cancer depend on multiple factors that mutations in genes and epigenetic level can be considered as important drivers. Epigenetic factors include a large family of members and understanding their function in cancer has been a hot topic. LncRNAs are RNA molecules with no capacity in synthesis of proteins, and they have regulatory functions in cells. LncRNAs are localiz",https://www.semanticscholar.org/paper/19370fbdbcec2c5d1947bcfa94776616c26d4ed4,Semantic Scholar
Long Noncoding RNA (lncRNA)-Mediated Competing Endogenous RNA Networks Provide Novel Potential Biomarkers and Therapeutic Targets for Colorectal Cancer,"Liye Wang, Kwang Bog Cho, Yan Li",International Journal of Molecular Sciences,2019-11-01,Colorectal cancer (CRC) is the third most common cancer and has a high metastasis and reoccurrence rate. Long noncoding RNAs (lncRNAs) play an important role in CRC growth and metastasis. Recent studies revealed that lncRNAs participate in CRC progression by coordinating with microRNAs (miRNAs) and protein-coding mRNAs. LncRNAs function as competitive endogenous RNAs (ceRNAs) by competitively occu,https://www.semanticscholar.org/paper/45a115f40a71143c63b7bc1d666e2720cc0dd1c8,Semantic Scholar
A novel Cuproptosis-related LncRNA signature to predict prognosis in hepatocellular carcinoma,"Genhao Zhang, Jianping Sun, Xianwei Zhang",Scientific Reports,2022-07-05,Increased intracellular toxicity due to an imbalance in copper homeostasis caused by copper ion accumulation could regulate the rate of cancer cell growth and proliferation. The goal of this study was to create a novel Cuproptosis-related lncRNA signature that may be utilized to predict survival and immunotherapy in HCC patients. Cuproptosis-associated lncRNAs and differentially expressed lncRNAs ,https://www.semanticscholar.org/paper/48ea9b7ab84a738537e3c45d45119d6991c301dc,Semantic Scholar
LncRNA HEPFAL accelerates ferroptosis in hepatocellular carcinoma by regulating SLC7A11 ubiquitination,"Baofu Zhang, Wenming Bao, Sina Zhang",Cell Death and Disease,2022-08-01,"Ferroptosis is a new type of cell death that has been recognized in recent years and is different from apoptosis, autophagy, and necrosis. It is mainly due to cellular iron homeostasis and lipid peroxidation of iron metabolism caused by large accumulation. There is a close correlation between ferroptosis and hepatocellular carcinoma (HCC). This study shows that the expression of the long noncoding",https://www.semanticscholar.org/paper/e53126b6cb0ee99fdb9e2939d8bd66b3aaaef76f,Semantic Scholar
Biological Function of Long Non-coding RNA (LncRNA) Xist,"Wenlun Wang, Lu Min, Xinyuan Qiu",Frontiers in Cell and Developmental Biology,2021-06-10,"Long non-coding RNAs (lncRNAs) regulate gene expression in a variety of ways at epigenetic, chromatin remodeling, transcriptional, and translational levels. Accumulating evidence suggests that lncRNA X-inactive specific transcript (lncRNA Xist) serves as an important regulator of cell growth and development. Despites its original roles in X-chromosome dosage compensation, lncRNA Xist also particip",https://www.semanticscholar.org/paper/fb79a63f189cec74ab96bdc29ac8325e8d1a16ea,Semantic Scholar
"Local regulation of gene expression by lncRNA promoters, transcription, and splicing","J. Engreitz, Jenna E. Haines, Elizabeth M. Perez",Nature,2016-10-26,"Mammalian genomes are pervasively transcribed to produce thousands of long non-coding RNAs (lncRNAs). A few of these lncRNAs have been shown to recruit regulatory complexes through RNA–protein interactions to influence the expression of nearby genes, and it has been suggested that many other lncRNAs can also act as local regulators. Such local functions could explain the observation that lncRNA ex",https://www.semanticscholar.org/paper/8bab17fd2ea107ac31fa2afdc9eedf1391356c5e,Semantic Scholar
Smart Colloidal Systems as Drug Delivery and Therapeutic Modulation Platforms for Renal Cell Carcinoma.,"Sun Liming, Zhao Xinming, Li Xiaoting",International journal of nanomedicine,2026-09-07,"Renal cell carcinoma (RCC) is one of the major malignant tumors of the genitourinary system and remains difficult to treat in advanced or recurrent settings. Although surgery, antiangiogenic targeted therapy, immune checkpoint blockade, mTOR inhibition, and HIF-2α-targeted therapy have improved clinical outcomes, recurrence, therapeutic resistance, heterogeneous tumor exposure, and systemic toxici",https://pubmed.ncbi.nlm.nih.gov/42703368/,PubMed
Targeting m,"Xu Liangfu, Pan Yuanwei, Li Guanjun",Nature communications,2026-09-07,"Epigenetic editing, particularly N",https://pubmed.ncbi.nlm.nih.gov/42702629/,PubMed
Surface-engineered milk-derived extracellular vesicles enable oral miRNA therapy against immunosuppressive pancreatic cancer.,"Ryu Youngri, Jang Hochung, Kim Eun Hye",Materials today. Bio,2026-09-07,"Pancreatic ductal adenocarcinoma (PDAC) shows limited responsiveness to conventional therapies due to an immunosuppressive tumor microenvironment (TME) characterized by programmed death-ligand 1 (PD-L1)-mediated immune escape and oncogenic microRNA-21 (miR-21) signaling. Despite the potential of miRNA therapeutics, their clinical translation is hindered by the lack of stable, non-invasive delivery",https://pubmed.ncbi.nlm.nih.gov/42701371/,PubMed
Nanoparticle-Based miRNA Therapeutics in Breast Cancer Highlighting Design Strategies and Translational Potential.,"Lukumci Övünç Efe, Cansaran-Duman Demet, Mutlu Pelin",International journal of nanomedicine,2026-09-07,"Breast cancer remains one of the leading causes of cancer-related mortality worldwide, with its marked molecular heterogeneity and therapeutic resistance continuing to limit long-term clinical success. Although advances in targeted therapies have improved patient outcomes, tumor recurrence, systemic toxicity, and drug resistance remain major clinical challenges. MicroRNAs (miRNAs) have emerged as ",https://pubmed.ncbi.nlm.nih.gov/42699688/,PubMed
Tissue-specific transcriptomic responses and skeletal-muscle ultrastructural observations in Semah mahseer (,"Uchuwittayakul Anurak, Phuthong Witchukorn, Kong Chamroeun",Food chemistry. Molecular sciences,2026-09-07,Semah mahseer (,https://pubmed.ncbi.nlm.nih.gov/42699323/,PubMed
Sub-stoichiometric 5-methoxyuridine modification enables tunable immune evasion and protein expression from synthetic mRNAs.,"Miles Jonathan R, Masterson Sarah, Bellows Eleanor",Molecular therapy. Nucleic acids,2026-09-07,"mRNA therapeutics depend on nucleotide modification to evade innate immunity and sustain translation. Current clinical designs replace all uridine with N1-methylpseudouridine (m1Ψ). However, full substitution is costly and can perturb translational fidelity and RNA structure. Here, we show that sub-stoichiometric incorporation of 5-methoxyuridine (5moU) is sufficient to confer immune evasion while",https://pubmed.ncbi.nlm.nih.gov/42699029/,PubMed
Research progress on glioma drug resistance: mechanism analysis and therapeutic strategies.,"Bai Zetong, Liu Haiguang, Wang Yan",Frontiers in pharmacology,2026-09-07,"Glioma, especially glioblastoma multiforme (GBM), has become one of the major clinical challenges in the field of neurooncology due to its high invasiveness and significant multidrug resistance (MDR). The mechanism of drug resistance is complex and involves the synergy of many factors, including the overexpression of MDR related transporters such as P-glycoprotein (P-gp), multidrug resistance asso",https://pubmed.ncbi.nlm.nih.gov/42698858/,PubMed
A dual functional hybrid lipid-polymeric nanoparticle co-loaded coenzyme Q10 and siRNA TNFα for anti-inflammatory skin therapy.,"Pupo Silvestrini Ana Vitória, Morais Milena Finazzi, Dos Santos Thatiani Figueiredo",International journal of pharmaceutics,2026-09-07,"Inflammatory skin diseases, such as psoriasis, lead to significant humanistic and economic burdens, mainly psychosocial impacts due to the relapsing papulosquamous characteristic of the disease. Due to the extensive skin lesions, topical therapies remain the main form of treatment. However, their effectiveness is limited by poor skin penetration. In addition, single-target mechanisms limit the sim",https://pubmed.ncbi.nlm.nih.gov/42697387/,PubMed
Messenger RNA delivery of a dual CD25/CD122 affinity-tuned IL-2 variant prolongs exposure and potentiates antitumor T cell immunity.,"Vormehr Mathias, Kranz Lena M, Muik Alexander",Science advances,2026-09-07,"The therapeutic potential of interleukin-2 (IL-2) in cancer treatment is limited by toxicity challenges, partly due to an unfavorable pharmacokinetic profile and unintended activation of regulatory T (T",https://pubmed.ncbi.nlm.nih.gov/42696566/,PubMed
Photo-Activated microRNA 20a Delivery via Core-Shell-Shell Nanoparticles for the Suppression of Head and Neck Cancer.,"Helton Angelica M, Yeingst Tyus J, Stone Lindsay P",Journal of biomedical materials research. Part A,2026-09-07,"Current treatment modalities for head and neck cancer often leave patients with severe morbidities including difficulty swallowing, breathing, and speaking. Novel therapeutics are needed which induce suppress tumors, provide more precise surgical resection, and minimize damage to the complex surrounding tissue. In this study, plasmonic gold-silver-gold core-shell-shell (CSS) nanoparticles were fun",https://pubmed.ncbi.nlm.nih.gov/42695350/,PubMed
Mesenchymal stem cells as cellular factories for targeted P2X7 blockade after traumatic brain injury.,"Fadon-Padilla Lucia, Chu Chengyan, McDougall Lorissa","Neuroprotection (Chichester, England)",2026-09-07,"Traumatic brain injury (TBI) causes long-term disability, with inflammation contributing to both primary and secondary brain damage. Extracellular adenosine triphosphate (ATP) and its receptor purinergic receptor X7 (P2X7) drive neuroinflammation and represent promising therapeutic targets. Therefore, we developed a strategy to mitigate acute post-TBI inflammation using mesenchymal stem cells (MSC",https://pubmed.ncbi.nlm.nih.gov/42694507/,PubMed
How a polymer filling enhances the rate and selectivity of colloid permeation across mesopores,"Mikhail Y. Laktionov, Frans A. M. Leermakers, Ralf P. Richter",arXiv,2026-09-07,"Polymer-functionalised mesopores are an emerging technology for colloid separation, sensing and delivery. Their potential is strikingly illustrated in living cells, where nuclear pore complexes (NPCs) control biocolloid transport between the nucleus and the cytosol. Even colloids much smaller than the biopolymer-filled NPC channel are effectively blocked, but some larger colloids with distinct sur",http://arxiv.org/abs/2608.27995v1,arXiv
Manganese-Functionalized GelMA Hydrogels for MRI-Guided Immunotheranostics in Precision Oncology,"Motahareh Nazari, Keyvan Alavi",arXiv,2026-09-07,"Precision oncology requires multifunctional platforms capable of integrating accurate tumor diagnosis, localized therapeutic delivery, immune modulation, and real-time monitoring of treatment response. Gelatin methacryloyl (GelMA) hydrogels have emerged as versatile biomaterials for biomedical engineering because of their biocompatibility, extracellular matrix-like structure, tunable mechanical pr",http://arxiv.org/abs/2606.29599v1,arXiv
Cancer vaccines as targeted therapies: translational advances and challenges.,"Shafaghat Zahra, Sadri Maryam, Roozbehani Mona",Immunotherapy,2026-09-07,"Cancer vaccines represent a promising class of immunotherapeutic agents with potential applications in cancer prevention and treatment. By eliciting tumor-specific immune responses, these vaccines may offer durable protection against tumor progression, recurrence, and metastasis while minimizing off-target toxicity associated with conventional therapies. In addition, activation of adaptive immunit",https://pubmed.ncbi.nlm.nih.gov/42701036/,PubMed
Improving intradermal dosing consistency in mice using a hollow microneedle: A model study with a SARS-CoV-2 mRNA vaccine.,"Onishi Shintaro, Suzuki Yuta, Sugimoto Koki",Vaccine,2026-09-07,"Intradermal vaccination can enhance immune responses, yet reproducible intradermal injection remains technically challenging, particularly for hollow microneedle delivery. Herein, using a mouse model, we aimed to establish a preclinical platform that enables more consistent intradermal vaccine delivery. We quantified age-dependent changes in mouse dorsal skin thickness and developed a pinch-type a",https://pubmed.ncbi.nlm.nih.gov/42700750/,PubMed
The platform trial in COVID-19 priming and BOOsting (PICOBOO): The reactogenicity of nine licensed COVID-19 vaccines delivered in immunocompetent adults.,"C McLeod, Dymock M, Flanagan K L",Vaccine,2026-09-07,"PICOBOO is a randomised, Bayesian adaptive trial evaluating immunogenicity and reactogenicity of licensed COVID-19 vaccines in immunocompetent individuals aged >12 years. We present reactogenicity data for nine vaccines administered as additional doses within adult strata based on age cohort and primary vaccination regimen. Individuals who had not received a COVID-19 vaccine within three months we",https://pubmed.ncbi.nlm.nih.gov/42700749/,PubMed
Virus-like particle display of the SARS-CoV-2 receptor-binding domain using a modular tag/catcher system enhances immunogenicity of a DNA vaccine in mice.,"Okholm Anna K, Fougeroux Cyrielle, Hagen Sven H",Vaccine,2026-09-07,"The COVID-19 pandemic highlighted the critical need for adaptable, rapid-response vaccine platforms. While mRNA vaccines enabled fast and scalable development, their stringent cold-chain requirements limited global accessibility. DNA vaccines offer a similarly fast and flexible vaccine design, but require far less complex manufacturing and distribution conditions, which is an advantage during a pa",https://pubmed.ncbi.nlm.nih.gov/42700748/,PubMed
Assessing the pandemic potential of Nipah virus: From molecular pathogenesis to ecological spillover risks.,"Yin Qikai, Nie Kai, Wang Shiwen",Infectious medicine,2026-09-07,"Nipah virus, a highly lethal zoonotic paramyxovirus with a case‑fatality rate of 40-75%, poses a formidable threat to global health security. This review synthesizes its evolving epidemiology, contrasting the Malaysian and Bangladesh‑India strains, and dissects molecular pathogenesis focusing on G/F glycoprotein recognition of ephrin receptors and the multi‑layered immune evasion mediated by P gen",https://pubmed.ncbi.nlm.nih.gov/42699591/,PubMed
Endolysosomal routing combined with immune stimulation enhances anti-tumor efficacy of an HPV16 mRNA therapeutic vaccine.,"Song Wenjie, Ying Bo, Gao Peng",Materials today. Bio,2026-09-07,"Despite the widespread use of prophylactic vaccines, Human papillomavirus (HPV) related cancers persist as a substantial global health burden, highlighting the high demand for effective therapeutics. Signal peptide (SP) and major histocompatibility complex (MHC) class I trafficking domain (MITD) have been utilized in HPV messenger RNA (mRNA) therapeutic vaccines to improve MHC class I and II prese",https://pubmed.ncbi.nlm.nih.gov/42699170/,PubMed
Live-attenuated vaccines of human respiratory syncytial virus for infants and young children: Progress and prospects of an old yet promising platform.,"Yu Jiemei, Fu Yuanhui, Zheng Yanpeng",Biosafety and health,2026-09-07,"Human respiratory syncytial virus (RSV) remains a leading cause of lower respiratory tract illness (LRTI) in infants, young children, and the elderly. Although long-acting monoclonal antibodies, subunit, and messenger ribonucleic acid (mRNA) vaccines can protect vulnerable populations (infants < 6 months old and older adults) ",https://pubmed.ncbi.nlm.nih.gov/42698634/,PubMed
Mixing versus matching booster vaccines: A longitudinal humoral immune kinetics against Omicron in a Malaysian cohort.,"Thundakattil Ashwathy Varadarajan, Prabhu Rekha, Prabhu Girish",International journal of infectious diseases : IJID : official publication of the International Society for Infectious Diseases,2026-09-07,"The objective of our study was to evaluate the longitudinal humoral immune response following booster regimens in Malaysia during the Omicron outbreak. In this prospective cohort study, 268 healthcare professionals and medical students in Malaysia were followed up for 24 weeks following homologous (mRNA-mRNA (mR-mR), viral vector-viral vector (VV-VV), inactivated virus-inactivated virus (IV-IV) an",https://pubmed.ncbi.nlm.nih.gov/42697472/,PubMed
"Safety, humoral and cellular immune responses to a pre-pandemic adjuvanted influenza A (H5N8) vaccine.","Maria Durvanei Augusto, Martins Isabela Mancini, Porto Giselle Pidde Marques",Vaccine,2026-09-07,"Highly pathogenic avian influenza (HPAI) A(H5) viruses can be transmitted from infected birds to various mammalian species, including humans. Avian influenza viruses (AIVs), members of the Orthomyxoviridae family, possess segmented RNA genomes prone to reassortment, favoring the emergence of novel genetic traits that may alter transmissibility, pathogenicity, and antigenicity. Although no sustaine",https://pubmed.ncbi.nlm.nih.gov/42696822/,PubMed
Safe prolonged prophylactic use and tolerability of Ashwagandha following COVISHIELD™ vaccination over 24 weeks: a multicentre randomized double-blind placebo-controlled trial.,"Chopra Arvind, Chaudhuri Susmita, Gundeti Manohar S",Frontiers in medicine,2026-09-07,"Ashwagandha ( 1,200 consenting apparently healthy participants (age 18-70 years) with a negative SARS-CoV-2 RNA assay (RT-PCR using oral and nasal swab) were randomized within 7 days of vaccine administration (primary or booster) to receive oral standardized Ashwagandha (500 mg aqueous root extract) or a matching placebo daily. Participants were monitored every 4 weeks till weeks 28 (study complet",https://pubmed.ncbi.nlm.nih.gov/42694770/,PubMed
Estimating the National Disease Burden and Economic Burden of Respiratory Syncytial Virus (RSV) in Thailand.,"Boonpattharatthiti Kansak, Techasaensiri Chonnamet, Phongsamart Wanatpreeya",Influenza and other respiratory viruses,2026-09-07,"Respiratory syncytial virus (RSV), a single-stranded negative-sense RNA virus, causes respiratory tract infections in children and adults, leading to hospitalization and mortality. However, the national disease burden and economic impact of RSV in Thailand remain undetermined. This study aims to estimate the national disease and economic burden of RSV infections in 2023 in Thailand. An incidence-b",https://pubmed.ncbi.nlm.nih.gov/42693667/,PubMed
High-yield production of immunogenic PV3 virus-like particle in yeast.,"Chen Tian, Hong Qin, Han Wenyu",Antiviral research,2026-09-07,"The identification of thermally stabilized mutants of all three poliovirus serotypes (PV1, PV2, and PV3) has enabled the development of virus-like particle (VLP)-based next-generation poliovirus vaccines. PV3 stabilized mutant-derived VLPs (sVLPs) have been produced in several recombinant systems through co-expression of mutant P1 polyprotein with native or uncleavable viral protease 3CD, and have",https://pubmed.ncbi.nlm.nih.gov/42692371/,PubMed
"Host regulatory interactions with Moraxella catarrhalis: emerging hypotheses on microRNA networks, extracellular vesicle RNAs, and phasevarions-mediated epigenetics in respiratory pathogenesis.","Goodarzi Golnaz, Besharati Reza, Kebriaei Abdollah",Microbial pathogenesis,2026-09-07,"Moraxella catarrhalis is a Gram-negative opportunistic pathogen of the human respiratory tract, historically considered a commensal but now established as a leading cause of otitis media in children and acute exacerbations of chronic obstructive pulmonary disease (COPD) in adults. While phylogenomic studies have revealed two deeply divergent evolutionary lineages, Sero resistant (SR) and Sero sens",https://pubmed.ncbi.nlm.nih.gov/42692274/,PubMed
"Incidence, risk factors, and association with vaccination of thrombocytopenia and immune thrombocytopenia (ITP): A scoping review.","Dudley Matthew Z, Ali Hammad, Villaescusa Marta Rojo",Vaccine,2026-09-07,"The Brighton Collaboration published its standard harmonized case definition for thrombocytopenia in 2007 to facilitate collection of valid and reproducible vaccine safety evidence and enable valid comparisons across studies. A companion guide to this case definition (including background incidence, risk factors, evidence for or against an association with vaccination, medical codes, data collecti",https://pubmed.ncbi.nlm.nih.gov/42691821/,PubMed
Early-life colonization with ,"Semon Alexa, Manzer Haider S, Keenan Orlaith","Science (New York, N.Y.)",2026-09-07,,https://pubmed.ncbi.nlm.nih.gov/42691172/,PubMed
An Integrative Computational Approach to Predict Viral Epitopes by Targeting the MHC-TCR Complexation,"Jaya Vasavi Pamidimukkala, Roshan Balaji, Nirav Pravinbhai Bhatt",arXiv,2026-09-07,"T-cell immunity acts as a major defense system against controlling viral infections in vertebrates. During viral entry, innate immune cells degrade the viral proteins (antigens) and present them on their surface via Major Histocompatibility (MHC) proteins. T-cell receptors (TCRs) recognize these antigens/peptides presented by MHC (pMHC), initiating a T-cell mediated immune response. Despite its si",http://arxiv.org/abs/2609.03182v1,arXiv
Transformer-Based Active Learning for Data-Efficient Vaccine Epitope Selection in PRRS,"Aspen Erlandsson Brisebois, Zahed Khatooni, Connor Burbridge",arXiv,2026-09-07,"High-fidelity molecular docking simulations can produce biologically relevant estimates of epitope-receptor binding affinity but are computationally expensive and therefore limit the number of candidates that can be screened for vaccine design. In this work, we evaluate machine learning (ML) approaches where variants of active learning are used to classify instances of high binding affinity betwee",http://arxiv.org/abs/2606.28659v1,arXiv
Exploring the Effects of Entanglement on Quantum Machine Learning of Pathogen Epitope-Receptor Binding,"Aspen Erlandsson Brisebois, Luis Pablo Gonzalez Dominguez, Shivansi Prajapati",arXiv,2026-09-07,"Parameterized quantum circuits (PQCs) provide a flexible substrate for hybrid quantum machine learning (QML), but their practical value on Noisy Intermediate-Scale Quantum (NISQ) devices remains an empirical question, especially because training depth and scale can introduce optimization challenges such as barren plateaus. Here we study how the number and topology of two-qubit entangling gates in ",http://arxiv.org/abs/2606.28655v1,arXiv
Activation of the cGAS-STING Pathway by NETs Promotes Inflammatory Injury in Myocardial Ischemia-Reperfusion.,"Jiang Jie, Wu Haonan, Zhou Lingfeng",Journal of inflammation research,2026-09-07,"Myocardial ischemia-reperfusion injury (MIRI) is a major complication of reperfusion therapy, driven by excessive sterile inflammation. During this process, neutrophils release abundant neutrophil extracellular traps (NETs), which exacerbate tissue damage, yet the underlying molecular mechanisms remain incompletely understood. This study tested the hypothesis that NETs activate the cGAS-STING path",https://pubmed.ncbi.nlm.nih.gov/42703426/,PubMed
Targeting SOD3-Mediated Oxidative Stress with Betulonic Acid Protects Against Steroid-Induced Femoral Head Necrosis.,"Chen Qi, Hao Yangquan, Yu Wenxing","Drug design, development and therapy",2026-09-07,"Steroid-induced osteonecrosis of the femoral head (SONFH) is a devastating complication of glucocorticoid therapy, fundamentally driven by oxidative stress. Although Betulonic acid (Ba), a natural pentacyclic triterpenoid, exhibits potent antioxidant properties, its therapeutic efficacy in SONFH remains unknown. This study investigates the protective effects of Ba against SONFH, specifically focus",https://pubmed.ncbi.nlm.nih.gov/42703376/,PubMed
Vascular smooth muscle cell-derived osteoprotegerin drives pulmonary arterial hypertension via AKT activation and is attenuated by monoclonal antibody therapy.,"Keles Merve, West Laura E, Arnold Nadine D",Cardiovascular research,2026-09-07,"Pulmonary arterial hypertension (PAH) is driven by sustained vasoconstriction and structural remodelling of distal pulmonary arteries. We have previously demonstrated that osteoprotegerin (OPG, tnfrsf11b) is upregulated in PAH animal models and patient tissues, with circulating levels being prognostic. OPG knockout mice exhibit an attenuated PAH phenotype, and therapeutic inhibition using a human ",https://pubmed.ncbi.nlm.nih.gov/42702807/,PubMed
The RNA helicase domain of NAT10 promotes the biogenesis of hypomodified ribosomes to enhance cancer cell proliferation.,"Dalhat Mahmood H, Narayan Sharath, Eleftheriou Maria",Nature communications,2026-09-07,"N-acetyltransferase 10 (NAT10) is a multifunctional enzyme that harbors RNA acetyltransferase and RNA helicase domains and has emerged as a therapeutic vulnerability in solid and hematological malignancies. By coupling Proteolysis Targeting Chimera-mediated degradation of NAT10 with a deep mutational scanning assay, followed by validations in biochemical assays, human cell lines, and female mouse ",https://pubmed.ncbi.nlm.nih.gov/42702606/,PubMed
Involvement of Protein Kinase C Delta and Monocarboxylate Transporter 4 in the Development of Statin-Induced Cytotoxicity in a Rhabdomyosarcoma-Derived Cell Line.,"Okamoto Keisuke, Matsui Toya, Kikutani Yurika",Biological & pharmaceutical bulletin,2026-09-07,"Statins, inhibitors of 3-hydroxy-3-methylglutaryl CoA reductase, are widely prescribed lipid-lowering agents. Nevertheless, their use is occasionally associated with muscle toxicity, including rhabdomyolysis. Exercise reportedly exacerbates statin-induced muscle injury; however, the underlying mechanisms remain poorly understood. Here, we investigated the role of protein kinase C (PKC) signaling i",https://pubmed.ncbi.nlm.nih.gov/42702544/,PubMed
miR-519d-3p inhibits gastric cancer progression by targeting the Beclin-1-dependent autophagy pathway.,"Shi Yuanbin, Guo Mengfu, Liu Haokun",Gene,2026-09-07,"Dysregulation of microRNA networks is a hallmark of gastric cancer pathogenesis, but the mechanisms driving early-stage disease remain poorly understood. This study utilized integrative bioinformatics analysis of the Gene Expression Omnibus dataset GSE158315 to identify tumor-suppressive microRNAs in early gastric cancer. We identified hsa-miR-519d-3p as a core downregulated microRNA in early-stag",https://pubmed.ncbi.nlm.nih.gov/42702298/,PubMed
Calcitriol attenuates form-deprivation myopia through VDR-mediated inhibition of NF-κB signaling and scleral remodeling.,"Liang Rongbin, Li Meilin, Li Jiakun",International immunopharmacology,2026-09-07,To investigate the role and mechanisms of calcitriol in form-deprivation myopia (FDM). Calcitriol was evaluated in a guinea pig FDM model and a tumor necrosis factor-alpha (TNF-α)-induced inflammatory model using human retinal pigment epithelial (RPE) cells. Vitamin D receptor (VDR) dependence was assessed by adeno-associated virus- or small interfering RNA-mediated VDR knockdown. Refractive statu,https://pubmed.ncbi.nlm.nih.gov/42702162/,PubMed
"Metal nanoparticles as next-generation therapeutics against antimicrobial resistance: mechanisms, functionalization, and translational potential.","Jalali Amir, Komijani Majid, Wahab Zainab Diaa",Molecular biology reports,2026-09-07,"Antimicrobial resistance (AMR) poses a major global health threat, driven by bacterial defense mechanisms such as efflux pumps, enzyme-mediated drug inactivation, target site modification, and biofilm formation. Metal nanoparticles (NPs), including silver, gold, iron oxide, and zinc oxide, offer a potential multi-target strategy to dismantle these resistance pathways. Their antimicrobial activity ",https://pubmed.ncbi.nlm.nih.gov/42700201/,PubMed
Macrophages Drive Ferroptosis Resistance after Radiotherapy.,"Chung Hyewon, Kim Sang Wha, Oh Jae Won","Cancer communications (London, England)",2026-09-07,,https://pubmed.ncbi.nlm.nih.gov/42698964/,PubMed
Nuclear localization of Toll/interleukin-1 receptor domain-containing adaptor protein reveals a previously unrecognized role in hepatic stellate cell activation.,"Patidar Pramod, Atre Rajat, Baig Mirza S",Frontiers in immunology,2026-09-07,"The Toll/interleukin-1 receptor domain-containing adaptor protein (TIRAP) is a key adaptor in Toll-like receptor signaling, classically functioning as a cytoplasmic bridging adaptor for Myeloid differentiation primary response 88 (MyD88) recruitment. While its role in inflammatory signaling is well established, its contribution to alcohol-induced liver fibrosis remains unclear. We used lipopolysac",https://pubmed.ncbi.nlm.nih.gov/42698655/,PubMed
Sufentanil attenuates LPS-induced acute lung injury by suppressing ferroptosis and maintaining GPX4 protein abundance.,"Guo Xiaoyun, Yan Weifeng, Peng Wenyong",Frontiers in cell and developmental biology,2026-09-07,"Acute lung injury (ALI) is a severe inflammatory syndrome characterized by disruption of the alveolar-capillary barrier, pulmonary edema, and impaired gas exchange. Ferroptosis has emerged as an important contributor to ALI pathogenesis, but the mechanisms associated with reduced glutathione peroxidase 4 (GPX4) protein abundance during lung injury remain incompletely understood. This study investi",https://pubmed.ncbi.nlm.nih.gov/42698533/,PubMed
FIN56-induced ferroptosis suppresses the development of endometriosis by augmenting mitochondrial ROS and lipid peroxidation via the ACACA/ARID5A/NOX4 axis.,"Zeng Cheng, Zhu Jingwen, Lu Ruihui",Chinese medical journal,2026-09-07,"Endometriosis (EMs) is one of the most common gynecologic diseases, and the roles of ferroptosis in EMs have not been fully clarified. The induction of ferroptosis has been demonstrated to inhibit the growth of ectopic lesions in EMs. Although acetyl-CoA carboxylase 1 (ACC1), the rate-limiting enzyme for fatty acid biosynthesis, has been shown to regulate ferroptosis, the detailed mechanism involv",https://pubmed.ncbi.nlm.nih.gov/42698143/,PubMed
Click-crosslinked arginine-based nanoplatform for co-delivery of camptothecin and siSTAT3 for metastatic breast cancer therapy.,"Xiong Su, Xiang Jingheng, He Xiao",International journal of pharmaceutics,2026-09-07,"Metastatic breast cancer remains a major therapeutic challenge due to the limited efficacy of current treatments against both primary tumors and distant metastases. Here, we developed an arginine-based click-crosslinked nanoplatform for the co-delivery of camptothecin (CPT) and STAT3 siRNA (siSTAT3). The nanoplatform was constructed using a dibenzocyclooctyne-functionalized arginine derivative, wh",https://pubmed.ncbi.nlm.nih.gov/42697388/,PubMed
DeepSilencer: A Novel Deep Learning Model for Predicting siRNA Knockdown Efficiency,"Wangdan Liao, Weidong Wang",arXiv,2026-09-07,"Background: Small interfering RNA (siRNA) is a promising therapeutic agent due to its ability to silence disease-related genes via RNA interference. While traditional machine learning and early deep learning methods have made progress in predicting siRNA efficacy, there remains significant room for improvement. Advanced deep learning techniques can enhance prediction accuracy, reducing the relianc",http://arxiv.org/abs/2503.04200v1,arXiv
Maturation of siRNA by strand separation: Steered Molecular dynamics study,"Rakesh K Mishra, Sanchita Mukherjee, Dhananjay Bhattacharyya",arXiv,2026-09-07,"RNA interference, particularly siRNA induced gene silencing is becoming an important avenue of modern therapeutics. The siRNA is delivered to the cells as short double helical RNA which becomes single stranded for forming the RISC complex. Significant experimental evidence is available for most of the steps except the process of the separation of the two strands. We have attempted to understand th",http://arxiv.org/abs/1910.03778v1,arXiv
Using a hydrogen-bond index to predict the gene-silencing efficiency of siRNA based on the local structure of mRNA,"Kathy Q. Luo, Donald C. Chang",arXiv,2026-09-07,The gene silencing effect of short interfering RNA (siRNA) is known to vary strongly with the targeted position of the mRNA. A number of hypotheses have been suggested to explain this phenomenon. We would like to test if this positional effect is mainly due to the secondary structure of the mRNA at the target site. We proposed that this structural factor can be characterized by a single parameter ,http://arxiv.org/abs/1710.07413v1,arXiv
Unraveling siRNA Unzipping Kinetics with Graphene,"Santosh Mogurampelly, Swati Panigrahi, Dhananjay Bhattacharyya",arXiv,2026-09-07,"Using all atom molecular dynamics simulations, we report spontaneous unzipping and strong binding of small interfering RNA (siRNA) on graphene. Our dispersion corrected density functional theory based calculations suggest that nucleosides of RNA have stronger attractive interactions with graphene as compared to DNA residues. These stronger interactions force the double stranded siRNA to spontaneou",http://arxiv.org/abs/1207.4569v1,arXiv
Unzipping and binding of small interfering RNA with single walled Carbon Nanotube: a platform for small interfering RNA delivery,"Mogurampelly Santosh, Swati Panigrahi, Dhananjay Bhattacharyya",arXiv,2026-09-07,"In an effort to design efficient platform for siRNA delivery, we combine all atom classical and quantum simulations to study the binding of small interfering RNA (siRNA) by pristine single wall carbon nanotube (SWCNT). Our results show that siRNA strongly binds to SWCNT surface via unzipping its base-pairs and the propensity of unzipping increases with the increase in the diameter of the SWCNTs. T",http://arxiv.org/abs/1203.2409v1,arXiv
Nanodiamond as a vector for siRNA delivery to Ewing sarcoma cells,"Anna Alhaddad, Marie-Pierre Adam, Jacques Botsoa",arXiv,2026-09-07,"We investigated the ability of diamond nanoparticles (nanodiamonds, NDs) to deliver small interfering RNA (siRNA) in Ewing sarcoma cells, in the perspective of in vivo anti-cancer nucleic acid drug delivery. siRNA was adsorbed onto NDs previously coated with cationic polymer. Cell uptake of NDs has been demonstrated by taking advantage of NDs intrinsic fluorescence coming from embedded color cente",http://arxiv.org/abs/1106.2252v2,arXiv
Target prediction and a statistical sampling algorithm for RNA-RNA interaction,"F. W. D. Huang, J. Qin, C. M. Reidys",arXiv,2026-09-07,"It has been proven that the accessibility of the target sites has a critical influence for miRNA and siRNA. In this paper, we present a program, rip2.0, not only the energetically most favorable targets site based on the hybrid-probability, but also a statistical sampling structure to illustrate the statistical characterization and representation of the Boltzmann ensemble of RNA-RNA interaction st",http://arxiv.org/abs/0908.0597v1,arXiv
In silico evidence of the relationship between miRNAs and siRNAs,"Ludovica Montanucci, Piero Fariselli, Pier Luigi Martelli",arXiv,2026-09-07,"Both short interfering RNAs (siRNAs) and microRNAs (miRNAs) mediate the repression of specific sequences of mRNA through the RNA interference pathway. In the last years several experiments have supported the hypothesis that siRNAs and miRNAs may be functionally interchangeable, at least in cultured cells. In this work we verify that this hypothesis is also supported by a computational evidence. We",http://arxiv.org/abs/0705.2355v1,arXiv
