title,authors,journal,date,abstract,link,source
High Expression of SAMM50 Indicates Poor Clinical Prognosis in Hepatocellular Carcinoma and Represents a Potential Novel Biomarker.,"Zhai Huawei, Cai Banglian, Zheng Zihao",Biological procedures online,2026-07-12,"Identifying diagnostic and prognostic biomarkers and therapeutic targets for hepatocellular carcinoma (HCC) is essential to improve risk stratification, guide individualized treatment, and enhance therapeutic efficacy.The expression of SAMM50 (Sorting and Assembly Machinery Component 50) was initially analyzed in publicly accessible curated genomic and proteomic databases, such as the Cancer Cell ",https://pubmed.ncbi.nlm.nih.gov/42436396/,PubMed
High-efficiency 14-plex cSNP SNaPshot assay for forensic peripheral blood identification.,"Zhao Yixia, Sun Yuting, Wei Siyi",BMC genomics,2026-07-12,"The analysis of body fluid stains found at criminal scenes requires not only DNA profiles but also identification of the composition of these stains, particularly in mixed stains. Prior studies have demonstrated that forensic body fluids can be differentiated by their mRNA biomarkers.In this study, we screened a panel including 14 cSNPs located on four peripheral blood mRNA biomarkers (CD3G, ANK1,",https://pubmed.ncbi.nlm.nih.gov/42436368/,PubMed
MiR-378a-3p Promotes Macrophage Polarization from M1 to M2 for Cardiac Repair after Infarction Via Trem1.,"Shen Ming, Li Tongxuan, Jiang Xuan",Journal of cardiovascular translational research,2026-07-12,"Acute myocardial infarction (AMI) triggers a robust inflammatory response in which macrophage polarization critically influences cardiac repair, yet the regulatory role of microRNAs remains largely undefined. Through integrated analysis of GEO datasets and experimental validation in hypoxic Raw264.7 cells and a mouse AMI model, we identified that miR-378a-3p is significantly downregulated followin",https://pubmed.ncbi.nlm.nih.gov/42436353/,PubMed
Stage wise deterioration mechanism of soy protein isolate during long-term room temperature storage: synergistic effect of key proteins and metabolic pathways.,"Chen Xue, Wang Yuanyuan, Yu Yeping",International journal of biological macromolecules,2026-07-12,"To investigate the effects of long-term storage at room temperature on the structure and functional properties of soy protein isolate (SPI), this study measured the changes in free amino and thiol content, as well as water and oil absorption of SPI during storage, and analyzed its molecular-level response mechanism using proteomics techniques. The results showed that with prolonged storage time, t",https://pubmed.ncbi.nlm.nih.gov/42435872/,PubMed
"Differential thermal stability of mRNA, miRNA and lncRNA in purified human tissue-derived RNA extracts: a proof-of-principle study with forensic implications.","Yang Qingxin, Zhang Shuyuan, Li Suyu","Legal medicine (Tokyo, Japan)",2026-07-12,"RNA-based markers hold considerable potential for forensic transcriptomics applications, yet their practical use is constrained by heterogeneous RNA degradation under environmental stress conditions. The thermal stability profiles of different RNA classes in degraded biological samples remain incompletely characterized. Here, we established an in vitro thermal degradation model using commercially ",https://pubmed.ncbi.nlm.nih.gov/42435679/,PubMed
Identification of CTHRC1 as a Potential Prognostic Biomarker in Esophageal Squamous Cell Carcinoma by Bioinformatics Analysis.,"Li Shuoguoli, Kang Yongan, Qi Yijun",Translational oncology,2026-07-12,"Esophageal squamous cell carcinoma (ESCC) carries one of the highest case-fatality rates among gastrointestinal malignancies, owing in part to the scarcity of molecularly validated prognostic indicators. Collagen triple helix repeat containing 1 (CTHRC1), a secreted glycoprotein implicated in matrix remodeling across multiple tumor types, has yet to be systematically interrogated in ESCC. The pres",https://pubmed.ncbi.nlm.nih.gov/42435533/,PubMed
"Glycodeoxycholic and deoxycholic bile acids impair recognition and spatial memory in adult mice, and reduce central CREB-BDNF signaling and cytokine expression with neuroanatomical specificity.","Garcia Ana, Trivedi Dakshat, Anthony Daniel C",Gut microbes,2026-07-12,"Emerging evidence suggests that bile acids, traditionally recognized for their role in digestion, also influence brain function and memory. This study examined the effects of two microbiota-derived secondary bile acids, deoxycholic acid (DCA) and glycodeoxycholic acid (GDCA), on memory in mice and the associated molecular mechanisms. Male and female mice received daily oral administration of DCA, ",https://pubmed.ncbi.nlm.nih.gov/42435326/,PubMed
Evaluation of high-fat diet-induced metabolic impairments in iBAT lipid metabolism using ,"Rengaraj Anantharaj, Le Giang Thi Thu, Dharmashekar Chandan","Magma (New York, N.Y.)",2026-07-12,"High-fat diet (HFD) feeding impairs interscapular brown adipose tissue (iBAT) mitochondrial function, leading to lipid accumulation and insulin resistance. To evaluate HFD-induced metabolic impairments in iBAT lipid metabolism using  Male Wistar rats (n = 20) were fed either chow diet (CD) or HFD for eight weeks followed by maintained thermoneutral or cold-exposed conditions for two weeks. Lipid c",https://pubmed.ncbi.nlm.nih.gov/42435257/,PubMed
IGF2BP1 modulates ZDHHC5-mediated NLRP3 inflammasome activation to promote mitochondrial damage and foam cell formation of vascular smooth muscle cells.,"Zhang Yunqing, Yang Qian, Sui Zheng",Inflammation research : official journal of the European Histamine Research Society ... [et al.],2026-07-12,"Smooth muscle-derived foam cell formation is a key to atherosclerosis (AS) development. Mitochondrial damage is involved in AS pathogenesis S. Here, effects of ZDHHC5 on mitochondrial damage and foam cell formation of vascular smooth muscle cells were evaluated. Expressions of mRNA and protein were determined by RT-qPCR and Western blot. ORO and Nile red staining evaluated foam cell formation. Mit",https://pubmed.ncbi.nlm.nih.gov/42435226/,PubMed
INHBA secreted by cancer-associated fibroblasts promotes cisplatin resistance and malignant progression of ovarian cancer via ENG-mediated suppression of apoptosis and induction of EMT.,"Liu Xinyue, Han Yan, Qin Zhichao",Journal of translational medicine,2026-07-12,"Platinum resistance remains a major cause of treatment failure in ovarian cancer (OC). Cancer-associated fibroblasts (CAFs), key components of the tumor microenvironment, play critical roles in OC progression. Inhibin subunit beta A (INHBA) and its putative receptor endoglin (ENG) have been linked to OC chemoresistance, but their functional interaction in mediating cisplatin resistance remains unc",https://pubmed.ncbi.nlm.nih.gov/42436560/,PubMed
Comparative evaluation of the effects of Silymarin on the metastatic characteristics of MCF-7 and MDA-MB-231 breast cancer cells with two-dimensional and three-dimensional culture methods.,"Aladağ Tuğçe, Firat Fatma, Çetin Hülya",BMC complementary medicine and therapies,2026-07-12,"Breast cancer is one of the most common cancers among women worldwide, and metastasis plays an important role in its lethality. Silymarin (SLY) is a natural compound that has exhibited potential anticancer effects. However, its effects on the metastatic properties of different breast cancer cell lines remain unknown. Therefore, this study aimed to investigate the effects of SLY on the metastatic p",https://pubmed.ncbi.nlm.nih.gov/42436445/,PubMed
Extracellular vesicles from inflammatory-primed stromal cells reduce in vitro inflammation in Sandhoff disease model.,"Darzenta Nikolia, Davis Emily, Watanabe Rie",Scientific reports,2026-07-12,"Sandhoff disease (SD) is a fatal lysosomal storage disorder caused by β-N-acetylhexosaminidase deficiency, resulting in GM2 ganglioside accumulation, severe neurodegeneration, and chronic neuroinflammation. While enzyme-restoring therapies, such as AAV gene transfer, effectively target the primary enzymatic deficit, neuroinflammation persists and contributes to disease progression, motivating the ",https://pubmed.ncbi.nlm.nih.gov/42436308/,PubMed
Comparative analysis of non-clinical and clinical safety assessment of COVID 19 vaccines.,"Gonin Camille, Crommelynck Samuel, Kayrouh Chloé",Regulatory toxicology and pharmacology : RTP,2026-07-12,"The aim of this work was to propose a comparative analysis of data from non-clinical studies and from pharmacovigilance evaluation collected following the COVID-19 vaccination campaign in France. Five authorized vaccines were included in the analysis: tozinameran (Comirnaty®), elasomeran (Spikevax®), ChAdOx1-S (Vaxzevria®), Ad26.COV2-S (Jcovden®), and the SARS-CoV-2-S protein with Matrix-M (Nuvaxo",https://pubmed.ncbi.nlm.nih.gov/42435835/,PubMed
Th1/Th2 cytokine imbalance with novel IL-17F elevation in Iraqi transfusion-dependent beta-thalassemia: a dual-platform diagnostic study.,"Mutlag Suzan Sabbar, Al-Tameemi Ghaith A, Othman Mohammed Abdul-Mounther",Cytokine,2026-07-12,"Beta-thalassemia (β-Thal) is an inherited hemoglobin disorder caused by defective β-globin synthesis, resulting in ineffective erythropoiesis, chronic hemolytic anemia, and altered iron metabolism; it is highly prevalent in Iraq, a country with a complex and not fully characterized immunological profile. Inflammatory cytokine dysregulation in transfusion-dependent patients further compromises hema",https://pubmed.ncbi.nlm.nih.gov/42435724/,PubMed
"The UL31 protein of duck plague virus promotes viral replication and interacts with ICP4, ICP22, and VP16 proteins.","Chen Hongying, Cheng Anchun, Cao Huijun",Veterinary microbiology,2026-07-12,"Duck plague is a highly contagious viral disease caused by duck plague virus (DPV) that poses a significant threat to the waterfowl industry. In herpesviruses, pUL31 plays a key role in the nuclear egress of viral nucleocapsids. However, it remains unclear whether pUL31 participates in other stages of the viral life cycle. Therefore, this study aimed to elucidate the functions of pUL31 in the DPV ",https://pubmed.ncbi.nlm.nih.gov/42435717/,PubMed
cGAS/STING is associated with brain-gut-liver axis disturbance and systemic inflammation in cerebral ischemia.,"Yan Xili, Shi Liangbin, Wen Fuping",Biochemical and biophysical research communications,2026-07-12,"Cerebral ischemia triggers a cascade of systemic inflammatory responses closely associated with brain-gut-liver axis disturbance, yet the underlying molecular mechanism remains incompletely understood. This study aimed to elucidate the mechanistic role of the cyclic GMP-AMP synthase/stimulator of interferon genes (cGAS/STING) signaling pathway in disrupting gut-liver axis homeostasis following cer",https://pubmed.ncbi.nlm.nih.gov/42435628/,PubMed
Quantitative Analysis of Plasmid DNA Distribution and Transgene Expression Following Cell Squeezing.,"Sylvers Justin, Krakowiecki Joseph, Wu Yutong",Annals of biomedical engineering,2026-07-12,"Microfluidic cell squeezing is a promising mechanoporation strategy that has been successfully applied to deliver various macromolecules, including proteins and nucleic acids. However, its success is limited when mechanoporation is used alone to facilitate gene delivery. The goal of the current study is to develop a gene delivery strategy that integrates electrotransfection and mechanoporation. We",https://pubmed.ncbi.nlm.nih.gov/42435265/,PubMed
miR-1248 enhances bortezomib-induced autophagy by targeting MEF2C/p38-MAPK signaling in multiple myeloma.,"Wang Wei, Zhang Rong-Juan, Ma Ming-Shuai",Frontiers in oncology,2026-07-12,"Multiple myeloma (MM) is incurable and many patients respond poorly to bortezomib. New strategies to improve bortezomib sensitivity are needed. We screened bortezomib-responsive miRNAs by RNA-seq in RPMI8226 cells (fold change >4, P<0.05). miR-1248 was measured by qRT-PCR in MM cells and in plasma from 30 patients before/after VCD therapy. MEF2C was examined by qRT-PCR and Western blot. A dual-luc",https://pubmed.ncbi.nlm.nih.gov/42434760/,PubMed
The sRNA LhrC5 and Hfq post-transcriptionally regulate ferritin expression in ,"Gomza Patrycja, Ścibek Katarzyna, Ładziak Magdalena",Frontiers in microbiology,2026-07-12,"The RNA chaperone Hfq facilitates base-pairing interactions between small regulatory RNAs (sRNAs) and their target mRNAs in Gram-negative bacteria. In Gram-positive species, however, its analogous matchmaker function remains poorly defined, with the notable exception of the Hfq-dependent sRNA LhrA in the pathogen ",https://pubmed.ncbi.nlm.nih.gov/42434558/,PubMed
Region-specific Transcriptomic Signatures in Alzheimer's Disease: A Meta-analysis of Vulnerable Brain Regions Reveals MicroRNA-hub Gene Regulatory Networks.,"Jaberi Khojaste Rahimi, Alashti Shayan Khalili, Hooshmandi Sedighe",Journal of medical signals and sensors,2026-07-12,"Alzheimer's disease (AD) is characterized by progressive neurodegeneration in regionally vulnerable brain areas, yet molecular insights into early pathogenic mechanisms remain limited. We conducted a meta-analysis of transcriptomic datasets from brain regions affected in early-to-moderate AD - including entorhinal cortex, CA1 hippocampus, angular gyrus, and frontal cortex synaptoneurosomes - using",https://pubmed.ncbi.nlm.nih.gov/42434351/,PubMed
Energy-efficient codon optimization on thermodynamic hardware,"Andraz Jelincic, Ross C. Walker",arXiv,2026-07-12,"The growing energy demand for computation is becoming increasingly unsustainable. Thermodynamic computing, which harnesses physical thermal fluctuations as a computational resource rather than suppressing them, offers orders-of-magnitude energy savings for probabilistic and combinatorial tasks. Pharmaceutical R&D, heavily reliant on computational optimization and sampling, is a natural application",http://arxiv.org/abs/2606.17327v1,arXiv
mRNAutilus: Multi-Objective-Guided Discrete Generation of mRNA with Optimized Therapeutic Properties,"Sawan Patel, Sophia Tang, Yesol Kim",arXiv,2026-07-12,"Therapeutic mRNA design requires coordinating multiple interacting sequence features across the full transcript, where codon usage, untranslated regions (UTRs), and their coupling jointly determine stability, translation efficiency, and protein expression. Here, we present mRNA generation via unrolled trajectories and informed latent updates (mRNAutilus), a framework for simultaneous codon optimiz",http://arxiv.org/abs/2605.31296v1,arXiv
Sampling-based Continuous Optimization for Messenger RNA Design,"Feipeng Yue, Ning Dai, Wei Yu Tang",arXiv,2026-07-12,"Designing messenger RNA (mRNA) sequences for a fixed target protein requires searching an exponentially large synonymous space while optimizing properties that affect stability and downstream performance. This is challenging because practical mRNA design involves multiple coupled objectives beyond classical folding criteria, and different applications prefer different trade-offs. We propose a gene",http://arxiv.org/abs/2603.06559v1,arXiv
Drug-like antibodies with low immunogenicity in human panels designed with Latent-X2," Latent Labs Team, Henry Kenlay, Daniella Pretorius",arXiv,2026-07-12,"Drug discovery has long sought computational systems capable of designing drug-like molecules directly: developable and non-immunogenic from the start. Here we introduce Latent-X2, a frontier generative model that achieves this goal through zero-shot design of antibodies with strong binding affinities, drug-like properties, and, for the first time for any de novo generated antibody, confirmed low ",http://arxiv.org/abs/2512.20263v1,arXiv
"RNAGenScape: Property-Guided, Optimized Generation of mRNA Sequences with Manifold Langevin Dynamics","Danqi Liao, Chen Liu, Xingzhi Sun",arXiv,2026-07-12,"Generating property-optimized mRNA sequences is central to applications such as vaccine design and protein replacement therapy, but remains challenging due to limited data, complex sequence-function relationships, and the narrow space of biologically viable sequences. Generative methods that drift away from the data manifold can yield sequences that fail to fold, translate poorly, or are otherwise",http://arxiv.org/abs/2510.24736v3,arXiv
Yeast growth is controlled by the proportional scaling of mRNA and ribosome concentrations,"Xin Gao, Michael Lanz, Rosslyn Grosely",arXiv,2026-07-12,"Despite growth being fundamental to all aspects of cell biology, we do not yet know its organizing principles in eukaryotic cells. Classic models derived from the bacteria E. coli posit that protein-synthesis rates are set by mass-action collisions between charged tRNAs produced by metabolic enzymes and mRNA-bound ribosomes. These models show that faster growth is achieved by simultaneously raisin",http://arxiv.org/abs/2508.14997v1,arXiv
mRNA Folding Algorithms for Structure and Codon Optimization,"Max Ward, Mary Richardson, Mihir Metkar",arXiv,2026-07-12,"mRNA technology has revolutionized vaccine development, protein replacement therapies, and cancer immunotherapies, offering rapid production and precise control over sequence and efficacy. However, the inherent instability of mRNA poses significant challenges for drug storage and distribution, particularly in resource-limited regions. Co-optimizing RNA structure and codon choice has emerged as a p",http://arxiv.org/abs/2503.19273v1,arXiv
Generative Model for Synthesizing Ionizable Lipids: A Monte Carlo Tree Search Approach,"Jingyi Zhao, Yuxuan Ou, Austin Tripp",arXiv,2026-07-12,"Ionizable lipids are essential in developing lipid nanoparticles (LNPs) for effective messenger RNA (mRNA) delivery. While traditional methods for designing new ionizable lipids are typically time-consuming, deep generative models have emerged as a powerful solution, significantly accelerating the molecular discovery process. However, a practical challenge arises as the molecular structures genera",http://arxiv.org/abs/2412.00807v1,arXiv
Machine learning framework to predict the performance of lipid nanoparticles for nucleic acid delivery,"Gaurav Kumar, Arezoo M. Ardekani",arXiv,2026-07-12,"Lipid nanoparticles (LNPs) are highly effective carriers for gene therapies, including mRNA and siRNA delivery, due to their ability to transport nucleic acids across biological membranes, low cytotoxicity, improved pharmacokinetics, and scalability. A typical approach to formulate LNPs is to establish a quantitative structure-activity relationship (QSAR) between their compositions and in vitro/in",http://arxiv.org/abs/2411.14293v1,arXiv
Joint Design of 5' Untranslated Region and Coding Sequence of mRNA,"Yang Liu, Jie Gao, Xiaonan Zhang",arXiv,2026-07-12,"Messenger RNA (mRNA) vaccines and therapeutics are emerging as powerful tools against a variety of diseases, including infectious diseases and cancer. The design of mRNA molecules, particularly the untranslated region (UTR) and coding sequence (CDS) is crucial for optimizing translation efficiency and stability. Current design approaches generally focus solely on either the 5' UTR or the CDS, whic",http://arxiv.org/abs/2410.20781v1,arXiv
Bacterial stress granule protects mRNA through ribonucleases exclusion,"Linsen Pei, Yujia Xian, Xiaodan Yan",arXiv,2026-07-12,"Membraneless droplets formed through liquid-liquid phase separation (LLPS) play a crucial role in mRNA storage, enabling organisms to swiftly respond to environmental changes. However, the mechanisms underlying mRNA integration and protection within droplets remain unclear. Here, we unravel the role of bacterial aggresomes as stress granules (SGs) in safeguarding mRNA during stress. We discovered ",http://arxiv.org/abs/2404.17873v2,arXiv
"Hypolipidemic effect of brown seaweed (Sargassum crassifolium) extract in vivo (Study of histopathology, mRNA expression, and immunohistochemistry (IHC) with VCAM-1, ICAM-1, and MCP-1 parameters)","Sarah Zaidan, Syamsudin Abdillah, Nur Arfian",arXiv,2026-07-12,The purpose of this study was to obtain natural drugs from brown seaweed (Sargassum crassifolium) as antiatherosclerosis candidates through the study of hypolipidemic mechanisms of action. Modeling of dyslipidemia rats was carried out by feeding high-fat (HFF) and doses of crude fucoidan 100. 200. 400mg / KgBB. in both treatments measured blood lipid profile levels taken from the orbital sinuses. ,http://arxiv.org/abs/2402.07497v1,arXiv
Machine Learning Modeling Of SiRNA Structure-Potency Relationship With Applications Against Sars-Cov-2 Spike Gene,Damilola Oshunyinka,arXiv,2026-07-12,"The pharmaceutical Research and development (R&D) process is lengthy and costly, taking nearly a decade to bring a new drug to the market. However, advancements in biotechnology, computational methods, and machine learning algorithms have the potential to revolutionize drug discovery, speeding up the process and improving patient outcomes. The COVID-19 pandemic has further accelerated and deepened",http://arxiv.org/abs/2401.12232v1,arXiv
Messenger RNA Design via Expected Partition Function and Continuous Optimization,"Ning Dai, Wei Yu Tang, Tianshuo Zhou",arXiv,2026-07-12,"The tasks of designing RNAs are discrete optimization problems, and several versions of these problems are NP-hard. As an alternative to commonly used local search methods, we formulate these problems as continuous optimization and develop a general framework for this optimization based on a generalization of classical partition function which we call ""expected partition function"". The basic idea ",http://arxiv.org/abs/2401.00037v2,arXiv
Machine Learning-guided Lipid Nanoparticle Design for mRNA Delivery,"Daisy Yi Ding, Yuhui Zhang, Yuan Jia",arXiv,2026-07-12,"While RNA technologies hold immense therapeutic potential in a range of applications from vaccination to gene editing, the broad implementation of these technologies is hindered by the challenge of delivering these agents effectively. Lipid nanoparticles have emerged as one of the most widely used delivery agents, but their design optimization relies on laborious and costly experimental methods. W",http://arxiv.org/abs/2308.01402v2,arXiv
Corrected Hill Function in Stochastic Gene Regulatory Networks,"Manuel Eduardo Hernández-García, Jorge Velázquez-Castro",arXiv,2026-07-12,"Describing reaction rates in stochastic bio-circuits is commonly done by directly introducing the deterministically deduced Hill function into the master equation. However, when fluctuations in enzymatic reaction rates are not neglectable, the Hill function must be derived, considering all the involved stochastic reactions. In this work, we derived the stochastic version of the Hill function from ",http://arxiv.org/abs/2307.03057v4,arXiv
Stochastic dynamics and ribosome-RNAP interactions in Transcription-Translation Coupling,"Xiangting Li, Tom Chou",arXiv,2026-07-12,"Under certain cellular conditions, transcription and mRNA translation in prokaryotes appear to be ""coupled,"" in which the formation of mRNA transcript and production of its associated protein are temporally correlated. Such transcription-translation coupling (TTC) has been evoked as a mechanism that speeds up the overall process, provides protection during the transcription, and/or regulates the t",http://arxiv.org/abs/2207.04568v1,arXiv
Coronavirus RNA Sensor Using Single-Stranded DNA Bonded to Sub-Percolated Gold Films on Monolayer Graphene Field-Effect Transistors,"Nicholas E. Fuhr, Mohamed Azize, David J. Bishop",arXiv,2026-07-12,"Electrical detection of messenger ribonucleic acid (mRNA) is a promising approach to enhancing transcriptomics and disease diagnostics because of its sensitivity, rapidity, and modularity. Reported here is a fast SARS-CoV-2 mRNA biosensor (<1 minute) with a limit of detection of 1 aM, and dynamic range of 4 orders of magnitude and a linear sensitivity of 22 mV per molar decade. These figures of me",http://arxiv.org/abs/2205.05143v1,arXiv
Deep learning models for predicting RNA degradation via dual crowdsourcing,"Hannah K. Wayment-Steele, Wipapat Kladwang, Andrew M. Watkins",arXiv,2026-07-12,"Messenger RNA-based medicines hold immense potential, as evidenced by their rapid deployment as COVID-19 vaccines. However, worldwide distribution of mRNA molecules has been limited by their thermostability, which is fundamentally limited by the intrinsic instability of RNA molecules to a chemical degradation reaction called in-line hydrolysis. Predicting the degradation of an RNA molecule is a ke",http://arxiv.org/abs/2110.07531v2,arXiv
Coagulapathies after vaccination against SARS-CoV-2 may be derived from a combination effect of SARS-CoV-2 spike protein and adenovirus vector-triggered signaling pathways,Ralf Kircheis,arXiv,2026-07-12,"The novel coronavirus SARS-CoV-2 has resulted in a global pandemic with worldwide 6-digital infection rates and thousands death tolls daily. Enormeous effords are undertaken to achieve high coverage of immunization in order to reach herd immunity to stop spreading of SARS-CoV-2 infection. Several SARS-CoV-2 vaccines, based either on mRNA, viral vectors, or inactivated SARS-CoV-2 virus have been ap",http://arxiv.org/abs/2109.00089v1,arXiv
"The Angiopoietin-like Protein (ANGPTL) Axis in Dyslipidemia: Mechanisms, Cardiovascular Risk, and Emerging Therapies.","Bitencourt Isabela C, Zimerman André, Marston Nicholas A",Current atherosclerosis reports,2026-07-12,The angiopoietin-like protein (ANGPTL) 3-4-8 axis has emerged as a central regulator of lipoprotein lipase and lipid metabolism. This review examines the mechanistic basis of ANGPTL pathway modulation and therapeutic implications for cardiovascular risk reduction across diverse phenotypes of dyslipidemia. Genetic studies demonstrate that loss-of-function variants in ANGPTL3 and ANGPTL4 are associa,https://pubmed.ncbi.nlm.nih.gov/42435249/,PubMed
Tissue specific RISC-loading reassesses small RNA functionality in developing pepper fruit.,"Dalmadi Ágnes, Gyula Péter, Abdu Auwalu",Plant molecular biology,2026-07-12,"Small regulatory RNAs (sRNAs), including small interfering (si) and micro (mi) RNAs, are components of the RNA interference (RNAi) pathways regulating vital processes. These various sRNAs act via specialized executor ARGONAUTE (AGO) proteins constituting RNA induced silencing complexes (RISCs). In Arabidopsis, miRNAs load mainly into AGO1, while 24-nucleotide (nt) long siRNAs load into AGO4, typic",https://pubmed.ncbi.nlm.nih.gov/42435149/,PubMed
Neuron-Targeted Exosomal Delivery of siRNA Against RIPK3 Slows Neurodegenerative Progression in Alzheimer's Disease.,"Zhang Chi, Zhang Jiaqi, Wang Yuzhi","Advanced science (Weinheim, Baden-Wurttemberg, Germany)",2026-07-12,"A major challenge in RNA therapeutics for central nervous system disorders is the lack of delivery systems capable of crossing the blood-brain barrier (BBB) while achieving cell-type-specific targeting. Herein, we develop an engineered exosomal siRNA delivery platform for systemic, neuron-targeted RNA transport to the brain. The platform leverages exosomes derived from an immortalized mouse hippoc",https://pubmed.ncbi.nlm.nih.gov/42435764/,PubMed
Melatonin reprograms antioxidant defenses to suppress ferroptosis via Homer1a/mGluR1-Nrf2/xCT signaling after retinal ischemia-reperfusion.,"Dou Ya-Nan, Wen Yuwen, Huang Yuan",Redox biology,2026-07-12,"Melatonin (Mel) exerts antioxidant and anti-ferroptosis effects not only via the canonical receptors Mt1/Mt2 but also via metabotropic glutamate receptor 1 (mGluR1)/glutamate-mediated signaling. Nevertheless, the regulatory mechanism by which Mel modulates mGluR1/glutamate signaling in retinal ischemia-reperfusion (I/R) injury and its downstream effects on ferroptosis and oxidative stress remain p",https://pubmed.ncbi.nlm.nih.gov/42435652/,PubMed
Tandem-sgRNA Provides an Effective Reverse Genetic Approach for Suppression of ,"Zhang Chengxi, Josyula Nitya Kalyani, Cornejo-Corona Ivette",ACS synthetic biology,2026-07-12,"Bacterial biosynthetic gene clusters (BGCs) encode secondary metabolites with diverse biological activities; however, most BGC products remain uncharacterized. One approach to identifying products and their metabolism is to use reverse genetics to identify metabolite-associated phenotypes. CRISPR interference (CRISPRi) offers a promising approach to disrupt BGC functions in high-GC genomes, typica",https://pubmed.ncbi.nlm.nih.gov/42435068/,PubMed
Gene silencing versus protein stabilization in transthyretin amyloid cardiomyopathy: contextualizing the HELIOS-B results and the road to precision agent selection.,"Khan Sarum Ali, Ali Taimoor, Ul Haque Muhammad Sajjad",Annals of medicine and surgery (2012),2026-07-12,"Transthyretin amyloid cardiomyopathy (ATTR-CM) now has three approved disease-modifying agents: tafamidis, acoramidis, and vutrisiran, representing two mechanistically distinct classes: TTR tetramer stabilizers and RNA interference (RNAi) gene silencers. The phase 3 HELIOS-B trial, published in the New England Journal of Medicine, demonstrated that vutrisiran, a subcutaneous RNAi therapeutic, redu",https://pubmed.ncbi.nlm.nih.gov/42433826/,PubMed
Transcription in check at DNA double-strand breaks.,"Pradel Lea, Marnef Aline, Legube Gaelle",Trends in genetics : TIG,2026-07-12,"When DNA double-strand breaks (DSBs) arise within actively transcribed loci, cells must tightly coordinate transcription with DNA repair to avoid detrimental interference between these processes. This coordination is initiated by signaling cascades that rapidly repress local transcription through chromatin remodeling, recruitment of repressive factors, and modifications of RNA polymerase II (RNAPI",https://pubmed.ncbi.nlm.nih.gov/42431804/,PubMed
Sulfite Dynamics Affect Drought Tolerance and Water Status in Arabidopsis and Tomato.,"Khatri Kusum, Patel Jaykumar, Bekturova Aizat",Journal of experimental botany,2026-07-12,"Previously, we showed that altered sulfite homeostasis led to higher water loss in Sulfite oxidase RNA interference (SO Ri) plants than in Arabidopsis wild-type (WT) after sulfite infiltration into rosette leaves. In contrast, SO overexpression (OE) and adenosine-5'-phosphosulfate reductase (apr2) KO resulted in lower water loss than in WT. Accordingly, sulfite homeostasis and drought tolerance un",https://pubmed.ncbi.nlm.nih.gov/42429416/,PubMed
Silencing Suppressor Protein p26 of Areca Palm Velarivirus 1 (APV1) Interacts With SGS3 and Promotes Its Degradation Via the Ubiquitination Pathway.,"Cao Xianmei, Wang Yutian, Zhang Li",Molecular plant pathology,2026-07-12,"RNA silencing is a conserved defence mechanism against viral infections in eukaryotes, whereas many plant viruses evolved viral suppressors of RNA silencing (VSRs) to counteract the antiviral silencing in hosts. Areca palm velarivirus 1 (APV1), a member of genus Velarivirus, family Closteroviridae, is a causal agent of yellow leaf disease affecting Areca catechu in Hainan, China. In this work, we ",https://pubmed.ncbi.nlm.nih.gov/42427269/,PubMed
MFAP4 Promotes Scar Formation by Regulating Macrophage-Myofibroblast Transformation Through Activation of the TGF-β/Smad3 Signalling Pathway.,"Zhu Zhu, Dai Jing, Li Jinglin",Experimental dermatology,2026-07-12,"Hypertrophic scar is a pathological consequence of abnormal wound healing, marked by excessive fibroblast proliferation and extracellular matrix (ECM) accumulation. Macrophage-to-myofibroblast transformation (MMT) plays a key role in this process, but its regulatory mechanisms remain under investigation. This study found that microfibril-associated protein 4 (MFAP4) is significantly upregulated in",https://pubmed.ncbi.nlm.nih.gov/42427262/,PubMed
Safety considerations of gene-based therapies for Alzheimer's disease.,"Bevins Elizabeth A, Léger Gabriel C, Herman Michelle A",Alzheimer's & dementia : the journal of the Alzheimer's Association,2026-07-12,"Gene-based therapies show increasing promise for the treatment of neurologic disease. In 2016, nusinersen, an RNA-based therapy, was approved for children with spinal muscular atrophy (SMA). Over 200 clinical trials have utilized gene therapy approaches for a host of neurodegenerative and neuromuscular disorders, including Alzheimer's disease (AD).",https://pubmed.ncbi.nlm.nih.gov/42427159/,PubMed
Self-Cooperative RNA Vaccine Mitigates Dendritic Cell-Mediated Acquired Immune Resistance to Potentiate Cell Therapy for Solid Tumors.,"Huang Lujia, Chen Fangmin, Zhou Feng","Advanced materials (Deerfield Beach, Fla.)",2026-07-12,"Conventional mRNA cancer vaccines are designed to maximize antigen potency but often overlook vaccination-induced immune resistance. In this study, we identified a negative immune regulatory mechanism, whereby mRNA vaccination induces programmed death-ligand 1 (PD-L1) expression in dendritic cells (DCs) through type I interferon (IFN-I) signaling. Elevated PD-L1 expression impairs T-cell priming i",https://pubmed.ncbi.nlm.nih.gov/42427150/,PubMed
Screening and Optimization of BMP2-Targeting siRNAs for Acceleration of Telogen-Anagen Transition and Hair Regrowth.,"Liang Xingxing, Xu Jianfei, Sun Kaixuan",Journal of medicinal chemistry,2026-07-12,"Alopecia is a common disorder characterized by dysregulation of the hair follicle (HF) growth cycle, particularly the impaired activation of telogen follicles into a new anagen stage. Bone morphogenetic protein 2 (BMP2) acts as a critical inhibitory regulator that maintains hair follicle quiescence during early telogen, and its downregulation is closely associated with the telogen-to-anagen transi",https://pubmed.ncbi.nlm.nih.gov/42427005/,PubMed
Cross-kingdom RNA interference as a unifying mechanism in plant-microbe interactions.,"Gul Summia, Cheng An-Po",The New phytologist,2026-07-12,,https://pubmed.ncbi.nlm.nih.gov/42426886/,PubMed
Generation of a P4hb,"Maurizi Antonio, Pucci Elisa, Patrizii Piergiorgio",Life sciences,2026-07-12,"Cole-Carpenter syndrome (CCS) is a rare autosomal dominant skeletal disorder characterized by severe bone fragility, recurrent fractures, craniosynostosis, and distinctive craniofacial abnormalities. Pathogenic variants in P4HB, encoding protein disulfide isomerase A1 (PDIA1), represent the most frequent cause of CCS. The recurrent missense mutation p.Tyr393Cys (Y393C) has been identified in unrel",https://pubmed.ncbi.nlm.nih.gov/42425402/,PubMed
Filamentous fungi as microbial cell factories for lignocellulosic biomass valorization: A comprehensive review.,"Muhammed Shamnas V, Chaudhary Nidhi, Hasan Muzaffar",International journal of biological macromolecules,2026-07-12,"The transition toward a sustainable bioeconomy requires efficient conversion of lignocellulosic biomass (LCB), the most abundant renewable biological macromolecular resource on Earth, into fuels, chemicals, and other high-value products. However, the complex architecture of cellulose, hemicellulose, and lignin imparts significant recalcitrance, limiting biomass deconstruction and industrial utiliz",https://pubmed.ncbi.nlm.nih.gov/42425355/,PubMed
Toll-like receptor 2 (TLR2) functions as a key regulator of inflammatory responses to Vibrio parahaemolyticus infection in the Manila clam (Ruditapes philippinarum).,"Liang Jiaxin, Yu Tian, Feng Haodong",Fish & shellfish immunology,2026-07-12,"Toll-like receptor 2 (TLR2) is a pivotal pattern-recognition receptor in innate immunity. It is well characterized in vertebrates but remains poorly understood in mollusks. In this study, we identified a TLR2 homolog (RpTLR2) in Ruditapes philippinarum encoding a 575-amino acid protein with a canonical Toll/interleukin-1 receptor (TIR) domain. Phylogenetic analysis placed RpTLR2 within the mollusc",https://pubmed.ncbi.nlm.nih.gov/42425214/,PubMed
Role of long non-coding RNAs in therapeutic resistance and clinical applications in cancer.,"Samad Md Abdus, Ahmad Iftikhar, Jabir Nasimudeen R",European journal of medicinal chemistry,2026-07-12,"Cancer is one of the leading causes of mortality worldwide and is recognized as a complex, multifactorial disease with no clearly defined etiology for its onset and progression. Long non-coding RNAs (lncRNAs) are widely distributed across the human body and play varied roles in regulating cellular processes. In recent years, they have gained the attention of the scientific community as key regulat",https://pubmed.ncbi.nlm.nih.gov/42424969/,PubMed
RNA activation in insects: From emerging evidence to molecular applications.,Asgari Sassan,Insect molecular biology,2026-07-12,"RNA interference is commonly used as a reverse genetics tool to investigate gene function. In insects, this is achieved by introducing double-stranded RNA or synthetic short-interfering RNAs (siRNAs). However, RNA activation (RNAa) is less frequently utilised in these studies. RNAa can be achieved by targeting a gene's promoter with antisense RNA, which triggers endogenous transcription. Unlike th",https://pubmed.ncbi.nlm.nih.gov/42424131/,PubMed
"A comprehensive review of CRISPR-Cas9-mediated genome editing in Leishmania strains: methodologies, applications, challenges and future directions.","Ata Anıl, Topuz Ata Derya",Molecular biology reports,2026-07-12,"Genome editing employing CRISPR-Cas9 has rapidly transformed experimental research in Leishmania, providing opportunities to investigate the genetic factors responsible for parasite survival, response to drugs and pathogenic traits. This review provides a comprehensive synthesis of CRISPR-based systems implemented across Leishmania species, spanning Cas9-mediated gene deletion, precise genome edit",https://pubmed.ncbi.nlm.nih.gov/42423795/,PubMed
Enhanced sampling and cryo-EM data resolve magnesium binding to RNA,"Olivier Languin-Cattoën, Elisa Posani, Giovanni Bussi",arXiv,2026-07-12,"Magnesium ions are essential for RNA structure but difficult to model due to slow binding kinetics and experimental limitations. We present an enhanced-sampling strategy that accelerates Mg$^{2+}$ inner-shell binding by orders of magnitude, enabling quantitative exploration of ion-binding motifs in a large ribozyme. The method combines a barrier-flattening bias with Hamiltonian replica exchange to",http://arxiv.org/abs/2607.07186v1,arXiv
Bayesian Sampling of Structural Ensembles: The Role of Ensemble-Counting Measures,"Ivan Gilardoni, Giovanni Bussi",arXiv,2026-07-12,"Structural ensemble refinement is widely used to integrate molecular simulations with experimental measurements. While most applications focus on the maximum-a-posteriori (MAP) ensemble, Bayesian sampling of the posterior distribution can provide uncertainty estimates and posterior averages for arbitrary observables. A notable step in this direction was introduced by the Bayesian Energy Landscape ",http://arxiv.org/abs/2606.18495v1,arXiv
MultiMolecule: a modular ecosystem for biomolecular sequence-model workflows,Zhiyuan Chen,arXiv,2026-07-12,"Biomolecular sequence models are increasingly reused outside the studies in which they were introduced, but public checkpoints rarely preserve the execution context needed to inspect source-defined behavior, adapt models to new assays, compare models under shared task definitions or deploy biological predictions. MultiMolecule is an open-source Python ecosystem that turns heterogeneous RNA, DNA an",http://arxiv.org/abs/2606.16540v1,arXiv
The Montparnasse Algorithm for RNA Design,Tristan Cazenave,arXiv,2026-07-12,"RNA design consists of discovering a nucleotide sequence that optimizes predefined criteria, such as secondary structure. It is useful for synthetic biology, medicine, and nanotechnology. We propose Montparnasse, a Monte Carlo search framework based on Generalized Nested Rollout Policy Adaptation, augmented with a problem-specific prior, slow and long adaptation at level 1, and a lexicographic mul",http://arxiv.org/abs/2606.07562v1,arXiv
Multimodal Alignment and Preference Optimization for Zero-Shot Conditional RNA Generation,"Roman Klypa, Alberto Bietti, Sergei Grudinin",arXiv,2026-07-12,"The design of RNA molecules that interact with specific proteins is a critical challenge in experimental and computational biology. Despite recent progress in natural language modeling and deep learning-based protein design, there remains significant room to improve the frequency of successful interactions and the authenticity of generated sequences for functional applications. In this work, we fr",http://arxiv.org/abs/2605.23961v1,arXiv
"GoForth: Language Models for RNA Design under Structure, Sequence, and Coding Constraints",Michael Lindsey,arXiv,2026-07-12,"RNA inverse sequence design has broad biological and engineering applications, but computational methods for practical design queries remain limited. Such queries may impose several constraints at once, including target folds or motifs, fixed bases, and coding restrictions, while leaving arbitrary sequence and structure in unspecified regions. Because these constraints may permit many acceptable s",http://arxiv.org/abs/2605.07608v1,arXiv
Bayesian Rate Inference for Sequence Motif Dynamics in Systems of Reactive Nucleic Acids,"Johannes Harth-Kitzerow, Ulrich Gerland, Torsten A. Enßlin",arXiv,2026-07-12,"The RNA world hypothesis suggests a pathway of how life emerged on early earth. It assumes that life started with RNA based systems, capable of storing, transmitting and replicating information, envisioning that monomers and short RNA oligomers interact to form longer strands, eventually becoming catalytically active ribozymes. Key reactions in RNA pools are hybridization, dehybridization, templat",http://arxiv.org/abs/2604.25701v2,arXiv
VARIANT: Web Server for Decoding and Analyzing Viral Mutations at Genome and Protein Levels,"Rui Wang, Xuhang Dai, Xin Cao",arXiv,2026-07-12,"A comprehensive analysis of viral mutations is essential for understanding viral evolution, disease epidemiology, diagnosis, drug resistance, etc. However, challenges remain in capturing complex mutation patterns and supporting diverse viral families with varying genome architectures. To address these needs, we present VARIANT, an web server for mutational analysis of RNA viral genomes and associa",http://arxiv.org/abs/2604.20942v1,arXiv
Interfacial Potential Transduction for Diagnostics,"Hyun-June Jang, Peuli Nath, Yuqin Wang",arXiv,2026-07-12,"A major barrier to decentralized, near-patient diagnostics is the lack of a signal transduction modality that is both analytically precise and accessible at the point of care. Optical readouts remain instrument-dependent and difficult to miniaturize, while compact electrochemical readouts are prone to matrix-derived signal distortion, limiting their biomarker coverage in real clinical settings. He",http://arxiv.org/abs/2603.23775v1,arXiv
ZeroFold: Protein-RNA Binding Affinity Predictions from Pre-Structural Embeddings,"Josef Hanke, Sebastian Pujalte Ojeda, Shengyu Zhang",arXiv,2026-07-12,"The accurate prediction of protein-RNA binding affinity remains an unsolved problem in structural biology, limiting opportunities in understanding gene regulation and designing RNA-targeting therapeutics. A central obstacle is the structural flexibility of RNA, as, unlike proteins, RNA molecules exist as dynamic conformational ensembles. Thus, committing to a single predicted structure discards in",http://arxiv.org/abs/2603.23583v1,arXiv
Computational modeling of RNA-protein binding interactions under an external force,"Danielle Wampler, Ralf Bundschuh",arXiv,2026-07-12,"RNA binding proteins play a crucial role in post-transcriptional gene regulation by controlling the transport, processing, and translation of their target RNAs. Post-transcriptional gene regulation leads to the differential expression of genetic material and loss of regulation or over-regulation relates to a large range of cancers and diseases - many of which have directly been associated with RNA",http://arxiv.org/abs/2603.22269v1,arXiv
Fair splits flip the leaderboard: CHANRG reveals limited generalization in RNA secondary-structure prediction,"Zhiyuan Chen, Zhenfeng Deng, Pan Deng",arXiv,2026-07-12,"Accurate prediction of RNA secondary structure underpins transcriptome annotation, mechanistic analysis of non-coding RNAs, and RNA therapeutic design. Recent gains from deep learning and RNA foundation models are difficult to interpret because current benchmarks may overestimate generalization across RNA families. We present the Comprehensive Hierarchical Annotation of Non-coding RNA Groups (CHAN",http://arxiv.org/abs/2603.22330v1,arXiv
Reverse Distillation: Consistently Scaling Protein Language Model Representations,"Darius Catrina, Christian Bepler, Samuel Sledzieski",arXiv,2026-07-12,"Unlike the predictable scaling laws in natural language processing and computer vision, protein language models (PLMs) scale poorly: for many tasks, models within the same family plateau or even decrease in performance, with mid-sized models often outperforming the largest in the family. We introduce Reverse Distillation, a principled framework that decomposes large PLM representations into orthog",http://arxiv.org/abs/2603.07710v1,arXiv
Fast and Versatile RNA Design via Motif-level Divide-and-Conquer and Structure-level Rival Search,"Tianshuo Zhou, David H. Mathews, Liang Huang",arXiv,2026-07-12,"RNA design aims to identify RNA sequences that fold into a target secondary structure. This task is challenging in terms of computational efficiency. Most existing methods focus on either minimum free energy (MFE)-based or ensemble-based metrics, leaving a gap for a unified approach that performs well across both. We introduce a fast and versatile RNA design algorithm inspired by our previous work",http://arxiv.org/abs/2603.02283v1,arXiv
CryoNet.Refine: A One-step Diffusion Model for Rapid Refinement of Structural Models with Cryo-EM Density Map Restraints,"Fuyao Huang, Xiaozhu Yu, Kui Xu",arXiv,2026-07-12,"High-resolution structure determination by cryo-electron microscopy (cryo-EM) requires the accurate fitting of an atomic model into an experimental density map. Traditional refinement pipelines such as Phenix.real_space_refine and Rosetta are computationally expensive, demand extensive manual tuning, and present a significant bottleneck for researchers. We present CryoNet.Refine, an end-to-end dee",http://arxiv.org/abs/2602.22263v2,arXiv
CPTCs Drive Somatic-Visceral Communication via the Wnt Axis in Somatic Mechanotherapy: A Single-Cell Deep Learning Study,"Haixiang Huang, Zhenwei Zhang, BingBing Shen",arXiv,2026-07-12,"Somatic mechanical stimulation (e.g., acupuncture) exerts systemic immunomodulatory effects, yet the cellular bridge translating peripheral physical force into visceral repair remains elusive. Here, employing a custom interpretable deep learning framework (CARSS) on single-cell RNA sequencing data, we identify CD34$^{+}$PDGFR$α$$^{+}$ telocytes (CPTCs) as the primary mechanosensors in both fascia ",http://arxiv.org/abs/2602.05451v2,arXiv
Tensor-DTI: Enhancing Biomolecular Interaction Prediction with Contrastive Embedding Learning,"Manel Gil-Sorribes, Júlia Vilalta-Mor, Isaac Filella-Mercè",arXiv,2026-07-12,"Accurate drug-target interaction (DTI) prediction is essential for computational drug discovery, yet existing models often rely on single-modality predefined molecular descriptors or sequence-based embeddings with limited representativeness. We propose Tensor-DTI, a contrastive learning framework that integrates multimodal embeddings from molecular graphs, protein language models, and binding-site",http://arxiv.org/abs/2601.05792v1,arXiv
MERGE-RNA: a physics-based model to predict RNA secondary structure ensembles with chemical probing,"Giuseppe Sacco, Jianhui Li, Redmond P. Smyth",arXiv,2026-07-12,"RNA function is tied to secondary structure, operating through dynamic and heterogeneous structural ensembles. While current analysis tools typically output single static structures or averaged contact maps, chemical probing methods like DMS capture nucleotide-resolution signals representing the full structural ensemble, which remain difficult to interpret structurally. To address this, we present",http://arxiv.org/abs/2512.20581v3,arXiv
Methods for Analyzing RNA Pseudoknots via Chord Diagrams and Intersection Graphs,"Rayan Ibrahim, Allison H. Moore",arXiv,2026-07-12,"RNA molecules are known to form complex secondary structures including pseudoknots. A systematic framework for the enumeration, classification and prediction of secondary structures is critical to determine the biological significance of the molecular configurations of RNA. Chord diagrams are mathematical objects widely used to represent RNA secondary structures and to analyze structural motifs, h",http://arxiv.org/abs/2512.19939v1,arXiv
A novel lncRNA HUDRPC suppresses ferroptosis via the DDX5/DDIT3 pathway to promote docetaxel resistance in prostate cancer.,"Liang Sudong, Zheng Yuanji, Wu Xiaobo",Cancer letters,2026-07-12,"Docetaxel remains first-line chemotherapy for advanced prostate cancer (PCa), but acquired resistance severely limits durable clinical responses. While long non-coding RNAs (lncRNAs) are established as critical regulators of tumor chemoresistance, the specific mechanisms driving docetaxel resistance in PCa remain poorly understood. Here, we functionally characterized a novel docetaxel resistance-a",https://pubmed.ncbi.nlm.nih.gov/42435930/,PubMed
Correction: Long noncoding RNA GAS5 inhibits progression of colorectal cancer by interacting with and triggering YAP phosphorylation and degradation and is negatively regulated by the m,"Ni Wen, Yao Su, Zhou Yunxia",Molecular cancer,2026-07-12,,https://pubmed.ncbi.nlm.nih.gov/42436539/,PubMed
Circadian rhythm lncRNA ,"Ziaei Asal, Shirvani-Farsani Zeinab, Ghafouri-Fard Soudeh",Biochemistry and biophysics reports,2026-07-12,Autism spectrum disorder (ASD) is a complex neurodevelopmental disorder. It is marked by difficulties in social communication and the presence of repetitive behaviors. Research has found that disruptions in the body's circadian rhythm and dopamine signaling pathways can contribute to the development of this disorder. Long non-coding RNAs (lncRNAs) are important for regulating gene expression. They,https://pubmed.ncbi.nlm.nih.gov/42434338/,PubMed
TFAP2A-Induced Upregulation of LncRNA NUTM2A-AS1 Promotes LUAD Progression Through a miR-409-5p/SLC35F2 Regulatory Axis.,"Wang Weiqin, Liu Yongfeng, Chen Tiantian",Journal of cellular and molecular medicine,2026-07-12,"Long non-coding RNAs (LncRNAs) play pivotal roles in lung adenocarcinoma (LUAD) progression. However, the upstream transcriptional regulation and downstream mechanisms of LncRNA NUTM2A-AS1 in LUAD remain largely unexplored. The expression levels of NUTM2A-AS1, TFAP2A, miR-409-5p and SLC35F2 in LUAD tissues and cell lines were analysed using public databases and qRT-PCR. The biological functions of",https://pubmed.ncbi.nlm.nih.gov/42432839/,PubMed
"Retraction Note: Long noncoding RNA lncTCF7, induced by IL-6/STAT3 transactivation, promotes hepatocellular carcinoma aggressiveness through epithelial-mesenchymal transition.","Wu Jun, Zhang Jun, Shen Bin",Journal of experimental & clinical cancer research : CR,2026-07-12,,https://pubmed.ncbi.nlm.nih.gov/42432733/,PubMed
LncRNA-MSTRG.16919.1 regulates the proliferation of BHV-1 in MDBK cells through TAK1/TAB1/TAB2/TAB3 complexes.,"Zhang Fan, Song Cai-Na, Ma Jin-Zhu",BMC veterinary research,2026-07-12,"Bovine herpesvirus type 1 (BHV-1) is the primary pathogen responsible for infectious rhinotracheitis in cattle, leading to significant economic losses in the cattle industry. Long non-coding RNAs (lncRNAs) are multifunctional transcriptional regulators that play a role in the regulation of host-virus-specific interactions. MDBK cells were infected with BHV-1, and the function of lncRNA-MSTRG.16919",https://pubmed.ncbi.nlm.nih.gov/42432683/,PubMed
Functional divergence of MADS-box genes and the dual regulatory role of a long noncoding RNA underlie sex determination in Ginkgo biloba.,"Wu Huaitong, Zheng Baoyu, Liu Kaiyuan",BMC plant biology,2026-07-12,"Ginkgo biloba is a dioecious gymnosperm that has remained morphologically stable for over 200 million years, offering a unique system for studying early plant reproductive evolution. However, the molecular mechanisms underlying its sex determination remain largely unknown due to its large genome and the lack of genetic transformation tools. The purpose of this study was to precisely map the sex-de",https://pubmed.ncbi.nlm.nih.gov/42432489/,PubMed
Half-Life as a Therapeutic Design Axis: Targeting Short-Lived lncRNAs With Antisense Oligonucleotides.,Tani Hidenori,IUBMB life,2026-07-12,"Engineering RNA stability has become a cornerstone of modern therapeutics, almost entirely in one direction: mRNA vaccines established stabilisation of exogenous transcripts as a powerful design axis. The symmetric operation-exploitation of instability in endogenous targets-has been comparatively underexplored. We argue that target RNA half-life is an underused but quantitatively consequential des",https://pubmed.ncbi.nlm.nih.gov/42432430/,PubMed
Integrating lncRNA data for prediction of miRNA-disease association using network fusion and matrix completion.,Toprak Ahmet,Journal of computer-aided molecular design,2026-07-12,"MicroRNAs (miRNAs) regulate essential biological processes and play critical roles in the pathogenesis of complex human diseases. Consequently, accurate identification of potential miRNA-disease associations (MDAs) is of great importance for disease diagnosis, prognosis, and therapeutic development. However, traditional experimental approaches are often time-consuming and costly. Although numerous",https://pubmed.ncbi.nlm.nih.gov/42432401/,PubMed
Targeting of solute carrier family 1 member 1 that links metabolic reprogramming and ferroptosis sensitivity in pancreatic ductal adenocarcinoma.,"Tang Jie, Hang Dongyun, He Xiaotong",Oncogene,2026-07-12,"Solute carrier family 1 member 1 (SLC1A1, also known as excitatory amino acid transporter 3) is a member of the EAAT family of sodium-dependent glutamate carriers. Ferroptosis is a nonapoptotic cell death that is caused by phospholipid peroxidation promoted by radical reactions involving iron. Here, we identify SLC1A1 as a driver of ferroptosis resistance in PDAC cells and delineate the cause of i",https://pubmed.ncbi.nlm.nih.gov/42432328/,PubMed
Integrative multi-omics analyses reveal nuclear noncoding RNA-mediated regulatory landscape in Alzheimer's disease.,"Yang Sumin, Kim Sung-Hyun, Choi Jeonghyeon",Archives of pharmacal research,2026-07-12,"Alzheimer's disease (AD) progression involves complex molecular mechanisms underlying neuronal dysfunction. While emerging evidence on long noncoding RNAs (lncRNAs) is accumulating, the relevance of nuclear noncoding RNAs (ncRNAs) to neurodegenerative diseases remains poorly understood. Small Cajal body-specific RNA 13 (scaRNA13) is a nuclear ncRNA implicated in RNA species regulation, which remai",https://pubmed.ncbi.nlm.nih.gov/42432296/,PubMed
Epigenetic landscapes of classical psychedelics and ketamine: molecular mechanisms of long-lasting neuromodulation.,"Lin Cong, Wang Xiaohui",Molecular psychiatry,2026-07-12,"Classic psychedelics such as lysergic acid diethylamide (LSD), psilocybin, N,N-dimethyltryptamine (DMT), and mescaline induce lasting changes in neuroplasticity and behavior that extend far beyond their acute pharmacological effects. Emerging evidence highlights that these enduring therapeutic benefits in neuropsychiatric conditions may be significantly mediated through complex epigenetic reprogra",https://pubmed.ncbi.nlm.nih.gov/42432011/,PubMed
Manganese Metabolism-Related Gene Signatures as Diagnostic Biomarkers for Tuberculosis: Immune Infiltration Profiling and Molecular Subtype Identification.,"Zhu Wenyuan, Fu Ting",Microbial pathogenesis,2026-07-12,"Host metabolic programs are increasingly recognized as key modulators of tuberculosis (TB) immunopathology, yet manganese metabolism-related transcriptional signatures with diagnostic and immunological relevance remain insufficiently characterized. We aimed to identify manganese metabolism-linked biomarkers for TB diagnosis and to delineate their immune and regulatory context. Three Gene Expressio",https://pubmed.ncbi.nlm.nih.gov/42431430/,PubMed
Physical activity and lncRNA-mediated regulation in Parkinson's disease: Mechanistic insights and translational perspectives.,"Sun Tao, Kim Kyung-Skm, Sun Rong-Ai",Experimental neurology,2026-07-12,"Parkinson's disease (PD) is characterized by dopaminergic neurodegeneration, α-synuclein aggregation, mitochondrial dysfunction, and neuroinflammation contributing to motor and non-motor impairment. Beyond pharmacological management, structured physical activity has been associated with biological adaptations relevant to these processes, including modulation of neurotrophic signaling, mitochondria",https://pubmed.ncbi.nlm.nih.gov/42431352/,PubMed
A Machine Learning-Assisted Highly Sensitive Photoelectrochemical Biosensor Based on Dual-Signal CuO Nanoparticles for the Combined Detection of Dual LncRNAs.,"Mei Mengjiao, Chen Shang, Li Sirong",Analytical chemistry,2026-07-12,"As an emerging biomarker of lung cancer, developing a highly sensitive method for the combined detection of dual lncRNAs holds significant value for the early screening of lung cancer. Herein, a novel photoelectrochemical (PEC) biosensor based on dual-signal copper oxide nanoparticles is developed for the combined detection of dual lncRNAs, utilizing machine learning to enhance the intelligent scr",https://pubmed.ncbi.nlm.nih.gov/42430656/,PubMed
Olfactory Mucosal Mesenchymal Stem Cell-Derived Exosomal LncA2M-AS1 Ameliorates Parkinson's Disease by Regulating Microglial Glucose Metabolic Reprogramming and Neuroinflammation via the CFL1/ROCK1 Axis.,"Zhang Jiangshan, Yang Guoshuai, Zhou Yanhui",CNS neuroscience & therapeutics,2026-07-12,"Parkinson's disease (PD), a common neurodegenerative condition, afflicts patients through the progressive degeneration of dopaminergic neurons and sustained neuroinflammation. This study investigates the role of olfactory mucosa-derived mesenchymal stem cell (OM-MSC)-derived exosomes, particularly the long non-coding RNA A2M-AS1 (lncA2M-AS1), in modulating microglial metabolism reprogramming and n",https://pubmed.ncbi.nlm.nih.gov/42430207/,PubMed
Neuroprotective Effects of lncRNA EPB41L4A-AS1 Against Ischemic Stroke Injury Through Regulating Microglial State Transition and Ferroptosis via miR-214-3p/GPX4 Axis.,"Guo Ying, Yi Jinyuan, Fang Haitao",Neurochemical research,2026-07-12,"Long non-coding RNAs (lncRNAs) regulate microRNAs and their target genes to control key pathological processes after acute ischemic stroke (AIS). To investigate lncRNA EPB41L4A-AS1's role in microglial function via miR-214-3p/GPX4, and its clinical relevance as a prognostic indicator in AIS. EPB41L4A-AS1 levels were measured by RT-qPCR in 120 AIS patients and OGD/R-treated BV2 microglia. ELISA and",https://pubmed.ncbi.nlm.nih.gov/42430067/,PubMed
Associations of MALAT1 rs619586/rs3200401 and ANRIL rs10965215/rs10738605 polymorphisms with type 2 diabetes and diabetic nephropathy risk in an Egyptian population.,"Ali Marwa A, Abdealeem Omayma O, Shaker Olfat G",Frontiers in endocrinology,2026-07-12,"Diabetic nephropathy (DN) is a serious microvascular complication of type 2 diabetes mellitus (T2DM).Single-nucleotide polymorphisms (SNPs) in long non-coding RNAs  To investigate the association of  This case-control study included 64 T2DM patients, 75 DN patients, and 70 healthy controls from Fayoum University Hospital. Genomic DNA was extracted from peripheral blood, and SNP genotyping was perf",https://pubmed.ncbi.nlm.nih.gov/42428670/,PubMed
The ,"Zemke Joseph E, Huang Guangming, Starr Emma",bioRxiv : the preprint server for biology,2026-07-12,"Long non-coding RNAs (lncRNAs) are increasingly implicated in neurodegenerative disease, yet their roles in tauopathy remain poorly understood. Here, we defined the lncRNA landscape across iPSC-derived neurons, astrocytes, and microglia harboring the frontotemporal dementia-associated ",https://pubmed.ncbi.nlm.nih.gov/42427771/,PubMed
An Evaluation on the Role of Non-Coding RNA in HIV Transcription and Latency: A Review,Xiangshuai Liu,arXiv,2026-07-12,"The existence of latent cellular reservoirs is recognized as the major barrier to an HIV cure. Reactivating and eliminating ""shock and kill"" or permanently silencing ""block and lock"" the latent HIV reservoir, as well as gene editing, remain promising approaches, but so far have proven to be only partially successful. Moreover, using latency reversing agents or ""block and lock"" drugs pose additiona",http://arxiv.org/abs/2502.06107v1,arXiv
"Blood-derived lncRNAs as potential biomarkers for early cancer diagnosis: The Good, the Bad and the Beauty","Cedric Badowski, Bing He, Lana X Garmire",arXiv,2026-07-12,Cancer ranks as one of the deadliest diseases worldwide. The high mortality rate associated with cancer is partially due to the lack of reliable early detection methods and/or inaccurate diagnostic tools such as certain protein biomarkers. Cell-free nucleic acids (cfNA) such as circulating long non-coding RNAs (lncRNAs) have recently been proposed as a new class of potential biomarkers that could ,http://arxiv.org/abs/2109.11746v1,arXiv
BPPart and BPMax: RNA-RNA Interaction Partition Function and Structure Prediction for the Base Pair Counting Model,"Ali Ebrahimpour-Boroojeny, Sanjay Rajopadhye, Hamidreza Chitsaz",arXiv,2026-07-12,"RNA-RNA interaction (RRI) is ubiquitous and has complex roles in the cellular functions. In human health studies, miRNA-target and lncRNAs are among an elite class of RRIs that have been extensively studied. Bacterial ncRNA-target and RNA interference are other classes of RRIs that have received significant attention. In recent studies, mRNA-mRNA interaction instances have been observed, where bot",http://arxiv.org/abs/1904.01235v2,arXiv
Chorioamnionitis and Glucocorticoids Elicit Acute Adverse Effects on the Developing Ovine Fetal Ovaries.,"Seah K Y M, Carter S W D, Usuda H","Reproduction (Cambridge, England)",2026-07-12,"Antenatal corticosteroid (ANS) therapy and chorioamnionitis are common antecedents of preterm birth, yet their effects on the developing fetal ovary remain poorly understood. Long-term follow-up of 45% of participants from the Auckland Steroid Trial reported that high-dose antenatal betamethasone exposure was associated with a modest delay in female reproductive maturation and a non-significant tw",https://pubmed.ncbi.nlm.nih.gov/42435406/,PubMed
"MicroRNA-mediated regulation of hair follicle regeneration: mechanisms, delivery strategies, and translational perspectives.","Deng Yuyu, Hong Kechun, Xiong Mengting",Frontiers in cell and developmental biology,2026-07-12,"Hair regeneration depends on a complex interplay between the activation of hair follicle stem cells (HFSCs), maintenance of inductive capacity in the dermal papilla (DP), and the re-establishment of immune microenvironmental homeostasis. Collectively, this interplay underlies a fundamental 'restart' of a multicellular regenerative network. In their role as post-transcriptional regulators, micro-RN",https://pubmed.ncbi.nlm.nih.gov/42434724/,PubMed
RNA-binding protein RBM47 promotes endothelial-to-mesenchymal transition and neointimal hyperplasia in arteriovenous fistulas.,"Li Zongda, Lan Xiaoyu, Zhang Chengwei",BMC nephrology,2026-07-12,"Arteriovenous fistula (AVF) is the preferred vascular access for hemodialysis in patients with end-stage renal disease. However, AVF stenosis, a severe complication, significantly impairs the patient's quality of life. The mechanisms underlying AVF stenosis are multifactorial, with neointima (NI) hyperplasia within the fistula being a key contributor. While the involvement of RNA-binding proteins ",https://pubmed.ncbi.nlm.nih.gov/42432548/,PubMed
A Novel Approach to Engineering Tomato Spotted Wilt Virus Infectious Clones by Disarming Key Nodes in Anti-Viral Defenses.,"Ball Haden C, Atallah Osama, Garcia-Ruiz Hernan",Molecular plant-microbe interactions : MPMI,2026-07-12,"Tomato spotted wilt virus (TSWV) is an economically devastating pathogen that rapidly overcomes genetic resistance in major crops. Reverse genetic systems are crucial for investigating plant-virus interactions and resistance breaking mechanisms, and developing these tools for segmented ambisense RNA viruses remains a crucial challenge. Current TSWV-clones rely on extensively modified Asian isolate",https://pubmed.ncbi.nlm.nih.gov/42431408/,PubMed
Engineering extracellular vesicle biogenesis for therapeutic gene delivery: emerging genetic programming strategies and translational prospects.,"Preetam Subham, Rath Pratyasa, Al-Enazi Nouf M",Molecular biology reports,2026-07-12,"Extracellular vesicles (EVs) have emerged as promising biological nanocarriers for gene therapy due to their intrinsic ability to transport nucleic acids, proteins, and lipids between cells. Advances in EV biology have revealed complex regulatory mechanisms governing vesicle biogenesis, cargo sorting, secretion, and uptake, offering multiple opportunities for therapeutic engineering. Concurrently,",https://pubmed.ncbi.nlm.nih.gov/42429865/,PubMed
CAR-T Cell Therapy: Manufacturing Platforms and Clinical Consequences.,"Bach Duc-Hiep, Nguyen Thanh Liem",Human gene therapy,2026-07-12,"Chimeric antigen receptor (CAR) T-cell therapy has transformed hematological cancer care, yet variability in efficacy, durability, and safety cannot be explained solely by antigen selection or patient factors. We propose that manufacturing platforms are active biological determinants of outcome. Viral vectors, used in all licensed products, provide stable genomic integration and durable expression",https://pubmed.ncbi.nlm.nih.gov/42428992/,PubMed
Stimuli-Responsive Polyethylenimine Derivatives as Carriers for siRNA Delivery: Current Solutions and Future Perspectives.,"Kołacki Oskar, Trzciński Stanisław, Chmielewski Marcin K",ACS omega,2026-07-12,"RNA therapeutics, particularly small interfering RNA, hold great promise for precise gene silencing but still face major challenges related to instability, inefficient delivery, and off-target effects. Polyethylenimine (PEI), a versatile polycation, exhibits strong nucleic acid binding capacity, efficient endosomal escape, and high structural adaptability, making it one of the most promising nonvi",https://pubmed.ncbi.nlm.nih.gov/42428851/,PubMed
The application of CRISPR gene-editing technology in influenza prevention and control.,"Zhang Xinyi, Shi Hangyi, Yang Jianlan",Frontiers in genome editing,2026-07-12,"Influenza A virus (IAV) and influenza B virus (IBV) remain major global public health threats because of their rapid antigenic evolution and efficient human-to-human transmission. In contrast, influenza C virus (ICV) and influenza D virus (IDV) generally exhibit narrower host ranges and milder pathogenicity, yet their potential for interspecies transmission and zoonotic spillover still warrants at",https://pubmed.ncbi.nlm.nih.gov/42428244/,PubMed
Multi-compartment immune and tumor cell reprogramming by IFNα2 overcomes colon cancer immunotherapy resistance.,"Tiamiyu Zainab, Czabala Patrick, Worthy Jennifer",bioRxiv : the preprint server for biology,2026-07-12,"Tumor cell PD-L1 represses IFN signaling to limit anti-tumor immunity, despite an IFN-responsive immunophenotype predicting colorectal cancer response to immune checkpoint inhibitor therapy. Lipid nanoparticle (LNP)-encapsulated IFNα2-encoding nanoplasmid (LNP-mIFNα2) gene therapy suppresses tumor progression, however, the underlying mechanism and therapeutic trade-offs of the accompanying proinfl",https://pubmed.ncbi.nlm.nih.gov/42427502/,PubMed
CRISPR in clinical oncology: translational advances from molecular diagnostics to therapeutics.,"Grigg Samuel, Shembrey Carolyn, Fareh Mohamed",Nature reviews. Clinical oncology,2026-07-12,"Cancer care is increasingly driven by molecular classification, yet many key oncogenic drivers remain undruggable, and intrinsic or acquired resistance to treatment frequently limits durable clinical benefit. CRISPR-Cas technologies provide a modular, programmable platform to interrogate and directly manipulate cancer biology via sequence-specific targeting of DNA or RNA and have advanced from exp",https://pubmed.ncbi.nlm.nih.gov/42426280/,PubMed
Targeting AMPK signaling in nucleus pulposus cells ameliorates spaceflight microgravity-induced intervertebral disc degeneration.,"Xie Zaiqi, Jiang Bo, Wang Guanyi",Cell death and differentiation,2026-07-12,"Long-duration spaceflight elicits spinal impairments, including bone loss and intervertebral disc degeneration (IVDD). As the connective hub of the entire spine, the intervertebral disc (IVD) plays a pivotal role in maintaining spinal stability. However, the molecular mechanisms through which space microgravity mediates IVDD remain elusive, and the core spinal component responsible for mechanical ",https://pubmed.ncbi.nlm.nih.gov/42426258/,PubMed
ASTHMA AT THE CROSSROADS: FROM ANTI-TNF-α SETBACKS TO NEXT-GENERATION BIOLOGICS TARGETING TYPE 1 AND TYPE 2 INFLAMMATION.,"Patel Vaibhavkumar, Khera Nikita, Singh Gurvir",Respiratory medicine,2026-07-12,"Severe asthma remains a major unmet clinical challenge due to its marked immunological heterogeneity and the limited efficacy of current therapies in non-Type 2 inflammatory endotypes. Although biologics targeting IL-4, IL-5, and IL-13 have significantly improved outcomes in eosinophilic asthma, therapeutic options for Type 1 and mixed inflammatory phenotypes remain inadequate. The failure of anti",https://pubmed.ncbi.nlm.nih.gov/42425314/,PubMed
Lymph node-targeted mRNA delivery of fine-tuned peptide-nanocomplexes for SARS-CoV-2 Vaccination.,"Jeong Hayoon, Yoon Gookjin, Lee Dong Woo",Biomaterials,2026-07-12,"Messenger RNA (mRNA) vaccines require efficient delivery systems to reach antigen-presenting cells (APCs). Lipid nanoparticles (LNPs) are a standard delivery carrier. However, LNPs often accumulate in the liver and exhibit transient protein expression. These limitations can restrict their safety and immunogenic potential. Here, we developed a modular, peptide-based nanocomplex to overcome the curr",https://pubmed.ncbi.nlm.nih.gov/42424692/,PubMed
Progress and Prospects of Nanodelivery Systems in Metabolism-Regulated mRNA Vaccines.,"Wang Wanqing, Zhang Hao, Ren Shujuan",Biotechnology journal,2026-07-12,"mRNA vaccines face two major challenges in tumor immunotherapy: inefficient delivery and an immunosuppressive tumor microenvironment (TME) driven by metabolic reprogramming. This review proposes that nanodelivery systems can overcome both obstacles by protecting and targeting mRNA while simultaneously reshaping tumor metabolism and immunity. We summarize how nanocarriers act as ""metabolism-immunit",https://pubmed.ncbi.nlm.nih.gov/42423198/,PubMed
pH-Sensitive Cationic Liposomes for Oridonin and siRNA Co-Delivery to Inhibit Triple-Negative Breast Cancer.,"Wang Fangfang, Yang Qiong, Chen Xiaoliang",Journal of biomedical materials research. Part A,2026-07-12,"To investigate the therapeutic efficacy of co-delivering a small molecule compound and an interfering RNA in triple-negative breast cancer (TNBC), a disease characterized by poor prognosis, this study developed pH-sensitive nanocomposite cationic liposomes for the simultaneous delivery of oridonin and siCX26. CX26 (Connexin 26), a gap junction protein associated with stem-like properties and chemo",https://pubmed.ncbi.nlm.nih.gov/42423132/,PubMed
Manganese-Functionalized GelMA Hydrogels for MRI-Guided Immunotheranostics in Precision Oncology,"Motahareh Nazari, Keyvan Alavi",arXiv,2026-07-12,"Precision oncology requires multifunctional platforms capable of integrating accurate tumor diagnosis, localized therapeutic delivery, immune modulation, and real-time monitoring of treatment response. Gelatin methacryloyl (GelMA) hydrogels have emerged as versatile biomaterials for biomedical engineering because of their biocompatibility, extracellular matrix-like structure, tunable mechanical pr",http://arxiv.org/abs/2606.29599v1,arXiv
Reinforcement-guided generative protein language models enable de novo design of highly diverse AAV capsids,"Lucas Ferraz, Ana F. Rodrigues, Pedro Giesteira Cotovio",arXiv,2026-07-12,"Adeno-associated viral (AAV) vectors are widely used delivery platforms in gene therapy, and the design of improved capsids is key to expanding their therapeutic potential. A central challenge in AAV bioengineering, as in protein design more broadly, is the vast sequence design space relative to the scale of feasible experimental screening. Machine-guided generative approaches provide a powerful m",http://arxiv.org/abs/2603.19473v1,arXiv
Predicting Early and Complete Drug Release from Long-Acting Injectables Using Explainable Machine Learning,"Karla N. Robles, Manar D. Samad",arXiv,2026-07-12,"Polymer-based long-acting injectables (LAIs) have transformed the treatment of chronic diseases by enabling controlled drug delivery, thus reducing dosing frequency and extending therapeutic duration. Achieving controlled drug release from LAIs requires extensive optimization of the complex underlying physicochemical properties. Machine learning (ML) can accelerate LAI development by modeling the ",http://arxiv.org/abs/2601.02265v1,arXiv
The thermodynamics of pressure activated assembly of supramolecules in isochoric and isobaric systems,Boris Rubinsky,arXiv,2026-07-12,"The efficacy of cryopreservation is constrained by the difficulty of achieving sufficiently high intracellular concentrations of cryoprotective solutes without inducing osmotic injury or chemical toxicity during loading. This thermodynamic study introduces a new conceptual mechanism for cryoprotectant delivery into cells directly or through vascular perfusion. In this framework, effective cryoprot",http://arxiv.org/abs/2601.00599v1,arXiv
Smart Nanoarchitectures for Precision RNA Delivery: Harnessing Endogenous and Exogenous Stimuli in Cancer Treatment,"Jintao Hao, Yue Li, Lu Huang",Theranostics,2025-07-02,"RNA therapy holds great potential for cancer treatment owing to its ability to regulate gene expression precisely, thereby inhibiting tumor growth and metastasis. However, RNA delivery faces several physiological challenges, including rapid degradation by nucleases, limited cellular uptake, and inefficient intracellular release. To address these limitations, stimuli-responsive nanocarriers have be",https://www.semanticscholar.org/paper/3963227ce70b9d2fae66a194e45e1e6543e666ed,Semantic Scholar
Integrin beta 1 and fibronectin mediate extracellular vesicle uptake and functional RNA delivery,"Omnia Elsharkasy, Willemijn S. de Voogt, Maria-Laura Tognoli",Journal of Biological Chemistry,2025-02-01,"Extracellular vesicles (EVs) are cell-derived vesicles secreted by all cell types into the extracellular spaces. EVs comprise a heterogenous population of vesicles that carry bioactive molecules, such as proteins, lipids, and RNAs, which they can deliver to recipient cells. Over the past few years, EVs have been recognized for their vital role in intercellular communication, and thereby in various",https://www.semanticscholar.org/paper/03ab38d01bdb511a15cac0440de984b6d2e760e4,Semantic Scholar
Systemic RNA delivery to dendritic cells exploits antiviral defence for cancer immunotherapy,"L. Kranz, M. Diken, H. Haas",Nature,2016-06-01,,https://www.semanticscholar.org/paper/90807faae7e0f1ee33eb41d0b9bbd3bded077f70,Semantic Scholar
RNA delivery by extracellular vesicles in mammalian cells and its applications,"Killian O’Brien, K. Breyne, S. Ughetto",Nature reviews. Molecular cell biology,2020-05-26,"The term ‘extracellular vesicles’ refers to a heterogeneous population of vesicular bodies of cellular origin that derive either from the endosomal compartment (exosomes) or as a result of shedding from the plasma membrane (microvesicles, oncosomes and apoptotic bodies). Extracellular vesicles carry a variety of cargo, including RNAs, proteins, lipids and DNA, which can be taken up by other cells,",https://www.semanticscholar.org/paper/a6f6f1aded4cf0a055d7468814b913d508fa190d,Semantic Scholar
Chemistry of Lipid Nanoparticles for RNA Delivery.,"Yulia Eygeris, Mohit Gupta, Jeonghwan Kim",Accounts of Chemical Research,2021-12-01,"ConspectusLipid nanoparticles (LNPs) are a type of lipid vesicles that possess a homogeneous lipid core. These vesicles are widely used in small-molecule drug and nucleic acid delivery and recently gained much attention because of their remarkable success as a delivery platform for COVID-19 mRNA vaccines. Nonetheless, the utility of transient protein expression induced by mRNA extends far beyond v",https://www.semanticscholar.org/paper/a39710a85d73cca0d990f4778ceb565b6f96b97f,Semantic Scholar
Recent advances in nanoparticulate RNA delivery systems,"Jacob Witten, Yizong Hu, R. Langer",Proceedings of the National Academy of Sciences of the United States of America,2024-03-04,"Nanoparticle-based RNA delivery has shown great progress in recent years with the approval of two mRNA vaccines for Severe Acute Respiratory Syndrome Coronavirus 2 (SARS-CoV-2) and a liver-targeted siRNA therapy. Here, we discuss the preclinical and clinical advancement of new generations of RNA delivery therapies along multiple axes. Improvements in cargo design such as RNA circularization and da",https://www.semanticscholar.org/paper/a797546712119a7bb5ca52f9bc770fdb24c5e576,Semantic Scholar
Tumor‐Tailored Ionizable Lipid Nanoparticles Facilitate IL‐12 Circular RNA Delivery for Enhanced Lung Cancer Immunotherapy,"Shufen Xu, Yue Xu, Nicholas C Solek",Advances in Materials,2024-04-24,"The advancement of message RNA (mRNA) ‐based immunotherapies for cancer is highly dependent on the effective delivery of RNA (Ribonucleic) payloads using ionizable lipid nanoparticles (LNPs). However, the clinical application of these therapies is hindered by variable mRNA expression among different cancer types and the risk of systemic toxicity. The transient expression profile of mRNA further co",https://www.semanticscholar.org/paper/594b08d8523899d9153741be67ad91ea02c5d150,Semantic Scholar
Therapeutic potential of RNA-enriched Extracellular Vesicles 1: The next generation in RNA delivery via biogenic nanoparticles.,"Muskan Muskan, Pevindu Abeysinghe, Riccardo Cecchin",Molecular Therapy,2024-02-01,"Exosomes are extracellular vesicles (EVs) (∼50-150 nm) have emerged as promising vehicles for therapeutic applications and drug delivery. These membrane-bound particles, released by all actively dividing cells have the ability to transfer effector molecules, including proteins, RNA, and even DNA, from donor cells to recipient cells, thereby modulating cellular responses. RNA-based therapeutics, in",https://www.semanticscholar.org/paper/1f4490a511f95b55849c3127fbd926f7a2ff8153,Semantic Scholar
Comprehensive analysis of lipid nanoparticle formulation and preparation for RNA delivery,"Md. Anamul Haque, Archana Shrestha, Constantinos M. Mikelis",International Journal of Pharmaceutics: X,2024-09-01,"Nucleic acid-based therapeutics are a common approach that is increasingly popular for a wide spectrum of diseases. Lipid nanoparticles (LNPs) are promising delivery carriers that provide RNA stability, with strong transfection efficiency, favorable and tailorable pharmacokinetics, limited toxicity, and established translatability. In this review article, we describe the lipid-based delivery syste",https://www.semanticscholar.org/paper/c108b791de087a4773c395c3975141814ed7221f,Semantic Scholar
Advances and prospects of RNA delivery nanoplatforms for cancer therapy,"Mohamed S. Attia, Gregor Kijanka, Nam‐Trung Nguyen",Acta Pharmaceutica Sinica B,2024-09-01,"Modern oncology is rapidly evolving, driven by recent advances in RNA-based therapeutics. As new emerging cutting-edge technology, mRNA vaccines hold excellent promise for encoding immunostimulatory molecules, tumor-associated antigens, neoantigens, and chimeric antigen receptors for T-cell reprogramming. RNA interference tools enable highly effective post-transcriptional gene silencing that has r",https://www.semanticscholar.org/paper/c0421f35da663530677e75e0cd29aad57a351cd8,Semantic Scholar
A perspective of lipid nanoparticles for RNA delivery,"Yutian Ma, Shiyao Li, Xin Lin",Exploration,2024-04-15,"Over the last two decades, lipid nanoparticles (LNPs) have evolved as an effective biocompatible and biodegradable RNA delivery platform in the fields of nanomedicine, biotechnology, and drug delivery. They are novel bionanomaterials that can be used to encapsulate a wide range of biomolecules, such as mRNA, as demonstrated by the current successes of COVID‐19 mRNA vaccines. Therefore, it is impor",https://www.semanticscholar.org/paper/c0ff32cf26cc8e221711435795495d3237a67472,Semantic Scholar
Dynamic carriers for therapeutic RNA delivery,"Simone Berger, Ulrich Lächelt, Ernst Wagner",Proceedings of the National Academy of Sciences of the United States of America,2024-03-04,"Carriers for RNA delivery must be dynamic, first stabilizing and protecting therapeutic RNA during delivery to the target tissue and across cellular membrane barriers and then releasing the cargo in bioactive form. The chemical space of carriers ranges from small cationic lipids applied in lipoplexes and lipid nanoparticles, over medium-sized sequence-defined xenopeptides, to macromolecular polyca",https://www.semanticscholar.org/paper/0d35d81b69e4a911877d03bfcae365ed8be73646,Semantic Scholar
Tuning lipid nanoparticles for RNA delivery to extrahepatic organs,"Donghui Song, Yu Zhao, Zeyu Wang",Advances in Materials,2024-09-05,"RNA therapeutics have been successfully transitioned into clinical applications. Lipid nanoparticles (LNPs) are widely employed as nonviral delivery vehicles for RNA therapeutics in commercial vaccine and gene therapy products. However, the bottleneck in expanding the clinical applications of LNP‐based RNA therapeutics lies in the tendency of these nanoparticles to preferentially accumulate in the",https://www.semanticscholar.org/paper/bff1aeeb5ef3a5f896b052ff0bb0cb5c1afa3b34,Semantic Scholar
Lipid nanoparticles for RNA delivery: Self-assembling vs driven-assembling strategies.,"V. Nele, Virginia Campani, Seyedeh Alia Moosavian",Advanced Drug Delivery Reviews,2024-03-01,"Among non-viral vectors, lipid nanovectors are considered the gold standard for the delivery of RNA therapeutics. The success of lipid nanoparticles for RNA delivery, with three products approved for human use, has stimulated further investigation into RNA therapeutics for different pathologies. This requires decoding the pathological intracellular processes and tailoring the delivery system to th",https://www.semanticscholar.org/paper/f63a27443117b94e3b628f838f12b275ed1f686c,Semantic Scholar
Navigating the landscape of RNA delivery systems in cardiovascular disease therapeutics.,"Paula Gil-Cabrerizo, T. Simon-Yarza, E. Garbayo",Advanced Drug Delivery Reviews,2024-04-01,"Cardiovascular diseases (CVDs) stand as the leading cause of death worldwide, posing a significant global health challenge. Consequently, the development of innovative therapeutic strategies to enhance CVDs treatment is imperative. RNA-based therapies, encompassing non-coding RNAs, mRNA, aptamers, and CRISPR/Cas9 technology, have emerged as promising tools for addressing CVDs. However, inherent ch",https://www.semanticscholar.org/paper/a3b9647cb0d77cf7f9ceea8fe14e81d9fc73ad0f,Semantic Scholar
Hydrogels for RNA delivery,"Ruibo Zhong, S. Talebian, Bárbara B. Mendes",Nature Materials,2023-03-20,"RNA-based therapeutics hold promise for the treatment of several diseases. This Review provides an overview of hydrogels for RNA delivery, discussing how the chemical nature and physical properties of hydrogels can be explored for tailored RNA loading and release, and highlighting the use of these materials in biomedical applications. RNA-based therapeutics have shown tremendous promise in disease",https://www.semanticscholar.org/paper/be9f3fe488e2b51b0892c66063defdf906cc81c1,Semantic Scholar
Lipids and Lipid Derivatives for RNA Delivery.,"Yuebao Zhang, Changzhen Sun, Chang Wang",Chemical Reviews,2021-07-19,"RNA-based therapeutics have shown great promise in treating a broad spectrum of diseases through various mechanisms including knockdown of pathological genes, expression of therapeutic proteins, and programmed gene editing. Due to the inherent instability and negative-charges of RNA molecules, RNA-based therapeutics can make the most use of delivery systems to overcome biological barriers and to r",https://www.semanticscholar.org/paper/da989341518aa8714e341e7f7bb3427b5548ea13,Semantic Scholar
Non-viral vectors for RNA delivery,"Yi Yan, Xiao-Yu Liu, An Lu",Journal of Controlled Release,2022-01-08,"RNA-based therapy is a promising and potential strategy for disease treatment by introducing exogenous nucleic acids such as messenger RNA (mRNA), small interfering RNA (siRNA), microRNA (miRNA) or antisense oligonucleotides (ASO) to modulate gene expression in specific cells. It is exciting that mRNA encoding the spike protein of COVID-19 (coronavirus disease 2019) delivered by lipid nanoparticle",https://www.semanticscholar.org/paper/83fda9c083fc1e7441683c3fe5e44c7be71f1a7f,Semantic Scholar
Tumor Microenvironment‐Responsive Polymer‐Based RNA Delivery Systems for Cancer Treatment,"Yahan Zhang, Ming Zhang, Haiqin Song",Small Methods,2024-05-28,"Ribonucleic acid (RNA) therapeutics offer a broad prospect in cancer treatment. However, their successful application requires overcoming various physiological barriers to effectively deliver RNAs to the target sites. Currently, a number of RNA delivery systems based on polymeric nanoparticles are developed to overcome these barriers in RNA delivery. This work provides an overview of the existing ",https://www.semanticscholar.org/paper/78694410323b89e38b295753148b918df7b14b7e,Semantic Scholar
Microfluidic technologies and devices for lipid nanoparticle-based RNA delivery,"Masatoshi Maeki, S. Uno, Ayuka Niwa",Journal of Controlled Release,2022-02-01,"In 2021, mRNA vaccines against COVID-19 were approved by the Food and Drug Administration. mRNA vaccines are important for preventing severe COVID-19 and returning to normal life. The development of RNA-delivery technology, including mRNA vaccines, has been investigated worldwide for ~30 years. Lipid nanoparticles (LNPs) are a breakthrough technology that stably delivers RNA to target organs, and ",https://www.semanticscholar.org/paper/96c2b0e0e2d96e9dcdb7e3e30a5e9d57badd664d,Semantic Scholar
"Genomic characterization of Mycoplasma bovis, Mannheimia haemolytica, and bovine viral diarrhea virus 1 from a bovine respiratory disease complex case.","Nielsen Daniel W, Holthausen David J, Goldkamp Anna K",BMC genomic data,2026-07-12,"Bovine respiratory disease (BRD) complex is a result of the interactions among pathogens, environmental factors, host factors, and management practices. Bacterial pathogens that contribute to BRD include Mycoplasma (Mycoplasmopsis) bovis, Mannheimia haemolytica, Pasteurella multocida, and Histophilus somni. Viral agents that contribute to BRD include bovine herpesvirus 1, bovine viral diarrhea vir",https://pubmed.ncbi.nlm.nih.gov/42436381/,PubMed
Single-nucleus transcriptomics-based drug screening platform for focal cortical dysplasia.,"Fang Chuantao, Meng Guilin, Yang Lin",Molecular psychiatry,2026-07-12,"Focal cortical dysplasias (FCDs) are a major cause of drug-resistant epilepsy, yet their molecular and pathological complexity has limited the development of effective antiseizure medications. Here, we performed single-nucleus RNA sequencing on 49 human neocortical specimens spanning FCDI-III. We identified prominent transcriptional alterations in non-neuronal populations, particularly astrocytes ",https://pubmed.ncbi.nlm.nih.gov/42436259/,PubMed
Single-Cell and Spatial Transcriptomics Unveil Key Regulators Governing Cell Differentiation for Schistosoma japonicum Sexual Development.,"Lu Zhigang, Wang Xiaoxu, Li Shun","Advanced science (Weinheim, Baden-Wurttemberg, Germany)",2026-07-12,"Schistosomiasis remains a major global health challenge, primarily due to the large number of egg production by sexually mature parasites. However, the cellular basis and regulatory programs governing sexual development and egg production are poorly characterized. Here, we constructed a dynamic single-cell atlas of Schistosoma japonicum (S. japonicum) covering key development stages of sexual matu",https://pubmed.ncbi.nlm.nih.gov/42435768/,PubMed
Detection of ionisable lipids in equine plasma by supported liquid extraction and liquid chromatography-high-resolution tandem mass spectrometry for doping control of mRNA agents.,"Yuen Bruce Pui-Nam, Wong Kin-Sing, Cheung Hiu Wing",Journal of chromatography. A,2026-07-12,"Messenger ribonucleic acid (mRNA) has emerged as a new class of therapeutic agent with unprecedented potential. In particular, the lipid nanoparticle (LNP)-mRNA formulations enabled safe and effective delivery of mRNA in vivo, leading to the success of mRNA vaccines during the COVID-19 pandemic. To control the potential misuse of LNP-mRNA agents in equine sports, a simple and sensitive method has ",https://pubmed.ncbi.nlm.nih.gov/42430841/,PubMed
Infection of Rhesus Macaques with O'nyong-nyong virus UVRI-0804 recapitulates key aspects of human clinical disease.,"Jaeger Hannah K, Denton Michael, Andoh Takeshi F",PLoS neglected tropical diseases,2026-07-12,"O'nyong-nyong virus (ONNV) is a mosquito-borne alphavirus first isolated in Uganda in 1959. Since its discovery, ONNV has caused several outbreaks in Africa, manifesting clinically as fever, rash, and joint/muscle pain lasting months. Currently, we have a limited understanding of ONNV infection and disease in relevant animal models, which restricts the evaluation of vaccines and therapeutics. In 1",https://pubmed.ncbi.nlm.nih.gov/42430456/,PubMed
Cross-national patterns of COVID-19 vaccination coverage by vaccine type.,"Al-Zyoud Walid, Erekat Dana, Abudayah Mohammad",PLOS global public health,2026-07-12,"We examined whether COVID-19 vaccine type was associated with national full-vaccination coverage using 1034 country-vaccine entries from 195 countries derived from World Health Organization data. In a country-level analysis adjusting for World Bank income group, WHO region, and the number of vaccine products per country, neither mRNA vaccine availability (p = 0.051) nor the proportion of mRNA vacc",https://pubmed.ncbi.nlm.nih.gov/42430423/,PubMed
Adverse events following immunization during COVID-19 mass vaccination campaigns in the Democratic Republic of Congo: Findings from active safety surveillance.,"Kayumba Kizito, Duga Alemayehu, Papa Fallah Mosoka",PloS one,2026-07-12,"Post-marketing safety surveillance is essential for ensuring vaccine safety and maintaining public trust, particularly in African settings where evidence on the safety of COVID-19 vaccines remains limited. This study aimed to determine the overall incidence and types of AEFIs, as well as the factors associated with their occurrence, during COVI-19 mass vaccination campaigns in Democratic Republic ",https://pubmed.ncbi.nlm.nih.gov/42430326/,PubMed
Analytical Ultracentrifugation in Aotearoa: A Brief History of the Technique and its Place Among Other Tools Used to Investigate Biomolecular Interactions.,"Turk Liam S, Tillett Zachary D, McKenzie Rebecca E",Journal of the Royal Society of New Zealand,2026-07-12,Analytical ultracentrifugation (AUC) is a powerful and versatile tool for studying biomolecular interactions. The purpose of this commentary is to provide foundational knowledge of the technique and its uses through the presentation of two case studies in which AUC provides key data to answer research questions. The first case study concerns a practical formulation problem associated with mRNA-bas,https://pubmed.ncbi.nlm.nih.gov/42428557/,PubMed
Automating neoantigen selection for personalized cancer vaccine design.,"Yao Jennie X, Singhal Kartik, Kiwala Susanna",medRxiv : the preprint server for health sciences,2026-07-12,"Advancements in immunogenomics and immuno-oncology have enabled the development of personalized cancer vaccines (PCVs) that target cancer cell-specific somatic variants. A subset of these variants produce neoantigens that, when presented on tumor cells by MHC molecules, have the potential to elicit a robust and specific immune response. To date, there are over one hundred interventional studies li",https://pubmed.ncbi.nlm.nih.gov/42428096/,PubMed
Early Mucosal Type II Interferon Limits SARS-CoV-2 Replication in Humans.,"Winnett Alexander Viloria, Tabachnikova Alexandra, Chen Jonathan",medRxiv : the preprint server for health sciences,2026-07-12,"COVID-19 vaccines markedly reduce disease severity, but their ability to block infection and transmission remains limited and variable.  Using a unique study design with temporally-dense, paired sampling of the oral cavity, nasal cavity and oropharynx from the onset of naturally acquired human SARS-CoV-2 infection, we demonstrate that Type I IFN responses are initiated synchronously in the upper r",https://pubmed.ncbi.nlm.nih.gov/42428083/,PubMed
Conserved epitope-driven in silico design of a multi-epitope vaccine against the tick-borne wetland virus.,"Velumani Kadhirmathiyan, Umapathi Sarumathi, Shanmugaraj Balamurugan",Human immunology,2026-07-12,"The tick-borne viruses are primarily transmitted through the bites of infected ticks. Wetland virus (WELV) is a newly identified tick-borne pathogen with no licensed vaccines and limited preventive strategies. In this study, a reverse vaccinology approach was used to design a multi-epitope vaccine using the conserved regions of key viral proteins of WELV. Multiple sequence alignment identified 51,",https://pubmed.ncbi.nlm.nih.gov/42424695/,PubMed
Dried Blood Spot Testing in Confirmed Congenital Cytomegalovirus Discovered by Expanded Targeted Testing.,"Kfoury Peter, Reddy Megna, Blackstad Mark",JAMA otolaryngology-- head & neck surgery,2026-07-12,It is unclear whether a targeted testing or universal screening approach is preferable for identifying newborns with congenital cytomegalovirus (cCMV) infection. To determine whether infants with cCMV identified by an expanded targeted approach would have been identified by dried blood spot (DBS) universal screening. This population-based cohort study included newborns from 26 birth hospitals in U,https://pubmed.ncbi.nlm.nih.gov/42424066/,PubMed
Immunotherapeutic modalities for combating multidrug-resistant bacteria: therapeutic promises of antibodies and next-generation vaccines.,Alkhorayef Nada,Naunyn-Schmiedeberg's archives of pharmacology,2026-07-12,"There is a global rise of multidrug resistant (MDR) bacterial strains because of the use, misuse, and overuse of antibiotics, which is further causing major challenges in treating infections in clinical settings. Since 2000, only a few new antibiotics have been approved, and some of them have already been undermined because of the emergence of resistant bacteria. Pathogen-specific antibodies have ",https://pubmed.ncbi.nlm.nih.gov/42424000/,PubMed
Pulmonary mRNA-LNP vaccines for rapid and durable protection against bacterial infection.,"Wei Anqi, Miao Yu, Yuan Zhou",Nature communications,2026-07-12,"Pulmonary bacterial infections remain a major clinical challenge. Although vaccination reduces infection rates and mortality, the vulnerable post-vaccination immunity gap can still result in infection and vaccine failure. In addition, effective vaccines are unavailable for many clinically important bacterial pathogens. Here, we report a pulmonary mRNA-lipid nanoparticle (mRNA-LNP) vaccine incorpor",https://pubmed.ncbi.nlm.nih.gov/42420327/,PubMed
Lipid peroxidation impacts orthoflavivirus infection in a virus-dependent manner.,"Vu Kim Chi Thi, Grande Yvonne F, Bierau Laura",Cell death & disease,2026-07-12,"Orthoflavivirus infection is intricately linked to host cell lipid metabolism, yet the function of bioactive lipids as regulators of infection remains to be elucidated. Here, we investigated the role of lipid mediator pathways, namely ALOX/COX enzymes and upstream lipases, in orthoflavivirus replication by comparing dengue virus (DENV), Zika virus (ZIKV), wild-type yellow fever virus (YFV-Asibi), ",https://pubmed.ncbi.nlm.nih.gov/42420242/,PubMed
Transformer-Based Active Learning for Data-Efficient Vaccine Epitope Selection in PRRS,"Aspen Erlandsson Brisebois, Zahed Khatooni, Connor Burbridge",arXiv,2026-07-12,"High-fidelity molecular docking simulations can produce biologically relevant estimates of epitope-receptor binding affinity but are computationally expensive and therefore limit the number of candidates that can be screened for vaccine design. In this work, we evaluate machine learning (ML) approaches where variants of active learning are used to classify instances of high binding affinity betwee",http://arxiv.org/abs/2606.28659v1,arXiv
Exploring the Effects of Entanglement on Quantum Machine Learning of Pathogen Epitope-Receptor Binding,"Aspen Erlandsson Brisebois, Luis Pablo Gonzalez Dominguez, Shivansi Prajapati",arXiv,2026-07-12,"Parameterized quantum circuits (PQCs) provide a flexible substrate for hybrid quantum machine learning (QML), but their practical value on Noisy Intermediate-Scale Quantum (NISQ) devices remains an empirical question, especially because training depth and scale can introduce optimization challenges such as barren plateaus. Here we study how the number and topology of two-qubit entangling gates in ",http://arxiv.org/abs/2606.28655v1,arXiv
GLI2 confers ferroptosis resistance in bladder cancer by transcriptionally upregulating PRDX1.,"Yao Yuyang, Yang Pang, Niu Shaorui",Apoptosis : an international journal on programmed cell death,2026-07-12,"Bladder cancer represents a significant disease burden in men, as it is both highly common and a leading cause of cancer-related deaths. Despite advances in personalized therapies, patient outcomes continue to show considerable variability, and there is an urgent need to explore novel therapeutic targets for this disease. Ferroptosis has recently been implicated in chemotherapy response and propos",https://pubmed.ncbi.nlm.nih.gov/42435244/,PubMed
"Fascin1 Exacerbates Neuroinflammation and Neuronal Injury in Acute TBI by Orchestrating the AKT/mTOR, STAT3, and NF-κB Signaling Pathways.","You Wei, Wu Yiting, Fang Yiru",Brain research bulletin,2026-07-12,"Neuroinflammation drives the secondary damage following traumatic brain injury (TBI), a process largely regulated by the balance between pro-inflammatory and anti-inflammatory microglial phenotypes. Microglial activation requires rapid cytoskeletal remodeling to organize signaling complexes, yet the role of the actin-bundling protein Fascin1 in this process remains unexplored. This study investiga",https://pubmed.ncbi.nlm.nih.gov/42435820/,PubMed
Cartilage oligomeric matrix protein inhibits CKD-associated vascular calcification by suppressing PANoptosis in VSMCs via the AT1R/β-arrestin-2 axis.,"Ding Wei, Liu Jiaxin, Wang Xiaoqian",Biochemical pharmacology,2026-07-12,"Vascular calcification (VC), a common complication of chronic kidney disease (CKD), substantially contributes to cardiovascular morbidity. Although distinct forms of programmed cell death have been implicated in VC, the role of PANoptosis remains unclear. This study investigated the involvement of PANoptosis in CKD-associated VC and explored its regulatory mechanisms. Transcriptomic analysis of th",https://pubmed.ncbi.nlm.nih.gov/42435778/,PubMed
Small proline-rich repeat protein 1A-mediated ephrin-A5 downregulation drives neuropathic pain via brain-derived neurotrophic factor/Tropomyosin receptor kinase B signaling.,"Deng Meiling, Zhang Ting, Yang Jie",Neurotherapeutics : the journal of the American Society for Experimental NeuroTherapeutics,2026-07-12,"Neuropathic pain is a common chronic pain condition that severely impacts patients' quality of life. While Small proline-rich protein 1A (SPRR1A) is a well-known marker for axonal regeneration, its specific role and the underlying molecular mechanisms in neuropathic pain remain elusive. The present study demonstrates that SPRR1A is significantly increased in the spinal dorsal horn of spared nerve ",https://pubmed.ncbi.nlm.nih.gov/42435488/,PubMed
"Sexually Dimorphic RNA Helicase DDX3Y, But Not DDX3X, Plays a Potential Tumor-Suppressive Role in Colorectal Carcinogenesis in Males.","Govatati Suresh, Malempati Sravanthi, Karnati Roy",Biochemical genetics,2026-07-12,"Beyond its role in sex determination, the Y chromosome contains genes that regulate transcription, translation, and protein stability, thereby contributing to the pathogenesis of various male-specific diseases, including cancer. Although sex significantly influences cancer incidence and outcomes, the molecular mechanisms underlying these differences remain poorly understood. These disparities are ",https://pubmed.ncbi.nlm.nih.gov/42435136/,PubMed
Compartment-Specific Aberrant YAP Activation Impairs Endometrial Receptivity and Decidualization in Recurrent Implantation Failure and Recurrent Pregnancy Loss†.,"Yang Ziyao, Feng Lijie, Fu Wanting",Biology of reproduction,2026-07-12,"The Hippo-YAP signaling pathway is crucial for tissue homeostasis, yet its specific contribution to recurrent implantation failure (RIF) and recurrent pregnancy loss (RPL) remains poorly understood. This study investigated Hippo-YAP signaling in physiological and pathological human endometrium, and its functional impact on endometrial receptivity and decidualization. We analyzed endometrial tissue",https://pubmed.ncbi.nlm.nih.gov/42434909/,PubMed
Quercetagetin-rich flavonoids from marigold induce apoptosis inhibit metastasis of non-small cell lung cancer via the p53/p21 signaling pathway.,"Dong Zhihuan, Cheng Xinying, Lian Yunhe",Frontiers in oncology,2026-07-12,"Non-small cell lung cancer (NSCLC) remains a leading cause of cancer-related mortality worldwide, with limited therapeutic efficacy and severe side effects associated with conventional chemotherapy, creating an urgent need for safe and effective natural anti-tumor agents. Quercetagetin-rich marigold flavonoids (QG-MF), isolated from the lutein-extracted inflorescence residues of  This study aimed ",https://pubmed.ncbi.nlm.nih.gov/42434755/,PubMed
SOX18 knockdown inhibits colorectal cancer metastasis and angiogenesis through regulation of SAPK/JNK and PI3K/AKT/mTOR signaling pathways.,"Deng Xiao, Shuai Ping, Liu Suyun",Journal of gastrointestinal oncology,2026-07-12,"Sex determining region Y-box 18 (SOX18) has been found to be overexpressed in several types of tumors. However, the molecular mechanism underlying the biological function of SOX18 in colorectal cancer (CRC) remains unclear. This study aims to investigate the effect of SOX18 gene knockdown on proliferation, invasion, angiogenesis and its relationship to SAPK/JNK and PI3K/AKT/mTOR signaling pathways",https://pubmed.ncbi.nlm.nih.gov/42434277/,PubMed
Xylosyltransferase-II deficiency rewires innate immune signaling and destabilizes polarization in human macrophages.,"Witt Alina, Ly Thanh-Diep, Kühle Matthias",Frontiers in immunology,2026-07-12,"Xylosyltransferase-II (XT-II), encoded by ",https://pubmed.ncbi.nlm.nih.gov/42433371/,PubMed
Stress-induced CD55 supports homologous recombination capacity and drives oxaliplatin resistance in colorectal cancer.,"Wang Tianyang, Zhang Xiaoyan, Yan Xiaocan",Cell communication and signaling : CCS,2026-07-12,"Acquired resistance to oxaliplatin limits the efficacy of first-line chemotherapy in colorectal cancer (CRC), yet the stress-responsive signaling mechanisms that enable tumor cells to adapt to platinum-induced DNA damage remain incompletely understood. CD55, a glycosylphosphatidylinositol-anchored complement regulator, has recently been implicated in non-canonical cellular stress signaling beyond ",https://pubmed.ncbi.nlm.nih.gov/42432656/,PubMed
Autologous concentrated growth factors promote M2 macrophage polarization to accelerate wound healing after anal fistula surgery by activating the AKT/mTOR pathway.,"Zhang Xiufeng, Zhong Mengjie, Zhang Feifei",BMC gastroenterology,2026-07-12,"Delayed healing of post-operative anal fistula wounds is driven by a hostile inflammatory microenvironment. While autologous concentrated growth factors (ACGF) show regenerative potential, the underlying immunomolecular mechanisms remain unclear. This study investigates if ACGF accelerates contaminated wound healing by modulating macrophage polarization via the AKT/mTOR pathway. In vitro, RAW264.7",https://pubmed.ncbi.nlm.nih.gov/42432551/,PubMed
PRMT5 promotes psoriatic inflammation through mediating dimethylation of p65 in keratinocytes.,"Hu Xiaoru, Tian Yuzi, Hong Qingyu","Molecular medicine (Cambridge, Mass.)",2026-07-12,"Psoriasis is a chronic inflammatory skin disease driven by aberrant keratinocyte activation and immune dysregulation. Protein arginine methyltransferase 5 (PRMT5) was identified as a candidate regulator in psoriatic keratinocytes, yet its function and mechanistic role in psoriasis pathogenesis remain unclear. We analyzed multiple public bulk RNA-sequencing and single-cell RNA-sequencing (scRNA-seq",https://pubmed.ncbi.nlm.nih.gov/42432494/,PubMed
Hydrogen alleviates sepsis-associated encephalopathy via ATG9B-dependent mitophagy.,"Yu Xiaoli, Huang Xiaofan, Song Yu","Molecular medicine (Cambridge, Mass.)",2026-07-12,"Sepsis-associated encephalopathy (SAE) is a severe complication with high mortality and limited therapeutic options. Molecular hydrogen (H₂) has shown neuroprotective potential, but its mechanism remains elusive. SAE was induced in C57BL/6J mice by cecal ligation and puncture, with or without 2% H H₂ inhalation increased 7-day survival in CLP-induced septic mice from 40% to 75%, reduced systemic a",https://pubmed.ncbi.nlm.nih.gov/42432483/,PubMed
Endoplasmic Reticulum Stress-Induced Endothelial Cell Pyroptosis Contributes to Pulmonary Vascular Remodeling and Pulmonary Arterial Hypertension via IRE1α/Caspase-3/GSDME Pathway.,"Luo Xue-Yang, Li Xue-Chun, Fu Xiao",Journal of the American Heart Association,2026-07-12,"Endothelial cell (EC) injury is regarded as the initiating trigger of pulmonary arterial hypertension (PAH). Excessive endoplasmic reticulum (ER) stress could cause early damage to ECs with subsequent cell death. Pyroptosis leads to EC damage and accelerates PAH progression. However, whether and how ER stress plays a role in regulating EC pyroptosis, especially in PAH progression, remains unclear.",https://pubmed.ncbi.nlm.nih.gov/42432421/,PubMed
Proteomic analysis reveals lipid metabolism disruption and key targets in ARPE-19 cells after RNF13 knockdown.,"Xie Chen, Yu Xin, Wang Liyin",Scientific reports,2026-07-12,"Although RNF13 is known to be dysregulated in models of retinal degeneration, its specific role in retinal pigment epithelium cell function remains unclear. This study aimed to elucidate the RNF13-regulated signalling pathways and identify key molecular targets in vitro. Using lentivirus-mediated RNF13 knockdown in ARPE-19 cells, we observed significant alterations in protein expression using tand",https://pubmed.ncbi.nlm.nih.gov/42432170/,PubMed
Gentiopicroside attenuates pharyngeal inflammation in rats by inhibiting MUC5AC production associated with the COX-2/PGE2 signaling pathway.,"Zhao Wei, Guo Jiabin, Yang Ying",Scientific reports,2026-07-12,"Pharyngeal inflammation is a common upper respiratory tract disease characterized by increased inflammatory responses and mucin accumulation. Gentiopicroside (GPS), a natural compound with anti-inflammatory activity, has not been previously studied for its inhibitory effects on pharyngeal inflammation and its underlying mechanisms. This study aimed to investigate whether GPS inhibits pharyngeal in",https://pubmed.ncbi.nlm.nih.gov/42432014/,PubMed
Danshen-Chuanxiong alleviates cerebral ischemia by regulating carnitine metabolism and angiogenesis via activating CPT1/HIF-1α signaling axis.,"Pang Han-Qing, Zhang Xuan-Hao, Zhang Jia-Le",Journal of ethnopharmacology,2026-07-12,"Cerebral ischemia remains a leading cause of mortality and long-term disability. Current therapeutic interventions are still limited by a narrow therapeutic time window, hemorrhagic risk, and incomplete functional recovery against the complex pathological cascade of ischemic injury. Salvia miltiorrhiza-Ligusticum chuanxiong (Danshen-Chuanxiong, DC) herb pair, widely recognized in clinical practice",https://pubmed.ncbi.nlm.nih.gov/42431282/,PubMed
DeepSilencer: A Novel Deep Learning Model for Predicting siRNA Knockdown Efficiency,"Wangdan Liao, Weidong Wang",arXiv,2026-07-12,"Background: Small interfering RNA (siRNA) is a promising therapeutic agent due to its ability to silence disease-related genes via RNA interference. While traditional machine learning and early deep learning methods have made progress in predicting siRNA efficacy, there remains significant room for improvement. Advanced deep learning techniques can enhance prediction accuracy, reducing the relianc",http://arxiv.org/abs/2503.04200v1,arXiv
Maturation of siRNA by strand separation: Steered Molecular dynamics study,"Rakesh K Mishra, Sanchita Mukherjee, Dhananjay Bhattacharyya",arXiv,2026-07-12,"RNA interference, particularly siRNA induced gene silencing is becoming an important avenue of modern therapeutics. The siRNA is delivered to the cells as short double helical RNA which becomes single stranded for forming the RISC complex. Significant experimental evidence is available for most of the steps except the process of the separation of the two strands. We have attempted to understand th",http://arxiv.org/abs/1910.03778v1,arXiv
Using a hydrogen-bond index to predict the gene-silencing efficiency of siRNA based on the local structure of mRNA,"Kathy Q. Luo, Donald C. Chang",arXiv,2026-07-12,The gene silencing effect of short interfering RNA (siRNA) is known to vary strongly with the targeted position of the mRNA. A number of hypotheses have been suggested to explain this phenomenon. We would like to test if this positional effect is mainly due to the secondary structure of the mRNA at the target site. We proposed that this structural factor can be characterized by a single parameter ,http://arxiv.org/abs/1710.07413v1,arXiv
Unraveling siRNA Unzipping Kinetics with Graphene,"Santosh Mogurampelly, Swati Panigrahi, Dhananjay Bhattacharyya",arXiv,2026-07-12,"Using all atom molecular dynamics simulations, we report spontaneous unzipping and strong binding of small interfering RNA (siRNA) on graphene. Our dispersion corrected density functional theory based calculations suggest that nucleosides of RNA have stronger attractive interactions with graphene as compared to DNA residues. These stronger interactions force the double stranded siRNA to spontaneou",http://arxiv.org/abs/1207.4569v1,arXiv
Unzipping and binding of small interfering RNA with single walled Carbon Nanotube: a platform for small interfering RNA delivery,"Mogurampelly Santosh, Swati Panigrahi, Dhananjay Bhattacharyya",arXiv,2026-07-12,"In an effort to design efficient platform for siRNA delivery, we combine all atom classical and quantum simulations to study the binding of small interfering RNA (siRNA) by pristine single wall carbon nanotube (SWCNT). Our results show that siRNA strongly binds to SWCNT surface via unzipping its base-pairs and the propensity of unzipping increases with the increase in the diameter of the SWCNTs. T",http://arxiv.org/abs/1203.2409v1,arXiv
Nanodiamond as a vector for siRNA delivery to Ewing sarcoma cells,"Anna Alhaddad, Marie-Pierre Adam, Jacques Botsoa",arXiv,2026-07-12,"We investigated the ability of diamond nanoparticles (nanodiamonds, NDs) to deliver small interfering RNA (siRNA) in Ewing sarcoma cells, in the perspective of in vivo anti-cancer nucleic acid drug delivery. siRNA was adsorbed onto NDs previously coated with cationic polymer. Cell uptake of NDs has been demonstrated by taking advantage of NDs intrinsic fluorescence coming from embedded color cente",http://arxiv.org/abs/1106.2252v2,arXiv
Target prediction and a statistical sampling algorithm for RNA-RNA interaction,"F. W. D. Huang, J. Qin, C. M. Reidys",arXiv,2026-07-12,"It has been proven that the accessibility of the target sites has a critical influence for miRNA and siRNA. In this paper, we present a program, rip2.0, not only the energetically most favorable targets site based on the hybrid-probability, but also a statistical sampling structure to illustrate the statistical characterization and representation of the Boltzmann ensemble of RNA-RNA interaction st",http://arxiv.org/abs/0908.0597v1,arXiv
In silico evidence of the relationship between miRNAs and siRNAs,"Ludovica Montanucci, Piero Fariselli, Pier Luigi Martelli",arXiv,2026-07-12,"Both short interfering RNAs (siRNAs) and microRNAs (miRNAs) mediate the repression of specific sequences of mRNA through the RNA interference pathway. In the last years several experiments have supported the hypothesis that siRNAs and miRNAs may be functionally interchangeable, at least in cultured cells. In this work we verify that this hypothesis is also supported by a computational evidence. We",http://arxiv.org/abs/0705.2355v1,arXiv
