title,authors,journal,date,abstract,link,source
Network pharmacology and experimental validation of asiaticoside protecting against diabetic kidney disease by regulating 11β-hydroxysteroid dehydrogenase type 2.,"Qin Zhu, Peng B I, Jiali Zeng",Journal of traditional Chinese medicine = Chung i tsa chih ying wen pan,2026-06-28,"To explore the protective effects and mechanisms of Asiaticoside (AC) against diabetic kidney disease (DKD) through network pharmacology combined with  Based on network pharmacology and RNA sequencing (RNA-Seq) analyses, combined with molecular docking, the core targets and signaling pathways of AC in the treatment of DKD were predicted and screened. Subsequently, the therapeutic effect of AC on D",https://pubmed.ncbi.nlm.nih.gov/42365411/,PubMed
Biology-aligned cervical cancer screening: target-centric biomarkers and next-generation diagnostic platforms.,"Yu Jin Suh, Park Gayoung, Seo Hyewon",Biomarker research,2026-06-28,"Cervical cancer remains a leading cause of cancer-related mortality among women worldwide, with mortality disproportionately concentrated in low-and middle-income countries (LMICs), where screening infrastructure is limited. Although persistent high-risk human papillomavirus (hrHPV) infection drives nearly all cervical cancers through a prolonged preinvasive window, making the disease both prevent",https://pubmed.ncbi.nlm.nih.gov/42365384/,PubMed
Programmable aging function-related mitochondrial DNA 5-methylcytosine (m5C) modification with a TALE-directed methyltransferase.,"Li Guo, Zhou Xinzhi, Zhu Guanglin",Cell communication and signaling : CCS,2026-06-28,"Mitochondrial epigenetic editing offers a potential strategy for modulating disease-causing mitochondrial genes while leaving the underlying DNA sequence unchanged. In this study, we present MEE, a mitochondrial epigenetic editor consisting of mitochondrion-targeted TALE modules fused to Dnmt3A and Dnmt3L methyltransferases. MEE efficiently directed site-specific 5mC methylation within cellular mi",https://pubmed.ncbi.nlm.nih.gov/42365323/,PubMed
Winter-associated downregulation of ovarian NR5A2 correlates with impaired follicle development in the striped hamster (Cricetulus barabensis).,"Xue Huiliang, Bu Fanli, Li Guangyu",Scientific reports,2026-06-28,"To investigate the role of Nuclear receptor subfamily 5, group A, member 2 (NR5A2) in the seasonal regulation of follicle development in striped hamsters (Cricetulus barabensis), we collected 32 adult females, eight individuals from each season (spring, summer, autumn, and winter). Hematoxylin and eosin (H&E) staining was performed to quantify seasonal variations in follicle numbers across distinc",https://pubmed.ncbi.nlm.nih.gov/42365199/,PubMed
SIGLEC12 Predicts Prognosis and Chemotherapeutic Vulnerability in Patients with Pancreatic Cancer.,"An Yanfei, Chu Yafen, Jia Jinbin",Annals of surgical oncology,2026-06-28,"Emerging evidence implicates sialic acid-binding immunoglobulin-like lectin (SIGLEC) family members as emerging immune checkpoints and as having a role in cancer progression. However, as a relatively unique SIGLEC member, SIGLEC12 has rarely been studied in cancer, and its clinical significance in pancreatic ductal adenocarcinoma (PDAC) remains largely unknown. This study aimed to investigate the ",https://pubmed.ncbi.nlm.nih.gov/42365150/,PubMed
Analysis of the coding transcriptome in NSCLC highlights variant-specific gene expression and signaling in CD74-ROS1 fusions.,"Vargas Jasmine, Olivieri Julia, Pantouris Georgios",Scientific reports,2026-06-28,"The CD74-ROS1 fusion protein is an aggressive oncogenic driver detected in non-small cell lung cancer (NSCLC) patients from stages I-IV. Despite its rare occurrence, CD74-ROS1 has a notable clinical value, with ROS1 inhibitors used as first-line therapeutics in precision medicine. Upon targeting the cancer with ROS1 tyrosine kinase inhibitors (TKIs), resistance occasionally emerges for reasons tha",https://pubmed.ncbi.nlm.nih.gov/42365094/,PubMed
Comprehensive bioinformatics analysis identifies KYNU as a novel Helicobacter pylori -associated biomarker with prognostic and therapeutic potential in gastric cancer.,"Zhang Yangyang, Cao Ruofan, Yu Qiantong",Scientific reports,2026-06-28,"Helicobacter pylori (H. pylori) infection is a major risk factor for gastric cancer (GC), yet the key genes mediating this carcinogenesis remain unclear. This study aimed to identify H. pylori-related genes in GC and elucidate their molecular functions. Transcriptomic data from TCGA and GEO databases were analyzed using weighted gene co-expression network analysis (WGCNA), LASSO regression, and mu",https://pubmed.ncbi.nlm.nih.gov/42365091/,PubMed
NRP1 promotes hepatic fibrosis by regulating Src/Rab7-mediated lysosomal degradation of TβRI.,"Jia Zhe, Song Xiaodong, Bai Jie",Cell death discovery,2026-06-28,"Activation of hepatic stellate cells (HSCs) and subsequent dysregulation of the TGF-β1 signaling pathway are central to the progression of hepatic fibrosis. Neuropilin-1 (NRP1) has been identified as a co-receptor involved in multiple signaling pathways, yet its role in modulating TGF-β receptor stability in HSCs remains to be fully elucidated. This study investigated the regulatory role of the NR",https://pubmed.ncbi.nlm.nih.gov/42365017/,PubMed
Multilayered control of mRNA delivery to cell protrusions drives localized mini-cytoplasm establishment for stress-induced cell activation.,"Duval Carlotta, Lauria Andrea, Croce Alessandro",Nature communications,2026-06-28,"In response to stress, cells exploit plasticity to self-activate and form protrusions that explore the environment and guide migration. While protrusion initiation is well characterized, their maturation and functional composition remain poorly understood. Here, using a new pooled genetic approach (ReGenT-seq) to interrogate chromatin factors controlling epidermal progenitor activation, we unexpec",https://pubmed.ncbi.nlm.nih.gov/42365002/,PubMed
Intranasal boosting induces variant-specific responses in SARS-CoV-2 vaccine-imprinted mice.,"Liang Chieh-Yu, Scheaffer Suzanne M, Case James Brett",Nature communications,2026-06-28,"The continued evolution of SARS-CoV-2 variants that evade immunity highlights a need to develop vaccines that elicit variant-specific antibodies and neutralize emerging strains. However, immune imprinting from antecedent SARS-CoV-2 exposure can limit the generation of such antibodies. Here, we evaluate strategies to enhance variant-specific antibody responses in female mice primed with Wuhan-1 spi",https://pubmed.ncbi.nlm.nih.gov/42364994/,PubMed
Active-learning-guided optimization of cell-free systems for genome-wide transcriptomic profiling reveals progressive layers of regulation.,"Wagner Léa, Hoang An, Rue Olivier",Nature communications,2026-06-28,"Understanding genome regulation is limited by the complexity of molecular interactions in living cells. Cell-free systems provide a simplified platform for studying gene expression, but low mRNA levels have prevented RNA-seq. To address this, we develop an active learning workflow combining Bayesian optimization with automated high-throughput experimentation to systematically explore over 1.6 mill",https://pubmed.ncbi.nlm.nih.gov/42364991/,PubMed
In Silico Prediction of Gallic Acid Binding to Zika Virus NS3/RdRp Proteins and In Vitro Confirmation of Its Antiviral Activity.,"Heo Jun-Ho, Kang Nalae, Lee Yeon-Ji",European journal of pharmacology,2026-06-28,"The global health threat posed by the Zika virus (ZIKV), characterized by its association with severe neurological sequelae and congenital malformations, is exacerbated by the current lack of clinically approved antiviral interventions. This study aimed to identify a benzoic acid-derived anti-ZIKV candidate through in silico-in vitro screening of derivatives and to characterize the selected lead c",https://pubmed.ncbi.nlm.nih.gov/42364892/,PubMed
Splicing dependency between EIF4G2 introns is mediated by exon definition and relies on a downstream splicing event.,"Pelletier Marie-Lee, Vincent Joëlle, Malo Téa",The Journal of biological chemistry,2026-06-28,"In mammalian cells, pre-mRNA splicing requires the excision of multiple introns within the same nascent transcript through the coordinated action of the spliceosome and accessory factors. We and others recently demonstrated that multi-intron splicing follows a predetermined order, and that removal of proximal introns is coordinated. Notably, specific introns that are removed later within a transcr",https://pubmed.ncbi.nlm.nih.gov/42364809/,PubMed
Development of an inducible cellobiohydrolase promoter and its application for enhancing the production of ganoderic acids in Ganoderma lingzhi.,"Xu Yan, Luo Rui-Qi, Wang Zi-Xu",Journal of biotechnology,2026-06-28,"Ganoderma lingzhi, a well-known medicinal mushroom, is regarded as a promising cell factory for producing various high-value bioactive compounds. However, the lack of inducible genetic tools in Ganoderma has hindered metabolic and genetic engineering efforts in this species. In this study, the cellobiohydrolase gene promoter (Pcbh) from G. lingzhi was cloned for the first time. Using a codon-optim",https://pubmed.ncbi.nlm.nih.gov/42364777/,PubMed
Targeting delivery systems with aptamer-conjugated hyaluronic acid for personalized assessment of treatment response to targeted cancer therapy.,"Gao Qing-Yu, Han Di, Liao Xin-Ru",International journal of biological macromolecules,2026-06-28,"A central objective in oncology is to identify therapeutic targets essential for the survival of proliferating malignant cells. However, a major challenge in pre-clinical research is the scarcity of robust models capable of accurately assessing therapeutic efficacy in patient-specific heterogeneous cancer cells. Here, we developed an ex vivo platform for patient-specific assessment using biomacrom",https://pubmed.ncbi.nlm.nih.gov/42364748/,PubMed
METTL1 promotes hepatic steatosis by mediating m,"Li Linghuan, Sun Yuanhai, Li Lingqin",Life sciences,2026-06-28,"Metabolic dysfunction-associated steatotic liver disease (MASLD) is defined by aberrant hepatic lipid accumulation, yet the regulatory mechanisms underlying this process remain incompletely understood. Although epitranscriptomic modifications have emerged as key regulators of hepatic lipid homeostasis, the role of N Histological and immunohistochemistry studies were used to assess lipid deposition",https://pubmed.ncbi.nlm.nih.gov/42364691/,PubMed
"The effects of T-2 toxin on hepatic cytochrome P450 and carboxylesterase enzymes in mice: Evidence as changes in their expression, activity, and transcriptomic profiles.","Mao Tingting, Liu Chen, Zhao Tong",Ecotoxicology and environmental safety,2026-06-28,"T-2 toxin, a highly toxic trichothecene mycotoxin contaminating cereal grains, poses serious health threats. However, its specific effects on hepatic drug-metabolizing enzymes (DMEs) remain poorly characterized. This study aimed to investigate the impact of T-2 toxin on key cytochrome P450 (CYP) and carboxylesterase (CES) enzymes in mouse liver. Male C57BL/6 mice were randomly divided into control",https://pubmed.ncbi.nlm.nih.gov/42364637/,PubMed
Tracheal transcriptional response to challenge with virulent Mycoplasma gallisepticum in chickens spray vaccinated with the Vaxsafe MG304 live-attenuated vaccine.,"Kamathewatta Kanishka I, Kanci Condello Anna, Noormohammadi Amir H",Veterinary microbiology,2026-06-28,The live-attenuated Vaxsafe MG304 (ts-304 strain) vaccine protects against respiratory tract lesions caused by Mycoplasma gallisepticum when it is administered to day-old chicks by aerosol spray in either an aqueous or a gel base. This study used mRNA sequencing to examine transcriptional changes in the tracheal mucosa after challenge with M. gallisepticum in chickens spray vaccinated with Vaxsafe,https://pubmed.ncbi.nlm.nih.gov/42364325/,PubMed
"A prematurely terminated phase 2, randomised trial to evaluate immunogenicity and reactogenicity of a single versus two-dose primary vaccination regimen of the mRNA vaccine BNT162b2 in previously SARS-CoV-2 infected children 5-11 years old (CoVacc trial).","Prat-Aymerich Cristina, Yeghiazaryan Lusine, Pathirana Rishi Delan",Vaccine,2026-06-28,"This open-label randomised phase 2 study aimed to determine whether a single versus two-dose BNT162b2 primary vaccination regimen in children 5 to 11 years old with prior SARS-CoV-2 infection was non-inferior in terms of immunogenicity and superior in terms of safety and reactogenicity. Participants were randomly assigned (1:1) to receive either one or two doses, spaced 3 to 12-weeks. The primary ",https://pubmed.ncbi.nlm.nih.gov/42364277/,PubMed
Hsa_circ_0003258 drives serine biosynthesis and docetaxel resistance in prostate cancer by enhancing IGF2BP3-mediated PSAT1 mRNA stability.,"Ge Shengdong, Liu Xiaofeng, Zeng Xianzi",Drug resistance updates : reviews and commentaries in antimicrobial and anticancer chemotherapy,2026-06-28,"Docetaxel (DTX)-based therapy remains first-line treatment for advanced prostate cancer (PCa), yet its efficacy is often compromised by chemoresistance. Emerging evidence highlights that circular RNAs (circRNAs) contribute to the development of chemoresistance, but their specific functions in DTX-resistant PCa remain poorly understood. By integrating molecular biology, cell biology, and immunology",https://pubmed.ncbi.nlm.nih.gov/42364255/,PubMed
Energy-efficient codon optimization on thermodynamic hardware,"Andraz Jelincic, Ross C. Walker",arXiv,2026-06-28,"The growing energy demand for computation is becoming increasingly unsustainable. Thermodynamic computing, which harnesses physical thermal fluctuations as a computational resource rather than suppressing them, offers orders-of-magnitude energy savings for probabilistic and combinatorial tasks. Pharmaceutical R&D, heavily reliant on computational optimization and sampling, is a natural application",http://arxiv.org/abs/2606.17327v1,arXiv
mRNAutilus: Multi-Objective-Guided Discrete Generation of mRNA with Optimized Therapeutic Properties,"Sawan Patel, Sophia Tang, Yesol Kim",arXiv,2026-06-28,"Therapeutic mRNA design requires coordinating multiple interacting sequence features across the full transcript, where codon usage, untranslated regions (UTRs), and their coupling jointly determine stability, translation efficiency, and protein expression. Here, we present mRNA generation via unrolled trajectories and informed latent updates (mRNAutilus), a framework for simultaneous codon optimiz",http://arxiv.org/abs/2605.31296v1,arXiv
Sampling-based Continuous Optimization for Messenger RNA Design,"Feipeng Yue, Ning Dai, Wei Yu Tang",arXiv,2026-06-28,"Designing messenger RNA (mRNA) sequences for a fixed target protein requires searching an exponentially large synonymous space while optimizing properties that affect stability and downstream performance. This is challenging because practical mRNA design involves multiple coupled objectives beyond classical folding criteria, and different applications prefer different trade-offs. We propose a gene",http://arxiv.org/abs/2603.06559v1,arXiv
Drug-like antibodies with low immunogenicity in human panels designed with Latent-X2," Latent Labs Team, Henry Kenlay, Daniella Pretorius",arXiv,2026-06-28,"Drug discovery has long sought computational systems capable of designing drug-like molecules directly: developable and non-immunogenic from the start. Here we introduce Latent-X2, a frontier generative model that achieves this goal through zero-shot design of antibodies with strong binding affinities, drug-like properties, and, for the first time for any de novo generated antibody, confirmed low ",http://arxiv.org/abs/2512.20263v1,arXiv
"RNAGenScape: Property-Guided, Optimized Generation of mRNA Sequences with Manifold Langevin Dynamics","Danqi Liao, Chen Liu, Xingzhi Sun",arXiv,2026-06-28,"Generating property-optimized mRNA sequences is central to applications such as vaccine design and protein replacement therapy, but remains challenging due to limited data, complex sequence-function relationships, and the narrow space of biologically viable sequences. Generative methods that drift away from the data manifold can yield sequences that fail to fold, translate poorly, or are otherwise",http://arxiv.org/abs/2510.24736v3,arXiv
Yeast growth is controlled by the proportional scaling of mRNA and ribosome concentrations,"Xin Gao, Michael Lanz, Rosslyn Grosely",arXiv,2026-06-28,"Despite growth being fundamental to all aspects of cell biology, we do not yet know its organizing principles in eukaryotic cells. Classic models derived from the bacteria E. coli posit that protein-synthesis rates are set by mass-action collisions between charged tRNAs produced by metabolic enzymes and mRNA-bound ribosomes. These models show that faster growth is achieved by simultaneously raisin",http://arxiv.org/abs/2508.14997v1,arXiv
mRNA Folding Algorithms for Structure and Codon Optimization,"Max Ward, Mary Richardson, Mihir Metkar",arXiv,2026-06-28,"mRNA technology has revolutionized vaccine development, protein replacement therapies, and cancer immunotherapies, offering rapid production and precise control over sequence and efficacy. However, the inherent instability of mRNA poses significant challenges for drug storage and distribution, particularly in resource-limited regions. Co-optimizing RNA structure and codon choice has emerged as a p",http://arxiv.org/abs/2503.19273v1,arXiv
Generative Model for Synthesizing Ionizable Lipids: A Monte Carlo Tree Search Approach,"Jingyi Zhao, Yuxuan Ou, Austin Tripp",arXiv,2026-06-28,"Ionizable lipids are essential in developing lipid nanoparticles (LNPs) for effective messenger RNA (mRNA) delivery. While traditional methods for designing new ionizable lipids are typically time-consuming, deep generative models have emerged as a powerful solution, significantly accelerating the molecular discovery process. However, a practical challenge arises as the molecular structures genera",http://arxiv.org/abs/2412.00807v1,arXiv
Machine learning framework to predict the performance of lipid nanoparticles for nucleic acid delivery,"Gaurav Kumar, Arezoo M. Ardekani",arXiv,2026-06-28,"Lipid nanoparticles (LNPs) are highly effective carriers for gene therapies, including mRNA and siRNA delivery, due to their ability to transport nucleic acids across biological membranes, low cytotoxicity, improved pharmacokinetics, and scalability. A typical approach to formulate LNPs is to establish a quantitative structure-activity relationship (QSAR) between their compositions and in vitro/in",http://arxiv.org/abs/2411.14293v1,arXiv
Joint Design of 5' Untranslated Region and Coding Sequence of mRNA,"Yang Liu, Jie Gao, Xiaonan Zhang",arXiv,2026-06-28,"Messenger RNA (mRNA) vaccines and therapeutics are emerging as powerful tools against a variety of diseases, including infectious diseases and cancer. The design of mRNA molecules, particularly the untranslated region (UTR) and coding sequence (CDS) is crucial for optimizing translation efficiency and stability. Current design approaches generally focus solely on either the 5' UTR or the CDS, whic",http://arxiv.org/abs/2410.20781v1,arXiv
Bacterial stress granule protects mRNA through ribonucleases exclusion,"Linsen Pei, Yujia Xian, Xiaodan Yan",arXiv,2026-06-28,"Membraneless droplets formed through liquid-liquid phase separation (LLPS) play a crucial role in mRNA storage, enabling organisms to swiftly respond to environmental changes. However, the mechanisms underlying mRNA integration and protection within droplets remain unclear. Here, we unravel the role of bacterial aggresomes as stress granules (SGs) in safeguarding mRNA during stress. We discovered ",http://arxiv.org/abs/2404.17873v2,arXiv
"Hypolipidemic effect of brown seaweed (Sargassum crassifolium) extract in vivo (Study of histopathology, mRNA expression, and immunohistochemistry (IHC) with VCAM-1, ICAM-1, and MCP-1 parameters)","Sarah Zaidan, Syamsudin Abdillah, Nur Arfian",arXiv,2026-06-28,The purpose of this study was to obtain natural drugs from brown seaweed (Sargassum crassifolium) as antiatherosclerosis candidates through the study of hypolipidemic mechanisms of action. Modeling of dyslipidemia rats was carried out by feeding high-fat (HFF) and doses of crude fucoidan 100. 200. 400mg / KgBB. in both treatments measured blood lipid profile levels taken from the orbital sinuses. ,http://arxiv.org/abs/2402.07497v1,arXiv
Machine Learning Modeling Of SiRNA Structure-Potency Relationship With Applications Against Sars-Cov-2 Spike Gene,Damilola Oshunyinka,arXiv,2026-06-28,"The pharmaceutical Research and development (R&D) process is lengthy and costly, taking nearly a decade to bring a new drug to the market. However, advancements in biotechnology, computational methods, and machine learning algorithms have the potential to revolutionize drug discovery, speeding up the process and improving patient outcomes. The COVID-19 pandemic has further accelerated and deepened",http://arxiv.org/abs/2401.12232v1,arXiv
Messenger RNA Design via Expected Partition Function and Continuous Optimization,"Ning Dai, Wei Yu Tang, Tianshuo Zhou",arXiv,2026-06-28,"The tasks of designing RNAs are discrete optimization problems, and several versions of these problems are NP-hard. As an alternative to commonly used local search methods, we formulate these problems as continuous optimization and develop a general framework for this optimization based on a generalization of classical partition function which we call ""expected partition function"". The basic idea ",http://arxiv.org/abs/2401.00037v2,arXiv
Machine Learning-guided Lipid Nanoparticle Design for mRNA Delivery,"Daisy Yi Ding, Yuhui Zhang, Yuan Jia",arXiv,2026-06-28,"While RNA technologies hold immense therapeutic potential in a range of applications from vaccination to gene editing, the broad implementation of these technologies is hindered by the challenge of delivering these agents effectively. Lipid nanoparticles have emerged as one of the most widely used delivery agents, but their design optimization relies on laborious and costly experimental methods. W",http://arxiv.org/abs/2308.01402v2,arXiv
Corrected Hill Function in Stochastic Gene Regulatory Networks,"Manuel Eduardo Hernández-García, Jorge Velázquez-Castro",arXiv,2026-06-28,"Describing reaction rates in stochastic bio-circuits is commonly done by directly introducing the deterministically deduced Hill function into the master equation. However, when fluctuations in enzymatic reaction rates are not neglectable, the Hill function must be derived, considering all the involved stochastic reactions. In this work, we derived the stochastic version of the Hill function from ",http://arxiv.org/abs/2307.03057v4,arXiv
Stochastic dynamics and ribosome-RNAP interactions in Transcription-Translation Coupling,"Xiangting Li, Tom Chou",arXiv,2026-06-28,"Under certain cellular conditions, transcription and mRNA translation in prokaryotes appear to be ""coupled,"" in which the formation of mRNA transcript and production of its associated protein are temporally correlated. Such transcription-translation coupling (TTC) has been evoked as a mechanism that speeds up the overall process, provides protection during the transcription, and/or regulates the t",http://arxiv.org/abs/2207.04568v1,arXiv
Coronavirus RNA Sensor Using Single-Stranded DNA Bonded to Sub-Percolated Gold Films on Monolayer Graphene Field-Effect Transistors,"Nicholas E. Fuhr, Mohamed Azize, David J. Bishop",arXiv,2026-06-28,"Electrical detection of messenger ribonucleic acid (mRNA) is a promising approach to enhancing transcriptomics and disease diagnostics because of its sensitivity, rapidity, and modularity. Reported here is a fast SARS-CoV-2 mRNA biosensor (<1 minute) with a limit of detection of 1 aM, and dynamic range of 4 orders of magnitude and a linear sensitivity of 22 mV per molar decade. These figures of me",http://arxiv.org/abs/2205.05143v1,arXiv
Deep learning models for predicting RNA degradation via dual crowdsourcing,"Hannah K. Wayment-Steele, Wipapat Kladwang, Andrew M. Watkins",arXiv,2026-06-28,"Messenger RNA-based medicines hold immense potential, as evidenced by their rapid deployment as COVID-19 vaccines. However, worldwide distribution of mRNA molecules has been limited by their thermostability, which is fundamentally limited by the intrinsic instability of RNA molecules to a chemical degradation reaction called in-line hydrolysis. Predicting the degradation of an RNA molecule is a ke",http://arxiv.org/abs/2110.07531v2,arXiv
Coagulapathies after vaccination against SARS-CoV-2 may be derived from a combination effect of SARS-CoV-2 spike protein and adenovirus vector-triggered signaling pathways,Ralf Kircheis,arXiv,2026-06-28,"The novel coronavirus SARS-CoV-2 has resulted in a global pandemic with worldwide 6-digital infection rates and thousands death tolls daily. Enormeous effords are undertaken to achieve high coverage of immunization in order to reach herd immunity to stop spreading of SARS-CoV-2 infection. Several SARS-CoV-2 vaccines, based either on mRNA, viral vectors, or inactivated SARS-CoV-2 virus have been ap",http://arxiv.org/abs/2109.00089v1,arXiv
SLC5A2-SRC-ERK/STAT3 signaling network in proximal tubule S1 cells mediates the renoprotective effects of dapagliflozin in obese mice.,"Sun Feifei, Cai Jiahui, Zhao Shasha",Biochemical and biophysical research communications,2026-06-28,"Obesity-related kidney disease (ORKD) has a complex pathogenesis, and current therapeutic strategies have significant limitations. Although sodium-glucose cotransporter 2 inhibitors (SGLT2i) exhibit remarkable renoprotective effects, their direct cellular targets and underlying molecular mechanisms remain unclear. In this study, we systematically elucidated the mechanism of action of dapagliflozin",https://pubmed.ncbi.nlm.nih.gov/42364320/,PubMed
BTG2 knockdown attenuates oxygen-glucose deprivation/reoxygenation-induced injury and apoptosis in PC12 cells: an effect associated with MAPK pathway inhibition.,"Yin Hua, Peng Jing, Zhao Guigang",Molecular biology reports,2026-06-28,"Apoptosis, oxidative stress, and inflammatory responses are involved in ischemia-reperfusion injury (IRI), a pathological process leading to neuronal damage. B-cell translocation gene 2 (BTG2) regulates cellular injury and apoptosis. However, its role and molecular mechanisms in oxygen-glucose deprivation/reoxygenation (OGD/R)-induced injury remain unclear. To explore BTG2's role in OGD/R-induced ",https://pubmed.ncbi.nlm.nih.gov/42364019/,PubMed
A Novel lncRNA-ADAT1/miR-449a-5p/FZD5 Axis Regulates Melanogenesis and Proliferation in Goat Melanocytes.,"Liu Jinjia, Li Yiyue, Tian Wenli",FASEB journal : official publication of the Federation of American Societies for Experimental Biology,2026-06-28,"Long noncoding RNAs (lncRNAs) regulate diverse biological processes. However, their roles in melanogenesis remain poorly understood. This study investigated a lncRNA (ENSCHIT00000005207; lncRNA-ADAT1) that is differentially expressed in the skin of white and brown goats. lncRNA-ADAT1 expression in goat melanocytes was determined using quantitative real-time polymerase chain reaction (qRT-PCR) and ",https://pubmed.ncbi.nlm.nih.gov/42363863/,PubMed
CitRWP directly activates CsDAZ3 to promote somatic embryogenesis in Citrus.,"Zhou Yin, Song Xietian, Wang Nan",The New phytologist,2026-06-28,"Somatic embryogenesis (SE) serves as an ideal model for studying plant cell totipotency and embryonic development mechanisms, yet the transcriptional and epigenetic regulation underlying this process remains poorly characterized. We found that citrus nucellar polyembryony (a form of apomixis) gene, RWP-RK domain-containing transcription factor (CitRWP) is highly expressed in embryogenic callus wit",https://pubmed.ncbi.nlm.nih.gov/42363569/,PubMed
A novel role for Magnetotactic bacterium: Magnetospirillum magneticum AMB-1 prolonged healthy lifespan of Caenorhabditis elegans via regulating ferroptosis.,"Ding Yuting, Huang Xinyao, Zhao Yanan",Free radical biology & medicine,2026-06-28,"Magnetotactic bacteria (MTB), which contain special nano-magnetic particles within their cells, have been extensively studied for biomedical applications including drug delivery and cancer treatment. However, the practical application of bacteria themselves remains relatively limited in current research. Magnetospirillum magneticum AMB-1 (AMB-1), an MTB capable of iron biomineralization and posses",https://pubmed.ncbi.nlm.nih.gov/42361992/,PubMed
Salvia miltiorrhiza Bunge Alleviates Pulmonary Fibrosis by Promoting Fibroblast Mitophagy.,"Xing Zhang, Naifan Duan, Yan Xue",Journal of ethnopharmacology,2026-06-28,"Salvia miltiorrhiza Bunge (SM), a traditional medicinal herb, demonstrates potential in treating pulmonary fibrosis (PF). Although preclinical studies suggest anti-fibrotic properties, its mechanisms remain unclear. This study elucidates the efficacy and molecular pathways of SM in pulmonary fibrosis. A rodent model of pulmonary fibrosis and an in vitro lung fibroblast system were established. RNA",https://pubmed.ncbi.nlm.nih.gov/42361931/,PubMed
A salivary elicitor in Laedelphax stiatellus positively regulates plant defenses on optimal and suboptimal hosts.,"Teng Dong, Gao Haoli, Chen Ruifang",The Plant journal : for cell and molecular biology,2026-06-28,"While herbivorous insects often secrete effector proteins to suppress plant immunity, alternative adaptation strategies remain less explored. Here, we report a counterintuitive approach in the small brown planthopper, Laodelphax striatellus. SBPH downregulated a salivary gland-specific elicitor gene, LsG40, when transferred from the optimal host rice to the suboptimal host corn. When expressed in ",https://pubmed.ncbi.nlm.nih.gov/42361350/,PubMed
Consistent Efficacy of Vutrisiran Across Sexes in Transthyretin Cardiac Amyloidosis: Evidence from the HELIOS-B Trial.,"Mansell Josephine, Wang Xiaowen, Jering Karola S",European journal of heart failure,2026-06-28,"Sex differences in transthyretin cardiac amyloidosis (ATTR-CM) are increasingly recognised; however, women are underrepresented in trials and sex-specific treatment effects remain incompletely understood. We evaluated sex differences in baseline phenotype, outcomes and vutrisiran response in ATTR-CM. HELIOS-B was a phase 3, randomised, double-blind, placebo-controlled trial enrolling patients with",https://pubmed.ncbi.nlm.nih.gov/42361317/,PubMed
RNA interference targeting factor XI: new and novel approach.,Becker Richard C,Blood advances,2026-06-28,,https://pubmed.ncbi.nlm.nih.gov/42360870/,PubMed
[From rhizomania to viral RNAs structure functions].,"Janzam Amélie, Gilmer David","Virologie (Montrouge, France)",2026-06-28,"Beet necrotic yellow vein virus (BNYVV), the causal agent of sugar beet rhizomania, is a multipartite positive-sense RNA virus whose biology illustrates the close relationship between viral RNA structure, interactions, and pathogenicity. Composed of four to five individually encapsidated segments, its genome contains all the information necessary for its replication, viral movement from cell to ce",https://pubmed.ncbi.nlm.nih.gov/42360699/,PubMed
The odorant-binding proteins SfOBP23 and SfOBP24 facilitate the recognition of sugarcane volatile compounds by Spodoptera frugiperda larvae.,"Li Lin, Lin Jin-Wen, Dai Shuang-Ru",Journal of economic entomology,2026-06-28,"The fall armyworm threatens the production of sugarcane in China. This study integrates behavioral assays, volatilomics, molecular biology, and protein biochemistry to investigate the olfactory basis of larval host selection. Three volatile compounds-caryophyllene, diisobutyl phthalate, and cis-3-hexenyl propionate-were identified from infested sugarcane plants via GC-MS. Behavioral bioassays reve",https://pubmed.ncbi.nlm.nih.gov/42359932/,PubMed
"Therapeutic frontiers in ALS: iPSC-based drug discovery, cell therapy, and gene therapy-Advances through 2026.","Morimoto Satoru, Kato Chris, Takahashi Shinichi",Regenerative therapy,2026-06-28,"Three converging therapeutic paradigms-iPSC-based drug discovery, cell transplantation, and gene therapy-have substantially expanded the therapeutic pipeline for amyotrophic lateral sclerosis (ALS) between 2020 and 2026. The FDA's accelerated approval of tofersen (Qalsody) in April 2023 marked the first treatment targeting a genetic cause of ALS. iPSC-derived drug candidates, including ropinirole ",https://pubmed.ncbi.nlm.nih.gov/42359165/,PubMed
Genetic Interruption of PD-1/PD-L1 as an Alternative Means for Immune Checkpoint Blockade in Cancer: A Review.,"Li Dan, Lu Jiao, Li Qianru",Pharmaceutics,2026-06-28,,https://pubmed.ncbi.nlm.nih.gov/42357368/,PubMed
RNA Interference Silences Genes at Post-Transcriptional Level Without Impacting Nascent RNA in Soybean Hairy Roots.,"Jiang Li, Pang Jinfeng, Bai Qianyue","Plants (Basel, Switzerland)",2026-06-28,"RNA interference (RNAi) is an effective mechanism for reducing gene expression, therefore enabling the exploration of gene function. Its application in hairy root transient transformation facilitates rapid preliminary evaluation of gene function, specifically tackling the difficulties linked to steady transformation in soybean. The mechanisms of RNAi have been thoroughly investigated in model plan",https://pubmed.ncbi.nlm.nih.gov/42357129/,PubMed
RNAi Power Targets in Insect Pests: Beyond Functional Validation to Biopesticide Development Potential.,"Jamil Momana, Ahmad Shakil, Palma-Onetto Valeria","Plants (Basel, Switzerland)",2026-06-28,"Global agricultural production faces unprecedented challenges due to climate crisis, biodiversity loss, and increasing population pressure, while there is a growing demand for sustainable and eco-conscious food production systems. Traditional methods of crop protection like the use of synthetic chemical pesticides are becoming less effective due to the high resistance development in major insect p",https://pubmed.ncbi.nlm.nih.gov/42357122/,PubMed
The Role and Therapeutic Potential of the STING Signaling Pathway in the Pathogenesis of Diabetic Nephropathy.,"Zhang Xin-Yuan, Hu Yan, Tang Ming-Tan","Pharmaceuticals (Basel, Switzerland)",2026-06-28,"Diabetes mellitus currently represents a major public health burden worldwide. Among diabetic individuals, diabetic nephropathy (DN) is a frequent and serious microvascular complication that markedly affects both patients' quality of life and clinical outcomes. DN has also emerged as the leading contributor to end-stage renal disease (ESRD). Over recent years, the stimulator of interferon genes (S",https://pubmed.ncbi.nlm.nih.gov/42356544/,PubMed
Insight into the Prospects of RNA Interference for Honey Bee Pathogens and Parasite Control.,"Truong A-Tai, Yoo Mi-Sun, Tran Khanh Linh Ha",Insects,2026-06-28,"Honey bee populations face significant threats from viral pathogens, ",https://pubmed.ncbi.nlm.nih.gov/42355379/,PubMed
Identification and RNA Interference-Based Functional Analysis of Chitin Deacetylase Genes in ,"Kong Dejun, Hou Yangnan, Xiong Yijing",Insects,2026-06-28,"Chitin deacetylases (CDAs) play important roles in the growth and development of insects. In this study, four genes encoding chitin deacetylases (BtCDAs) were identified and characterized in the genome of the whitefly ",https://pubmed.ncbi.nlm.nih.gov/42355361/,PubMed
"TmAbd5 Is Essential for Endocuticle Formation in the Yellow Mealworm, ","Yu Rongrong, Wang Haoran, Liu Gaohua",Insects,2026-06-28,,https://pubmed.ncbi.nlm.nih.gov/42355334/,PubMed
Bayesian Sampling of Structural Ensembles: The Role of Ensemble-Counting Measures,"Ivan Gilardoni, Giovanni Bussi",arXiv,2026-06-28,"Structural ensemble refinement is widely used to integrate molecular simulations with experimental measurements. While most applications focus on the maximum-a-posteriori (MAP) ensemble, Bayesian sampling of the posterior distribution can provide uncertainty estimates and posterior averages for arbitrary observables. A notable step in this direction was introduced by the Bayesian Energy Landscape ",http://arxiv.org/abs/2606.18495v1,arXiv
MultiMolecule: a modular ecosystem for biomolecular sequence-model workflows,Zhiyuan Chen,arXiv,2026-06-28,"Biomolecular sequence models are increasingly reused outside the studies in which they were introduced, but public checkpoints rarely preserve the execution context needed to inspect source-defined behavior, adapt models to new assays, compare models under shared task definitions or deploy biological predictions. MultiMolecule is an open-source Python ecosystem that turns heterogeneous RNA, DNA an",http://arxiv.org/abs/2606.16540v1,arXiv
The Montparnasse Algorithm for RNA Design,Tristan Cazenave,arXiv,2026-06-28,"RNA design consists of discovering a nucleotide sequence that optimizes predefined criteria, such as secondary structure. It is useful for synthetic biology, medicine, and nanotechnology. We propose Montparnasse, a Monte Carlo search framework based on Generalized Nested Rollout Policy Adaptation, augmented with a problem-specific prior, slow and long adaptation at level 1, and a lexicographic mul",http://arxiv.org/abs/2606.07562v1,arXiv
Multimodal Alignment and Preference Optimization for Zero-Shot Conditional RNA Generation,"Roman Klypa, Alberto Bietti, Sergei Grudinin",arXiv,2026-06-28,"The design of RNA molecules that interact with specific proteins is a critical challenge in experimental and computational biology. Despite recent progress in natural language modeling and deep learning-based protein design, there remains significant room to improve the frequency of successful interactions and the authenticity of generated sequences for functional applications. In this work, we fr",http://arxiv.org/abs/2605.23961v1,arXiv
"GoForth: Language Models for RNA Design under Structure, Sequence, and Coding Constraints",Michael Lindsey,arXiv,2026-06-28,"RNA inverse sequence design has broad biological and engineering applications, but computational methods for practical design queries remain limited. Such queries may impose several constraints at once, including target folds or motifs, fixed bases, and coding restrictions, while leaving arbitrary sequence and structure in unspecified regions. Because these constraints may permit many acceptable s",http://arxiv.org/abs/2605.07608v1,arXiv
Bayesian Rate Inference for Sequence Motif Dynamics in Systems of Reactive Nucleic Acids,"Johannes Harth-Kitzerow, Ulrich Gerland, Torsten A. Enßlin",arXiv,2026-06-28,"The RNA world hypothesis suggests a pathway of how life emerged on early earth. It assumes that life started with RNA based systems, capable of storing, transmitting and replicating information, envisioning that monomers and short RNA oligomers interact to form longer strands, eventually becoming catalytically active ribozymes. Key reactions in RNA pools are hybridization, dehybridization, templat",http://arxiv.org/abs/2604.25701v2,arXiv
VARIANT: Web Server for Decoding and Analyzing Viral Mutations at Genome and Protein Levels,"Rui Wang, Xuhang Dai, Xin Cao",arXiv,2026-06-28,"A comprehensive analysis of viral mutations is essential for understanding viral evolution, disease epidemiology, diagnosis, drug resistance, etc. However, challenges remain in capturing complex mutation patterns and supporting diverse viral families with varying genome architectures. To address these needs, we present VARIANT, an web server for mutational analysis of RNA viral genomes and associa",http://arxiv.org/abs/2604.20942v1,arXiv
Interfacial Potential Transduction for Diagnostics,"Hyun-June Jang, Peuli Nath, Yuqin Wang",arXiv,2026-06-28,"A major barrier to decentralized, near-patient diagnostics is the lack of a signal transduction modality that is both analytically precise and accessible at the point of care. Optical readouts remain instrument-dependent and difficult to miniaturize, while compact electrochemical readouts are prone to matrix-derived signal distortion, limiting their biomarker coverage in real clinical settings. He",http://arxiv.org/abs/2603.23775v1,arXiv
ZeroFold: Protein-RNA Binding Affinity Predictions from Pre-Structural Embeddings,"Josef Hanke, Sebastian Pujalte Ojeda, Shengyu Zhang",arXiv,2026-06-28,"The accurate prediction of protein-RNA binding affinity remains an unsolved problem in structural biology, limiting opportunities in understanding gene regulation and designing RNA-targeting therapeutics. A central obstacle is the structural flexibility of RNA, as, unlike proteins, RNA molecules exist as dynamic conformational ensembles. Thus, committing to a single predicted structure discards in",http://arxiv.org/abs/2603.23583v1,arXiv
Computational modeling of RNA-protein binding interactions under an external force,"Danielle Wampler, Ralf Bundschuh",arXiv,2026-06-28,"RNA binding proteins play a crucial role in post-transcriptional gene regulation by controlling the transport, processing, and translation of their target RNAs. Post-transcriptional gene regulation leads to the differential expression of genetic material and loss of regulation or over-regulation relates to a large range of cancers and diseases - many of which have directly been associated with RNA",http://arxiv.org/abs/2603.22269v1,arXiv
Fair splits flip the leaderboard: CHANRG reveals limited generalization in RNA secondary-structure prediction,"Zhiyuan Chen, Zhenfeng Deng, Pan Deng",arXiv,2026-06-28,"Accurate prediction of RNA secondary structure underpins transcriptome annotation, mechanistic analysis of non-coding RNAs, and RNA therapeutic design. Recent gains from deep learning and RNA foundation models are difficult to interpret because current benchmarks may overestimate generalization across RNA families. We present the Comprehensive Hierarchical Annotation of Non-coding RNA Groups (CHAN",http://arxiv.org/abs/2603.22330v1,arXiv
Reverse Distillation: Consistently Scaling Protein Language Model Representations,"Darius Catrina, Christian Bepler, Samuel Sledzieski",arXiv,2026-06-28,"Unlike the predictable scaling laws in natural language processing and computer vision, protein language models (PLMs) scale poorly: for many tasks, models within the same family plateau or even decrease in performance, with mid-sized models often outperforming the largest in the family. We introduce Reverse Distillation, a principled framework that decomposes large PLM representations into orthog",http://arxiv.org/abs/2603.07710v1,arXiv
Fast and Versatile RNA Design via Motif-level Divide-and-Conquer and Structure-level Rival Search,"Tianshuo Zhou, David H. Mathews, Liang Huang",arXiv,2026-06-28,"RNA design aims to identify RNA sequences that fold into a target secondary structure. This task is challenging in terms of computational efficiency. Most existing methods focus on either minimum free energy (MFE)-based or ensemble-based metrics, leaving a gap for a unified approach that performs well across both. We introduce a fast and versatile RNA design algorithm inspired by our previous work",http://arxiv.org/abs/2603.02283v1,arXiv
CryoNet.Refine: A One-step Diffusion Model for Rapid Refinement of Structural Models with Cryo-EM Density Map Restraints,"Fuyao Huang, Xiaozhu Yu, Kui Xu",arXiv,2026-06-28,"High-resolution structure determination by cryo-electron microscopy (cryo-EM) requires the accurate fitting of an atomic model into an experimental density map. Traditional refinement pipelines such as Phenix.real_space_refine and Rosetta are computationally expensive, demand extensive manual tuning, and present a significant bottleneck for researchers. We present CryoNet.Refine, an end-to-end dee",http://arxiv.org/abs/2602.22263v2,arXiv
CPTCs Drive Somatic-Visceral Communication via the Wnt Axis in Somatic Mechanotherapy: A Single-Cell Deep Learning Study,"Haixiang Huang, Zhenwei Zhang, BingBing Shen",arXiv,2026-06-28,"Somatic mechanical stimulation (e.g., acupuncture) exerts systemic immunomodulatory effects, yet the cellular bridge translating peripheral physical force into visceral repair remains elusive. Here, employing a custom interpretable deep learning framework (CARSS) on single-cell RNA sequencing data, we identify CD34$^{+}$PDGFR$α$$^{+}$ telocytes (CPTCs) as the primary mechanosensors in both fascia ",http://arxiv.org/abs/2602.05451v2,arXiv
Tensor-DTI: Enhancing Biomolecular Interaction Prediction with Contrastive Embedding Learning,"Manel Gil-Sorribes, Júlia Vilalta-Mor, Isaac Filella-Mercè",arXiv,2026-06-28,"Accurate drug-target interaction (DTI) prediction is essential for computational drug discovery, yet existing models often rely on single-modality predefined molecular descriptors or sequence-based embeddings with limited representativeness. We propose Tensor-DTI, a contrastive learning framework that integrates multimodal embeddings from molecular graphs, protein language models, and binding-site",http://arxiv.org/abs/2601.05792v1,arXiv
MERGE-RNA: a physics-based model to predict RNA secondary structure ensembles with chemical probing,"Giuseppe Sacco, Jianhui Li, Redmond P. Smyth",arXiv,2026-06-28,"RNA function is tied to secondary structure, operating through dynamic and heterogeneous structural ensembles. While current analysis tools typically output single static structures or averaged contact maps, chemical probing methods like DMS capture nucleotide-resolution signals representing the full structural ensemble, which remain difficult to interpret structurally. To address this, we present",http://arxiv.org/abs/2512.20581v3,arXiv
Methods for Analyzing RNA Pseudoknots via Chord Diagrams and Intersection Graphs,"Rayan Ibrahim, Allison H. Moore",arXiv,2026-06-28,"RNA molecules are known to form complex secondary structures including pseudoknots. A systematic framework for the enumeration, classification and prediction of secondary structures is critical to determine the biological significance of the molecular configurations of RNA. Chord diagrams are mathematical objects widely used to represent RNA secondary structures and to analyze structural motifs, h",http://arxiv.org/abs/2512.19939v1,arXiv
Machine learning for RNA-targeting drug design,"Wissam Karroucha, Carlos Oliver, Veronique Stoven",arXiv,2026-06-28,"Targeting RNA with small molecules offers significant therapeutic potential.
  Machine learning could substantially accelerate preclinical drug discovery, from hit identification to lead optimization.
  Yet a fundamental limitation emerges: drug design machine learning models, tailored for proteins, are not readily applicable to RNAs because of fundamental differences between RNAs and proteins in ",http://arxiv.org/abs/2512.15645v1,arXiv
Doxorubicin-loaded chitosan/gold nanoparticles enhance anticancer effects and reduce CLMAT3 and ZNRD1-AS1 expression in colorectal cancer cells.,"Alizadeh Fatemeh, Rajabi Ali, Goharmomayez Sina",BMC cancer,2026-06-28,"Globally, colorectal cancer (CRC) stands as the second most lethal malignancy. Chemotherapeutic drugs have shown some limitations, including systemic toxicity and non-specificity. Nanocarriers such as chitosan/gold nanoparticles (CS/Au NPs) facilitate drug localization at tumor sites, thereby reducing off-target adverse effects. Doxorubicin-loaded CS/Au NPs were synthesized, and their physicochemi",https://pubmed.ncbi.nlm.nih.gov/42365229/,PubMed
The microbiome-epigenome axis: Regulation of host genome function across development and disease.,"Abuhassan Qamar, Atoom Ali M, Ganesan Subbulakshmi",Cancer treatment and research communications,2026-06-28,"The gut microbiome is increasingly recognized as a metabolically active regulator of host gene expression, translating environmental exposures-particularly diet-into epigenetic signals that shape development, immunity, metabolism, and disease susceptibility. This narrative review synthesizes current evidence for a microbiome-epigenome axis in which microbial metabolites and regulatory molecules mo",https://pubmed.ncbi.nlm.nih.gov/42364261/,PubMed
"Evaluation of Serum Long Non-Coding RNAs HOXA Transcript at the Distal Tip (HOTTIP), Colon Cancer-Associated Transcript 1 (CCAT1), and Colon Cancer-Associated Transcript 2 (CCAT2) as Potential Biomarkers in Schizophrenia.","Güzel Tanoğlu Esra, Ekim Çevik Filiz, Çakmur Kadriye Nur",The Eurasian journal of medicine,2026-06-28,"Schizophrenia (SZ) is a chronic neuropsychiatric disorder with marked impairments in cognitive, behavioral, and emotional functions. Despite extensive research, reliable molecular biomarkers of the disease have not yet been identified. Long non-coding RNAs (lncRNAs) stand out as regulatory molecules with diagnostic potential in many neurological and psychiatric disorders. This study aimed to evalu",https://pubmed.ncbi.nlm.nih.gov/42364226/,PubMed
The translational roles of circular RNAs in cancers and their underlying molecular mechanisms.,"Wu Xinxin, Ye Xiaohan, Chen Huiling","Medical oncology (Northwood, London, England)",2026-06-28,"Circular RNAs (circRNAs) are a class of endogenous RNAs characterized by a covalently closed circular structure. They can be divided into nuclear-encoded circRNAs (nuc-circRNAs) and mitochondria-encoded circular RNAs (mecciRNAs). For the nuc-circRNAs, there are exonic circular RNA (EcircRNA), circular intronic RNA (CiRNA), and exon-intron circular RNA (EIciRNA). Due to lacking the 3' and 5' ends, ",https://pubmed.ncbi.nlm.nih.gov/42363998/,PubMed
Metabolic alterations in the tumor microenvironment influence the anti-tumor immune function of CD8,"Liu Yaru, Du Wei, Deng Weimin",International reviews of immunology,2026-06-28,"Metabolic reprogramming within the tumor microenvironment (TME) is a pivotal driver of CD8 In cancer, tumor cells create a harsh environment that weakens the body’s key fighter cells, known as CD8",https://pubmed.ncbi.nlm.nih.gov/42363870/,PubMed
Dosage compensation defects due to roX RNA loss are rescued by recalibration of X/autosome stoichiometry.,"Gkountromichos Fotios, Yankson George, Jayakrishnan Muhunden",Nucleic acids research,2026-06-28,"Metazoa evolved regulatory networks to balance sex chromosome expression. In Drosophila, males have a single gene-rich X chromosome, whereas females have two. Balanced X/autosome expression is essential for viability, and in male flies is achieved by activation of genes on the X through the male-specific-lethal (MSL) dosage compensation complex (DCC). This ribonucleoprotein assembly contains long ",https://pubmed.ncbi.nlm.nih.gov/42363765/,PubMed
Efficacy and safety of traditional Chinese medicine decoctions as an adjuvant treatment for rheumatoid arthritis: A systematic review and meta-analysis.,"Xu Yining, Luo Linling, Chen Yutong",Medicine,2026-06-28,"To assess the effectiveness and safety of traditional Chinese medicine (TCM) decoctions as an additional therapy for rheumatoid arthritis (RA) via a systematic review and meta-analysis. Databases including PubMed, Web of Science, Cochrane Library, Embase, China National Knowledge Infrastructure, and Wanfang were searched up to June 2024. Randomized controlled trials (RCTs) on TCM decoctions as adj",https://pubmed.ncbi.nlm.nih.gov/42363544/,PubMed
Overexpression of a subset of long intergenic noncoding RNAs in uterine serous carcinoma predicts poor prognosis.,"Zhang Yong, Huang Qiu Yun, Qin XueYuan",Medicine,2026-06-28,"The evaluation and prediction of uterine serous carcinoma (USC), a type of endometrial cancer that is more severe than endometrioid adenocarcinoma, remain challenging. Long noncoding RNAs (lncRNAs) are frequently dysregulated in human cancers. This study assessed the expression patterns and prognostic values of long intergenic noncoding RNAs (lincRNAs) in USC. RNA sequencing, copy number variation",https://pubmed.ncbi.nlm.nih.gov/42363453/,PubMed
Attenuation of sepsis-associated acute lung injury by lncRNA LINC00052 via sponging miR-106b-5p.,"Wang Kun, Guo Yanan, Yu Xianfeng",Journal of cardiothoracic surgery,2026-06-28,"Sepsis-associated acute lung injury (SA-ALI) is a prevalent sequela of sepsis, which imposes a substantial public health burden. Due to the incomplete understanding of its underlying pathogenesis, no fundamental breakthroughs in its treatment have been achieved. To explore the predictive value of LINC00052 and miR-106b-5p in SA-ALI and clarify its mechanism. LINC00052 and miR-106b-5p levels were q",https://pubmed.ncbi.nlm.nih.gov/42363260/,PubMed
Maternal nonylphenol exposure induces offspring intestinal injury and enteric neuronal defects involving proinflammatory macrophage polarization.,"Yang Xuefeng, Huang Lu, Qu Yan",Scientific reports,2026-06-28,"Nonylphenol (NP), an environmental endocrine disruptor with estrogenic activity, has been reported to exert marked neurotoxic effects. Hirschsprung's disease (HSCR) is a congenital intestinal disease characterized by the absence of enteric neurons in the gut. However, it remains unclear whether maternal exposure to NP would induce HSCR-related intestinal lesions in the offspring. Sprague Dawley ra",https://pubmed.ncbi.nlm.nih.gov/42362654/,PubMed
Stepwise emergence of recombination suppression precedes fissiparous asexuality in the planarian Schmidtea mediterranea.,"Brand Jeremias N, Patil Ajinkya Bharatraj, Pandolfini Luca",Nature communications,2026-06-28,"A central paradox in evolutionary biology is the rarity of asexual reproduction, often attributed to developmental constraints and long-term costs. Yet, fissiparous asexuality-where animals split and regenerate-is widespread among planarians, hinting at genomic features predisposing them to asexuality. We investigate the genomic underpinnings and evolutionary consequences of asexuality in the plan",https://pubmed.ncbi.nlm.nih.gov/42362522/,PubMed
Epinephelus coioides lnc32039 promotes the infection of Iridovirus SGIV via inhibiting immune response and apoptosis.,"Lan Yin-Mei, Yang Wen-Feng, Ma Yu-Qin",Fish & shellfish immunology,2026-06-28,"Long non-coding RNAs (lncRNAs) play important roles in the infection of pathogen. In this study, the role of the lncRNA lnc32039 in Epinephelus coioides, the precious marine fish in China, was studied during Singapore grouper iridovirus (SGIV) infection. The results demonstrated that SGIV infection upregulated the expression of lnc32039. Overexpressing lnc32039 could significantly exacerbate viral",https://pubmed.ncbi.nlm.nih.gov/42362002/,PubMed
m6A modification of LINC00458 enhances HMOX1 stability via ELAVL1 recruitment to promote ferroptosis and aggravate asthma.,"Yu Xiaoying, Chen Liwen, Liang Jinglian",Molecular immunology,2026-06-28,"Asthma is a chronic inflammatory disease of the airways, characterized by immune cell infiltration and airway hyperresponsiveness. Recent studies have identified lncRNAs as key regulators in asthma pathogenesis, but the underlying mechanisms remain unclear. LINC00458, a lncRNA, has been implicated in various diseases, yet its role in asthma has not been thoroughly investigated. This study aims to ",https://pubmed.ncbi.nlm.nih.gov/42361514/,PubMed
MALAT1 promotes autophagy via the mir-28-5p/IGF1R axis in nasopharyngeal carcinoma.,"Huang Xiaopeng, Luo Yunxiu, Chen Jiawei","Medical oncology (Northwood, London, England)",2026-06-28,"The long non-coding RNA Metastasis-Associated Lung Adenocarcinoma Transcript 1 (MALAT1) is implicated in cancer progression, yet its precise mechanism in nasopharyngeal carcinoma (NPC), particularly its interaction with microRNAs and its role in regulating autophagy, remains to be fully elucidated. We analyzed MALAT1 and miR-28-5p expression in NPC clinical tissues and assessed their correlation w",https://pubmed.ncbi.nlm.nih.gov/42360571/,PubMed
Spheroids and organoids to study long noncoding RNAs in cancer: how they could replace animal models.,"Capela Ana Maria, Pessoa João, Arede Hugo",Cancer metastasis reviews,2026-06-28,"Spheroids, organoids, and further three-dimensional cellular models represent an intermediate stage of supra-cellular complexity between monolayered cell cultures and animal models. In the present review, we identified conditions in which spheroids and organoids could replace animal models in biomedical research, using long noncoding RNA (lncRNA) research in cancer as a study object. In tumor sphe",https://pubmed.ncbi.nlm.nih.gov/42360519/,PubMed
Silencing Triglycerides: The Clinical Impact of Plozasiran and apoC-III Inhibition in Severe Hypertriglyceridemia.,"Kassem Belal, Shaik Fawaz A, Sorour Omar",Journal of cardiovascular pharmacology,2026-06-28,"Severe hypertriglyceridemia (sHTG) is a critical metabolic disorder that substantially elevates the risk of atherosclerotic vascular disease and acute pancreatitis. Despite its clinical significance, many conventional triglyceride-lowering therapies often fail to adequately reduce triglyceride levels or prevent these life-threatening complications. This unmet need has spurred interest in targeting",https://pubmed.ncbi.nlm.nih.gov/42359618/,PubMed
Retraction: Long Noncoding RNA Taurine-Upregulated Gene 1 Promotes Cell Proliferation and Invasion in Gastric Cancer via Negatively Modulating miRNA-145-5p.,,Oncology research,2026-06-28,[This retracts the article DOI: 10.3727/096504016X14783677992682.].,https://pubmed.ncbi.nlm.nih.gov/42358843/,PubMed
Integrated multi-omics analysis reveals the molecular mechanism underlying poplar 107 rootstock-mediated regulation of ,"Wu Jianghao, Ren Yachao, Wang Chunyu",Horticulture research,2026-06-28,"Grafting is widely used for asexual propagation and enhancing plant productivity; however, the molecular mechanisms underlying rootstock-scion interactions remain largely unclear. In this study, ",https://pubmed.ncbi.nlm.nih.gov/42358491/,PubMed
An Evaluation on the Role of Non-Coding RNA in HIV Transcription and Latency: A Review,Xiangshuai Liu,arXiv,2026-06-28,"The existence of latent cellular reservoirs is recognized as the major barrier to an HIV cure. Reactivating and eliminating ""shock and kill"" or permanently silencing ""block and lock"" the latent HIV reservoir, as well as gene editing, remain promising approaches, but so far have proven to be only partially successful. Moreover, using latency reversing agents or ""block and lock"" drugs pose additiona",http://arxiv.org/abs/2502.06107v1,arXiv
"Blood-derived lncRNAs as potential biomarkers for early cancer diagnosis: The Good, the Bad and the Beauty","Cedric Badowski, Bing He, Lana X Garmire",arXiv,2026-06-28,Cancer ranks as one of the deadliest diseases worldwide. The high mortality rate associated with cancer is partially due to the lack of reliable early detection methods and/or inaccurate diagnostic tools such as certain protein biomarkers. Cell-free nucleic acids (cfNA) such as circulating long non-coding RNAs (lncRNAs) have recently been proposed as a new class of potential biomarkers that could ,http://arxiv.org/abs/2109.11746v1,arXiv
BPPart and BPMax: RNA-RNA Interaction Partition Function and Structure Prediction for the Base Pair Counting Model,"Ali Ebrahimpour-Boroojeny, Sanjay Rajopadhye, Hamidreza Chitsaz",arXiv,2026-06-28,"RNA-RNA interaction (RRI) is ubiquitous and has complex roles in the cellular functions. In human health studies, miRNA-target and lncRNAs are among an elite class of RRIs that have been extensively studied. Bacterial ncRNA-target and RNA interference are other classes of RRIs that have received significant attention. In recent studies, mRNA-mRNA interaction instances have been observed, where bot",http://arxiv.org/abs/1904.01235v2,arXiv
Bio-hybrid nanovesicles with multimodal antioxidant and immunomodulatory functions attenuate acute kidney injury.,"Chen Wenzhe, Yuan Haitao, Liu Haitao",Journal of nanobiotechnology,2026-06-28,"Oxidative stress, marked by a disparity between the generation of reactive oxygen species (ROS) and the body's antioxidant defenses, is crucial in the development of acute kidney injury (AKI), where excessive ROS accumulation drives tubular epithelial cell damage and inflammatory cascades. Dysregulated inflammatory immunity further exacerbates tissue injury, highlighting the need for integrated st",https://pubmed.ncbi.nlm.nih.gov/42365377/,PubMed
A bone-marrow-homing biomimetic STING nanoinhibitor alleviates radiation-induced hematopoietic injury via modulating macrophage polarization.,"Li Yaoqi, Chen Chaogang, Ren Yu",Journal of controlled release : official journal of the Controlled Release Society,2026-06-28,"Ionizing radiation-induced damage to the hematopoietic system is largely driven by STING activation-promoted M1 macrophage polarization and its resultant inflammation. However, effective suppression of pro-inflammatory macrophage polarization for treating radiation-induced hematopoietic stem cell injury is largely hindered by the inherent physiological barriers of bone marrow-targeted drug deliver",https://pubmed.ncbi.nlm.nih.gov/42364698/,PubMed
Nanotechnology-Driven Noninvasive and Targeted Therapies for Anaplastic Thyroid Carcinoma.,"Ma Li, Peng Xuejiao, Li Yilin","Tissue engineering. Part B, Reviews",2026-06-28,"Anaplastic thyroid carcinoma (ATC) is a highly aggressive and treatment-resistant form of thyroid cancer, characterized by poor prognosis, rapid metastasis, and resistance to conventional therapies. Current treatment options, including surgery, chemotherapy, and radiation, are often ineffective in controlling the disease, underscoring the urgent need for novel therapeutic approaches. Nanotechnolog",https://pubmed.ncbi.nlm.nih.gov/42363696/,PubMed
Cell-penetrating asymmetric siRNA targeting MyD88 suppresses inflammasome-driven ocular degeneration and angiogenesis.,"Kim Juhong, Min Saehong, Yum Munjeong",Molecular therapy : the journal of the American Society of Gene Therapy,2026-06-28,"Chronic inflammation mediated by innate immune signaling contributes to retinal degeneration, pathological angiogenesis, and ocular surface damage in age-related macular degeneration (AMD) and dry eye disease (DED). Myeloid differentiation primary response 88 (MyD88), a central adaptor downstream of Toll-like and IL-1 receptors, integrates NF-κB-dependent cytokine induction and inflammasome primin",https://pubmed.ncbi.nlm.nih.gov/42363601/,PubMed
Small interfering RNA-mediated silencing of mutant NPM1 suppresses acute myeloid leukemia via reversing KAT7 and p300-mediated histone acetylation.,"Hou Yongqiang, Xing Yunzhi, Chen Chunjie",Leukemia,2026-06-28,"NPM1 mutation (NPM1c)-driven acute myeloid leukemia (AML) is characterized by the sequestration of nuclear proteins and chromatin hijacking. Current treatment strategies targeting NPM1c AML are often indirect, which might lead to toxicity and resistance. In this study, we developed an allele-specific siRNA that selectively silences NPM1c while preserving the function of wild-type NPM1. This approa",https://pubmed.ncbi.nlm.nih.gov/42362805/,PubMed
Loss of epidermal miR-149 sensitizes to skin inflammation.,"Luo Longlong, Yuan Hao, Srivastava Ankit",The Journal of allergy and clinical immunology,2026-06-28,"Keratinocytes play a central role in amplifying skin inflammation in psoriasis and atopic dermatitis (AD). However, the epithelial-intrinsic regulators involved in responsiveness to inflammatory cues remain poorly defined. MiRNAs are fundamental regulators of gene expression. To define the role of miR-149 in keratinocyte immune functions in healthy skin and chronic inflammatory skin diseases. Kera",https://pubmed.ncbi.nlm.nih.gov/42362092/,PubMed
Golgi casein kinase-mediated phosphorylation of osteopontin orchestrates macrophage- lung-resident mesenchymal stem cells crosstalk and fibrogenesis: a targetable macromolecular axis.,"Hou Jiwei, Chen Yongchang, Chen Hanwen",International journal of biological macromolecules,2026-06-28,"Idiopathic pulmonary fibrosis (IPF) involves aberrant crosstalk between immune cells and mesenchymal compartments. While secreted phosphoproteins are crucial in this process, the upstream kinases regulating their post-translational modifications and biological functions remain poorly understood. Integrating single-cell RNA sequencing and macromolecular interaction analysis, we identified a pro-fib",https://pubmed.ncbi.nlm.nih.gov/42361938/,PubMed
Nanomedicine strategies targeting STAT3 in cancer: From tumor suppression to microenvironment modulation.,"Chama Zouaouia, Yousif Ahlam Yaseen, Patel Pareshkumar N",The Journal of pharmacology and experimental therapeutics,2026-06-28,"Signal transducer and activator of transcription 3 (STAT3) is a central oncogenic signaling hub that regulates tumor proliferation, survival, metastasis, angiogenesis, immune evasion, and therapeutic resistance across multiple cancer types. Persistent STAT3 activation, driven by aberrant cytokine signaling, growth factor receptors, and oncogenic kinases, promotes transcriptional programs that supp",https://pubmed.ncbi.nlm.nih.gov/42361451/,PubMed
Long-Acting Antiretroviral Therapy for HIV via Drop-in Community-Based Care.,"Mehtani Nicky J, Matzat Stephen J, O'Connor Kathleen B",JAMA network open,2026-06-28,"People with HIV (PWH) experiencing homelessness face barriers to daily oral antiretroviral therapy (ART) adherence and often lack access to HIV specialty care. Data are needed on the feasibility and outcomes of long-acting ART (LA-ART) delivery within low-barrier, community-based settings. To evaluate the implementation and effectiveness of LA-ART delivery at a community-based drop-in clinic for p",https://pubmed.ncbi.nlm.nih.gov/42360741/,PubMed
Targeting mtDNA to Modulate Mitochondrial Dysfunction in Neurodegenerative Diseases.,"Pramanik Sanket, Debnath Biplab, Chakraborty Aganta",Molecular neurobiology,2026-06-28,"Mitochondrial dysfunction is a common pathological feature of neurodegenerative diseases namely Alzheimer's disease, Parkinson's disease, amyotrophic lateral sclerosis, and Huntington's disease. Although these disorders are primarily driven by disease-specific genetic and proteopathic mechanisms, increasing evidence suggests that secondary mitochondrial DNA (mtDNA) damage and heteroplasmy shifts m",https://pubmed.ncbi.nlm.nih.gov/42360551/,PubMed
Skeletal muscle‑derived extracellular vesicles in multi‑organ degenerative disease: Mechanisms and therapeutic delivery perspectives (Review).,"Wei Xianji, Guo Chengyan, Zhang Wei",International journal of molecular medicine,2026-06-28,"Multi‑organ degenerative diseases are age-associated or chronic disorders marked by progressive tissue deterioration, impaired repair and functional decline, with representative conditions including sarcopenia, osteoporosis, osteoarthritis, neurodegenerative or ischemia‑associated neurological disorders, heart failure, chronic kidney disease and diabetes‑associated tissue dysfunction. Their freque",https://pubmed.ncbi.nlm.nih.gov/42359675/,PubMed
Spatial Tail Design in Ionizable Lipids Enhances the Safety and Efficacy of mRNA Delivery.,"Li Haiyang, Tian Chongyu, Kong Weining",Small methods,2026-06-28,"Messenger RNA (mRNA) delivery critically depends on the molecular architecture of ionizable lipids within lipid nanoparticles (LNPs). We report a modular platform of sterol-containing ionizable lipids designed to probe how sterol motifs and branched dialkyl tails govern in vivo performance. Each lipid incorporates a sterol-derived (e.g., cholesterol) tail and a dialkyl tail with tunable branching ",https://pubmed.ncbi.nlm.nih.gov/42359610/,PubMed
Cytotoxic lymphocyte heterogeneity in glioblastoma: insights from single-cell and spatial multiomics toward precision immunotherapeutic reprogramming.,"Dong Wentao, Li Yang, Wu Zhuolin",Frontiers in immunology,2026-06-28,"Glioblastoma (GBM) represents the most aggressive primary brain tumor in adults, characterized by a profoundly immunosuppressive tumor microenvironment (TME) that systematically disables cytotoxic lymphocyte function and renders conventional immunotherapy largely ineffective. While exhaustion of CD8",https://pubmed.ncbi.nlm.nih.gov/42358950/,PubMed
Hydrogel-based lineage-specific gene therapy prevents recurrence of corticotroph tumors.,"Wang Junpeng, Fang Zezheng, Wang Jiahao",Molecular therapy. Oncology,2026-06-28,"Pituitary corticotroph tumors are the primary cause of Cushing's disease. Even after transsphenoidal surgery, residual tumor cells frequently persist, leading to a recurrence rate of approximately 20%. However, safe and effective adjuvant treatments for these residual lesions are lacking. In this study, we analyzed single-cell RNA sequencing data to characterize the transcriptional profile of cort",https://pubmed.ncbi.nlm.nih.gov/42358376/,PubMed
[The development trend of microRNA patents from the perspective of the Nobel Prize].,"Xiang Qiang-Yu, Wu Zong-Zhen, Zhang Lu",Sheng li xue bao : [Acta physiologica Sinica],2026-06-28,"The 2024 Nobel Prize in Physiology or Medicine has been awarded to Victor Ambros and Gary Ruvkun for their discovery of the central role of microRNA (miRNA) in gene regulation. Based on the Derwent Innovation patent database and combined with the Derwent Data Analyzer tool, this study conducted a multidimensional analysis of 57232 patent entries in the field of miRNA, revealing the global technolo",https://pubmed.ncbi.nlm.nih.gov/42358155/,PubMed
Birth and Infant Growth Outcomes Following Prenatal Exposure to Bictegravir.,"Woldemeskel Misgana, Unternaher Justin, Munger Olivia",Journal of acquired immune deficiency syndromes (1999),2026-06-28,"Despite increasing bictegravir (BIC) use during pregnancy, infant health outcomes data remain limited. We evaluated birth and growth outcomes among HIV-exposed infants (HEI) with prenatal maternal BIC exposures. A retrospective cohort study of HEIs with prenatal BIC exposure at Children's National Hospital during 2019-2022. Infant (birth outcomes, HIV status, growth indicators) and maternal (demog",https://pubmed.ncbi.nlm.nih.gov/42358023/,PubMed
Design and Implementation of a Blue-Light-Controlled Gene-Switch System.,"Li Chen, Shi Yuan, Jiang Xinyan","Molecules (Basel, Switzerland)",2026-06-28,"Synthetic biology seeks to build predictable, programmable biological systems. We developed a blue-light-inducible T7RNAP system with dual-input regulation to enable precise spatiotemporal gene control, which is vital for biomanufacturing, therapy, and microbial engineering. We optimized it by replacing RBS sequences, testing tandem T7 promoters, and evaluating split-T7RNAP variants. Expression an",https://pubmed.ncbi.nlm.nih.gov/42357431/,PubMed
Engineered Lipid Nanoparticles with Promoted Endosomal Escape and R283S-Mediated Stimulator of Interferon Genes (STING) Activation for Pancreatic Cancer Immunotherapy.,"Wang Sizhen, Tai Qiwei, Wang Kehui",Pharmaceutics,2026-06-28,,https://pubmed.ncbi.nlm.nih.gov/42357376/,PubMed
Reinforcement-guided generative protein language models enable de novo design of highly diverse AAV capsids,"Lucas Ferraz, Ana F. Rodrigues, Pedro Giesteira Cotovio",arXiv,2026-06-28,"Adeno-associated viral (AAV) vectors are widely used delivery platforms in gene therapy, and the design of improved capsids is key to expanding their therapeutic potential. A central challenge in AAV bioengineering, as in protein design more broadly, is the vast sequence design space relative to the scale of feasible experimental screening. Machine-guided generative approaches provide a powerful m",http://arxiv.org/abs/2603.19473v1,arXiv
Predicting Early and Complete Drug Release from Long-Acting Injectables Using Explainable Machine Learning,"Karla N. Robles, Manar D. Samad",arXiv,2026-06-28,"Polymer-based long-acting injectables (LAIs) have transformed the treatment of chronic diseases by enabling controlled drug delivery, thus reducing dosing frequency and extending therapeutic duration. Achieving controlled drug release from LAIs requires extensive optimization of the complex underlying physicochemical properties. Machine learning (ML) can accelerate LAI development by modeling the ",http://arxiv.org/abs/2601.02265v1,arXiv
The thermodynamics of pressure activated assembly of supramolecules in isochoric and isobaric systems,Boris Rubinsky,arXiv,2026-06-28,"The efficacy of cryopreservation is constrained by the difficulty of achieving sufficiently high intracellular concentrations of cryoprotective solutes without inducing osmotic injury or chemical toxicity during loading. This thermodynamic study introduces a new conceptual mechanism for cryoprotectant delivery into cells directly or through vascular perfusion. In this framework, effective cryoprot",http://arxiv.org/abs/2601.00599v1,arXiv
Early antibiotic exposure and vaccine immune responses in preterm infants: potential sex-specific differences.,"Haag Laura, Dietz-Ziegler Stefanie, Schwarz Julian",Gut microbes,2026-06-28,"Neonatal sepsis represents a major risk in preterm infant care, resulting in widespread early-life antibiotic exposure. While the latter has been linked to immune maturation in term-born neonates, its impact on preterm immune development remains unclear. The aim of this prospective observational study was to investigate the effect of early antibiotic exposure on vaccine titers at a corrected age o",https://pubmed.ncbi.nlm.nih.gov/42363866/,PubMed
Targeting vaccine fusion proteins to APCs increases immunogenicity of adenoviral and mRNA-LNP vaccines.,"Fyrstenberg Laursen Marlene, Combes Francis, Gudjonsson Arnar",Molecular therapy : the journal of the American Society of Gene Therapy,2026-06-28,"mRNA-lipid nanoparticle (LNP) and adenoviral delivery of vaccines have proven effective during the COVID-19 pandemic. Herein, we explored whether antigen-presenting cell (APC)-targeting of antigens could further enhance immunogenicity of these delivery formats. Experiments were performed in mouse models for malaria (Plasmodium falciparum reticulocytes-binding protein homolog 5, PfRH5, antigen) and",https://pubmed.ncbi.nlm.nih.gov/42363600/,PubMed
"A comparative analysis of the immunotranscriptomic features of DENV-1, -3, and -4 human challenge models.","Hardy Céline S C, Ware Lisa A, Friberg Heather",The Journal of infectious diseases,2026-06-28,"Dengue virus (DENV) infections cause a range of clinical symptoms, from a mild febrile illness to severe disease. Higher levels of DENV RNAemia are associated with severe dengue, although this relationship is incompletely understood. Dengue Human Infection Models (DHIMs), in which volunteers are experimentally infected with underattenuated DENV strains, provide an invaluable tool for studying earl",https://pubmed.ncbi.nlm.nih.gov/42362196/,PubMed
Oligo(ethylene glycol)-functionalized polycarbonate lipid nanoparticles for mRNA delivery with attenuated PEG immunogenicity.,"Le Dao Thi Hong, Yang Chuan, Zhang Yue",Journal of controlled release : official journal of the Controlled Release Society,2026-06-28,"mRNA vaccines delivered by lipid nanoparticles (LNPs) have enabled clinical success in combating the COVID-19 pandemic, demonstrating LNPs as a promising nanocarrier for mRNA delivery. Despite this advance, use of PEGylated lipid (PEG-lipid) in LNPs has raised concerns about PEG-associated immunogenicity upon repeated dosing. Recent studies reported hydrophilic polymer lipids as replacement of PEG",https://pubmed.ncbi.nlm.nih.gov/42361911/,PubMed
Findings from the 2025 AMCP Foundation Symposium: Health Optimization 2.0.,"Flavin Bridget, Kheloussi Steve",Journal of managed care & specialty pharmacy,2026-06-28,"The 2025 AMCP Foundation Symposium: Health Optimization 2.0 convened a select group of just over 70 managed care stakeholders in Dallas, Texas, on December 2-3, 2025. Via presentations and panel sessions, participants examined how precision medicine, data analytics, evolving policy, and health system design can address inequities in care delivery. Focus areas included precision medicine in oncolog",https://pubmed.ncbi.nlm.nih.gov/42359887/,PubMed
Foot-and-Mouth Disease Virus Persistence Divergence Within Serotypes and Vaccine Doses in Vaccinated Cattle.,"Zhang Zhihui, Wei Sumin, Teng Zhidong",Transboundary and emerging diseases,2026-06-28,"Foot-and-mouth disease virus (FMDV) persistence in ruminants constitutes the potential risk of disease transmission. While vaccination effectively protects animals against clinical disease, more than 50% of vaccinated cattle can still develop persistent infection. Investigating the potential factors that influence the establishment of FMDV persistence in vaccinated cattle is critical for improving",https://pubmed.ncbi.nlm.nih.gov/42358190/,PubMed
Innate Pathway Selection Modulates Antibody and T-Cell Responses to Mosaic Influenza Nucleoprotein in Cattle.,"Cole Clara, Cleven Thomas, Henige Marlee",Viruses,2026-06-28,"Highly pathogenic avian influenza (HPAI) is a lethal disease of poultry that has recently spilled over into mammals, including dairy cattle and humans, heightening concerns for livestock health, food security, and pandemic emergence. While vaccines that induce neutralizing antibodies against hemagglutinin and neuraminidase provide strain-specific protection, durable cross-subtype immunity requires",https://pubmed.ncbi.nlm.nih.gov/42357679/,PubMed
"Serological and Molecular Epidemiology of Hepatitis B, C, and D Viruses in Northwest Russia: A Population-Based Cross-Sectional Study.","Popova Anna Y, Ostankova Yulia V, Olkhovskaya Alesia Y",Viruses,2026-06-28,"The hepatitis B (HBV), C (HCV), and D (HDV) viruses remain a major public health burden. Occult HBV infection (OBI) represents a hidden reservoir with clinical and epidemiological significance, yet its prevalence in Northwest Russia is unknown. We aimed to comprehensively assess the serological and molecular epidemiology of HBV, HCV, and HDV in St. Petersburg and the Leningrad region. ",https://pubmed.ncbi.nlm.nih.gov/42357642/,PubMed
"Molecular Characterisation, Isolation, and Antibody Response to Influenza D Virus in Naturally Infected Cattle.","Tali Hasan Emre, Yilmaz Huseyin, Karadag Gizem",Viruses,2026-06-28,"Influenza D virus (IDV) is a respiratory pathogen affecting the health of cattle, thereby causing economic losses. This study was conducted to detect and isolate IDV, investigate its molecular characteristics, and examine the antibody response to IDV in naturally infected cattle. Real-time RT-PCR was used to analyse 279 nasal swabs and blood sera collected from cattle on farms in the Thrace distri",https://pubmed.ncbi.nlm.nih.gov/42357637/,PubMed
Overcoming Barriers to Clinical Translation: MG1 Maraba Virus as an Emerging Platform for Oncolytic Immunotherapy.,Abualfaraj Tareq,Viruses,2026-06-28,"Oncolytic viruses (OVs) exploit key hallmarks of cancer to selectively replicate in malignant cells, leading to tumor cell lysis, modulation of the tumor microenvironment, and induction of antitumor immunity. These viral platforms have been engineered to enhance tumor specificity, intratumoral spread, and immunotherapeutic efficacy. Among them, rhabdoviruses, particularly vesiculoviruses, have eme",https://pubmed.ncbi.nlm.nih.gov/42357627/,PubMed
Avian Metapneumovirus Subtype B at the Wildlife-Poultry Interface in Egypt: Molecular and Serological Insights into Cross-Ecological Transmission.,"Saeed Omar S, Shabana Sara A, Gamal Mahmoud",Viruses,2026-06-28,"Avian metapneumovirus (aMPV) is a major respiratory pathogen of poultry with a significant economic impact; however, its epidemiology at the wildlife-poultry interface remains poorly understood, particularly within Afro-Eurasian migratory systems. This cross-sectional study (December 2024-April 2026) investigated aMPV occurrence in wild birds across eleven Egyptian governorates representing key ec",https://pubmed.ncbi.nlm.nih.gov/42357602/,PubMed
"Inhibition of Exo70, an Exocyst Complex Component, Enhances mRNA Delivery Efficiency of Lipid Nanoparticle.","Ha Minki, Yong Seok-Beom",Pharmaceutics,2026-06-28,,https://pubmed.ncbi.nlm.nih.gov/42357266/,PubMed
Impact of Maternal COVID-19 Infection Versus Vaccination on Mucosal Immunity in Breastmilk.,"Nguyen Mymy, Boelig Rupsa C, Jones Julie",Journal of clinical medicine,2026-06-28,,https://pubmed.ncbi.nlm.nih.gov/42355664/,PubMed
One Health Perspective on the Enterotoxigenic ,"Rodríguez-Martínez Ricardo, Mancilla-Rojano Jetsi, Ochoa Sara A",Microorganisms,2026-06-28,"In this review, the virulence factors involved in enterotoxigenic ",https://pubmed.ncbi.nlm.nih.gov/42354796/,PubMed
Polymeric Delivery System for mRNA Therapeutics: Design Principles and Recent Advances.,"Bao Sidi, Reuben Irene Rose, Ward Josie",Genes,2026-06-28,"Messenger RNA (mRNA) therapeutics are redefining treatment approaches in vaccines, cancer immunotherapy, protein replacement, and gene editing. Lipid nanoparticles have enabled early clinical successes, but they can be limited by liver-dominant biodistribution, long-term storage stability, and systemic tolerability. Polymeric delivery systems offer a versatile alternative, with tunable physicochem",https://pubmed.ncbi.nlm.nih.gov/42353804/,PubMed
Choosing the Right Extracellular Vesicle: Cross-Kingdom Immunological Functions Linking Molecular Mechanisms to Therapeutic Applications.,"Schilling-Tóth Boglárka, Alymbaeva Daiana, Németh Krisztián",Biomolecules,2026-06-28,"Extracellular vesicles (EVs) are key mediators of intercellular communication across biological kingdoms, with central roles in immune regulation and disease processes. Despite shared structural features, EVs derived from bacteria, plants, and mammalian cells differ substantially in their biogenesis, molecular composition, and immunological functions. EV formation pathways generate vesicles with d",https://pubmed.ncbi.nlm.nih.gov/42352385/,PubMed
Bovine lactoferrin induces apoptosis and modulates the transcriptomic landscape of HeLa cervical cancer cells.,"Zhao Yu, Liu Rui, Li Mengtian",Biology direct,2026-06-28,"Cervical cancer (CC) remains a leading malignancy among women worldwide. Current management strategies, including surgery, radiotherapy, chemotherapy, targeted therapy, and prevention, often cause significant adverse effects and demonstrate limited efficacy in advanced disease. Consequently, identifying novel therapeutic strategies and drug targets, particularly low-toxicity, high-specificity natu",https://pubmed.ncbi.nlm.nih.gov/42351212/,PubMed
Optimizing DNA and mRNA vaccine against Human metapneumovirus structural proteins based on rationally designed multi-epitope construct.,"de Araújo Leonardo Pereira, da Silva Laura Leone, Costa André Luiz Caliari",Scientific reports,2026-06-28,"Nucleic acid-based vaccines have emerged as powerful tools in combating both emerging and re-emerging viral pathogens. Among these, Human metapneumovirus (HMPV) is a respiratory pathogen that predominantly affects children, immunocompromised individuals, and the elderly. A major outbreak in China in 2025 renewed global concern, particularly due to the lack of licensed vaccines or antiviral therapi",https://pubmed.ncbi.nlm.nih.gov/42350551/,PubMed
Integrating Coarse-Grained Simulations and Deep Learning to Unveil Entropy-Driven dsRNA Unwinding by DDX3X,"Kang Wang, Chun-Lai Ren, Yu-Qiang Ma",arXiv,2026-06-28,"DEAD-box RNA helicases (DDXs) are essential RNA metabolism regulators that typically unwind dsRNA in an ATP-dependent manner. However, recent studies show some DDXs can also unwind dsRNA without ATP, a phenomenon that remains poorly understood. Here, we developed HelixTriad coarse-grained RNA model, incorporating Watson-Crick base pairing, base stacking, and electrostatics within a three-bead-per-",http://arxiv.org/abs/2512.08367v1,arXiv
"MoRSAIK: Sequence Motif Reactor Simulation, Analysis and Inference Kit in Python","Johannes Harth-Kitzerow, Ulrich Gerland, Torsten A. Enßlin",arXiv,2026-06-28,"Origins of life research investigates how life could emerge from prebiotic chemistry only. One possible explanation provides the RNA world hypothesis. It states that life could emerge from RNA strands only, storing and transferring biological information, as well as catalyzing reactions as ribozymes. Before this state could have emerged, however, the prebiotic world was probably a purely chemical ",http://arxiv.org/abs/2512.02204v1,arXiv
Clade 2.3.4.4b but not historical clade 1 HA replicating RNA vaccine protects against bovine H5N1 challenge in mice,"David W. Hawman, Thomas Tipih, Edgar A Hodge",Nature Communications,2025-01-14,"The ongoing circulation of influenza A H5N1 in the United States has raised concerns of a pandemic caused by highly pathogenic avian influenza. Although the United States has stockpiled and is prepared to produce millions of vaccine doses to address an H5N1 pandemic, currently circulating H5N1 viruses contain multiple mutations within the immunodominant head domain of hemagglutinin (HA) compared t",https://www.semanticscholar.org/paper/821d2fab28b8dbce51c6f8632266e3661b873042,Semantic Scholar
Phase I/II study of COVID-19 RNA vaccine BNT162b1 in adults,"M. Mulligan, Kirsten E. Lyke, N. Kitchin",Nature,2020-08-12,,https://www.semanticscholar.org/paper/afe4cc71f4814fce21031c3f15998576c7175b1a,Semantic Scholar
An RNA vaccine drives immunity in checkpoint-inhibitor-treated melanoma,"U. Şahin, P. Oehm, E. Derhovanessian",Nature,2020-07-29,,https://www.semanticscholar.org/paper/4114cc7dc2faed7f0cba4bece628827023d6d9a7,Semantic Scholar
A single-dose circular RNA vaccine prevents Zika virus infection without enhancing dengue severity in mice,"Xinglong Liu, Zhengfeng Li, Xiaoxia Li",Nature Communications,2024-10-16,"Antibody-dependent enhancement (ADE) is a potential concern for the development of Zika virus (ZIKV) vaccines. Cross-reactive but poorly neutralizing antibodies, usually targeting viral pre-membrane or envelope (E) proteins, can potentially enhance dengue virus (DENV) infection. Although E domain III (EDIII) contains ZIKV-specific epitopes, its immunogenicity is poor. Here, we show that dimeric ED",https://www.semanticscholar.org/paper/0994107d2c3126bc8175fcb814759f22aa879e71,Semantic Scholar
CLDN6-specific CAR-T cells plus amplifying RNA vaccine in relapsed or refractory solid tumors: the phase 1 BNT211-01 trial,"A. Mackensen, J. Haanen, C. Koenecke",Nature Medicine,2023-10-23,"The oncofetal antigen Claudin 6 (CLDN6) is highly and specifically expressed in many solid tumors, and could be a promising treatment target. We report dose escalation results from the ongoing phase 1/2 BNT211-01 trial evaluating the safety and feasibility of chimeric antigen receptor (CAR) T cells targeting the CLDN6 with or without a CAR-T cell-amplifying RNA vaccine (CARVac) at two dose levels ",https://www.semanticscholar.org/paper/c89c242b594c5436e9ccf6bb055d4a82a9f3d7ac,Semantic Scholar
Immunogenicity of a Single Dose of SARS-CoV-2 Messenger RNA Vaccine in Solid Organ Transplant Recipients.,"B. Boyarsky, William Werbel, R. Avery",Journal of the American Medical Association (JAMA),2021-03-15,"Immunogenicity of a Single Dose of SARS-CoV-2 Messenger RNA Vaccine in Solid Organ Transplant Recipients Immunocompromised individuals have been excluded from studies of SARS-CoV-2 messenger RNA (mRNA) vaccines. In such patients, the immune response to vaccination may be blunted. To better understand the immunogenicity of mRNA vaccines in immunocompromised individuals, we quantified the humoral re",https://www.semanticscholar.org/paper/e5ff6b04229043e1f4926af585923c6f606cad17,Semantic Scholar
Circular RNA vaccine in disease prevention and treatment,"Dun Niu, Yaran Wu, J. Lian",Signal Transduction and Targeted Therapy,2023-09-11,"CircRNAs are a class of single-stranded RNAs with covalently linked head-to-tail topology. In the decades since its initial discovery, their biogenesis, regulation, and function have rapidly disclosed, permitting a better understanding and adoption of them as new tools for medical applications. With the development of biotechnology and molecular medicine, artificial circRNAs have been engineered a",https://www.semanticscholar.org/paper/f2d7ccee08508c5211e77e035c0fcf5b58b341bf,Semantic Scholar
A self-amplifying RNA vaccine prevents enterovirus D68 infection and disease in preclinical models,"N. Warner, Jacob Archer, Stephanie Park",Science Translational Medicine,2024-08-07,"The recent emergence and rapid response to severe acute respiratory syndrome coronavirus 2 was enabled by prototype pathogen and vaccine platform approaches, driven by the preemptive application of RNA vaccine technology to the related Middle East respiratory syndrome coronavirus. Recently, the National Institutes of Allergy and Infectious Diseases identified nine virus families of concern, eight ",https://www.semanticscholar.org/paper/062bad8d56c9e1c0a11093c67a88c07449f30d3a,Semantic Scholar
A replicating RNA vaccine confers protection in a rhesus macaque model of Crimean-Congo hemorrhagic fever,"David W. Hawman, Shanna S. Leventhal, Kimberly Meade-White",npj Vaccines,2024-05-20,"Crimean-Congo hemorrhagic fever (CCHF) is a tick-borne febrile illness with a wide geographic distribution. In recent years the geographic range of Crimean-Congo hemorrhagic fever virus (CCHFV) and its tick vector have increased, placing an increasing number of people at risk of CCHFV infection. Currently, there are no widely available vaccines, and although the World Health Organization recommend",https://www.semanticscholar.org/paper/75b0ab72c2fd67513a03ee1af9e0eba13768c568,Semantic Scholar
Circular RNA vaccine induces potent T cell responses,"Laura Amaya, Lilit Grigoryan, Zhijian Li",Proceedings of the National Academy of Sciences of the United States of America,2023-05-08,"Significance Circular RNAs (circRNAs) are a unique class of RNAs that are highly stable compared to linear mRNAs and can be engineered to provide durable protein expression. This study demonstrates that circRNA encoding antigenic protein sequences delivered by a charge-altering releasable transporter can effectively serve as both an adjuvant and an immunogen, inducing potent cellular immunity and ",https://www.semanticscholar.org/paper/4da3053c70133b6d1982a7101c8ddabd8d9caa8c,Semantic Scholar
Controlling reactogenicity while preserving immunogenicity from a self-amplifying RNA vaccine by modulating nucleocytoplasmic transport,"Jason A Wojcechowskyj, Robyn M. Jong, Imre Mäger",bioRxiv,2024-12-29,"Self-amplifying RNA (saRNA)-based vaccines have emerged as a potent and durable RNA vaccine platform. However, RNA vaccine platforms trigger undesirable side effects at protective doses, underscoring the need for improved tolerability. To address this, we leveraged the Cardiovirus leader protein, which is well-characterized to dampen host innate signaling by modulating nucleocytoplasmic transport ",https://www.semanticscholar.org/paper/95add8df14c1a8592a3ebaa29f1c2137a0b5c7e0,Semantic Scholar
Self-Amplifying RNA: Advantages and Challenges of a Versatile Platform for Vaccine Development,"T. Vallet, Marco Vignuzzi",Viruses,2025-04-01,"Self-amplifying RNA is synthetic nucleic acid engineered to replicate within cells without generating viral particles. Derived from alphavirus genomes, saRNA retains the non-structural elements essential for replication while replacing the structural elements with an antigen of interest. By enabling efficient intracellular amplification, saRNA offers a promising alternative to conventional mRNA va",https://www.semanticscholar.org/paper/9d4c82b05e2938b9c2650b7f3e821c0c0b171ec4,Semantic Scholar
An RNA vaccine drives expansion and efficacy of claudin-CAR-T cells against solid tumors,"Katharina Reinhard, B. Rengstl, P. Oehm",Science,2020-01-02,"A one-two, CAR-T cell punch Chimeric antigen receptor (CAR)–T cells have been clinically effective in killing certain hematological malignancies, but achieving long-term patient responses for solid tumors remains a challenge. Reinhard et al. describe a two-part “CARVac” strategy to overcome poor CAR-T cell stimulation and responses in vivo. They introduce the tight junction protein claudin 6 (CLDN",https://www.semanticscholar.org/paper/33f5cffb55ec96290c0bac540e4f3b1747ba4bb9,Semantic Scholar
Self-Amplifying RNA Vaccine Candidates: Alternative Platforms for mRNA Vaccine Development,"C. Schmidt, B. Schnierle",Pathogens,2023-01-01,"The present use of mRNA vaccines against COVID-19 has shown for the first time the potential of mRNA vaccines for infectious diseases. Here we will summarize the current knowledge about improved mRNA vaccines, i.e., the self-amplifying mRNA (saRNA) vaccines. This approach may enhance antigen expression by amplification of the antigen-encoding RNA. RNA design, RNA delivery, and the innate immune re",https://www.semanticscholar.org/paper/42263e5bcbeb1261df345d01b5196557ceb15e30,Semantic Scholar
Vaccines’ New Era-RNA Vaccine,"Wenshuo Zhou, Linglei Jiang, Shimiao Liao",Viruses,2023-08-01,"RNA vaccines, including conventional messenger RNA (mRNA) vaccines, circular RNA (circRNA) vaccines, and self-amplifying RNA (saRNA) vaccines, have ushered in a promising future and revolutionized vaccine development. The success of mRNA vaccines in combating the COVID-19 pandemic caused by the SARS-CoV-2 virus that emerged in 2019 has highlighted the potential of RNA vaccines. These vaccines poss",https://www.semanticscholar.org/paper/edfd3ac0b8e7021f08fc73a0d3324058bcb13c00,Semantic Scholar
"Safety and immunogenicity of SARS-CoV-2 self-amplifying RNA vaccine expressing an anchored RBD: A randomized, observer-blind phase 1 study","W. Akahata, T. Sekida, T. Nogimori",Cell Reports Medicine,2023-08-01,Summary VLPCOV-01 is a lipid nanoparticle-encapsulated self-amplifying RNA (saRNA) vaccine that expresses a membrane-anchored receptor-binding domain (RBD) derived from the severe acute respiratory syndrome coronavirus 2 (SARS-CoV-2) spike protein. A phase 1 study of VLPCOV-01 is conducted (jRCT2051210164). Participants who completed two doses of the BNT162b2 mRNA vaccine previously are randomized,https://www.semanticscholar.org/paper/2167ba7126a190c7f7b4055adb084e4ed37f67c7,Semantic Scholar
A replicon RNA vaccine can induce durable protective immunity from SARS-CoV-2 in nonhuman primates after neutralizing antibodies have waned,"Megan A. O’Connor, David W. Hawman, Kimberly Meade-White",PLoS Pathogens,2023-04-01,"The global SARS-CoV-2 pandemic prompted rapid development of COVID-19 vaccines. Although several vaccines have received emergency approval through various public health agencies, the SARS-CoV-2 pandemic continues. Emergent variants of concern, waning immunity in the vaccinated, evidence that vaccines may not prevent transmission and inequity in vaccine distribution have driven continued developmen",https://www.semanticscholar.org/paper/57863723066e77b51e468792ae55513c6034b265,Semantic Scholar
Carditis After COVID-19 Vaccination With a Messenger RNA Vaccine and an Inactivated Virus Vaccine,"F. Lai, Xue Li, Kuan-hao Peng",Annals of Internal Medicine,2022-01-25,"Cases of carditis after the use of a messenger RNA (mRNA) COVID-19 vaccine have been reported in various populations worldwide. However, few studies have directly evaluated this association. Furthermore, it is unclear whether this potential risk involves vaccine platforms other than mRNA vaccines. This case–control study from Hong Kong aimed to examine the association between COVID-19 vaccination ",https://www.semanticscholar.org/paper/94da2455d0ed10791e0dec9954e0f9b02b7dd6fb,Semantic Scholar
"Safety and immunogenicity of a self-amplifying RNA vaccine against COVID-19: COVAC1, a phase I, dose-ranging trial","K. Pollock, H. Cheeseman, A. Szubert",EClinicalMedicine,2022-01-14,"Summary Background Lipid nanoparticle (LNP) encapsulated self-amplifying RNA (saRNA) is a novel technology formulated as a low dose vaccine against COVID-19. Methods A phase I first-in-human dose-ranging trial of a saRNA COVID-19 vaccine candidate LNP-nCoVsaRNA, was conducted at Imperial Clinical Research Facility, and participating centres in London, UK, between 19th June to 28th October 2020. Pa",https://www.semanticscholar.org/paper/1a26b3a23a29a8f98b09c53fa36bb06bec38c2a9,Semantic Scholar
Safety and Immunogenicity of Two RNA-Based Covid-19 Vaccine Candidates,"E. Walsh, R. Frenck, A. Falsey",New England Journal of Medicine,2020-10-14,"Abstract Background Severe acute respiratory syndrome coronavirus 2 (SARS-CoV-2) infections and the resulting disease, coronavirus disease 2019 (Covid-19), have spread to millions of persons worldwide. Multiple vaccine candidates are under development, but no vaccine is currently available. Interim safety and immunogenicity data about the vaccine candidate BNT162b1 in younger adults have been repo",https://www.semanticscholar.org/paper/6dbd3d5dddc9708185a64e539ed0aa37b52690a6,Semantic Scholar
Circ_0001313 promotes an immunosuppressive tumor microenvironment through GM-CSF-associated granulocytic myeloid cell activation in colorectal cancer.,"Liu Ya, Liu Longfei, Quan Yingping",Discover oncology,2026-06-28,"Circ_0001313 is upregulated in colorectal cancer (CRC) and has been implicated in tumor progression, but its role in remodeling the immune microenvironment remains incompletely defined. This study investigated whether circ_0001313 contributes to CRC progression in association with granulocytic myeloid-derived suppressor cell (gMDSC)-like immunosuppression. Circ_0001313 expression was evaluated by ",https://pubmed.ncbi.nlm.nih.gov/42365209/,PubMed
NAD+ modulates mitochondrial vulnerability in MERTK-associated models of retinitis pigmentosa.,"Feng Lujia, Wen Yuwen, Zhang Ting",Nature communications,2026-06-28,"Retinitis pigmentosa (RP) is the most common inherited retinal degenerative disease leading to blindness. RP is characterized by progressive loss of photoreceptors and retinal pigment epithelium (RPE), leading to retinal degeneration. The mechanisms that initiate RP and drive retinal vulnerability are poorly understood, and new strategies for preventing and treating RP are urgently needed. Althoug",https://pubmed.ncbi.nlm.nih.gov/42365006/,PubMed
IL-11 neutralizing antibodies alleviate pulmonary fibrosis in aging mice by inhibiting TGF-β/NOX4/IL-11 signaling pathway.,"Miao Yang, Hu Ya-Yue, Xu Li",Biochemical pharmacology,2026-06-28,"Idiopathic pulmonary fibrosis (IPF) is a chronic and progressive fibrotic interstitial lung disease mainly occurs in the elderly, presents limited therapeutic options and necessitating the development of novel drugs. Interleukin-11 (IL-11) belongs to the interleukin-6 (IL-6) family and plays a wide role in fields such as hematopoiesis, immune regulation and tumorigenesis. Recent studies have shown",https://pubmed.ncbi.nlm.nih.gov/42364821/,PubMed
IL-36γ promotes anti-fungi immunity by regulating macrophage function in the Aspergillus fumigatus keratitis.,"Niu Yawen, Wang Qian, Lin Hao",International immunopharmacology,2026-06-28,"To explore the role of IL-36γ in corneas infected by Aspergillus fumigatus (A. fumigatus). Expression of IL-36γ was analyzed in 23 fungal keratitis and 8 healthy donor corneas. C57BL/6 mice corneas were infected with A. fumigatus and IL-36 cytokines expression was assessed. Then, C57BL/6 mice with A. fumigatus keratitis were treated with rmIL-36γ or IL-36γ siRNA to assess CCL-2 expression and macr",https://pubmed.ncbi.nlm.nih.gov/42364326/,PubMed
SHIP Blocks (MDP+LPS)-Induced Synergy in Macrophages Independent of Catalytic Activity.,"Pang Yvonne C F, Menzies Susan C, Sly Laura M",Journal of leukocyte biology,2026-06-28,"Macrophages coordinate cytokine responses by integrating signals from pattern recognition receptors including NOD2 and TLR4. NOD2 detects muramyl dipeptide derived from bacterial peptidoglycan, and TLR4 recognizes lipopolysaccharide in the outer membrane of Gram-negative bacteria. NOD2 and TLR4 signals synergize to enhance cytokine production in myeloid cells. While synergy can support host defens",https://pubmed.ncbi.nlm.nih.gov/42364103/,PubMed
Combined metformin and Taurine attenuate age-related bone loss.,"Zhao Jun, Shi Wentao, Wang Juan",Molecular biology reports,2026-06-28,"Age-related bone loss is closely associated with functional decline and exhaustion of bone marrow mesenchymal stem cells (BMSCs). This study aimed to investigate whether combined Metformin and Taurine (Met + Ta) treatment could attenuate aging-associated skeletal deterioration and preserve BMSC function. Eighteen-month-old male C57BL/6J mice were treated with Met, Ta, or Met + Ta for 8 consecutive",https://pubmed.ncbi.nlm.nih.gov/42364025/,PubMed
An innovative course-based undergraduate research experience (CURE) in HPV-associated cervical cancer: integrating molecular oncology research and scientific writing in undergraduate education.,"Baba Sadaf Khursheed, Jawwad Tooba, Al Menhali Asma",Journal of microbiology & biology education,2026-06-28,"Course-based undergraduate research experiences (CUREs) widen access to authentic research by embedding open-ended investigations into undergraduate curricula. Here, we describe a semester-long CURE in cancer biology that integrates molecular biology techniques, data analysis, and structured scientific writing within an upper-level undergraduate course. Students engaged in the study of HPV-associa",https://pubmed.ncbi.nlm.nih.gov/42363872/,PubMed
A bifunctional aptamer-siRNA chimera targeting ACE2 for the inhibition of SARS-CoV-2 S pseudovirus entry and replication.,"Jiang Tao, Chen Zhiqiang, Li Wei",Acta biochimica et biophysica Sinica,2026-06-28,"The relentless evolution of severe acute respiratory syndrome coronavirus 2 (SARS-CoV-2) and the emergence of immune-evasive variants underscore an urgent need for novel therapeutic strategies that are resilient to viral mutations. Targeting conserved host factors essential for viral entry represents a promising approach to overcome this challenge. Here, we report the development of a bifunctional",https://pubmed.ncbi.nlm.nih.gov/42363689/,PubMed
Proteomics-based approach reveals the involvement of spliceosomal components SF3B and SerpinB9 in dermatofibrosarcoma protuberans.,"Xie Yang, Li Haifeng, Liu Tian",Orphanet journal of rare diseases,2026-06-28,"Dermatofibrosarcoma protuberans (DFSP) is a rare cutaneous soft tissue sarcoma which is prone to high recurrence rate, and the fibrosarcomatous transformation of DFSP (FS-DFSP) is associated with a poorer prognosis and significant metastatic potential. Although the translocation of regions of chromosomes 17 and 22 that results in COL1A1-PDGFB fusion is generally acknowledged as a key genetic featu",https://pubmed.ncbi.nlm.nih.gov/42363275/,PubMed
miR-1260b mediates rehabilitation of postpartum pelvic floor dysfunction by targeting PIN1.,"Sun Jian, Yu Chunhua",Biochemical and biophysical research communications,2026-06-28,"Postpartum pelvic floor dysfunction (PFD) impairs women's quality of life with unmet needs in early diagnosis and treatment. This study explored the expression profile, diagnostic value, and molecular mechanism of miR-1260b in postpartum PFD. This study included 60 PFD cases and 60 healthy controls. The expression of miR-1260b in tissues was detected, and the diagnostic efficacy and risk factors w",https://pubmed.ncbi.nlm.nih.gov/42361742/,PubMed
A SUZ12-marked epithelial dedifferentiation state with immune co-expression in pancreatic ductal adenocarcinoma.,"Wang Zhuoxin, Jin Chenyang, Yin Fei",Computational biology and chemistry,2026-06-28,"Polycomb repressive complex 2 (PRC2) silences MHC class I antigen presentation across cancer types, yet the role of its core scaffolding subunit SUZ12 in pancreatic ductal adenocarcinoma (PDAC) immune phenotypes remains poorly characterized. We integrated bulk transcriptomics from three cohorts, scRNA-seq (137,976 cells), mouse spatial transcriptomics (5980 spots), Mendelian randomization, colocal",https://pubmed.ncbi.nlm.nih.gov/42361510/,PubMed
Serum sphingosine-1-phosphate receptor 3 serves as a biomarker for identifying PDAC.,"Yu Mengsi, Shi Ying, Yang Zhanhua",Tissue & cell,2026-06-28,"Sphingosine-1-phosphate receptor 3 (S1PR3), a receptor of sphingosine-1-phosphate (S1P), participates in cancer progression. However, no study has investigated the S1PR3 expression in pancreatic ductal adenocarcinoma (PDAC). The S1PR3 expression in patients with PDAC and its role in predicting PDAC were investigated. We investigated the tissue and serum levels of S1PR3 in patients with PDAC by usi",https://pubmed.ncbi.nlm.nih.gov/42361414/,PubMed
Suppression of Ephx2 in endothelial cells of penile cavernouse tissue improves SHR erectile function.,"Zhang Tao, Jiang Jun, Jiang Rui",The journal of sexual medicine,2026-06-28,"Hypertension is a major cause of erectile dysfunction (ED). The impact of hypertension on the transcriptome and proteome of penile corpus cavernosum tissue, as well as its relationship with erectile dysfunction, is not clear. This study aimed to explore the differential expression of genes and proteins in the penile corpus cavernosum of spontaneously hypertensive rats (SHRs) and its relationship w",https://pubmed.ncbi.nlm.nih.gov/42361223/,PubMed
Integrated single-cell RNA sequencing and Bulk-RNA technologies reveal the immunological characteristics of lactylation related-genes in glioblastoma.,"Wang Biao, An Yangfang, Shu Yuansen",PloS one,2026-06-28,"Glioblastoma (GBM) is the most aggressive type of intracranial malignant tumor, known for its extremely poor prognosis. Lactylation, a newly identified post-translational modification, has been linked to tumorigenesis, though its specific role in GBM remains unclear. This study aims to integrate single-cell RNA sequencing (scRNA-seq) and bulk RNA sequencing (RNA-seq) data to create a novel prognos",https://pubmed.ncbi.nlm.nih.gov/42361107/,PubMed
Screening of SIGLEC1 based on transcriptomics and investigation of its function and mechanism in regulating mycobacterium tuberculosis-induced injury and polarization in THP-1 macrophages.,"Liu Jianwu, She Guolin, Wang Haijian",Archives of microbiology,2026-06-28,"Pulmonary tuberculosis (TB), caused by mycobacterium tuberculosis (M.tb) infection, remains a major global health threat. Macrophages serve as the primary host cells for M.tb, and the bacterium's ability to manipulate macrophage function is critical for its survival and pathogenesis. However, the specific molecular mechanisms regulating M.tb-induced macrophage injury require further elucidation. T",https://pubmed.ncbi.nlm.nih.gov/42360472/,PubMed
Stress‑induced catecholamines attenuate sorafenib efficacy by inhibiting ferroptosis in β2‑adrenergic receptor positive renal cell carcinoma.,"Ushijima Masaki, Naito Sei, Ito Hiromi",International journal of oncology,2026-06-28,"Ferroptosis, an iron‑dependent form of non‑apoptotic cell death, is a potential target for cancer therapy. Sorafenib, a molecular targeted agent for renal cell carcinoma (RCC), is involved in ferroptosis induction. Chronic stress, mediated by catecholamines via β2‑adrenergic receptors (ADRB2), promotes cancer progression, yet its influence on drug resistance and ferroptosis remains elusive. To inv",https://pubmed.ncbi.nlm.nih.gov/42359705/,PubMed
DeepSilencer: A Novel Deep Learning Model for Predicting siRNA Knockdown Efficiency,"Wangdan Liao, Weidong Wang",arXiv,2026-06-28,"Background: Small interfering RNA (siRNA) is a promising therapeutic agent due to its ability to silence disease-related genes via RNA interference. While traditional machine learning and early deep learning methods have made progress in predicting siRNA efficacy, there remains significant room for improvement. Advanced deep learning techniques can enhance prediction accuracy, reducing the relianc",http://arxiv.org/abs/2503.04200v1,arXiv
Maturation of siRNA by strand separation: Steered Molecular dynamics study,"Rakesh K Mishra, Sanchita Mukherjee, Dhananjay Bhattacharyya",arXiv,2026-06-28,"RNA interference, particularly siRNA induced gene silencing is becoming an important avenue of modern therapeutics. The siRNA is delivered to the cells as short double helical RNA which becomes single stranded for forming the RISC complex. Significant experimental evidence is available for most of the steps except the process of the separation of the two strands. We have attempted to understand th",http://arxiv.org/abs/1910.03778v1,arXiv
Using a hydrogen-bond index to predict the gene-silencing efficiency of siRNA based on the local structure of mRNA,"Kathy Q. Luo, Donald C. Chang",arXiv,2026-06-28,The gene silencing effect of short interfering RNA (siRNA) is known to vary strongly with the targeted position of the mRNA. A number of hypotheses have been suggested to explain this phenomenon. We would like to test if this positional effect is mainly due to the secondary structure of the mRNA at the target site. We proposed that this structural factor can be characterized by a single parameter ,http://arxiv.org/abs/1710.07413v1,arXiv
Unraveling siRNA Unzipping Kinetics with Graphene,"Santosh Mogurampelly, Swati Panigrahi, Dhananjay Bhattacharyya",arXiv,2026-06-28,"Using all atom molecular dynamics simulations, we report spontaneous unzipping and strong binding of small interfering RNA (siRNA) on graphene. Our dispersion corrected density functional theory based calculations suggest that nucleosides of RNA have stronger attractive interactions with graphene as compared to DNA residues. These stronger interactions force the double stranded siRNA to spontaneou",http://arxiv.org/abs/1207.4569v1,arXiv
Unzipping and binding of small interfering RNA with single walled Carbon Nanotube: a platform for small interfering RNA delivery,"Mogurampelly Santosh, Swati Panigrahi, Dhananjay Bhattacharyya",arXiv,2026-06-28,"In an effort to design efficient platform for siRNA delivery, we combine all atom classical and quantum simulations to study the binding of small interfering RNA (siRNA) by pristine single wall carbon nanotube (SWCNT). Our results show that siRNA strongly binds to SWCNT surface via unzipping its base-pairs and the propensity of unzipping increases with the increase in the diameter of the SWCNTs. T",http://arxiv.org/abs/1203.2409v1,arXiv
Nanodiamond as a vector for siRNA delivery to Ewing sarcoma cells,"Anna Alhaddad, Marie-Pierre Adam, Jacques Botsoa",arXiv,2026-06-28,"We investigated the ability of diamond nanoparticles (nanodiamonds, NDs) to deliver small interfering RNA (siRNA) in Ewing sarcoma cells, in the perspective of in vivo anti-cancer nucleic acid drug delivery. siRNA was adsorbed onto NDs previously coated with cationic polymer. Cell uptake of NDs has been demonstrated by taking advantage of NDs intrinsic fluorescence coming from embedded color cente",http://arxiv.org/abs/1106.2252v2,arXiv
Target prediction and a statistical sampling algorithm for RNA-RNA interaction,"F. W. D. Huang, J. Qin, C. M. Reidys",arXiv,2026-06-28,"It has been proven that the accessibility of the target sites has a critical influence for miRNA and siRNA. In this paper, we present a program, rip2.0, not only the energetically most favorable targets site based on the hybrid-probability, but also a statistical sampling structure to illustrate the statistical characterization and representation of the Boltzmann ensemble of RNA-RNA interaction st",http://arxiv.org/abs/0908.0597v1,arXiv
In silico evidence of the relationship between miRNAs and siRNAs,"Ludovica Montanucci, Piero Fariselli, Pier Luigi Martelli",arXiv,2026-06-28,"Both short interfering RNAs (siRNAs) and microRNAs (miRNAs) mediate the repression of specific sequences of mRNA through the RNA interference pathway. In the last years several experiments have supported the hypothesis that siRNAs and miRNAs may be functionally interchangeable, at least in cultured cells. In this work we verify that this hypothesis is also supported by a computational evidence. We",http://arxiv.org/abs/0705.2355v1,arXiv
