title,authors,journal,date,abstract,link,source
"Preparation, characterization, and preventive effects of ginseng polysaccharide-stabilized selenium nanoparticles against DSS-induced colitis.","Zhou Xiaoxiao, Chen Tao, Tang Xinru","Nanomedicine (London, England)",2026-07-09,"To overcome the poor colloidal stability of selenium nanoparticles (SeNPs) and combine ginseng polysaccharide bioactivity with nano selenium advantages for ulcerative colitis prevention. Ginseng polysaccharide functionalized SeNPs (GP-SeNPs) were prepared. Particle size,  GP-SeNPs showed smaller particle size (101.00 ± 1.22 nm), strong antioxidant activity, enhanced cellular uptake, and protection",https://pubmed.ncbi.nlm.nih.gov/42423036/,PubMed
MicroRNA-mediated regulation of cell wall dynamics and intercellular communication under stress.,"Mendoza-Soto Ana Belén, Aviña-Padilla Katia",Frontiers in plant science,2026-07-09,"MicroRNAs (miRNAs) are short endogenous non-coding RNAs that regulate gene expression at the post-transcriptional level through mRNA cleavage or translational repression. In plants, miRNAs play pivotal roles in a wide range of biological processes, including development, growth, and responses to biotic and abiotic stresses. Central to these processes is the plant cell wall, a dynamic structure tha",https://pubmed.ncbi.nlm.nih.gov/42422802/,PubMed
Exploratory analysis of mitochondrial transcription factor A as a putative biomarker for osteoporosis: a cross-sectional study.,"Zhang Yinyin, Wu Guoying, Hou Jialu",Frontiers in endocrinology,2026-07-09,"Numerous studies have linked mitochondrial dysfunction to osteoporosis; however, the roles of mitochondrial transcription factor A (TFAM) and oxidative stress in osteoporosis are unclear. This exploratory cross-sectional study examined the relationship between TFAM, oxidative stress markers, and osteoporosis. This study included 48 participants aged 50-75, including 12 non-osteoporosis patients an",https://pubmed.ncbi.nlm.nih.gov/42422422/,PubMed
Qingre-Huatan-Liqi formula attenuates FPM-induced lung injury via modulation of MAPK signaling and NETs formation.,"Yang Jie, Liu Yaqian, Meng Yufeng",Frontiers in pharmacology,2026-07-09,"Fine particulate matter (PM2.5, FPM) can induce and exacerbate chronic obstructive pulmonary disease (COPD) by triggering oxidative stress and multiple other pathogenic pathways. Our previous studies have demonstrated that Qingre-Huatan-Liqi formula (QRHTLQ) can improve the symptoms of patients with acute exacerbation of COPD (AECOPD), and animal experiments have suggested that QRHTLQ may prevent ",https://pubmed.ncbi.nlm.nih.gov/42422088/,PubMed
Adolescent stress and alcohol are associated with CX,"Medina-Vera Dina, Martín-Chaves Laura, Sánchez-Marín Laura",Frontiers in pharmacology,2026-07-09,"Adolescence is a vulnerable window in which stress and alcohol exposure can induce long-lasting neuroimmune, endocrine, and cardiac molecular alterations. The fractalkine axis (CX To test whether genetic or pharmacological disruption of CX Male and female C57BL/6J wild-type (WT) and CX CX These findings suggest that CX",https://pubmed.ncbi.nlm.nih.gov/42422081/,PubMed
"The CHRNA5 rs16969968 variant is associated with MMP-9 expression and inflammatory signaling in COPD in a West Bengal population, India.","Adhikari Himani, Sultana Nasima, Goswami Achintya Mohan",Frontiers in pharmacology,2026-07-09,"Host genetic variation plays a critical role in shaping inflammatory responses to chronic environmental exposure in Chronic Obstructive Pulmonary Disease (COPD). The non-synonymous CHRNA5 polymorphism rs16969968 (G>A; D398N) has been associated with nicotine dependence; however, its immunomodulatory relevance in COPD remains insufficiently explored. To investigate the association of the CHRNA5 rs1",https://pubmed.ncbi.nlm.nih.gov/42422064/,PubMed
mRNA-based MRI contrast agent for precise diagnosis of glioma and pseudoprogression.,"Li Haoyuan, Wang Leiming, Zhong Yichen",Cell biomaterials,2026-07-09,"Precise diagnosis of glioma remains challenging in two aspects: one is to accurately image the tumor margin before surgery, and the other is to distinguish pseudoprogression and true tumor progression after therapy. Here, we developed a non-metallic MRI contrast agent, composed of a serotonin-derived ionizable lipid nanoparticle (LNP) and an mRNA with its 3'UTR engineered for glioma-specific expre",https://pubmed.ncbi.nlm.nih.gov/42422058/,PubMed
Integrative single-cell transcriptomics and mendelian randomization identifies BTN3A2 as a shared protective factor in Behçet's disease and inflammatory bowel disease.,"Dai Qinjin, Wu Yuelan, Geng Wenbo",Frontiers in immunology,2026-07-09,"Behçet's disease (BD) and inflammatory bowel disease (IBD) are immune-mediated chronic inflammatory disorders. Although they exhibit significant overlap in clinical manifestations and immunological features, whether they share molecular targets and pathogenic links remains unclear. This study aimed to explore the possible linking and shared treatment target between these two diseases. We analyzed ",https://pubmed.ncbi.nlm.nih.gov/42421947/,PubMed
Exploring the bioavailability and bioactivity of thiamine versus allithiamine: studies in ,"Nevermann Sandra, Weiß Hannah, Fischer Alexandra",Frontiers in nutrition,2026-07-09,"Thiamine (vitamin B Here, we conducted complementary studies in  In flies, thiamine deficiency caused developmental arrest at the first-instar larval stage, whereas supplementation with thiamine or allithiamine fully restored normal development. Notably, HPLC analysis revealed slightly higher tissue thiamine levels following allithiamine supplementation. In thiamine-depleted mice, supplementation ",https://pubmed.ncbi.nlm.nih.gov/42421918/,PubMed
Spatial transcriptome revealed associated biomarkers for endocrine therapy response in HR-positive/HER2-negative early breast cancer.,"Tan Yujing, Wang Jiani, Chen Zhe",Chinese journal of cancer research = Chung-kuo yen cheng yen chiu,2026-07-09,"Endocrine resistance occurs in nearly all patients with hormone receptor-positive/human epidermal growth factor receptor 2-negative (HR+/HER2-) early breast cancer (EBC), which can develop local and distant recurrence. The situation highlights the need to explore biomarkers for the efficacy of endocrine therapy (ET). We performed digital spatial profiling on postoperative tumor samples from 20 HR+",https://pubmed.ncbi.nlm.nih.gov/42421911/,PubMed
Bioinformatic pipeline to identify candidate mRNA transcripts targeted by the putative Regulated Ire1-Dependent Decay pathway of ,"Bingham Connor, Taylor-Cornejo Elias",microPublication biology,2026-07-09,Inositol-requiring protein 1 (Ire1) is a eukaryotic stress sensor that counteracts the buildup of unfolded proteins in the endoplasmic reticulum (ER) by activating the Unfolded Protein Response (UPR) via a specific ribonuclease (RNase) activity. The amoeba ,https://pubmed.ncbi.nlm.nih.gov/42421804/,PubMed
LINC00486 drives hepatocellular carcinoma progression via stabilization of YAP1 mRNA.,"Song Wei, Xu Rong, Li Zhide",Acta biochimica et biophysica Sinica,2026-07-09,"Hepatocellular carcinoma (HCC) is a major global health concern due to its high incidence and poor prognosis. Long noncoding RNAs (lncRNAs) have recently emerged as crucial regulators in the intricate landscape of cancer progression, and LINC00486, a newly identified lncRNA, has attracted scientific interest. In this study, we analyze LINC00486 expression in 45 paired HCC and normal tissues, revea",https://pubmed.ncbi.nlm.nih.gov/42421563/,PubMed
rRNA transcription is regulated by sequestering LATS2 and PHF6 to the nuclear speckle following DNA damage.,"Suzuki Hirokazu, Mukai Satomi, Kato Yorika",Journal of cell science,2026-07-09,"Mammalian large tumor suppressor 2 (LATS2) is an evolutionarily conserved Ser/Thr kinase that regulates the Hippo signaling pathway and cell cycle checkpoints. In this study, we demonstrate that ultraviolet (UV) irradiation causes the phosphorylation of LATS2 at S835, localizing a portion of it to the nuclear speckle, which is a membraneless organelle enriched in pre-mRNA splicing factors in the n",https://pubmed.ncbi.nlm.nih.gov/42421490/,PubMed
Transgene Sequence Codon Optimization and Composition Determines Replication Competence of Self-Amplifying RNA.,"Bathula Nuthan Vikas, Soriano Shekinah K V, Huang Cynthia",Molecular therapy : the journal of the American Society of Gene Therapy,2026-07-09,"Self-amplifying RNA (saRNA) is an emerging RNA therapeutic modality that can facilitate higher magnitude and more durable protein expression at substantially lower doses than non-replicating mRNA. Unlike conventional mRNA, alphavirus derived saRNA must support a replicase driven RNA amplification step in addition to translation, raising the possibility that transgene coding sequences impose sequen",https://pubmed.ncbi.nlm.nih.gov/42421318/,PubMed
Design of Nanocarriers for Kidney Targeted Delivery of Nucleic Acid Therapeutics.,"Lee Jun Hyuk, Han Junku, Park Sehwan",Macromolecular bioscience,2026-07-09,"Driven by recent successful clinical translation, nucleic acid therapeutics are being actively investigated to expand their applications to various diseases, including renal genetic disorders. As life expectancy increases and the burden of renal diseases continues to rise, nucleic acid therapeutics are considered promising alternatives to conventional treatments. This review summarizes key conside",https://pubmed.ncbi.nlm.nih.gov/42421234/,PubMed
Tumor-type specific methylation patterns of MTAP in human samples and cell lines.,"Álvarez-Carrión Luis, Müller Dalma, Pedregal Manuel",Clinical epigenetics,2026-07-09,"Loss of methylthioadenosine phosphorylase creates a therapeutically dependency on PRMT5, yet current strategies select patients based only on MTAP genomic deletion. We performed an integrated analysis of DNA methylation and gene expression using TCGA, TARGET and ENCODE data to identify alternative mechanisms of MTAP inactivation. A promoter-proximal CpG site (cg25162921) showed a frequent hypermet",https://pubmed.ncbi.nlm.nih.gov/42421155/,PubMed
LMAN2 promotes breast cancer progression and deduces cell sensitivity to doxorubicin through stearoyl-CoA desaturase.,"Yan Changjiao, Cui Fengqiang, Liu Chutuo",Breast cancer research : BCR,2026-07-09,"Dysregulated lipid metabolism and chemoresistance are key drivers of breast cancer progression. Lectin, mannose-binding 2 (LMAN2) is frequently overexpressed in human breast tumors and functions as an oncogenic driver. However, whether LMAN2 contributes to chemoresistance remains unknown. We integrated multi-omics data from 1,085 primary tumors and matched normal tissues (from GEPIA and UALCAN) wi",https://pubmed.ncbi.nlm.nih.gov/42421146/,PubMed
Cadherin-mediated cell adhesion networks drive tumor growth and therapeutic responses in head and neck cancer.,"Abdel-Maksoud Mostafa A, Alamri Abdulaziz, Fahad Aljawharah",World journal of surgical oncology,2026-07-09,"Cadherin family genes (CDH1, CDH2, and CDH3) regulate cell-cell adhesion and epithelial integrity and have emerging roles in tumorigenesis. However, their molecular and functional relevance in Head and Neck Squamous Cell Carcinoma (HNSC) remains incompletely defined. Cadherin expression was evaluated in HNSC and normal oral epithelial cell lines using RT-qPCR. Multi-omics analyses of transcriptomi",https://pubmed.ncbi.nlm.nih.gov/42421103/,PubMed
Substrate stiffness regulates HIF-1α signalling via β1-integrin/myosin-2/NF-κB axis.,"Bastida Urkiza Ander, Cortes Ernesto, Jin Chongguang",Journal of translational medicine,2026-07-09,"HIF-1α is classically activated under hypoxia, inducing metabolic adaptation, angiogenesis, extracellular matrix remodelling and immune response. However, HIF-1α activation under normoxia and the role of mechanical stimuli on hypoxic response remain incompletely characterized. This study investigates the role of mechanical stimuli in modulating HIF-1α activation under normoxia by studying the resp",https://pubmed.ncbi.nlm.nih.gov/42421092/,PubMed
H-score and ERBB2 mRNA refine identification of HER2-low and HER2-ultralow breast cancer.,"Sartori Guilherme Parisotto, Ramalho Susana, da Silva Leonardo Roberto",Breast cancer research : BCR,2026-07-09,"Accurate HER2 assessment is essential for breast cancer (BC) treatment, as it directs targeted therapy decisions and predicts patient prognosis. Even though immunohistochemistry (IHC) is widely used, manual scoring is susceptible to variability. This study was conducted to evaluate HER2 expression in HER2-negative breast cancer patients treated with neoadjuvant chemotherapy (NAC), using H-score an",https://pubmed.ncbi.nlm.nih.gov/42421039/,PubMed
Energy-efficient codon optimization on thermodynamic hardware,"Andraz Jelincic, Ross C. Walker",arXiv,2026-07-09,"The growing energy demand for computation is becoming increasingly unsustainable. Thermodynamic computing, which harnesses physical thermal fluctuations as a computational resource rather than suppressing them, offers orders-of-magnitude energy savings for probabilistic and combinatorial tasks. Pharmaceutical R&D, heavily reliant on computational optimization and sampling, is a natural application",http://arxiv.org/abs/2606.17327v1,arXiv
mRNAutilus: Multi-Objective-Guided Discrete Generation of mRNA with Optimized Therapeutic Properties,"Sawan Patel, Sophia Tang, Yesol Kim",arXiv,2026-07-09,"Therapeutic mRNA design requires coordinating multiple interacting sequence features across the full transcript, where codon usage, untranslated regions (UTRs), and their coupling jointly determine stability, translation efficiency, and protein expression. Here, we present mRNA generation via unrolled trajectories and informed latent updates (mRNAutilus), a framework for simultaneous codon optimiz",http://arxiv.org/abs/2605.31296v1,arXiv
Sampling-based Continuous Optimization for Messenger RNA Design,"Feipeng Yue, Ning Dai, Wei Yu Tang",arXiv,2026-07-09,"Designing messenger RNA (mRNA) sequences for a fixed target protein requires searching an exponentially large synonymous space while optimizing properties that affect stability and downstream performance. This is challenging because practical mRNA design involves multiple coupled objectives beyond classical folding criteria, and different applications prefer different trade-offs. We propose a gene",http://arxiv.org/abs/2603.06559v1,arXiv
Drug-like antibodies with low immunogenicity in human panels designed with Latent-X2," Latent Labs Team, Henry Kenlay, Daniella Pretorius",arXiv,2026-07-09,"Drug discovery has long sought computational systems capable of designing drug-like molecules directly: developable and non-immunogenic from the start. Here we introduce Latent-X2, a frontier generative model that achieves this goal through zero-shot design of antibodies with strong binding affinities, drug-like properties, and, for the first time for any de novo generated antibody, confirmed low ",http://arxiv.org/abs/2512.20263v1,arXiv
"RNAGenScape: Property-Guided, Optimized Generation of mRNA Sequences with Manifold Langevin Dynamics","Danqi Liao, Chen Liu, Xingzhi Sun",arXiv,2026-07-09,"Generating property-optimized mRNA sequences is central to applications such as vaccine design and protein replacement therapy, but remains challenging due to limited data, complex sequence-function relationships, and the narrow space of biologically viable sequences. Generative methods that drift away from the data manifold can yield sequences that fail to fold, translate poorly, or are otherwise",http://arxiv.org/abs/2510.24736v3,arXiv
Yeast growth is controlled by the proportional scaling of mRNA and ribosome concentrations,"Xin Gao, Michael Lanz, Rosslyn Grosely",arXiv,2026-07-09,"Despite growth being fundamental to all aspects of cell biology, we do not yet know its organizing principles in eukaryotic cells. Classic models derived from the bacteria E. coli posit that protein-synthesis rates are set by mass-action collisions between charged tRNAs produced by metabolic enzymes and mRNA-bound ribosomes. These models show that faster growth is achieved by simultaneously raisin",http://arxiv.org/abs/2508.14997v1,arXiv
mRNA Folding Algorithms for Structure and Codon Optimization,"Max Ward, Mary Richardson, Mihir Metkar",arXiv,2026-07-09,"mRNA technology has revolutionized vaccine development, protein replacement therapies, and cancer immunotherapies, offering rapid production and precise control over sequence and efficacy. However, the inherent instability of mRNA poses significant challenges for drug storage and distribution, particularly in resource-limited regions. Co-optimizing RNA structure and codon choice has emerged as a p",http://arxiv.org/abs/2503.19273v1,arXiv
Generative Model for Synthesizing Ionizable Lipids: A Monte Carlo Tree Search Approach,"Jingyi Zhao, Yuxuan Ou, Austin Tripp",arXiv,2026-07-09,"Ionizable lipids are essential in developing lipid nanoparticles (LNPs) for effective messenger RNA (mRNA) delivery. While traditional methods for designing new ionizable lipids are typically time-consuming, deep generative models have emerged as a powerful solution, significantly accelerating the molecular discovery process. However, a practical challenge arises as the molecular structures genera",http://arxiv.org/abs/2412.00807v1,arXiv
Machine learning framework to predict the performance of lipid nanoparticles for nucleic acid delivery,"Gaurav Kumar, Arezoo M. Ardekani",arXiv,2026-07-09,"Lipid nanoparticles (LNPs) are highly effective carriers for gene therapies, including mRNA and siRNA delivery, due to their ability to transport nucleic acids across biological membranes, low cytotoxicity, improved pharmacokinetics, and scalability. A typical approach to formulate LNPs is to establish a quantitative structure-activity relationship (QSAR) between their compositions and in vitro/in",http://arxiv.org/abs/2411.14293v1,arXiv
Joint Design of 5' Untranslated Region and Coding Sequence of mRNA,"Yang Liu, Jie Gao, Xiaonan Zhang",arXiv,2026-07-09,"Messenger RNA (mRNA) vaccines and therapeutics are emerging as powerful tools against a variety of diseases, including infectious diseases and cancer. The design of mRNA molecules, particularly the untranslated region (UTR) and coding sequence (CDS) is crucial for optimizing translation efficiency and stability. Current design approaches generally focus solely on either the 5' UTR or the CDS, whic",http://arxiv.org/abs/2410.20781v1,arXiv
Bacterial stress granule protects mRNA through ribonucleases exclusion,"Linsen Pei, Yujia Xian, Xiaodan Yan",arXiv,2026-07-09,"Membraneless droplets formed through liquid-liquid phase separation (LLPS) play a crucial role in mRNA storage, enabling organisms to swiftly respond to environmental changes. However, the mechanisms underlying mRNA integration and protection within droplets remain unclear. Here, we unravel the role of bacterial aggresomes as stress granules (SGs) in safeguarding mRNA during stress. We discovered ",http://arxiv.org/abs/2404.17873v2,arXiv
"Hypolipidemic effect of brown seaweed (Sargassum crassifolium) extract in vivo (Study of histopathology, mRNA expression, and immunohistochemistry (IHC) with VCAM-1, ICAM-1, and MCP-1 parameters)","Sarah Zaidan, Syamsudin Abdillah, Nur Arfian",arXiv,2026-07-09,The purpose of this study was to obtain natural drugs from brown seaweed (Sargassum crassifolium) as antiatherosclerosis candidates through the study of hypolipidemic mechanisms of action. Modeling of dyslipidemia rats was carried out by feeding high-fat (HFF) and doses of crude fucoidan 100. 200. 400mg / KgBB. in both treatments measured blood lipid profile levels taken from the orbital sinuses. ,http://arxiv.org/abs/2402.07497v1,arXiv
Machine Learning Modeling Of SiRNA Structure-Potency Relationship With Applications Against Sars-Cov-2 Spike Gene,Damilola Oshunyinka,arXiv,2026-07-09,"The pharmaceutical Research and development (R&D) process is lengthy and costly, taking nearly a decade to bring a new drug to the market. However, advancements in biotechnology, computational methods, and machine learning algorithms have the potential to revolutionize drug discovery, speeding up the process and improving patient outcomes. The COVID-19 pandemic has further accelerated and deepened",http://arxiv.org/abs/2401.12232v1,arXiv
Messenger RNA Design via Expected Partition Function and Continuous Optimization,"Ning Dai, Wei Yu Tang, Tianshuo Zhou",arXiv,2026-07-09,"The tasks of designing RNAs are discrete optimization problems, and several versions of these problems are NP-hard. As an alternative to commonly used local search methods, we formulate these problems as continuous optimization and develop a general framework for this optimization based on a generalization of classical partition function which we call ""expected partition function"". The basic idea ",http://arxiv.org/abs/2401.00037v2,arXiv
Machine Learning-guided Lipid Nanoparticle Design for mRNA Delivery,"Daisy Yi Ding, Yuhui Zhang, Yuan Jia",arXiv,2026-07-09,"While RNA technologies hold immense therapeutic potential in a range of applications from vaccination to gene editing, the broad implementation of these technologies is hindered by the challenge of delivering these agents effectively. Lipid nanoparticles have emerged as one of the most widely used delivery agents, but their design optimization relies on laborious and costly experimental methods. W",http://arxiv.org/abs/2308.01402v2,arXiv
Corrected Hill Function in Stochastic Gene Regulatory Networks,"Manuel Eduardo Hernández-García, Jorge Velázquez-Castro",arXiv,2026-07-09,"Describing reaction rates in stochastic bio-circuits is commonly done by directly introducing the deterministically deduced Hill function into the master equation. However, when fluctuations in enzymatic reaction rates are not neglectable, the Hill function must be derived, considering all the involved stochastic reactions. In this work, we derived the stochastic version of the Hill function from ",http://arxiv.org/abs/2307.03057v4,arXiv
Stochastic dynamics and ribosome-RNAP interactions in Transcription-Translation Coupling,"Xiangting Li, Tom Chou",arXiv,2026-07-09,"Under certain cellular conditions, transcription and mRNA translation in prokaryotes appear to be ""coupled,"" in which the formation of mRNA transcript and production of its associated protein are temporally correlated. Such transcription-translation coupling (TTC) has been evoked as a mechanism that speeds up the overall process, provides protection during the transcription, and/or regulates the t",http://arxiv.org/abs/2207.04568v1,arXiv
Coronavirus RNA Sensor Using Single-Stranded DNA Bonded to Sub-Percolated Gold Films on Monolayer Graphene Field-Effect Transistors,"Nicholas E. Fuhr, Mohamed Azize, David J. Bishop",arXiv,2026-07-09,"Electrical detection of messenger ribonucleic acid (mRNA) is a promising approach to enhancing transcriptomics and disease diagnostics because of its sensitivity, rapidity, and modularity. Reported here is a fast SARS-CoV-2 mRNA biosensor (<1 minute) with a limit of detection of 1 aM, and dynamic range of 4 orders of magnitude and a linear sensitivity of 22 mV per molar decade. These figures of me",http://arxiv.org/abs/2205.05143v1,arXiv
Deep learning models for predicting RNA degradation via dual crowdsourcing,"Hannah K. Wayment-Steele, Wipapat Kladwang, Andrew M. Watkins",arXiv,2026-07-09,"Messenger RNA-based medicines hold immense potential, as evidenced by their rapid deployment as COVID-19 vaccines. However, worldwide distribution of mRNA molecules has been limited by their thermostability, which is fundamentally limited by the intrinsic instability of RNA molecules to a chemical degradation reaction called in-line hydrolysis. Predicting the degradation of an RNA molecule is a ke",http://arxiv.org/abs/2110.07531v2,arXiv
Coagulapathies after vaccination against SARS-CoV-2 may be derived from a combination effect of SARS-CoV-2 spike protein and adenovirus vector-triggered signaling pathways,Ralf Kircheis,arXiv,2026-07-09,"The novel coronavirus SARS-CoV-2 has resulted in a global pandemic with worldwide 6-digital infection rates and thousands death tolls daily. Enormeous effords are undertaken to achieve high coverage of immunization in order to reach herd immunity to stop spreading of SARS-CoV-2 infection. Several SARS-CoV-2 vaccines, based either on mRNA, viral vectors, or inactivated SARS-CoV-2 virus have been ap",http://arxiv.org/abs/2109.00089v1,arXiv
RNAi-based motility screen of predicted sarcopenia-associated genes during aging in ,"Orlov Iurii, Naud Merlin, Taras Walha",microPublication biology,2026-07-09,"Sarcopenia, the age-related decline in skeletal muscle mass, function, and strength, is driven by mechanisms that are incompletely understood. We analyzed a large meta-analysis of human skeletal muscle transcriptomic datasets to identify candidate regulators of sarcopenia. Orthologs of these candidate genes in ",https://pubmed.ncbi.nlm.nih.gov/42421806/,PubMed
An eyestalk-enriched GATA factor (NdGATA123c) modulates photosensitivity and molting in Neocaridina denticulata sinensis.,"Yan Congcong, Zhang Xiaoyu, Wang Shangpeng",The Journal of experimental biology,2026-07-09,"GATA proteins are a class of important transcription factors with conserved zinc finger domains, playing essential roles in developmental regulation and tissue homeostasis in animals. However, the molecular characteristics and in-depth functional studies of the GATA family members in crustaceans are still lacking. In this study, we identified a cumulative total of 67 GATA genes across the 12 crust",https://pubmed.ncbi.nlm.nih.gov/42421577/,PubMed
Two atypical resistance proteins confer plant resistance to Melanaphis sorghi in sorghum.,"Lei Kang, Tian Dong, Shao Yutao",Plant communications,2026-07-09,"Aphids are among the most common insect pests that decrease worldwide crop production. However, breeding aphid-resistant crops is currently hindered by scarcity of resistance genes. This problem is particularly prominent in sorghum for which resistant cultivars are now urgently needed to control the aphid Melanaphis sorghi (MES). Here we report map-based cloning of RMES1A and RMES1B, encoding two ",https://pubmed.ncbi.nlm.nih.gov/42421313/,PubMed
Harnessing CRISPRi Competition to Develop Multimodule Controllers for Resource-Aware Circuit Design.,"Rijal Sadikshya, Zhang Rong, Tian Xiao-Jun","Methods in molecular biology (Clifton, N.J.)",2026-07-09,"Cellular resource limitations give rise to resource competition, undermining the modularity and predictability of engineered genetic circuits. In systems containing positive feedback, such competition can drive Winner-Takes-All (WTA) dynamics, resulting in severe imbalances in resource allocation across circuit modules. In this chapter, we present an experimental implementation of a Negatively Com",https://pubmed.ncbi.nlm.nih.gov/42420735/,PubMed
Intercellular CRISPRi for Distributed Genetic Circuits.,"Pujar Abhinav, Sharma Anchita, Kushwaha Manish","Methods in molecular biology (Clifton, N.J.)",2026-07-09,"Microbial communities and multicellular organisms employ diverse strategies for allocation of available resources, achieved through task distribution among specialized cells. Drawing inspiration from nature, several synthetic multicellular circuits have been recently constructed where a larger circuit is distributed into several cells in order to reduce the burden on individual cells. Here, we des",https://pubmed.ncbi.nlm.nih.gov/42420731/,PubMed
Design of Conditional Guide RNAs for the Logical Regulation of Gene Expression.,"Park Dongwon, Shin Woosub, Kang Hansol","Methods in molecular biology (Clifton, N.J.)",2026-07-09,"The CRISPR interference (CRISPRi) is an RNA-guided regulator that silences gene expression by binding to its cognate DNA target, halting transcription in both prokaryotic and eukaryotic cells. Recent advances in RNA synthetic biology have endowed CRISPR guide RNAs (gRNAs) with conditional functionality: these so-called conditional guide RNAs (cgRNAs) fold into strong hairpins that block their acti",https://pubmed.ncbi.nlm.nih.gov/42420725/,PubMed
A portable Cas6f-based system for multiplex translational repression in bacteria.,"Favoino Giusi, Pšenka Denis, Frideres Lea",Nature communications,2026-07-09,"Engineered small RNAs (sRNAs) enable programmable gene knockdowns and support metabolic engineering and multiplex regulation in model bacteria. Still, precise, tunable, and multiplex gene repression remains a challenge in synthetic biology. Common tools can impose genetic burden, depend on host RNA factors, or do not transfer well across species. Here we present MORTISE (Multiplex, ORthogonal Tran",https://pubmed.ncbi.nlm.nih.gov/42420316/,PubMed
Gene therapy for spinocerebellar ataxias.,"Eo Hyemi, Bok Eugene, Lee Ho-Won",Trends in pharmacological sciences,2026-07-09,"Spinocerebellar ataxias (SCAs), rare neurodegenerative disorders characterized by progressive cerebellar degeneration, cause impaired balance and motor dysfunction. Although most cases are inherited, sporadic forms also occur, and effective disease-modifying therapies remain unavailable despite advances in understanding their genetic and molecular mechanisms. This unmet need is particularly signif",https://pubmed.ncbi.nlm.nih.gov/42420064/,PubMed
Hemocyanin is associated with GAPDH-related glycolytic metabolism during anti-Vibrio responses in Penaeus vannamei.,"Guo Jiashun, Zou Yantang, Hong Qiaofang",Developmental and comparative immunology,2026-07-09,"Immunometabolic reprogramming is a hallmark of host defense. Recent studies have shown that hemocyanin regulates the tricarboxylic acid (TCA) cycle in shrimp to enhance immune competence, yet its role in glycolytic regulation remains unclear. Here, we show that RNA interference-mediated silencing of hemocyanin in Penaeus vannamei markedly reduces the expression of glyceraldehyde-3-phosphate dehydr",https://pubmed.ncbi.nlm.nih.gov/42419531/,PubMed
Newly identified TRAF7 interacts with TAK1 and regulates immune response in Chlamys farreri.,"Lin Xiaoxue, Zhang Zihao, Chu Xiaolong",Fish & shellfish immunology,2026-07-09,"Tumor necrosis factor receptor-associated factor 7 (TRAF7) is an atypical member of the TRAF family, with well-established roles in modulating vertebrate innate immunity, apoptosis, and intracellular signal transduction. In contrast, its functional repertoire in invertebrates, particularly among marine mollusks, remains poorly characterized. In this study, a TRAF7 ortholog from the Zhikong scallop",https://pubmed.ncbi.nlm.nih.gov/42419526/,PubMed
ClSAMBA regulates ray floret growth and flowering time in Chrysanthemum lavandulifolium.,"Wang Tiantian, Zhang Peng, Chen Chunyan",Plant science : an international journal of experimental plant biology,2026-07-09,"APC/C (Anaphase-Promoting Complex/Cyclosome) plays a critical role in plant organ development by regulating cell cycle progression. SAMBA, a plant-specific regulator of APC/C, modulates cell proliferation efficiency, while its function in floral organ development within Asteraceae species remains poorly characterized. In this study, the homologue in Chrysanthemum lavandulifolium has the elevated e",https://pubmed.ncbi.nlm.nih.gov/42419490/,PubMed
SOPA and SIMPA: normalized single-sample integrated multiomics pathway analysis of tumor heterogeneity in solid cancers.,"Alsharoh Hasan, Ismaiel Abdulrahman, Calin George A",Briefings in bioinformatics,2026-07-09,"Inter-sample tumor heterogeneity poses significant challenges to metastatic cancer treatment. Although multiomics analyses provide nuanced molecular insights into tumor heterogeneity, current molecular pathway analysis tools focus on group-based comparisons, which may overlook differential single-sample perturbations. Here, we present normalized single-sample single-omic pathway analysis (SOPA), a",https://pubmed.ncbi.nlm.nih.gov/42418826/,PubMed
EGFR Is Essential for Ovary but Not Testis Development in the Parasitoid Wasp Leptopilina drosophilae.,"Shan Jieyu, Wang Zeying, Xu Zixuan",Archives of insect biochemistry and physiology,2026-07-09,"The epidermal growth factor receptor (EGFR) signaling pathway is an important regulator of insect reproduction, yet its function in parasitoid wasps remains largely unknown. Here, we investigated the role of EGFR in the reproductive development of the parasitoid wasp Leptopilina drosophilae, an effective natural enemy of the globally invasive pest Drosophila suzukii. We cloned the LdEGFR gene and ",https://pubmed.ncbi.nlm.nih.gov/42418510/,PubMed
Mesothelial cell senescence induced by high glucose in peritoneal dialysis drives fibroblast activation and peritoneal fibrosis through KLF6-mediated activation of TGF-β pathway.,"Wen Wen, Chen Liqun, Chen Ling",Molecular and cellular biochemistry,2026-07-09,"Long-term peritoneal dialysis (PD) frequently leads to peritoneal fibrosis (PF), resulting in ultrafiltration failure. This study aims to elucidate the molecular mechanisms underlying PD-associated PF and provide new insights for its treatment. Single-cell RNA sequencing (scRNA-seq) data from PD patients in the GEO database were analyzed to examine the cellular composition and gene expression prof",https://pubmed.ncbi.nlm.nih.gov/42418120/,PubMed
Off-Target activity as a Translational Barrier in Programmable Gene-Editing Strategies for Nontuberculous Mycobacteria: Narrative Review.,"Raj D Daniel, Maurya Anand Kumar, Singh Jitendra",Maedica,2026-07-09,"To review the clinical and translational implications of off-target activity associated with clustered regularly interspaced short palindromic repeats (CRISPR)-based approaches in nontuberculous mycobacteria (NTM) and discuss current strategies aimed at specificity and safety. The relevant published literature on the application of CRISPR-Cas systems, including Cas9, Cas12a and CRISPR interference",https://pubmed.ncbi.nlm.nih.gov/42416743/,PubMed
The pigment-dispersing factor receptor (PDFR) gene is involved in circadian rhythm and moulting in Hyphantria cunea.,"Li Xue, Zhao Ge, Zhao Rongxia",Insect molecular biology,2026-07-09,"The pigment-dispersing factor neuropeptide receptor (PDFR) has a key role in establishing and maintaining the circadian rhythm, such as reproductive behaviour and ecdysone biosynthesis in numerous insect species. However, the functions of the PDFR gene are still unknown in Hyphantria cunea. In this study, the expression level of the HcPDFR gene during the 6th instar stage of larvae is higher than ",https://pubmed.ncbi.nlm.nih.gov/42415339/,PubMed
Computational Toxicology Prioritization of CYP3A4 and DPP7 as Candidate Triclosan-Relevant Molecular Targets in Ulcerative Colitis.,"Wang Jiafeng, Jiang Songsong, Zhang Yingying",Toxicology mechanisms and methods,2026-07-09,"Triclosan (TCS), a synthetic broad-spectrum antimicrobial classified as a novel persistent organic pollutant, is detected in over 75% of human urine samples, yet its molecular targets in ulcerative colitis (UC) remain uncharacterized at a systems level. We integrated network toxicology, multi-cohort machine learning, molecular docking, 100-ns all-atom molecular dynamics (MD) simulation, and single",https://pubmed.ncbi.nlm.nih.gov/42414864/,PubMed
Unraveling the dual roles of MICAL2 in skeletal muscle physiology and fusion negative rhabdomyosarcoma tumor progression.,"Wang Ashley, Giarratana Nefele, Cassiman Simen",Cell death & disease,2026-07-09,"Rhabdomyosarcoma (RMS) is a prevalent soft tissue sarcoma in pediatric populations characterized by dysregulated myogenesis and limited treatment options. Notably, fusion negative RMS (FN-RMS) constitutes the predominant subtype in pediatric patients and commonly harbors RAS mutations, resulting in uncontrolled cell proliferation and invasion. To date, the precise molecular determinants underlying",https://pubmed.ncbi.nlm.nih.gov/42414270/,PubMed
ChAHP silences SINE retrotransposons by inhibiting TFIIIB recruitment.,"Schnabl-Baumgartner Jakob, Mohn Fabio, Schwaiger Michaela",Molecular cell,2026-07-09,"Short interspersed nuclear elements (SINEs) are abundant non-autonomous transposable elements derived from RNA polymerase III (POL III)-transcribed short non-coding RNAs. SINEs retain sequence features recognized by the POL III machinery and constitute a substantial portion of vertebrate genomes. Despite their impact on genome stability and evolution, the mechanisms governing SINE transcription re",https://pubmed.ncbi.nlm.nih.gov/42413492/,PubMed
Enhanced sampling and cryo-EM data resolve magnesium binding to RNA,"Olivier Languin-Cattoën, Elisa Posani, Giovanni Bussi",arXiv,2026-07-09,"Magnesium ions are essential for RNA structure but difficult to model due to slow binding kinetics and experimental limitations. We present an enhanced-sampling strategy that accelerates Mg$^{2+}$ inner-shell binding by orders of magnitude, enabling quantitative exploration of ion-binding motifs in a large ribozyme. The method combines a barrier-flattening bias with Hamiltonian replica exchange to",http://arxiv.org/abs/2607.07186v1,arXiv
Bayesian Sampling of Structural Ensembles: The Role of Ensemble-Counting Measures,"Ivan Gilardoni, Giovanni Bussi",arXiv,2026-07-09,"Structural ensemble refinement is widely used to integrate molecular simulations with experimental measurements. While most applications focus on the maximum-a-posteriori (MAP) ensemble, Bayesian sampling of the posterior distribution can provide uncertainty estimates and posterior averages for arbitrary observables. A notable step in this direction was introduced by the Bayesian Energy Landscape ",http://arxiv.org/abs/2606.18495v1,arXiv
MultiMolecule: a modular ecosystem for biomolecular sequence-model workflows,Zhiyuan Chen,arXiv,2026-07-09,"Biomolecular sequence models are increasingly reused outside the studies in which they were introduced, but public checkpoints rarely preserve the execution context needed to inspect source-defined behavior, adapt models to new assays, compare models under shared task definitions or deploy biological predictions. MultiMolecule is an open-source Python ecosystem that turns heterogeneous RNA, DNA an",http://arxiv.org/abs/2606.16540v1,arXiv
The Montparnasse Algorithm for RNA Design,Tristan Cazenave,arXiv,2026-07-09,"RNA design consists of discovering a nucleotide sequence that optimizes predefined criteria, such as secondary structure. It is useful for synthetic biology, medicine, and nanotechnology. We propose Montparnasse, a Monte Carlo search framework based on Generalized Nested Rollout Policy Adaptation, augmented with a problem-specific prior, slow and long adaptation at level 1, and a lexicographic mul",http://arxiv.org/abs/2606.07562v1,arXiv
Multimodal Alignment and Preference Optimization for Zero-Shot Conditional RNA Generation,"Roman Klypa, Alberto Bietti, Sergei Grudinin",arXiv,2026-07-09,"The design of RNA molecules that interact with specific proteins is a critical challenge in experimental and computational biology. Despite recent progress in natural language modeling and deep learning-based protein design, there remains significant room to improve the frequency of successful interactions and the authenticity of generated sequences for functional applications. In this work, we fr",http://arxiv.org/abs/2605.23961v1,arXiv
"GoForth: Language Models for RNA Design under Structure, Sequence, and Coding Constraints",Michael Lindsey,arXiv,2026-07-09,"RNA inverse sequence design has broad biological and engineering applications, but computational methods for practical design queries remain limited. Such queries may impose several constraints at once, including target folds or motifs, fixed bases, and coding restrictions, while leaving arbitrary sequence and structure in unspecified regions. Because these constraints may permit many acceptable s",http://arxiv.org/abs/2605.07608v1,arXiv
Bayesian Rate Inference for Sequence Motif Dynamics in Systems of Reactive Nucleic Acids,"Johannes Harth-Kitzerow, Ulrich Gerland, Torsten A. Enßlin",arXiv,2026-07-09,"The RNA world hypothesis suggests a pathway of how life emerged on early earth. It assumes that life started with RNA based systems, capable of storing, transmitting and replicating information, envisioning that monomers and short RNA oligomers interact to form longer strands, eventually becoming catalytically active ribozymes. Key reactions in RNA pools are hybridization, dehybridization, templat",http://arxiv.org/abs/2604.25701v2,arXiv
VARIANT: Web Server for Decoding and Analyzing Viral Mutations at Genome and Protein Levels,"Rui Wang, Xuhang Dai, Xin Cao",arXiv,2026-07-09,"A comprehensive analysis of viral mutations is essential for understanding viral evolution, disease epidemiology, diagnosis, drug resistance, etc. However, challenges remain in capturing complex mutation patterns and supporting diverse viral families with varying genome architectures. To address these needs, we present VARIANT, an web server for mutational analysis of RNA viral genomes and associa",http://arxiv.org/abs/2604.20942v1,arXiv
Interfacial Potential Transduction for Diagnostics,"Hyun-June Jang, Peuli Nath, Yuqin Wang",arXiv,2026-07-09,"A major barrier to decentralized, near-patient diagnostics is the lack of a signal transduction modality that is both analytically precise and accessible at the point of care. Optical readouts remain instrument-dependent and difficult to miniaturize, while compact electrochemical readouts are prone to matrix-derived signal distortion, limiting their biomarker coverage in real clinical settings. He",http://arxiv.org/abs/2603.23775v1,arXiv
ZeroFold: Protein-RNA Binding Affinity Predictions from Pre-Structural Embeddings,"Josef Hanke, Sebastian Pujalte Ojeda, Shengyu Zhang",arXiv,2026-07-09,"The accurate prediction of protein-RNA binding affinity remains an unsolved problem in structural biology, limiting opportunities in understanding gene regulation and designing RNA-targeting therapeutics. A central obstacle is the structural flexibility of RNA, as, unlike proteins, RNA molecules exist as dynamic conformational ensembles. Thus, committing to a single predicted structure discards in",http://arxiv.org/abs/2603.23583v1,arXiv
Computational modeling of RNA-protein binding interactions under an external force,"Danielle Wampler, Ralf Bundschuh",arXiv,2026-07-09,"RNA binding proteins play a crucial role in post-transcriptional gene regulation by controlling the transport, processing, and translation of their target RNAs. Post-transcriptional gene regulation leads to the differential expression of genetic material and loss of regulation or over-regulation relates to a large range of cancers and diseases - many of which have directly been associated with RNA",http://arxiv.org/abs/2603.22269v1,arXiv
Fair splits flip the leaderboard: CHANRG reveals limited generalization in RNA secondary-structure prediction,"Zhiyuan Chen, Zhenfeng Deng, Pan Deng",arXiv,2026-07-09,"Accurate prediction of RNA secondary structure underpins transcriptome annotation, mechanistic analysis of non-coding RNAs, and RNA therapeutic design. Recent gains from deep learning and RNA foundation models are difficult to interpret because current benchmarks may overestimate generalization across RNA families. We present the Comprehensive Hierarchical Annotation of Non-coding RNA Groups (CHAN",http://arxiv.org/abs/2603.22330v1,arXiv
Reverse Distillation: Consistently Scaling Protein Language Model Representations,"Darius Catrina, Christian Bepler, Samuel Sledzieski",arXiv,2026-07-09,"Unlike the predictable scaling laws in natural language processing and computer vision, protein language models (PLMs) scale poorly: for many tasks, models within the same family plateau or even decrease in performance, with mid-sized models often outperforming the largest in the family. We introduce Reverse Distillation, a principled framework that decomposes large PLM representations into orthog",http://arxiv.org/abs/2603.07710v1,arXiv
Fast and Versatile RNA Design via Motif-level Divide-and-Conquer and Structure-level Rival Search,"Tianshuo Zhou, David H. Mathews, Liang Huang",arXiv,2026-07-09,"RNA design aims to identify RNA sequences that fold into a target secondary structure. This task is challenging in terms of computational efficiency. Most existing methods focus on either minimum free energy (MFE)-based or ensemble-based metrics, leaving a gap for a unified approach that performs well across both. We introduce a fast and versatile RNA design algorithm inspired by our previous work",http://arxiv.org/abs/2603.02283v1,arXiv
CryoNet.Refine: A One-step Diffusion Model for Rapid Refinement of Structural Models with Cryo-EM Density Map Restraints,"Fuyao Huang, Xiaozhu Yu, Kui Xu",arXiv,2026-07-09,"High-resolution structure determination by cryo-electron microscopy (cryo-EM) requires the accurate fitting of an atomic model into an experimental density map. Traditional refinement pipelines such as Phenix.real_space_refine and Rosetta are computationally expensive, demand extensive manual tuning, and present a significant bottleneck for researchers. We present CryoNet.Refine, an end-to-end dee",http://arxiv.org/abs/2602.22263v2,arXiv
CPTCs Drive Somatic-Visceral Communication via the Wnt Axis in Somatic Mechanotherapy: A Single-Cell Deep Learning Study,"Haixiang Huang, Zhenwei Zhang, BingBing Shen",arXiv,2026-07-09,"Somatic mechanical stimulation (e.g., acupuncture) exerts systemic immunomodulatory effects, yet the cellular bridge translating peripheral physical force into visceral repair remains elusive. Here, employing a custom interpretable deep learning framework (CARSS) on single-cell RNA sequencing data, we identify CD34$^{+}$PDGFR$α$$^{+}$ telocytes (CPTCs) as the primary mechanosensors in both fascia ",http://arxiv.org/abs/2602.05451v2,arXiv
Tensor-DTI: Enhancing Biomolecular Interaction Prediction with Contrastive Embedding Learning,"Manel Gil-Sorribes, Júlia Vilalta-Mor, Isaac Filella-Mercè",arXiv,2026-07-09,"Accurate drug-target interaction (DTI) prediction is essential for computational drug discovery, yet existing models often rely on single-modality predefined molecular descriptors or sequence-based embeddings with limited representativeness. We propose Tensor-DTI, a contrastive learning framework that integrates multimodal embeddings from molecular graphs, protein language models, and binding-site",http://arxiv.org/abs/2601.05792v1,arXiv
MERGE-RNA: a physics-based model to predict RNA secondary structure ensembles with chemical probing,"Giuseppe Sacco, Jianhui Li, Redmond P. Smyth",arXiv,2026-07-09,"RNA function is tied to secondary structure, operating through dynamic and heterogeneous structural ensembles. While current analysis tools typically output single static structures or averaged contact maps, chemical probing methods like DMS capture nucleotide-resolution signals representing the full structural ensemble, which remain difficult to interpret structurally. To address this, we present",http://arxiv.org/abs/2512.20581v3,arXiv
Methods for Analyzing RNA Pseudoknots via Chord Diagrams and Intersection Graphs,"Rayan Ibrahim, Allison H. Moore",arXiv,2026-07-09,"RNA molecules are known to form complex secondary structures including pseudoknots. A systematic framework for the enumeration, classification and prediction of secondary structures is critical to determine the biological significance of the molecular configurations of RNA. Chord diagrams are mathematical objects widely used to represent RNA secondary structures and to analyze structural motifs, h",http://arxiv.org/abs/2512.19939v1,arXiv
"Characterization of long noncoding RNAs, microRNAs, and piwiRNAs in reef-building corals.","Ashey Jill, Rodriguez-Casariego Javier A, Durkin Kathleen M",Environmental epigenetics,2026-07-09,"Noncoding RNAs (ncRNAs) play critical regulatory roles in gene expression regulation that influence diverse biological processes. Yet, their characterization in nonmodel organisms, particularly sessile, benthic ecosystem engineers such as reef-building corals, remains limited. This study provides the first comprehensive analysis of expressed ncRNAs from three ecologically important coral genera fr",https://pubmed.ncbi.nlm.nih.gov/42421797/,PubMed
RNA warfare: long non-coding RNAs in plant-microbe cross kingdom regulation.,"He Rui-Rui, Jiang Jie, Yu Yang",Molecular plant,2026-07-09,,https://pubmed.ncbi.nlm.nih.gov/42421323/,PubMed
A telomere-to-telomere gap-free genome assembly of the indica rice (Oryza sativa L.) cytoplasmic male sterile line Funong A.,"Hong Yonghe, Zhou Peng, Zhang Hui",Scientific data,2026-07-09,"Rice (Oryza sativa L.) is a staple crop crucial for global food security, yet its productivity is limited by climate change, diseases, and genetic erosion. The indica cytoplasmic male sterile (CMS) line Funong A (FNA) is an elite breeding resource, exhibiting strong blast resistance, favorable floral traits, and enhanced stem strength through high silica and hemicellulose deposition. Its hybrids d",https://pubmed.ncbi.nlm.nih.gov/42420303/,PubMed
Exon junction complex and nuclear pore complex components preferentially govern the nuclear export of spliced lncRNAs.,"Saeed Sondas, Wang Weijie, Chen Chaoqun",Cell death discovery,2026-07-09,"Long non-coding RNAs (lncRNAs) are crucial regulators of gene expression, but how spliced lncRNAs destined for the cytoplasm are exported from the nucleus remains unclear. Using LINC00998 and ANCR as cytoplasmic lncRNA reporters, in vivo-assembled lncRNPs were purified via MS2-MBP-based affinity purification, and proteins in the lncRNPs were identified by mass spectrometry. An siRNA screen followe",https://pubmed.ncbi.nlm.nih.gov/42420243/,PubMed
Comprehensive Epigenetic Landscape of Sulfur Mustard (SM) Exposure in HaCaT Keratinocytes.,"Du Yuejia, Ma Bo, Li Yuanjie",Chemico-biological interactions,2026-07-09,"Sulfur Mustard (SM) is a potent vesicant chemical agent with profound and complex toxic effects. Traditionally, its toxic mechanism has been attributed to DNA alkylation-induced cytotoxicity and genomic instability. However, growing evidence indicates that dysregulation of epigenetic regulatory mechanisms constitutes a central link in SM toxicity, particularly in its long-term and delayed effects.",https://pubmed.ncbi.nlm.nih.gov/42419550/,PubMed
Full-length transcriptomic profiling of chicken liver metabolism under different feeding states using nanopore sequencing.,"Xu Bingjie, Wang Hui, Shu Xin",Poultry science,2026-07-09,"Feeding governs energy acquisition and drives state-specific hepatic metabolism. As the central metabolic and homeostatic organ in poultry, hepatic molecular mechanisms driving metabolic shifts pre- and post-feeding remain uncharacterized. We performed Oxford Nanopore full-length transcriptome sequencing on liver tissue from 6-week-old broilers under three energy states: ad libitum feeding (AL), f",https://pubmed.ncbi.nlm.nih.gov/42419215/,PubMed
Mechanistic analysis on epigenetic programming of tumor drug resistance.,"Han Xiao-Xiao, Pang Kun, Sun Jia-Hao",Drug resistance updates : reviews and commentaries in antimicrobial and anticancer chemotherapy,2026-07-09,"Drug resistance remains a critical clinical bottleneck restricting long-term curative efficacy of chemo-, targeted, and other therapies against human malignancies. Drug-tolerant persister (DTP) cancer cells and intratumoral heterogeneity substantially compromise therapeutic responses and worsen patient clinical prognosis. This review summarizes core epigenetic regulatory mechanisms of drug resista",https://pubmed.ncbi.nlm.nih.gov/42418987/,PubMed
The ceRNA Mechanism in Fumonisin B,"Gao Yafei, Wang Lilong, Wu Sixuan",Journal of agricultural and food chemistry,2026-07-09,Fumonisin B,https://pubmed.ncbi.nlm.nih.gov/42418368/,PubMed
LncRNA GATA3-AS1 affects the proliferation and apoptosis of cardiomyocytes through modulating miR-149-3p/NR2F2 axis.,"Wang Huaming, Lin Xi, Gu Qiuyang",Molecular and cellular biochemistry,2026-07-09,Congenital heart disease (CHD) represents the most prevalent and life-threatening birth defect. The identification of underlying factors contributing to abnormal cardiac development can offer valuable insights for the comprehensive medical management of affected pediatric patients. This study aimed to investigate the role and underlying mechanisms of GATA3-AS1 in the progression of CHD. The prolif,https://pubmed.ncbi.nlm.nih.gov/42418116/,PubMed
Inflammation and RNA-Related Polymorphisms in Resected Cholangiocarcinoma: Prognostic Associations in Intrahepatic and Perihilar Tumors.,"Wang Guanwu, Liu Dong, Al-Masri Tarick M",Journal of gastrointestinal cancer,2026-07-09,"Cholangiocarcinoma (CCA) is a heterogeneous and aggressive malignancy of the biliary tract, often classified into intrahepatic (iCCA) and perihilar (pCCA) subtypes. Inflammatory and RNA-regulatory pathways are implicated in CCA pathogenesis. However, the prognostic significance of related single nucleotide polymorphisms (SNPs) remains unclear. We retrospectively analyzed nine candidate SNPs in inf",https://pubmed.ncbi.nlm.nih.gov/42418091/,PubMed
Multi-omics profiling reveals LncRNA ENSG00000253374 as a regulator of GLS-mediated cuproptosis and platinum resistance in ovarian cancer.,"Chen Rujun, Sun Qiran, Chen Jina",Discover oncology,2026-07-09,"Ovarian cancer (OC) has a dismal prognosis due to late diagnosis and platinum resistance, with the molecular mechanisms linking cuproptosis, lncRNAs, and the tumor microenvironment (TME) remaining poorly defined. LncRNA ENSG00000253374 was previously identified as a prognostic biomarker for OC, while its correlation with cuproptosis and platinum resistance remains unclear. Integrated bulk RNA-seq ",https://pubmed.ncbi.nlm.nih.gov/42418070/,PubMed
Identification of a lncRNA prognostic signature reveals that SNAI3-AS1 cooperates with erastin to reshape macrophage polarization in glioma.,"Niu Xiaochen, Guo Aijie, Wang Yifan","Medical oncology (Northwood, London, England)",2026-07-09,Glioma progression is heavily driven by heterogeneity and a highly immunosuppressive tumor microenvironment (TME). This study aimed to identify a robust long non-coding RNA (lncRNA) prognostic signature and elucidate its role in TME remodeling. An unbiased transcriptome-wide screening of the TCGA and CGGA databases was performed. A prognostic risk signature was constructed using univariate and mul,https://pubmed.ncbi.nlm.nih.gov/42418053/,PubMed
Long noncoding RNA CARDINAL cis-activates MYOCD expression by recruiting histone reader ZZZ3 in vascular smooth muscle cell phenotype alteration.,"Zhou Huimin, Zhang Shaozhao, Xu Xingfeng",Cardiovascular research,2026-07-09,"The phenotype alteration of vascular smooth muscle cells (VSMCs) is critical for vascular physiology and pathology. Transcription factors (TFs) and long non-coding RNAs (lncRNAs) play pivotal roles in the gene regulatory network underlying various biological processes, including the pathogenesis of vascular diseases. Despite the established role of MYOCD as a master TF in VSMC biology, the MYOCD-m",https://pubmed.ncbi.nlm.nih.gov/42417424/,PubMed
Combined Serum Expression of lncRNA CBR3-AS1 and miR-3163: Prognostic Significance and Underlying Mechanism in Severe Pneumonia.,"Liu Chao, Li Meie, Yang Junfa",The clinical respiratory journal,2026-07-09,"Severe pneumonia (SP) is a life-threatening pulmonary infection characterized by high morbidity, frequent complications, and elevated mortality, with rising global incidence in recent years. This study investigated the prognostic value and molecular mechanisms of lncRNA CBR3-AS1 (CBR3-AS1) in patients with SP. CBR3-AS1 and miR-3163 levels were evaluated by real-time quantitative polymerase chain r",https://pubmed.ncbi.nlm.nih.gov/42415233/,PubMed
LncRNA AP000654.1 attenuates cerebral ischemia-reperfusion injury by regulating mitophagy-mediated NLRP3 inflammasome activation.,"Zhang Chi, Cui Yixiang, Zhang Zhaojing",Journal of translational medicine,2026-07-09,"Ischemic stroke (IS) remains a leading cause of disability worldwide, and its therapeutic window is very narrow. Ischemia-reperfusion injury exacerbates secondary brain damage. Microglial NLRP3 inflammasome activation drives neuroinflammation, yet its upstream regulation requires further elucidation. We previously identified lncRNA AP000654.1 as significantly downregulated in the peripheral blood ",https://pubmed.ncbi.nlm.nih.gov/42415068/,PubMed
miR169f regulation by lncRNA LASSO fine-tunes JA-dependent root immunity in rice.,"Xu Xing, Matthys Jasper, De Meyer Tim",The New phytologist,2026-07-09,"Root immunity is vital for defending plants against soilborne pathogens, yet the regulatory mechanisms underlying this process remain incompletely understood. Here, we characterize a novel regulatory module comprising the long non-coding RNA LASSO, microRNA miR169f, and the transcription factor NF-YA1 that regulates rice root immunity. miR169f overexpression lines were generated and investigated u",https://pubmed.ncbi.nlm.nih.gov/42414869/,PubMed
Hypoxia-induced exosomal LNCOC1 orchestrates bladder cancer progression via the YBX1/PIK3CA axis and serves as a potential liquid biopsy biomarker.,"Xu Haoxiang, Yang Chenglin, Fu Qiangfeng","Cellular oncology (Dordrecht, Netherlands)",2026-07-09,"Bladder cancer (BCa) is a prevalent genitourinary malignancy characterized by limited specific diagnostic and therapeutic options. Although hypoxia is known to drive tumor progression via exosome-mediated communication, the specific oncogenic roles of hypoxia-induced exosomal long non-coding RNAs (lncRNAs) remain poorly elucidated. Here, we profiled exosomes from normoxic and hypoxic BCa cells usi",https://pubmed.ncbi.nlm.nih.gov/42414832/,PubMed
Retina-specific long non-coding RNAs associated with inherited retinal disease genes.,"Delanote Emma, Ruiz-Ceja Karla Alejandra, Dueñas Rey Alfredo",Cellular and molecular life sciences : CMLS,2026-07-09,"Long non‑coding RNAs (lncRNAs) are increasingly recognized as important regulatory molecules, yet their roles remain largely unexplored in many tissues. This study aimed to identify and characterize lncRNAs involved in human retinal biology and inherited retinal disease (IRD), a leading cause of blindness worldwide. By integrating retinal tissue-specificity, location in IRD gene topologically asso",https://pubmed.ncbi.nlm.nih.gov/42414676/,PubMed
Exosomal lncRNA-miRNA-mRNA regulatory axis may drive inflammation in polycystic ovary syndrome.,"Adhami Kamand, Karimian Mohammad, Karimian Zahra",Scientific reports,2026-07-09,"Polycystic ovary syndrome (PCOS) is one of the most prevalent endocrine disorders in reproductive-aged women and is associated with reproductive dysfunction, metabolic abnormalities, and chronic low-grade inflammation. Emerging evidence highlights the role of circulating exosomal inflammatory cytokines and non-coding RNAs (ncRNAs) in PCOS pathogenesis. This case-control study aimed to investigate ",https://pubmed.ncbi.nlm.nih.gov/42414504/,PubMed
An Evaluation on the Role of Non-Coding RNA in HIV Transcription and Latency: A Review,Xiangshuai Liu,arXiv,2026-07-09,"The existence of latent cellular reservoirs is recognized as the major barrier to an HIV cure. Reactivating and eliminating ""shock and kill"" or permanently silencing ""block and lock"" the latent HIV reservoir, as well as gene editing, remain promising approaches, but so far have proven to be only partially successful. Moreover, using latency reversing agents or ""block and lock"" drugs pose additiona",http://arxiv.org/abs/2502.06107v1,arXiv
"Blood-derived lncRNAs as potential biomarkers for early cancer diagnosis: The Good, the Bad and the Beauty","Cedric Badowski, Bing He, Lana X Garmire",arXiv,2026-07-09,Cancer ranks as one of the deadliest diseases worldwide. The high mortality rate associated with cancer is partially due to the lack of reliable early detection methods and/or inaccurate diagnostic tools such as certain protein biomarkers. Cell-free nucleic acids (cfNA) such as circulating long non-coding RNAs (lncRNAs) have recently been proposed as a new class of potential biomarkers that could ,http://arxiv.org/abs/2109.11746v1,arXiv
BPPart and BPMax: RNA-RNA Interaction Partition Function and Structure Prediction for the Base Pair Counting Model,"Ali Ebrahimpour-Boroojeny, Sanjay Rajopadhye, Hamidreza Chitsaz",arXiv,2026-07-09,"RNA-RNA interaction (RRI) is ubiquitous and has complex roles in the cellular functions. In human health studies, miRNA-target and lncRNAs are among an elite class of RRIs that have been extensively studied. Bacterial ncRNA-target and RNA interference are other classes of RRIs that have received significant attention. In recent studies, mRNA-mRNA interaction instances have been observed, where bot",http://arxiv.org/abs/1904.01235v2,arXiv
Safety evaluation of repeated administration of umbilical cord mesenchymal stem cell-derived exosomes.,"Lan Ting, Tang Tao-Tao, Di Jing-Jing",Stem cell research & therapy,2026-07-09,"Mesenchymal stem cell-derived exosomes (MSC-Exos) have shown considerable therapeutic potential in regenerative medicine. However, the biosafety profile of these exosomes following repeated administration has not been adequately characterised, and this knowledge gap continues to hinder clinical translation. Human umbilical cord mesenchymal stem cell-derived exosomes (hucMSC-Exos) were produced on ",https://pubmed.ncbi.nlm.nih.gov/42421160/,PubMed
Lymph node metastasis-related circHELQ promotes progression and acts as a nanotherapeutic target in colorectal cancer.,"Peng Jingwen, Song Wen, Lei Mengzhen",Journal of nanobiotechnology,2026-07-09,"Studies have highlighted the important roles of circRNAs in various cancers. However, their specific functions in the lymph node metastasis (LNM) of colorectal cancer (CRC) remain largely unclear. The Arraystar human circRNA microarray was used to identify circular RNAs (circRNAs) associated with LNM in colorectal cancer (CRC). Quantitative real-time polymerase chain reaction (qRT-PCR) was perform",https://pubmed.ncbi.nlm.nih.gov/42421082/,PubMed
Biologically engineered vectors enable topical mRNA delivery for skin regeneration.,"Gérard Julie, Pilet Héloïse, Bouez Charbel",Communications biology,2026-07-09,"Messenger RNA therapeutics offer transient protein expression without altering the cellular genome, making them attractive for regenerative medicine, but efficient and safe delivery to the skin remains a major challenge. Lipid nanoparticles have transformed RNA delivery yet can remain limited in skin by tissue accessibility, formulation constraints and local tissue responses. Here we define Biolog",https://pubmed.ncbi.nlm.nih.gov/42420582/,PubMed
ALOX15 orchestrates mitochondrial antiviral immunity and serves as a host target for anti-influenza therapy.,"Weng Jing-Yu, Chen Xin-Xing, Ye Hui-Er",Nature immunology,2026-07-09,"Viral infections trigger cellular stress responses, and host stress proteins play key roles in antiviral defense. Here we identify stress-responsive protein arachidonate lipoxygenase-15 (ALOX15) is a critical component of mitochondrial antiviral innate immunity. Loss of Alox15 impairs mitochondrial antiviral signaling (MAVS)-mediated type I interferon production, resulting in increased susceptibil",https://pubmed.ncbi.nlm.nih.gov/42420525/,PubMed
Nature-derived exosome-like nanoparticles (NELNs) for intracellular transport and targeted RNA delivery.,"Xu Baoyu, Yang Hong, Chen Kang",Biotechnology advances,2026-07-09,"As exosomes serve as pivotal mediators of intercellular communication, research on exosomes has expanded markedly from its conventional focus on mammalian sources to the burgeoning field of nature-derived exosome-like nanoparticles (NELNs). Endowed with favorable biocompatibility, low immunogenicity, and wide, readily accessible sources, NELNs have emerged as promising delivery vehicles to address",https://pubmed.ncbi.nlm.nih.gov/42419497/,PubMed
VCAM-1-targeting peptide assemblies protect vascular endothelium and prolong cardiac xenograft survival.,"Li Yi-Jing, Zhang Hang, Sun Zhe",Science advances,2026-07-09,"Cardiac xenotransplantation represents a promising strategy to address the shortage of donor hearts, yet endothelial cell dysfunction remains a major obstacle to long-term graft survival. Using integrated single-cell RNA sequencing in a porcine-to-primate xenotransplantation model, we identified a VCAM-1",https://pubmed.ncbi.nlm.nih.gov/42418593/,PubMed
mRNA lipid nanoparticle cancer vaccine platform delivering multiple STING activators for enhanced antitumor activity.,"Zeng Ye, Xu Junchao, Wang Jinjin",Proceedings of the National Academy of Sciences of the United States of America,2026-07-09,"mRNA-based cancer vaccines offer a modular and safe platform to elicit antitumor immunity, yet their efficacy is often limited by inefficient mRNA delivery and inadequate dendritic cell (DC) activation, both of which are essential for initiating robust cytotoxic T cell responses. Inadequate innate immune activation coupled with poor antigen presentation further diminishes their effectiveness, part",https://pubmed.ncbi.nlm.nih.gov/42418483/,PubMed
Trans-species microRNAs from the parasitic plant Cuscuta campestris specifically avoid loading onto self Argonautes.,"Nien Ya-Chi, Caron Cole D, Frutos Paulina J",Nucleic acids research,2026-07-09,"The obligate parasitic plant Cuscuta campestris delivers trans-species microRNAs (miRNAs) into host plants that silence host mRNAs. Here, the genetic requirements for biogenesis, movement, and function of these miRNAs were investigated. Primary miRNA transcript accumulation precedes mature miRNA accumulation by 24 to 48 h. Trans-species miRNAs accumulate in host tissues a short distance from the s",https://pubmed.ncbi.nlm.nih.gov/42417192/,PubMed
Breaking the vicious cycle of impaired angiogenesis and chronic inflammation in diabetic wounds: a bioengineered microneedle system delivering RGD-modified M2 exosomes.,"Wang HongYu, Wei BaoHua, Wang BaiShi",Burns & trauma,2026-07-09,Persistent local tissue hypoperfusion and chronic inflammation are central challenges in diabetic wound management. The development of effective therapeutic strategies to mitigate prolonged inflammation and enhance tissue vascularization is crucial for accelerating diabetic wound healing. This study aimed to develop soluble microneedle materials that simultaneously target both aspects to improve t,https://pubmed.ncbi.nlm.nih.gov/42416355/,PubMed
Liposomal Nanoparticulate Drug Delivery Systems: Strategies to Destabilize Biological Membranes at the Target Tissue.,"Wang Jingjing, Ahmed Kamel S, Pan Patrick",International journal of nanomedicine,2026-07-09,"Liposomal nanoparticulate drug delivery systems (LNDDSs) are clinically validated nanomedicine platforms seeing regular use in oncology and infectious disease. Their applications have rapidly expanded with several tissue targeting formulations in early-phase clinical trials. Beyond small molecular drugs, LNDDSs are increasingly employed for delivery of nucleic acid therapeutics, such as ribonuclei",https://pubmed.ncbi.nlm.nih.gov/42415876/,PubMed
"Flavonoids and miRNA Modulation: A Novel Approach to Managing Cancer, Diabetes, Depression, and Neurological Disorders.","Mahdie Mohadese, Momenzadeh Sedigheh, Reiisi Somayeh",BioMed research international,2026-07-09,"microRNAs (miRNAs) regulate gene expression post-transcriptionally and play essential roles in various cellular processes. Disruption of their normal expression contributes to the pathogenesis of numerous diseases, including cancer, diabetes, depression, and neurological disorders. Consequently, restoring or inhibiting miRNA function has become a major focus of research, utilizing advanced technol",https://pubmed.ncbi.nlm.nih.gov/42415705/,PubMed
Towards the Enzymatic Labeling of Oligonucleotides With Triantennary N-Acetyl Galactosamine.,"Bizat Pierre Nicolas, Meron Elisa, Hovorka Hannah Simmons",Chembiochem : a European journal of chemical biology,2026-07-09,"The introduction of chemical modifications into oligonucleotides enhances backbone stability against nuclease degradation and improves biological activity. Although achieving cell-, tissue-, and organ-specific delivery remains challenging, conjugation to triantennary N-acetylgalactosamine (triGalNAc) ligands enables receptor-mediated delivery of nucleic acids to hepatocytes. TriGalNAc ligands are ",https://pubmed.ncbi.nlm.nih.gov/42415660/,PubMed
Cellular receptors and host factors mediating orthoflavivirus entry.,"Yang Shuangshuang, Zhang Meng, Yang Xingyong",Virology journal,2026-07-09,"Orthoflaviviruses are positive-sense, enveloped RNA viruses that include dengue virus (DENV), Zika virus (ZIKV), yellow fever virus (YFV), West Nile virus (WNV), and Japanese encephalitis virus (JEV). Viral entry is a multistep process governed by the envelope (E) glycoprotein, virion lipid composition, and host-cell molecules that act at distinct mechanistic stages. A major limitation of the curr",https://pubmed.ncbi.nlm.nih.gov/42415087/,PubMed
Harnessing multispecific antibodies for next-generation cancer treatments.,"Liu Wen-Qian, Zheng Xiao-Li, Fan Xing-Xing",Pharmacology & therapeutics,2026-07-09,"Multispecific antibodies (MsAbs), capable of targeting multiple antigens simultaneously, are regarded as the 2.0 version of monoclonal antibodies (mAbs), providing therapeutic benefits that significantly exceed those of mAbs. This enhanced functionality makes MsAbs a particularly promising strategy for treating solid tumors. In this comprehensive review, we summarize diverse targeting strategies, ",https://pubmed.ncbi.nlm.nih.gov/42413882/,PubMed
miR-187-3p as a Biomarker for Ischemic Stroke and the Therapeutic Target for Atherosclerosis via LOX-1 Inhibition.,"Li Lu, Huang Haoyin, Liu Dongchen",FASEB journal : official publication of the Federation of American Societies for Experimental Biology,2026-07-09,"As the primary receptor of oxidized low-density lipoprotein (ox-LDL), LOX-1 is a putative therapeutic target for atherosclerotic disorders including ischemic stroke (IS), whereas the regulatory mechanism of LOX-1 remains largely unknown in IS. We employed computational algorithms to screen candidate miRNAs, followed by integrative analysis of differentially expressed miRNA profiles derived from bl",https://pubmed.ncbi.nlm.nih.gov/42412996/,PubMed
"A piezoelectric electroporator (Piezopen) for enhanced ""naked"" RNA vaccine delivery.","Michalaki Eleftheria, Van Zanten Ananya, Najjar Jade",PloS one,2026-07-09,"Despite the success of COVID-19 mRNA vaccines, they still face challenges with high costs, complex manufacturing, off-target biodistribution, and systemic reactogenicity stemming from their inflammatory carriers: lipid nanoparticles (LNPs). While ""naked"" RNA delivery could in principle solve these issues, studies have suggested that it is infeasible due to rapid degradation by RNases and poor cell",https://pubmed.ncbi.nlm.nih.gov/42412769/,PubMed
LncRNAs at the Crossroads of Breast Cancer Metastasis: Emerging Mechanisms and Therapeutic Prospects.,"Dey Arnab, Vagdevi Kuppa Sree, Singh Mohini","MicroRNA (Shariqah, United Arab Emirates)",2026-07-09,"Breast cancer metastasis is one of the leading causes of cancer-related mortality in women, which occurs through an intricate molecular network and cellular events. Over time, lncRNAs have emerged as an important regulator of metastatic progression. These RNAs affect important processes including EMT, ECM remodelling, angiogenesis, immune evasion, and can-cer stemness. LncRNAs regulate this proces",https://pubmed.ncbi.nlm.nih.gov/42411072/,PubMed
CD4-directed nanoblades enable selective genome editing in CD4,"Van Cleemput Jolien, De Cock Maaike, Verbeek Rianne",EMBO molecular medicine,2026-07-09,"Current antiretroviral therapies suppress HIV replication but fail to eliminate integrated proviral DNA in long-lived CD4⁺ cells, precluding a cure. CRISPR-Cas9 offers potential for HIV eradication but efficient and cell-specific delivery into HIV target cells remains a major hurdle. We developed CD4-directed Nanoblades (CD4-NBs), murine leukemia virus-like particles pseudotyped with anti-CD4 nano",https://pubmed.ncbi.nlm.nih.gov/42410265/,PubMed
Manganese-Functionalized GelMA Hydrogels for MRI-Guided Immunotheranostics in Precision Oncology,"Motahareh Nazari, Keyvan Alavi",arXiv,2026-07-09,"Precision oncology requires multifunctional platforms capable of integrating accurate tumor diagnosis, localized therapeutic delivery, immune modulation, and real-time monitoring of treatment response. Gelatin methacryloyl (GelMA) hydrogels have emerged as versatile biomaterials for biomedical engineering because of their biocompatibility, extracellular matrix-like structure, tunable mechanical pr",http://arxiv.org/abs/2606.29599v1,arXiv
Reinforcement-guided generative protein language models enable de novo design of highly diverse AAV capsids,"Lucas Ferraz, Ana F. Rodrigues, Pedro Giesteira Cotovio",arXiv,2026-07-09,"Adeno-associated viral (AAV) vectors are widely used delivery platforms in gene therapy, and the design of improved capsids is key to expanding their therapeutic potential. A central challenge in AAV bioengineering, as in protein design more broadly, is the vast sequence design space relative to the scale of feasible experimental screening. Machine-guided generative approaches provide a powerful m",http://arxiv.org/abs/2603.19473v1,arXiv
Predicting Early and Complete Drug Release from Long-Acting Injectables Using Explainable Machine Learning,"Karla N. Robles, Manar D. Samad",arXiv,2026-07-09,"Polymer-based long-acting injectables (LAIs) have transformed the treatment of chronic diseases by enabling controlled drug delivery, thus reducing dosing frequency and extending therapeutic duration. Achieving controlled drug release from LAIs requires extensive optimization of the complex underlying physicochemical properties. Machine learning (ML) can accelerate LAI development by modeling the ",http://arxiv.org/abs/2601.02265v1,arXiv
The thermodynamics of pressure activated assembly of supramolecules in isochoric and isobaric systems,Boris Rubinsky,arXiv,2026-07-09,"The efficacy of cryopreservation is constrained by the difficulty of achieving sufficiently high intracellular concentrations of cryoprotective solutes without inducing osmotic injury or chemical toxicity during loading. This thermodynamic study introduces a new conceptual mechanism for cryoprotectant delivery into cells directly or through vascular perfusion. In this framework, effective cryoprot",http://arxiv.org/abs/2601.00599v1,arXiv
Pulmonary mRNA-LNP vaccines for rapid and durable protection against bacterial infection.,"Wei Anqi, Miao Yu, Yuan Zhou",Nature communications,2026-07-09,"Pulmonary bacterial infections remain a major clinical challenge. Although vaccination reduces infection rates and mortality, the vulnerable post-vaccination immunity gap can still result in infection and vaccine failure. In addition, effective vaccines are unavailable for many clinically important bacterial pathogens. Here, we report a pulmonary mRNA-lipid nanoparticle (mRNA-LNP) vaccine incorpor",https://pubmed.ncbi.nlm.nih.gov/42420327/,PubMed
Lipid peroxidation impacts orthoflavivirus infection in a virus-dependent manner.,"Vu Kim Chi Thi, Grande Yvonne F, Bierau Laura",Cell death & disease,2026-07-09,"Orthoflavivirus infection is intricately linked to host cell lipid metabolism, yet the function of bioactive lipids as regulators of infection remains to be elucidated. Here, we investigated the role of lipid mediator pathways, namely ALOX/COX enzymes and upstream lipases, in orthoflavivirus replication by comparing dengue virus (DENV), Zika virus (ZIKV), wild-type yellow fever virus (YFV-Asibi), ",https://pubmed.ncbi.nlm.nih.gov/42420242/,PubMed
A Leap Forward in Vaccination - the Epigenetic Silencing of HIV by cVacc.,"Zhang Jielin, Askenase Philip, Crumpacker Clyde",Current HIV/AIDS reports,2026-07-09,More than four decades of HIV/AIDS studies reveal that generation of effective vaccines against HIV infection requires understanding of a host immunity that protects our DNA against the HIV infection. An effective vaccine can elicit the host immunity to stop HIV RNA expression despite the viral DNA integrated into the host DNA. Vaccination is one of the most successful public health interventions ,https://pubmed.ncbi.nlm.nih.gov/42418045/,PubMed
History and future of RNA medicines.,"Hovnanian Alain, Mondon Guillaume, Titeux Matthias",The Journal of investigative dermatology,2026-07-09,"RNA therapeutics are a versatile class of medicines that exploit different types of RNA molecules to prevent or treat a wide spectrum of diseases. Compared with traditional small-molecule drugs, protein drugs, or gene therapies, these therapies offer notable advantages, including faster, less expensive development, and simplified manufacturing. The field encompasses multiple modalities, such as an",https://pubmed.ncbi.nlm.nih.gov/42417685/,PubMed
Auto-immune hepatitis following COVID-19 Vaccination and SARS-COV2 infection : A narrative Review.,"Bendoumou M, Langlet P, Gustot T",Acta gastro-enterologica Belgica,2026-07-09,"Since the onset of the COVID-19 pandemic, both SARS-CoV-2 infection and vaccination have been implicated as potential triggers for de novo autoimmune hepatitis (AIH). This review summarizes published cases, outlining clinical and biological features, treatment approaches, and outcomes. A PubMed search identified reports of new-onset AIH following SARS-CoV-2 infection or COVID-19 vaccination up to ",https://pubmed.ncbi.nlm.nih.gov/42417638/,PubMed
Computational and Experimental Development of a Novel Multi-Epitope Vaccine Candidate Against Bovine Leukaemia Virus.,"Dini Yasaman, Piri-Gharaghie Tohid, Hamdi Elahe",Veterinary medicine and science,2026-07-09,"Bovine leukaemia virus (BLV) is the causative agent of enzootic bovine leukosis, a chronic infectious disease that causes significant economic losses in the dairy and beef industries worldwide. Despite extensive research, there is no licensed vaccine available for effective prevention and control of BLV infection. This study aimed to design and evaluate a novel multi-epitope vaccine candidate agai",https://pubmed.ncbi.nlm.nih.gov/42417153/,PubMed
Pertussistoxin as well as Staphylococcal superantigen induce glycolysis as energy source during  T cell activation in an adenoid organoid model.,"Tenbrock Klaus, Neullens Christopher T, Kühne Christian","Clinical science (London, England : 1979)",2026-07-09,"Bystander activation represents an innate-like mechanism by which T cells, particularly effector and memory subsets, can become activated in the absence of cognate antigen recognition. Using human tonsil organoid cultures as a physiologically relevant model, we investigated bystander activation of CD4+ memory T cells in situ in comparison to superantigen stimulation. Tonsillar T cells were stimula",https://pubmed.ncbi.nlm.nih.gov/42417073/,PubMed
Vaccination-driven evolution of infectious bronchitis virus in Korea: implication for the control of other coronavirus infections.,"Kim Seung-Ji, Choi Kang-Seuk",Frontiers in veterinary science,2026-07-09,"Infectious bronchitis virus (IBV) remains a major pathogen in global poultry production due to its extensive genetic diversity and rapid evolutionary capacity. Antigenic diversification driven by mutation, homologous recombination, and sustained immune selection pressure complicates long-term control and reduces vaccine effectiveness. Increasing evidence suggests that IBV evolution is largely driv",https://pubmed.ncbi.nlm.nih.gov/42416292/,PubMed
"Dynamics of Circulating Follicular Helper and Regulatory T-Cell Memory Induced by mRNA, Inactivated, and Live-Attenuated Vaccines.","China A, Rahman A, Hani L",Journal of immunology research,2026-07-09,OX40 signaling promotes the differentiation of memory CD4,https://pubmed.ncbi.nlm.nih.gov/42415697/,PubMed
Osmolyte-Based Formulations for Enhanced Thermal Stability of mRNA Drug Substance: A Systematic Screening and Optimization Study.,"Chowdhury Anandi, Silva-Santos A Rita, Azevedo Ana M",Pharmaceutical research,2026-07-09,"Stability of messenger RNA (mRNA) is a critical factor in the development and storage of mRNA-based vaccines. In this study, we systematically examine the effects of addition of various osmolytes (and their combinations) on mRNA integrity during long-term storage and under thermal stress. Eleven osmolytes, belonging to subclasses of amino acids and derivatives (ectoine, methionine, L-cysteine, val",https://pubmed.ncbi.nlm.nih.gov/42414834/,PubMed
"Chemically synthesized, non-capped and non-polyadenylated peptide-coding RNA efficiently induces antigen-specific CD8","Frei Julia, Eisel David, Jarzebska Natalia Teresa",Nature biomedical engineering,2026-07-09,"Recombinant in vitro-transcribed mRNA is broadly used for vaccination and is evaluated in numerous clinical studies for multiple indications. Typical features of mRNA are the 5' cap, 5' untranslated region, start and stop codons, 3' untranslated region and 3' poly(A) tail. Here, contrary to current dogma, we show that short, chemically synthesized RNA oligonucleotides lacking some or all of these ",https://pubmed.ncbi.nlm.nih.gov/42414668/,PubMed
Australians' attitudes to mRNA vaccination in humans and animals: A cross-sectional survey.,"Williams Jane, Degeling Chris, Donovan Laura",Vaccine,2026-07-09,"COVID-19 vaccines using messenger RNA (mRNA) technologies have been commercially available since 2021. The platform is being used to develop new vaccines for people and animals, but not without controversy. Pockets of public resistance to COVID-19 vaccines has contributed to the slowing of mRNA research in some countries (e.g. the United States), while others (e.g. Australia) are poised to approve",https://pubmed.ncbi.nlm.nih.gov/42413319/,PubMed
Inflammatory genital strain of Chlamydia trachomatis elicits a Th17 immune response.,"Lebron Figueroa Andrea, Magill Ian, Zemmour David","Journal of immunology (Baltimore, Md. : 1950)",2026-07-09,"In humans, infection with Chlamydia trachomatis can result in chronic infection with severe reproductive consequences. The immune response elicited by natural infection fails to protect against reinfection and can contribute to tissue inflammation and damage. CD4+ T cells are key mediators of protection against C. trachomatis. However, these same cells, together with neutrophils, also contribute t",https://pubmed.ncbi.nlm.nih.gov/42413199/,PubMed
CSF Testing for Neuroinvasive West Nile Virus and Measures to Improve Guideline Adherence.,"Quinn Carson M, Singh Karan, Singh Arjun",Neurology. Clinical practice,2026-07-09,"Diagnosis of West Nile virus (WNV) neuroinvasive disease, an important cause of neurologic disability in endemic areas, requires appropriate testing given its often nonspecific presentation. Guidelines recommend CSF testing of WNV-specific immunoglobulin M (IgM) in all patients, with additional reverse transcription-polymerase chain reaction (RT-PCR) testing only in those who are unable to mount a",https://pubmed.ncbi.nlm.nih.gov/42413108/,PubMed
A rotavirus vaccine candidate attenuated by codon deoptimization protects neonatal mice against wild-type virus infection.,"Chen Zelin, Kotaki Tomohiro, Motooka Daisuke",PLoS pathogens,2026-07-09,"Rotavirus infection is a leading cause of acute viral gastroenteritis and diarrhea in infants and young children. Owing to the limited development of effective antiviral therapies, vaccination has become the primary and most efficient strategy to reduce rotavirus-associated morbidity and mortality. Compared with classical virus attenuation strategies, reverse genetics approaches such as codon deop",https://pubmed.ncbi.nlm.nih.gov/42412727/,PubMed
Patterns of spike-specific IgG subclasses after different types of COVID-19 vaccines in patients with hereditary angioedema due to C1 inhibitor deficiency.,"Horváth Hanga Réka, Kiszel Petra, Miklós János",Biomolecular concepts,2026-07-09,,https://pubmed.ncbi.nlm.nih.gov/42412690/,PubMed
The Orthohantavirus G,"Arata-Salas Gianina, Díaz-Ramírez Dianne, Vásquez Benjamín E",Annual review of virology,2026-07-09,"Orthohantaviruses are globally distributed, rodent-borne RNA viruses associated with severe and often lethal disease in humans. The documented person-to-person transmission of Andes virus, endemic in South America, underscores their pandemic potential, and yet no effective treatments are available, while vaccines exist only for Hantaan and Seoul viruses. Key targets for antiviral intervention are ",https://pubmed.ncbi.nlm.nih.gov/42412999/,PubMed
seq2ribo: structure-aware integration of machine learning and simulation to predict ribosome location profiles from RNA sequences.,"Kaynar Gün, Kingsford Carl","Bioinformatics (Oxford, England)",2026-07-09,"Ribosome dynamics are vital in the process of protein expression. Current methods rely on ribosome profiling (Ribo-seq), RNA-seq profiles, and full genomic context. This restricts their use in de novo sequence design, like messenger RNA (mRNA) vaccines. Simulation-only approaches like the Totally Asymmetric Simple Exclusion Process (TASEP) oversimplify translation by focusing solely on codon elong",https://pubmed.ncbi.nlm.nih.gov/42412804/,PubMed
Transformer-Based Active Learning for Data-Efficient Vaccine Epitope Selection in PRRS,"Aspen Erlandsson Brisebois, Zahed Khatooni, Connor Burbridge",arXiv,2026-07-09,"High-fidelity molecular docking simulations can produce biologically relevant estimates of epitope-receptor binding affinity but are computationally expensive and therefore limit the number of candidates that can be screened for vaccine design. In this work, we evaluate machine learning (ML) approaches where variants of active learning are used to classify instances of high binding affinity betwee",http://arxiv.org/abs/2606.28659v1,arXiv
Exploring the Effects of Entanglement on Quantum Machine Learning of Pathogen Epitope-Receptor Binding,"Aspen Erlandsson Brisebois, Luis Pablo Gonzalez Dominguez, Shivansi Prajapati",arXiv,2026-07-09,"Parameterized quantum circuits (PQCs) provide a flexible substrate for hybrid quantum machine learning (QML), but their practical value on Noisy Intermediate-Scale Quantum (NISQ) devices remains an empirical question, especially because training depth and scale can introduce optimization challenges such as barren plateaus. Here we study how the number and topology of two-qubit entangling gates in ",http://arxiv.org/abs/2606.28655v1,arXiv
Clade 2.3.4.4b but not historical clade 1 HA replicating RNA vaccine protects against bovine H5N1 challenge in mice,"David W. Hawman, Thomas Tipih, Edgar A Hodge",Nature Communications,2025-01-14,"The ongoing circulation of influenza A H5N1 in the United States has raised concerns of a pandemic caused by highly pathogenic avian influenza. Although the United States has stockpiled and is prepared to produce millions of vaccine doses to address an H5N1 pandemic, currently circulating H5N1 viruses contain multiple mutations within the immunodominant head domain of hemagglutinin (HA) compared t",https://www.semanticscholar.org/paper/821d2fab28b8dbce51c6f8632266e3661b873042,Semantic Scholar
Phase I/II study of COVID-19 RNA vaccine BNT162b1 in adults,"M. Mulligan, Kirsten E. Lyke, N. Kitchin",Nature,2020-08-12,,https://www.semanticscholar.org/paper/afe4cc71f4814fce21031c3f15998576c7175b1a,Semantic Scholar
An RNA vaccine drives immunity in checkpoint-inhibitor-treated melanoma,"U. Şahin, P. Oehm, E. Derhovanessian",Nature,2020-07-29,,https://www.semanticscholar.org/paper/4114cc7dc2faed7f0cba4bece628827023d6d9a7,Semantic Scholar
A single-dose circular RNA vaccine prevents Zika virus infection without enhancing dengue severity in mice,"Xinglong Liu, Zhengfeng Li, Xiaoxia Li",Nature Communications,2024-10-16,"Antibody-dependent enhancement (ADE) is a potential concern for the development of Zika virus (ZIKV) vaccines. Cross-reactive but poorly neutralizing antibodies, usually targeting viral pre-membrane or envelope (E) proteins, can potentially enhance dengue virus (DENV) infection. Although E domain III (EDIII) contains ZIKV-specific epitopes, its immunogenicity is poor. Here, we show that dimeric ED",https://www.semanticscholar.org/paper/0994107d2c3126bc8175fcb814759f22aa879e71,Semantic Scholar
CLDN6-specific CAR-T cells plus amplifying RNA vaccine in relapsed or refractory solid tumors: the phase 1 BNT211-01 trial,"A. Mackensen, J. Haanen, C. Koenecke",Nature Medicine,2023-10-23,"The oncofetal antigen Claudin 6 (CLDN6) is highly and specifically expressed in many solid tumors, and could be a promising treatment target. We report dose escalation results from the ongoing phase 1/2 BNT211-01 trial evaluating the safety and feasibility of chimeric antigen receptor (CAR) T cells targeting the CLDN6 with or without a CAR-T cell-amplifying RNA vaccine (CARVac) at two dose levels ",https://www.semanticscholar.org/paper/c89c242b594c5436e9ccf6bb055d4a82a9f3d7ac,Semantic Scholar
Immunogenicity of a Single Dose of SARS-CoV-2 Messenger RNA Vaccine in Solid Organ Transplant Recipients.,"B. Boyarsky, William Werbel, R. Avery",Journal of the American Medical Association (JAMA),2021-03-15,"Immunogenicity of a Single Dose of SARS-CoV-2 Messenger RNA Vaccine in Solid Organ Transplant Recipients Immunocompromised individuals have been excluded from studies of SARS-CoV-2 messenger RNA (mRNA) vaccines. In such patients, the immune response to vaccination may be blunted. To better understand the immunogenicity of mRNA vaccines in immunocompromised individuals, we quantified the humoral re",https://www.semanticscholar.org/paper/e5ff6b04229043e1f4926af585923c6f606cad17,Semantic Scholar
Circular RNA vaccine in disease prevention and treatment,"Dun Niu, Yaran Wu, J. Lian",Signal Transduction and Targeted Therapy,2023-09-11,"CircRNAs are a class of single-stranded RNAs with covalently linked head-to-tail topology. In the decades since its initial discovery, their biogenesis, regulation, and function have rapidly disclosed, permitting a better understanding and adoption of them as new tools for medical applications. With the development of biotechnology and molecular medicine, artificial circRNAs have been engineered a",https://www.semanticscholar.org/paper/f2d7ccee08508c5211e77e035c0fcf5b58b341bf,Semantic Scholar
A self-amplifying RNA vaccine prevents enterovirus D68 infection and disease in preclinical models,"N. Warner, Jacob Archer, Stephanie Park",Science Translational Medicine,2024-08-07,"The recent emergence and rapid response to severe acute respiratory syndrome coronavirus 2 was enabled by prototype pathogen and vaccine platform approaches, driven by the preemptive application of RNA vaccine technology to the related Middle East respiratory syndrome coronavirus. Recently, the National Institutes of Allergy and Infectious Diseases identified nine virus families of concern, eight ",https://www.semanticscholar.org/paper/062bad8d56c9e1c0a11093c67a88c07449f30d3a,Semantic Scholar
A replicating RNA vaccine confers protection in a rhesus macaque model of Crimean-Congo hemorrhagic fever,"David W. Hawman, Shanna S. Leventhal, Kimberly Meade-White",npj Vaccines,2024-05-20,"Crimean-Congo hemorrhagic fever (CCHF) is a tick-borne febrile illness with a wide geographic distribution. In recent years the geographic range of Crimean-Congo hemorrhagic fever virus (CCHFV) and its tick vector have increased, placing an increasing number of people at risk of CCHFV infection. Currently, there are no widely available vaccines, and although the World Health Organization recommend",https://www.semanticscholar.org/paper/75b0ab72c2fd67513a03ee1af9e0eba13768c568,Semantic Scholar
Circular RNA vaccine induces potent T cell responses,"Laura Amaya, Lilit Grigoryan, Zhijian Li",Proceedings of the National Academy of Sciences of the United States of America,2023-05-08,"Significance Circular RNAs (circRNAs) are a unique class of RNAs that are highly stable compared to linear mRNAs and can be engineered to provide durable protein expression. This study demonstrates that circRNA encoding antigenic protein sequences delivered by a charge-altering releasable transporter can effectively serve as both an adjuvant and an immunogen, inducing potent cellular immunity and ",https://www.semanticscholar.org/paper/4da3053c70133b6d1982a7101c8ddabd8d9caa8c,Semantic Scholar
Controlling reactogenicity while preserving immunogenicity from a self-amplifying RNA vaccine by modulating nucleocytoplasmic transport,"Jason A Wojcechowskyj, Robyn M. Jong, Imre Mäger",bioRxiv,2024-12-29,"Self-amplifying RNA (saRNA)-based vaccines have emerged as a potent and durable RNA vaccine platform. However, RNA vaccine platforms trigger undesirable side effects at protective doses, underscoring the need for improved tolerability. To address this, we leveraged the Cardiovirus leader protein, which is well-characterized to dampen host innate signaling by modulating nucleocytoplasmic transport ",https://www.semanticscholar.org/paper/95add8df14c1a8592a3ebaa29f1c2137a0b5c7e0,Semantic Scholar
Self-Amplifying RNA: Advantages and Challenges of a Versatile Platform for Vaccine Development,"T. Vallet, Marco Vignuzzi",Viruses,2025-04-01,"Self-amplifying RNA is synthetic nucleic acid engineered to replicate within cells without generating viral particles. Derived from alphavirus genomes, saRNA retains the non-structural elements essential for replication while replacing the structural elements with an antigen of interest. By enabling efficient intracellular amplification, saRNA offers a promising alternative to conventional mRNA va",https://www.semanticscholar.org/paper/9d4c82b05e2938b9c2650b7f3e821c0c0b171ec4,Semantic Scholar
An RNA vaccine drives expansion and efficacy of claudin-CAR-T cells against solid tumors,"Katharina Reinhard, B. Rengstl, P. Oehm",Science,2020-01-02,"A one-two, CAR-T cell punch Chimeric antigen receptor (CAR)–T cells have been clinically effective in killing certain hematological malignancies, but achieving long-term patient responses for solid tumors remains a challenge. Reinhard et al. describe a two-part “CARVac” strategy to overcome poor CAR-T cell stimulation and responses in vivo. They introduce the tight junction protein claudin 6 (CLDN",https://www.semanticscholar.org/paper/33f5cffb55ec96290c0bac540e4f3b1747ba4bb9,Semantic Scholar
Self-Amplifying RNA Vaccine Candidates: Alternative Platforms for mRNA Vaccine Development,"C. Schmidt, B. Schnierle",Pathogens,2023-01-01,"The present use of mRNA vaccines against COVID-19 has shown for the first time the potential of mRNA vaccines for infectious diseases. Here we will summarize the current knowledge about improved mRNA vaccines, i.e., the self-amplifying mRNA (saRNA) vaccines. This approach may enhance antigen expression by amplification of the antigen-encoding RNA. RNA design, RNA delivery, and the innate immune re",https://www.semanticscholar.org/paper/42263e5bcbeb1261df345d01b5196557ceb15e30,Semantic Scholar
Vaccines’ New Era-RNA Vaccine,"Wenshuo Zhou, Linglei Jiang, Shimiao Liao",Viruses,2023-08-01,"RNA vaccines, including conventional messenger RNA (mRNA) vaccines, circular RNA (circRNA) vaccines, and self-amplifying RNA (saRNA) vaccines, have ushered in a promising future and revolutionized vaccine development. The success of mRNA vaccines in combating the COVID-19 pandemic caused by the SARS-CoV-2 virus that emerged in 2019 has highlighted the potential of RNA vaccines. These vaccines poss",https://www.semanticscholar.org/paper/edfd3ac0b8e7021f08fc73a0d3324058bcb13c00,Semantic Scholar
"Safety and immunogenicity of SARS-CoV-2 self-amplifying RNA vaccine expressing an anchored RBD: A randomized, observer-blind phase 1 study","W. Akahata, T. Sekida, T. Nogimori",Cell Reports Medicine,2023-08-01,Summary VLPCOV-01 is a lipid nanoparticle-encapsulated self-amplifying RNA (saRNA) vaccine that expresses a membrane-anchored receptor-binding domain (RBD) derived from the severe acute respiratory syndrome coronavirus 2 (SARS-CoV-2) spike protein. A phase 1 study of VLPCOV-01 is conducted (jRCT2051210164). Participants who completed two doses of the BNT162b2 mRNA vaccine previously are randomized,https://www.semanticscholar.org/paper/2167ba7126a190c7f7b4055adb084e4ed37f67c7,Semantic Scholar
Safety and Immunogenicity of Two RNA-Based Covid-19 Vaccine Candidates,"E. Walsh, R. Frenck, A. Falsey",New England Journal of Medicine,2020-10-14,"Abstract Background Severe acute respiratory syndrome coronavirus 2 (SARS-CoV-2) infections and the resulting disease, coronavirus disease 2019 (Covid-19), have spread to millions of persons worldwide. Multiple vaccine candidates are under development, but no vaccine is currently available. Interim safety and immunogenicity data about the vaccine candidate BNT162b1 in younger adults have been repo",https://www.semanticscholar.org/paper/6dbd3d5dddc9708185a64e539ed0aa37b52690a6,Semantic Scholar
Carditis After COVID-19 Vaccination With a Messenger RNA Vaccine and an Inactivated Virus Vaccine,"F. Lai, Xue Li, Kuan-hao Peng",Annals of Internal Medicine,2022-01-25,"Cases of carditis after the use of a messenger RNA (mRNA) COVID-19 vaccine have been reported in various populations worldwide. However, few studies have directly evaluated this association. Furthermore, it is unclear whether this potential risk involves vaccine platforms other than mRNA vaccines. This case–control study from Hong Kong aimed to examine the association between COVID-19 vaccination ",https://www.semanticscholar.org/paper/94da2455d0ed10791e0dec9954e0f9b02b7dd6fb,Semantic Scholar
A replicon RNA vaccine can induce durable protective immunity from SARS-CoV-2 in nonhuman primates after neutralizing antibodies have waned,"Megan A. O’Connor, David W. Hawman, Kimberly Meade-White",PLoS Pathogens,2023-04-01,"The global SARS-CoV-2 pandemic prompted rapid development of COVID-19 vaccines. Although several vaccines have received emergency approval through various public health agencies, the SARS-CoV-2 pandemic continues. Emergent variants of concern, waning immunity in the vaccinated, evidence that vaccines may not prevent transmission and inequity in vaccine distribution have driven continued developmen",https://www.semanticscholar.org/paper/57863723066e77b51e468792ae55513c6034b265,Semantic Scholar
"Safety and immunogenicity of a self-amplifying RNA vaccine against COVID-19: COVAC1, a phase I, dose-ranging trial","K. Pollock, H. Cheeseman, A. Szubert",EClinicalMedicine,2022-01-14,"Summary Background Lipid nanoparticle (LNP) encapsulated self-amplifying RNA (saRNA) is a novel technology formulated as a low dose vaccine against COVID-19. Methods A phase I first-in-human dose-ranging trial of a saRNA COVID-19 vaccine candidate LNP-nCoVsaRNA, was conducted at Imperial Clinical Research Facility, and participating centres in London, UK, between 19th June to 28th October 2020. Pa",https://www.semanticscholar.org/paper/1a26b3a23a29a8f98b09c53fa36bb06bec38c2a9,Semantic Scholar
ELF3 promotes hyperglycemia-induced corneal epithelial senescence and IL-2 attenuates ELF3-associated signaling.,"Zhou Sujun, Zhang Hong",Frontiers in molecular biosciences,2026-07-09,"Diabetic keratopathy constitutes a prevalent ocular complication of diabetes mellitus, clinically manifested as delayed corneal epithelial repair, recurrent epithelial defects, and potential corneal ulceration. Currently, the underlying molecular mechanisms and effective therapeutic strategies remain incompletely defined. This study integrates transcriptomic analysis with computational pharmacolog",https://pubmed.ncbi.nlm.nih.gov/42422875/,PubMed
ARID3A knockdown facilitates ferroptosis partly through modulation of the PTEN/Akt pathway in breast cancer.,"Shi Pengfei, Yi Yan, Zhang Maojie",Oncology letters,2026-07-09,"AT-rich interaction domain 3A (ARID3A) is a tumor regulator that modifies the PTEN and Akt pathway. The present study aimed to investigate the effect of ARID3A knockdown on ferroptosis and the interaction between ARID3A and the PTEN/Akt pathway in breast cancer. Firstly, MCF-7 and MDA-MB-231 cell lines were cultured. Negative control small interfering RNA (siNC) and ARID3A small interfering RNA (s",https://pubmed.ncbi.nlm.nih.gov/42422225/,PubMed
Correction: Efficacy and safety of small interfering RNA (siRNA) therapies for hypertriglyceridemia and mixed dyslipidemia: an updated systematic review and meta-analysis.,"Gao Yifan, Bai Yanmin, Mu Xu",Frontiers in pharmacology,2026-07-09,[This corrects the article DOI: 10.3389/fphar.2026.1736821.].,https://pubmed.ncbi.nlm.nih.gov/42422086/,PubMed
MicroRNA-383-5p regulation of NADPH oxidase 4 alleviates hemorrhagic transformation and improves acute outcomes after endovascular recanalization in acute ischemic stroke.,"Jiang Qiu-Yi, Qin Wang, Zhuang Jin-Kun",Frontiers in immunology,2026-07-09,"Hemorrhagic transformation (HT) following reperfusion therapy is associated with poor outcomes in patients with acute ischemic stroke. Here, we determined the role of microRNA-383-5p (miR-383-5p) in alleviating HT-associated injury using models of middle cerebral artery occlusion (MCAO) and oxygen-glucose deprivation/reoxygenation (OGD/R). Two hundred and five hyperglycemic rats were used to estab",https://pubmed.ncbi.nlm.nih.gov/42421953/,PubMed
LGR5 as a therapeutic target for decidualization-based endometrial mesenchymal stem cells therapy in thin endometrium.,"Chen Kai, Ning Xueqing, Wang Huiru",Stem cell research & therapy,2026-07-09,"Decidualization of endometrial mesenchymal stem cells (ESCs) is crucial for the implantation of the embryo. Thin endometrium (TE) can impair endometrial receptivity by affecting the decidualization of ESCs. However, how TE affects the decidualization of ESCs remains unclear. Through multiple transcriptome analyses, we found that LGR5 plays a crucial role in the decidualization of ESCs. In vitro, s",https://pubmed.ncbi.nlm.nih.gov/42421150/,PubMed
Xifeng Zhichou decoction mitigates tic disorder on juvenile rats by regulating neuroinflammation and neurotransmitter homeostasis: dual modulation of Nr4a2 and gut microbiota.,"Wu Ruolan, Peng Jinlan, Zhang Mingyue",Chinese medicine,2026-07-09,"Xifeng Zhichou decoction (XFZCD), a modified formulation of Chinese medicine, demonstrates significant clinical efficacy in treatment of tic disorder (TD). However, its efficacy and therapeutic mechanisms remain insufficiently characterized. This study aims to comprehensively evaluate the anti-TD effect of XFZCD in a rat model, and to elucidate the underlying mechanism. Ultra-performance liquid ch",https://pubmed.ncbi.nlm.nih.gov/42421059/,PubMed
Qishen Granules attenuate adverse ventricular remodeling in chronic heart failure by promoting Legumain/Arg1/Rac1-mediated efferocytosis of resident cardiac macrophages.,"Tao Meijiao, Min Shixuan, Liu Jiali",Chinese medicine,2026-07-09,"Ventricular remodeling is a key pathological feature of chronic heart failure (CHF). Following myocardial infarction (MI), impaired macrophage efferocytosis sustains cardiac inflammation, disrupts tissue repair, and accelerates adverse remodeling and dysfunction. Qishen Granules (QSG) is a classical traditional Chinese medicine formulation used in the clinical treatment of heart failure. However, ",https://pubmed.ncbi.nlm.nih.gov/42421043/,PubMed
Spliceosomal proteins direct RNA methylation to modulate gene expression and silence retrotransposons.,"Vijayakumari Drisya, Gottfried Xander, Groubert Brent",Nature communications,2026-07-09,"RNA modifications are fundamental to gene regulation and RNA processing, yet their diversity and transcript specificity remain incompletely defined. Here, using a genetic screen in S. pombe, we identify the RNA methyltransferase Tgs1 and Coilin-related proteins as regulators of transcripts harboring inefficiently spliced cryptic introns. These factors associate to form a protein assembly, termed T",https://pubmed.ncbi.nlm.nih.gov/42420319/,PubMed
At the crossroads of senescence and immunosuppression: Machine learning and multi-omics unveil the central role of FAP in HNSCC.,"Zhang Jingyu, Yang Zhan, He Zhixu",Bioorganic chemistry,2026-07-09,"The global incidence of head and neck squamous cell carcinoma (HNSCC) is increasing, and the failure rate of current treatments remains substantially high. Therefore, there is an urgent need to find effective targets and formulate precise personalized treatment strategies. HNSCC is characterized by an immunosuppressive environment, and the accumulation of senescent cells can promote aging by resha",https://pubmed.ncbi.nlm.nih.gov/42419055/,PubMed
"Paclitaxel and B7-H6 knockdown inhibit HepG2 hepatocellular carcinoma cell viability and migration, while enhancing apoptosis and cell cycle arrest.","Alipour Shiva, Safdari Zahra, Khosravi Neda",Molecular biology reports,2026-07-09,"Hepatocellular carcinoma (HCC), the most frequent type of liver cancer, is a major source of cancer-related morbidity and mortality worldwide. B7-H6 is overexpressed in a variety of cancers including HCC and plays a key role in tumor biology and augments hepatoma cell proliferation, invasion, migration and cell-cycle progression. So, in this investigation we examined the role of B7-H6 silencing by",https://pubmed.ncbi.nlm.nih.gov/42418047/,PubMed
Relationship between CCM3 expression and angiogenesis in esophageal squamous cell carcinoma and its possible mechanism.,"Tabish Muhammad Saud, Li Yiwei, Zhao Na",International journal of clinical oncology,2026-07-09,"Angiogenesis is essential for esophageal squamous cell carcinoma (ESCC) progression, yet clinically actionable regulators remain limited. We investigated the expression, functional role, and mechanism of CCM3 in ESCC and its relationship with the HIF-1α/VEGFA angiogenic axis. CCM3, HIF-1α, VEGFA and microvessel density (MVD, CD31) were assessed by immunohistochemistry in 53 paired ESCC and adjacen",https://pubmed.ncbi.nlm.nih.gov/42417927/,PubMed
Engineering of siRNA molecules to silence SphK1 mRNA for therapeutic intervention in triple-negative breast cancer: An In Silico and In Vitro Analysis.,"Siddalingegowda Siddesh V, Shreevatsa Bhargav, Nagaraj Abhigna",Discover oncology,2026-07-09,"Triple-negative breast cancer (TNBC) is an aggressive and therapeutically challenging subtype of breast cancer lacking estrogen, progesterone, and HER2 receptors. Sphingosine kinase 1 (SphK1), a key enzyme in the sphingosine-1-phosphate (S1P) signaling pathway, has been implicated in TNBC progression, metastasis, and chemoresistance. In this study, we employed a comprehensive computational and exp",https://pubmed.ncbi.nlm.nih.gov/42417903/,PubMed
Rhein ameliorates MASH via EGFR/AKT/PPARα-mediated coordinated regulation of metabolism and inflammation.,"Song Liyan, Hua Shuang, Zeng Qin",Frontiers in pharmacology,2026-07-09,"Metabolic dysfunction-associated steatohepatitis (MASH) presents a growing global health challenge with limited therapeutic options. Rhein, an active anthraquinone derived from the traditional medicine rhubarb ( An integrated strategy combining network pharmacology, molecular docking, and experimental validation was employed. A ""Rhein-MASH"" target network was constructed to identify core targets. ",https://pubmed.ncbi.nlm.nih.gov/42416832/,PubMed
Salvianolic Acid B Alleviates Atrial Fibrillation-Associated Fibrosis With Modulation of COL1A2 and the PI3K-AKT Pathway.,"Wang Pengran, Ma Jianhua, Li Jianlong",Cardiovascular therapeutics,2026-07-09,"Atrial fibrillation (AF), the most prevalent cardiac arrhythmia, is strongly associated with atrial fibrosis. Salvianolic acid B (Sal-B), a bioactive compound extracted from Salvia miltiorrhiza, demonstrates cardioprotective properties, though its specific role in AF remains to be elucidated. Transcriptome analysis of the GSE115574 dataset was performed to identify COL1A2 as a differentially expre",https://pubmed.ncbi.nlm.nih.gov/42415687/,PubMed
DeepSilencer: A Novel Deep Learning Model for Predicting siRNA Knockdown Efficiency,"Wangdan Liao, Weidong Wang",arXiv,2026-07-09,"Background: Small interfering RNA (siRNA) is a promising therapeutic agent due to its ability to silence disease-related genes via RNA interference. While traditional machine learning and early deep learning methods have made progress in predicting siRNA efficacy, there remains significant room for improvement. Advanced deep learning techniques can enhance prediction accuracy, reducing the relianc",http://arxiv.org/abs/2503.04200v1,arXiv
Maturation of siRNA by strand separation: Steered Molecular dynamics study,"Rakesh K Mishra, Sanchita Mukherjee, Dhananjay Bhattacharyya",arXiv,2026-07-09,"RNA interference, particularly siRNA induced gene silencing is becoming an important avenue of modern therapeutics. The siRNA is delivered to the cells as short double helical RNA which becomes single stranded for forming the RISC complex. Significant experimental evidence is available for most of the steps except the process of the separation of the two strands. We have attempted to understand th",http://arxiv.org/abs/1910.03778v1,arXiv
Using a hydrogen-bond index to predict the gene-silencing efficiency of siRNA based on the local structure of mRNA,"Kathy Q. Luo, Donald C. Chang",arXiv,2026-07-09,The gene silencing effect of short interfering RNA (siRNA) is known to vary strongly with the targeted position of the mRNA. A number of hypotheses have been suggested to explain this phenomenon. We would like to test if this positional effect is mainly due to the secondary structure of the mRNA at the target site. We proposed that this structural factor can be characterized by a single parameter ,http://arxiv.org/abs/1710.07413v1,arXiv
Unraveling siRNA Unzipping Kinetics with Graphene,"Santosh Mogurampelly, Swati Panigrahi, Dhananjay Bhattacharyya",arXiv,2026-07-09,"Using all atom molecular dynamics simulations, we report spontaneous unzipping and strong binding of small interfering RNA (siRNA) on graphene. Our dispersion corrected density functional theory based calculations suggest that nucleosides of RNA have stronger attractive interactions with graphene as compared to DNA residues. These stronger interactions force the double stranded siRNA to spontaneou",http://arxiv.org/abs/1207.4569v1,arXiv
Unzipping and binding of small interfering RNA with single walled Carbon Nanotube: a platform for small interfering RNA delivery,"Mogurampelly Santosh, Swati Panigrahi, Dhananjay Bhattacharyya",arXiv,2026-07-09,"In an effort to design efficient platform for siRNA delivery, we combine all atom classical and quantum simulations to study the binding of small interfering RNA (siRNA) by pristine single wall carbon nanotube (SWCNT). Our results show that siRNA strongly binds to SWCNT surface via unzipping its base-pairs and the propensity of unzipping increases with the increase in the diameter of the SWCNTs. T",http://arxiv.org/abs/1203.2409v1,arXiv
Nanodiamond as a vector for siRNA delivery to Ewing sarcoma cells,"Anna Alhaddad, Marie-Pierre Adam, Jacques Botsoa",arXiv,2026-07-09,"We investigated the ability of diamond nanoparticles (nanodiamonds, NDs) to deliver small interfering RNA (siRNA) in Ewing sarcoma cells, in the perspective of in vivo anti-cancer nucleic acid drug delivery. siRNA was adsorbed onto NDs previously coated with cationic polymer. Cell uptake of NDs has been demonstrated by taking advantage of NDs intrinsic fluorescence coming from embedded color cente",http://arxiv.org/abs/1106.2252v2,arXiv
Target prediction and a statistical sampling algorithm for RNA-RNA interaction,"F. W. D. Huang, J. Qin, C. M. Reidys",arXiv,2026-07-09,"It has been proven that the accessibility of the target sites has a critical influence for miRNA and siRNA. In this paper, we present a program, rip2.0, not only the energetically most favorable targets site based on the hybrid-probability, but also a statistical sampling structure to illustrate the statistical characterization and representation of the Boltzmann ensemble of RNA-RNA interaction st",http://arxiv.org/abs/0908.0597v1,arXiv
In silico evidence of the relationship between miRNAs and siRNAs,"Ludovica Montanucci, Piero Fariselli, Pier Luigi Martelli",arXiv,2026-07-09,"Both short interfering RNAs (siRNAs) and microRNAs (miRNAs) mediate the repression of specific sequences of mRNA through the RNA interference pathway. In the last years several experiments have supported the hypothesis that siRNAs and miRNAs may be functionally interchangeable, at least in cultured cells. In this work we verify that this hypothesis is also supported by a computational evidence. We",http://arxiv.org/abs/0705.2355v1,arXiv
