title,authors,journal,date,abstract,link,source
Regulation of FTO on PDCD5 mRNA stability to mediate neuron apoptosis in rats with hypoxic-ischemic brain damage.,"Yin Taiyong, Zou Minshu, Liu Dali",Translational neuroscience,2026-06-09,"This study explored the mechanism of FTO in regulating neuron apoptosis in hypoxic-ischemic brain damage (HIBD) models via PDCD5. Neonatal SD rats were treated by unilateral common carotid artery ligation to establish HIBD model, while primary hippocampal neurons were induced by oxygen-glucose deprivation (OGD) to mimic the  HIBD rats had decreased FTO expression and elevated PDCD5 expression, acc",https://pubmed.ncbi.nlm.nih.gov/42261379/,PubMed
Lamin B1 safeguards the B cell genome and shapes lymphoma outcome.,"Filipsky Filip, Chapman Katarina B, Bloehdorn Johannes",HemaSphere,2026-06-09,"Lamin B1 is a structural component of the nuclear lamina that participates in genome organization and transcriptional control. During adaptive immune responses, B lymphocytes in germinal centers (GCs) undergo clonal expansion and programmed DNA damage at immunoglobulin loci, while simultaneously downregulating Lamin B1. Likewise, Lamin B1 downregulation has been observed in GC-derived lymphomas an",https://pubmed.ncbi.nlm.nih.gov/42261377/,PubMed
Identification and validation of prognostic genes related to centrosome amplification in multiple myeloma.,"Liao Pengjun, Tan Jiaqi, Zeng Lingji",PeerJ,2026-06-09,"Prognostic biomarkers associated with centrosome amplification-related genes (CARGs) in multiple myeloma (MM), a malignancy originating from bone marrow plasma cells, remain incompletely defined. This study aimed to identify CARG-associated prognostic genes in MM. Transcriptome data for MM and CARGs were obtained from public databases. Initially, differentially expressed genes (DEGs) from the GSE6",https://pubmed.ncbi.nlm.nih.gov/42261309/,PubMed
Hydroxyl-Terminated Polyethylene Glycol Evades Human Pre-existing Anti-polyethylene Glycol Antibodies.,"Ding Tianhao, Fu Jiaru, Yang Min",ACS nano,2026-06-09,"Polyethylene glycol (PEG) has been extensively utilized in food, cosmetics, and pharmaceutical fields, especially in the realm of nanomedicines, where it serves as a pivotal excipient to prolong the nanoparticles' circulation half-life. Contrary to its historical perception as being nonimmunogenic, pre-existing anti-PEG antibodies have been widely detected in human even in individuals without prio",https://pubmed.ncbi.nlm.nih.gov/42261226/,PubMed
Shenling Baizhu Decoction Improves Chemotherapy-Induced Sarcopenia by Regulating the NLRP3 Inflammasome and Muscle Metabolism.,"Huang Jin, Jin Heiying, Zhang Chunxia",Current medicinal chemistry,2026-06-09,"This study investigated the effects of Shenling Baizhu decoction (SLBZD) on chemotherapy-induced sarcopenia and its potential mechanisms. A mouse model of chemotherapy-induced sarcopenia was established and treated with SLBZD. The effects of SLBZD on body weight, food intake, muscle mass, muscle functional markers, muscle tissue architecture, and serum biochemical parameters in mice receiving chem",https://pubmed.ncbi.nlm.nih.gov/42261167/,PubMed
Adiponectin Mediates FGF21 to Alleviate Sepsis-induced Acute Lung Injury by Ameliorating Fibrosis and Inhibiting Oxidative Stress.,"Gong Fanghua, Wang Shangwen, Liu Xuehui",Current pharmaceutical biotechnology,2026-06-09,"Acute lung injury (ALI) is the initial complication in the pathogenesis of sepsis and a leading cause of mortality in patients with sepsis. Adiponectin (APN), an important downstream effector of fibroblast growth factor 21 (FGF21), exerts metabolic regulatory effects; however, the specific role of FGF21 in alleviating sepsis-induced ALI through APN remains to be fully elucidated. The present study",https://pubmed.ncbi.nlm.nih.gov/42261151/,PubMed
From energy provision to protein synthesis: Tunnelling nanotubes as mediators of intercellular metabolic cooperation in cancer.,"Martínková Stanislava, Trnka Jan",FEBS open bio,2026-06-09,"Tunnelling nanotubes (TNTs) are thin intercellular membrane structures, which enable direct cytoplasmic communication between distant cells. Since their discovery two decades ago, TNTs have been identified in numerous physiological and pathological contexts. This includes cancer, where they contribute to metabolic cooperation, stress adaptation and treatment resistance. Here we summarise the curre",https://pubmed.ncbi.nlm.nih.gov/42261073/,PubMed
Resveratrol Ameliorates Hypertrophic Scar Formation by Regulating ASIC3-Mediated Fibroblast-Macrophage Crosstalk: A Mechanistic Study.,"Sun Zili, Huang Suzhou, Lu Xingxing",Phytotherapy research : PTR,2026-06-09,"To elucidate the mechanism by which Resveratrol (Res) ameliorates hypertrophic scar (HS) formation by targeting acid-sensing ion channel 3 (ASIC3) to modulate macrophage-fibroblast (FB) crosstalk. A rabbit-ear HS model was established in vivo. Hematoxylin-eosin (H&E) staining, Masson staining, immunofluorescence (IF), Western blot (WB), and quantitative real-time PCR (RT-qPCR) were used to assess ",https://pubmed.ncbi.nlm.nih.gov/42260901/,PubMed
The Impact of Airway Oxidative Stress on Macrophage Polarization in Stable Asthma and COPD: Association With Clinical Features in a Prospective Observational Study.,"Paplińska-Goryca Magdalena, Proboszcz Małgorzata, Wróbel Monika",Journal of cellular and molecular medicine,2026-06-09,"The polarization status of pulmonary macrophages is dependent on cytokines and mediators present locally in the airways. This study aimed to evaluate whether oxidative stress present in the airways of asthma or COPD patients promotes M1 or M2 macrophage polarization. M1 macrophages predominated in COPD, whereas no increase in M2 macrophages was observed in any of the investigated groups. The eleva",https://pubmed.ncbi.nlm.nih.gov/42260762/,PubMed
Metabolic Reprogramming of T Cells by MSCs Rebalances Th17/Treg Axis to Attenuate Collagen-Induced Arthritis.,"Wang Xiaoping, He Jingjing, Wang Qun",Journal of immunology research,2026-06-09,"Rheumatoid arthritis (RA) is a chronic autoimmune disorder characterized by dysregulated T cell responses and metabolic disturbances. Mesenchymal stromal cells (MSCs) have shown therapeutic promise, but their mechanisms, particularly concerning T cell metabolism, remain incompletely defined. This study investigated whether human umbilical cord-derived MSCs (hUC-MSCs) ameliorate collagen-induced ar",https://pubmed.ncbi.nlm.nih.gov/42260739/,PubMed
Copper overload drives hepatic stellate cell activation via cuproptosis to exacerbate acute liver injury in murine malaria.,"Mo Xiumei, Chen Qian, Zhong Rui",Parasites & vectors,2026-06-09,"Acute liver injury, a critical complication of severe malaria, was characterized by hepatocyte death and hepatic stellate cell (HSC) activation. While HSC activation was a well-established driver of chronic liver fibrosis, its specific role and the triggers initiating it during the acute phase of malarial liver injury remain poorly defined. Notably, systemic copper accumulation occurred during Pla",https://pubmed.ncbi.nlm.nih.gov/42260670/,PubMed
Nonsense-mediated mRNA decay: friend or foe in cancer biology?,"Wang Yuhui, He Chenghai, Chen Chengyan",Cell communication and signaling : CCS,2026-06-09,"Nonsense-mediated mRNA decay (NMD) is a highly conserved RNA surveillance mechanism in eukaryotic cells. It plays a key role in safeguarding the accuracy of gene expression by eliminating mRNAs with premature termination codons (PTCs) in the cellular transcriptome. Furthermore, NMD fine-tunes gene expression by regulating the stability of numerous transcripts that harbor NMD-inducing features othe",https://pubmed.ncbi.nlm.nih.gov/42260649/,PubMed
Helicobacter pylori infection activates the HIF-1α/ALS2/Rab5 signaling axis in gastric cells.,"Herrera-Ramírez Daniela, Sanhueza Sofía, Tapia Héctor",Cell communication and signaling : CCS,2026-06-09,"Helicobacter pylori (H. pylori) infection has been associated with gastric carcinogenesis by activating different signaling pathways. In gastric cancer cells, H. pylori promotes the stabilization of HIF-1α (hypoxia inducible factor 1α), a transcription factor associated with the expression of several genes involved in cellular adaptation. We previously showed that HIF-1α regulates endosomal traffi",https://pubmed.ncbi.nlm.nih.gov/42260624/,PubMed
Exosomes liquid biopsy in Lymphoma precision medicine: applications and challenges.,"Liu Junxi, Peng Yu, Zhang Yakun",Cancer cell international,2026-06-09,"Liquid biopsy is an emerging non-invasive detection technology that diagnoses tumors and provides prognostic value by analyzing samples such as circulating tumor cells (CTCs), circulating tumor DNA (ctDNA), and exosomes. Exosomes are nanoscale extracellular vesicles (EVs) secreted by cells, encapsulating a diverse array of biomolecules, including proteins, nucleic acids (e.g., mRNA and miRNA), and",https://pubmed.ncbi.nlm.nih.gov/42260559/,PubMed
"An herbal formula, SH003 alleviates colorectal cancer through dual targeting of adaptive and innate checkpoints PD-L1/CD47.","Han Na-Ra, Hwang Hyun-Ha, Kim Tae-Hyoun",Cancer cell international,2026-06-09,"Colorectal cancer (CRC) is the third most common cancer. The use of immunotherapy for cancer has become widespread in recent decades and adaptive and innate checkpoints can be simultaneously targeted for enhanced immunotherapy. An herbal formula, SH003 has beneficial effects against multiple cancers. However, the anti-CRC efficacy of SH003 through dual targeting of adaptive and innate checkpoints,",https://pubmed.ncbi.nlm.nih.gov/42260546/,PubMed
Screening and identification of biomarkers in tumor-educated platelets for non-small cell lung cancer.,"Xu Zhen, Li Wenxin, Yu Yueneng",BMC cancer,2026-06-09,"Platelets, a crucial source of liquid biopsy samples, play a significant role in the progression of various malignancies, including non-small cell lung cancer (NSCLC). However, specific biomarkers for early-stage NSCLC have not yet been identified. In this study, we employed bioinformatics approaches to identify differentially expressed genes (DEGs) in tumor-educated platelets (TEPs) from NSCLC. S",https://pubmed.ncbi.nlm.nih.gov/42260432/,PubMed
Improved laser capture microdissection combined with transcriptome sequencing reveals gene expression reprogramming during rice panicle branch meristems differentiation.,"Yan Gui, Song Tao, Xu Lei",BMC plant biology,2026-06-09,"The number of branches per panicle exhibits a strong positive correlation with the grain number per panicle, which is a key agronomic trait determining rice yield. Efficient and precise identification of genes regulating the development of panicle branch meristems will contribute to high-yield rice breeding. Here, we present an optimized laser capture microdissection (LCM) method capable of extrac",https://pubmed.ncbi.nlm.nih.gov/42260361/,PubMed
Transcriptomic genotyping elucidates the population structure and demographic history of the endangered poison frog Oophaga vicentei (Anura: Dendrobatidae).,"Cajigas Gandia Anaisa, Pröhl Heike, Oikonomaki Vasiliki Mantzana",BMC genomics,2026-06-09,"Amphibians are among the most vulnerable vertebrates, with 41% of assessed species at risk of extinction. The genus Oophaga has most of its species currently listed as threatened by the IUCN. Oophaga vicentei, an endangered species endemic to central Panama, is facing strong pressures from habitat fragmentation and mining. Despite its threat status, little is known about its population structure a",https://pubmed.ncbi.nlm.nih.gov/42260343/,PubMed
Reproductive tract commensal bacterium Enterococcus faecium supernatant induces DNA damage associated stress responses and suppresses the growth of cervical cancer cells.,"Yang Jun, Zhou Min, Gao Mengya",BMC microbiology,2026-06-09,"Persistent infection with high-risk human papillomavirus (HPV) is closely associated with the progression of cervical cancer. Increasing evidence indicates that the vaginal microecology plays an important role in HPV infection outcomes and the development of cervical lesions; however, the direct effects of specific commensal bacteria in the reproductive tract and their underlying molecular mechani",https://pubmed.ncbi.nlm.nih.gov/42260337/,PubMed
[Polydatin attenuates high copper induced damage in Atp7b knockout neural stem cells by regulating PPARG mediated ferroptosis].,"Wang Ni, Wu Kaijian, Wei Wangyun",Zhejiang da xue xue bao. Yi xue ban = Journal of Zhejiang University. Medical sciences,2026-06-09,"To investigate the mechanism by which polydatin ameliorates neurological damage in Wilson disease (WD) based on bioinformatics analysis and experimental validation. The targets of polydatin were predicted using PharmMapper, SEA, and Swiss Target Prediction databases, while targets related to WD and ferroptosis were retrieved from GeneCards, OMIM, DrugBank, Therapeutic Target Database, and FerrDb. ",https://pubmed.ncbi.nlm.nih.gov/42260313/,PubMed
mRNAutilus: Multi-Objective-Guided Discrete Generation of mRNA with Optimized Therapeutic Properties,"Sawan Patel, Sophia Tang, Yesol Kim",arXiv,2026-06-09,"Therapeutic mRNA design requires coordinating multiple interacting sequence features across the full transcript, where codon usage, untranslated regions (UTRs), and their coupling jointly determine stability, translation efficiency, and protein expression. Here, we present mRNA generation via unrolled trajectories and informed latent updates (mRNAutilus), a framework for simultaneous codon optimiz",http://arxiv.org/abs/2605.31296v1,arXiv
Sampling-based Continuous Optimization for Messenger RNA Design,"Feipeng Yue, Ning Dai, Wei Yu Tang",arXiv,2026-06-09,"Designing messenger RNA (mRNA) sequences for a fixed target protein requires searching an exponentially large synonymous space while optimizing properties that affect stability and downstream performance. This is challenging because practical mRNA design involves multiple coupled objectives beyond classical folding criteria, and different applications prefer different trade-offs. We propose a gene",http://arxiv.org/abs/2603.06559v1,arXiv
Drug-like antibodies with low immunogenicity in human panels designed with Latent-X2," Latent Labs Team, Henry Kenlay, Daniella Pretorius",arXiv,2026-06-09,"Drug discovery has long sought computational systems capable of designing drug-like molecules directly: developable and non-immunogenic from the start. Here we introduce Latent-X2, a frontier generative model that achieves this goal through zero-shot design of antibodies with strong binding affinities, drug-like properties, and, for the first time for any de novo generated antibody, confirmed low ",http://arxiv.org/abs/2512.20263v1,arXiv
"RNAGenScape: Property-Guided, Optimized Generation of mRNA Sequences with Manifold Langevin Dynamics","Danqi Liao, Chen Liu, Xingzhi Sun",arXiv,2026-06-09,"Generating property-optimized mRNA sequences is central to applications such as vaccine design and protein replacement therapy, but remains challenging due to limited data, complex sequence-function relationships, and the narrow space of biologically viable sequences. Generative methods that drift away from the data manifold can yield sequences that fail to fold, translate poorly, or are otherwise",http://arxiv.org/abs/2510.24736v3,arXiv
Yeast growth is controlled by the proportional scaling of mRNA and ribosome concentrations,"Xin Gao, Michael Lanz, Rosslyn Grosely",arXiv,2026-06-09,"Despite growth being fundamental to all aspects of cell biology, we do not yet know its organizing principles in eukaryotic cells. Classic models derived from the bacteria E. coli posit that protein-synthesis rates are set by mass-action collisions between charged tRNAs produced by metabolic enzymes and mRNA-bound ribosomes. These models show that faster growth is achieved by simultaneously raisin",http://arxiv.org/abs/2508.14997v1,arXiv
mRNA Folding Algorithms for Structure and Codon Optimization,"Max Ward, Mary Richardson, Mihir Metkar",arXiv,2026-06-09,"mRNA technology has revolutionized vaccine development, protein replacement therapies, and cancer immunotherapies, offering rapid production and precise control over sequence and efficacy. However, the inherent instability of mRNA poses significant challenges for drug storage and distribution, particularly in resource-limited regions. Co-optimizing RNA structure and codon choice has emerged as a p",http://arxiv.org/abs/2503.19273v1,arXiv
Generative Model for Synthesizing Ionizable Lipids: A Monte Carlo Tree Search Approach,"Jingyi Zhao, Yuxuan Ou, Austin Tripp",arXiv,2026-06-09,"Ionizable lipids are essential in developing lipid nanoparticles (LNPs) for effective messenger RNA (mRNA) delivery. While traditional methods for designing new ionizable lipids are typically time-consuming, deep generative models have emerged as a powerful solution, significantly accelerating the molecular discovery process. However, a practical challenge arises as the molecular structures genera",http://arxiv.org/abs/2412.00807v1,arXiv
Machine learning framework to predict the performance of lipid nanoparticles for nucleic acid delivery,"Gaurav Kumar, Arezoo M. Ardekani",arXiv,2026-06-09,"Lipid nanoparticles (LNPs) are highly effective carriers for gene therapies, including mRNA and siRNA delivery, due to their ability to transport nucleic acids across biological membranes, low cytotoxicity, improved pharmacokinetics, and scalability. A typical approach to formulate LNPs is to establish a quantitative structure-activity relationship (QSAR) between their compositions and in vitro/in",http://arxiv.org/abs/2411.14293v1,arXiv
Joint Design of 5' Untranslated Region and Coding Sequence of mRNA,"Yang Liu, Jie Gao, Xiaonan Zhang",arXiv,2026-06-09,"Messenger RNA (mRNA) vaccines and therapeutics are emerging as powerful tools against a variety of diseases, including infectious diseases and cancer. The design of mRNA molecules, particularly the untranslated region (UTR) and coding sequence (CDS) is crucial for optimizing translation efficiency and stability. Current design approaches generally focus solely on either the 5' UTR or the CDS, whic",http://arxiv.org/abs/2410.20781v1,arXiv
Bacterial stress granule protects mRNA through ribonucleases exclusion,"Linsen Pei, Yujia Xian, Xiaodan Yan",arXiv,2026-06-09,"Membraneless droplets formed through liquid-liquid phase separation (LLPS) play a crucial role in mRNA storage, enabling organisms to swiftly respond to environmental changes. However, the mechanisms underlying mRNA integration and protection within droplets remain unclear. Here, we unravel the role of bacterial aggresomes as stress granules (SGs) in safeguarding mRNA during stress. We discovered ",http://arxiv.org/abs/2404.17873v2,arXiv
"Hypolipidemic effect of brown seaweed (Sargassum crassifolium) extract in vivo (Study of histopathology, mRNA expression, and immunohistochemistry (IHC) with VCAM-1, ICAM-1, and MCP-1 parameters)","Sarah Zaidan, Syamsudin Abdillah, Nur Arfian",arXiv,2026-06-09,The purpose of this study was to obtain natural drugs from brown seaweed (Sargassum crassifolium) as antiatherosclerosis candidates through the study of hypolipidemic mechanisms of action. Modeling of dyslipidemia rats was carried out by feeding high-fat (HFF) and doses of crude fucoidan 100. 200. 400mg / KgBB. in both treatments measured blood lipid profile levels taken from the orbital sinuses. ,http://arxiv.org/abs/2402.07497v1,arXiv
Machine Learning Modeling Of SiRNA Structure-Potency Relationship With Applications Against Sars-Cov-2 Spike Gene,Damilola Oshunyinka,arXiv,2026-06-09,"The pharmaceutical Research and development (R&D) process is lengthy and costly, taking nearly a decade to bring a new drug to the market. However, advancements in biotechnology, computational methods, and machine learning algorithms have the potential to revolutionize drug discovery, speeding up the process and improving patient outcomes. The COVID-19 pandemic has further accelerated and deepened",http://arxiv.org/abs/2401.12232v1,arXiv
Messenger RNA Design via Expected Partition Function and Continuous Optimization,"Ning Dai, Wei Yu Tang, Tianshuo Zhou",arXiv,2026-06-09,"The tasks of designing RNAs are discrete optimization problems, and several versions of these problems are NP-hard. As an alternative to commonly used local search methods, we formulate these problems as continuous optimization and develop a general framework for this optimization based on a generalization of classical partition function which we call ""expected partition function"". The basic idea ",http://arxiv.org/abs/2401.00037v2,arXiv
Machine Learning-guided Lipid Nanoparticle Design for mRNA Delivery,"Daisy Yi Ding, Yuhui Zhang, Yuan Jia",arXiv,2026-06-09,"While RNA technologies hold immense therapeutic potential in a range of applications from vaccination to gene editing, the broad implementation of these technologies is hindered by the challenge of delivering these agents effectively. Lipid nanoparticles have emerged as one of the most widely used delivery agents, but their design optimization relies on laborious and costly experimental methods. W",http://arxiv.org/abs/2308.01402v2,arXiv
Corrected Hill Function in Stochastic Gene Regulatory Networks,"Manuel Eduardo Hernández-García, Jorge Velázquez-Castro",arXiv,2026-06-09,"Describing reaction rates in stochastic bio-circuits is commonly done by directly introducing the deterministically deduced Hill function into the master equation. However, when fluctuations in enzymatic reaction rates are not neglectable, the Hill function must be derived, considering all the involved stochastic reactions. In this work, we derived the stochastic version of the Hill function from ",http://arxiv.org/abs/2307.03057v4,arXiv
Stochastic dynamics and ribosome-RNAP interactions in Transcription-Translation Coupling,"Xiangting Li, Tom Chou",arXiv,2026-06-09,"Under certain cellular conditions, transcription and mRNA translation in prokaryotes appear to be ""coupled,"" in which the formation of mRNA transcript and production of its associated protein are temporally correlated. Such transcription-translation coupling (TTC) has been evoked as a mechanism that speeds up the overall process, provides protection during the transcription, and/or regulates the t",http://arxiv.org/abs/2207.04568v1,arXiv
Coronavirus RNA Sensor Using Single-Stranded DNA Bonded to Sub-Percolated Gold Films on Monolayer Graphene Field-Effect Transistors,"Nicholas E. Fuhr, Mohamed Azize, David J. Bishop",arXiv,2026-06-09,"Electrical detection of messenger ribonucleic acid (mRNA) is a promising approach to enhancing transcriptomics and disease diagnostics because of its sensitivity, rapidity, and modularity. Reported here is a fast SARS-CoV-2 mRNA biosensor (<1 minute) with a limit of detection of 1 aM, and dynamic range of 4 orders of magnitude and a linear sensitivity of 22 mV per molar decade. These figures of me",http://arxiv.org/abs/2205.05143v1,arXiv
Deep learning models for predicting RNA degradation via dual crowdsourcing,"Hannah K. Wayment-Steele, Wipapat Kladwang, Andrew M. Watkins",arXiv,2026-06-09,"Messenger RNA-based medicines hold immense potential, as evidenced by their rapid deployment as COVID-19 vaccines. However, worldwide distribution of mRNA molecules has been limited by their thermostability, which is fundamentally limited by the intrinsic instability of RNA molecules to a chemical degradation reaction called in-line hydrolysis. Predicting the degradation of an RNA molecule is a ke",http://arxiv.org/abs/2110.07531v2,arXiv
Coagulapathies after vaccination against SARS-CoV-2 may be derived from a combination effect of SARS-CoV-2 spike protein and adenovirus vector-triggered signaling pathways,Ralf Kircheis,arXiv,2026-06-09,"The novel coronavirus SARS-CoV-2 has resulted in a global pandemic with worldwide 6-digital infection rates and thousands death tolls daily. Enormeous effords are undertaken to achieve high coverage of immunization in order to reach herd immunity to stop spreading of SARS-CoV-2 infection. Several SARS-CoV-2 vaccines, based either on mRNA, viral vectors, or inactivated SARS-CoV-2 virus have been ap",http://arxiv.org/abs/2109.00089v1,arXiv
Analyzing ribosome remodeling in health and disease,"Aleksandra A. Petelski, Nikolai Slavov",arXiv,2026-06-09,"regulation largely unexplored, in part due to methodological limitations. Indeed, we review evidence demonstrating that commonly used methods, such as transcriptomics, are inadequate because the variability in mRNAs coding for ribosomal proteins (RP) does not necessarily correspond to RP variability. Thus protein remodeling of ribosomes should be investigated by methods that allow direct quantific",http://arxiv.org/abs/2007.05839v2,arXiv
Targeting α-Synuclein Aggregation in Parkinson's Disease: A Narrative Review of Current Gene Therapy Strategies.,"Singh Kuldeep, Sethi Pranshul, Jain Divya",Current neuropharmacology,2026-06-09,"Parkinson's disease (PD) is a progressive neurodegenerative disorder characterized by the accumulation of misfolded α-synuclein (α-syn) aggregates, leading to dopaminergic neuronal loss and motor dysfunction. Current pharmacological treatments primarily provide symptomatic relief and have a limited impact on disease progression. This article presents a narrative review of emerging gene therapy app",https://pubmed.ncbi.nlm.nih.gov/42261162/,PubMed
An Extracellular miRNA Reshapes Cell Wall Integrity to Prime Systemic Immunity in Tomato.,"Qiao Yue, Xia Yu, Shi Jianfei",Molecular plant,2026-06-09,"Plant small RNAs (sRNAs) are well established as intracellular regulators of gene expression and, more recently, as mediators of trans-kingdom RNA interference against invading pathogens. However, whether extracellular sRNAs can modulate plant immunity through host-intrinsic mechanisms remains largely unexplored. Here, using the tomato-Phytophthora capsici pathosystem, we systematically profiled a",https://pubmed.ncbi.nlm.nih.gov/42260971/,PubMed
Climate Warming and Plant Disease: Mechanistic Insights Into Pathogenic Stress Resilience.,"Chauhan Prabhat K, Tomar Sakshi, Kumari Simpal","Plant, cell & environment",2026-06-09,"Climate warming is rapidly reshaping plant-pathogen interactions, leading to increased disease incidence and substantial crop losses worldwide. This review examines how rising temperature, humidity and shifting precipitation patterns intensify plant disease, while highlighting advances in sustainable microbe-based and molecular strategies to enhance plant immunity and crop resilience. A systematic",https://pubmed.ncbi.nlm.nih.gov/42260218/,PubMed
A new mechanism underlying mitochondrial dysfunction in schizophrenia - attenuated mRNA transport of the complex I subunit NDUFV2 by its pseudogene NDUFV2P1.,"Karry Rachel, Ben-Shachar Dorit","Schizophrenia (Heidelberg, Germany)",2026-06-09,"While schizophrenia (SZ) etiology remains unclear, accumulating evidence implicates mitochondrial dysfunction, particularly complex-I of the respiratory chain and its essential free-electron scavenger subunit, NDUFV2, as a contributor to neuronal and behavioral impairments observed in SZ. Our recent studies suggest a potential role for the NDUFV2 pseudogene (NDUFV2P1) in NDUFV2 deficits. Here, we ",https://pubmed.ncbi.nlm.nih.gov/42259816/,PubMed
"Comment on ""Use of technetium-99m-pyrophosphate single-photon emission computed tomography/computed tomography in monitoring therapeutic changes of RNA interference therapeutics in patients with hereditary transthyretin amyloid cardiomyopathy"".","Barnoyevich Safoyev Baqodir, Unovich Nurboboyev Adham Uyg, Baqodirovich Safoyev Bobur",Journal of the Formosan Medical Association = Taiwan yi zhi,2026-06-09,,https://pubmed.ncbi.nlm.nih.gov/42259683/,PubMed
Current genetic approaches for the treatment of prion diseases.,"Dimopoulos Dimitrios, Dafou Dimitra, Sklaviadis Theodoros",Neuroscience,2026-06-09,Prion diseases are fatal neurodegenerative disorders caused by the misfolding of the host-encoded prion protein (PrP) into a pathogenic conformer (PrP,https://pubmed.ncbi.nlm.nih.gov/42259419/,PubMed
mRNA 3' UTRs chaperone intrinsically disordered regions to control protein activity.,"Luo Yang, Zhong Yaofeng, Basu Sudipto",Cell,2026-06-09,"More than 2,700 human mRNA 3' UTRs have hundreds of highly conserved nucleotides, but their biological roles are unclear. These mRNAs encode proteins strongly enriched for long intrinsically disordered regions (IDRs) with hydrophobic amino acid clusters. For MYC, UTX, and JMJD3, we show that their mRNA 3' UTRs control protein activity. Rather than affecting protein abundance or localization, we fi",https://pubmed.ncbi.nlm.nih.gov/42259285/,PubMed
Genome-wide identification of StMAPKKKs and functional characterization of StMAPKKK44 in regulating salt and drought tolerance in potato (Solanum tuberosum L.).,"Zhu Xi, Wang Kaitong, Duan Xiaoqin",Journal of plant physiology,2026-06-09,"Mitogen-activated protein kinase kinase kinases (MAPKKKs) play crucial roles in plant signal transduction pathways, particularly in regulating responses to abiotic stresses such as drought, salinity, and temperature extremes. StMAPKKK44 was prioritized due to its predicted involvement in upregulation and its potential regulatory role in enhancing abiotic stress tolerance in potato. Here, we conduc",https://pubmed.ncbi.nlm.nih.gov/42259055/,PubMed
Evaluation of the Current ATTR-CM Treatment Landscape via a Mathematical Model of TTR Dissociation and Amyloid Formation.,"Methven Jeknić Stevan, Ahn-Horst Travis A, Ji Alan X",CPT: pharmacometrics & systems pharmacology,2026-06-09,"Transthyretin amyloid cardiomyopathy (ATTR-CM) is a progressive, often fatal disease arising from the dissociation of circulating transthyretin (TTR) tetramers into monomers that misfold and form amyloid fibrils that deposit in the myocardium and other tissues. Approved treatment paradigms involve tetramer stabilization with small molecules or TTR knockdown via RNA interference. Despite the clinic",https://pubmed.ncbi.nlm.nih.gov/42257495/,PubMed
Creating resistance to the whitefly ,"Narayanan Narayanan, Swamy Rekha A R, Gehan Jackson",Frontiers in plant science,2026-06-09,"It is commonplace in East Africa for 100% of cassava fields to be infected with Cassava mosaic disease (CMD) and/or Cassava brown streak disease (CBSD), resulting in annual losses of more than US$1.25 billion and reduced food and economic security for farming households. The vector of both diseases is the African cassava species of the whitefly  Here, we aimed at developing long-term whitefly-cont",https://pubmed.ncbi.nlm.nih.gov/42255296/,PubMed
Red blood cell-derived extracellular vesicles enable cisplatin and cetuximab combined therapy against triple-negative breast cancer.,"Romano Miriam, Musicò Angelo, Tassoni Selene",Journal of nanobiotechnology,2026-06-09,"Triple-negative breast cancer is an aggressive breast cancer subtype characterized by the absence of human epidermal growth factor receptor 2, estrogen and progesterone receptors, limiting targeted therapy options. Cisplatin, a chemotherapeutic agent, induces DNA damage and exhibits some efficacy against triple-negative breast cancer, but its effectiveness is often reduced by chemoresistance and s",https://pubmed.ncbi.nlm.nih.gov/42252443/,PubMed
Molecular characterization of midgut Peritrophin-44 and Peritrophin-48 and their role in Plasmodium development.,"Dubey Alok, Chauhan Vinod K, Chaitanya R K",Acta tropica,2026-06-09,"The peritrophic matrix (PM) is a semi-permeable, chitin-peritrophin layer lining the insect midgut. It facilitates digestive compartmentalization, maintains midgut homeostasis, mitigates the oxidative cytotoxicity of free heme, and acts as a mechanical barrier impeding the midgut invasion of pathogens like Plasmodium. The specific roles of individual peritrophins during parasite transmission are n",https://pubmed.ncbi.nlm.nih.gov/42252009/,PubMed
Imidazole-Modified Graphene Quantum Dots Enhance RNAi Efficiency in Spodoptera litura (Lepidoptera: Noctuidae): A Study Using Cuticular Protein Gene Silencing.,"Wang Fei-Feng, Huang Yuan-Yuan, Qin Peng",Archives of insect biochemistry and physiology,2026-06-09,"RNA interference (RNAi) serves as a crucial tool for gene function research and pest control. Nevertheless, its application in lepidopteran insects is restricted by the low efficiency of gene silencing. Spodoptera litura (Lepidoptera: Noctuidae), a globally-distributed polyphagous agricultural pest, has developed multiple strategies to resist control measures. This situation highlights the urgent ",https://pubmed.ncbi.nlm.nih.gov/42251729/,PubMed
Structural and chemical properties of insect's chitin-containing extracellular matrices.,"Wegmann Mario, Beck Marius, Cord-Landwehr Stefan",Insect biochemistry and molecular biology,2026-06-09,"Insect's body barriers rely on specialized extracellular matrices that protect against harmful environmental influences. The outer barrier is the cuticle, which is composed of chitin, cuticle proteins and lipids. The peritrophic matrix (PM) serves as an inner barrier lining the midgut epithelium. It is composed of chitin fibers that are organized by PM proteins. While cuticle and PM proteins have ",https://pubmed.ncbi.nlm.nih.gov/42250821/,PubMed
Molecular characterization and differential immunomodulatory functions of TGF-β2 and TGF-β3 following Vibrio challenge in Takifugu obscurus.,"Liang Fenfei, Liu Kun, Zhou Xiaorui",Fish & shellfish immunology,2026-06-09,"Transforming growth factor-β (TGF-β) genes play critical roles in immune regulation, but their functions in teleost fish, particularly TGF-β2 and TGF-β3, remain poorly understood. In this study, two TGF-β genes, namely ToTGF-β2 and ToTGF-β3 were identified in pufferfish, Takifugu obscurus. Bioinformatics analysis revealed that both genes possess conserved TGFb_propeptide and TGFB domains, with ToT",https://pubmed.ncbi.nlm.nih.gov/42250741/,PubMed
Overexpression of novel CYP6ER1 variants mediates the resistance of Nilaparvata lugens to sulfoxaflor and the cross-resistance to neonicotinoid insecticides.,"Lu Wenyu, Zeng Xiaohong, Chen Xingyu",Pest management science,2026-06-09,"Previous field-based resistance monitoring and indoor selection studies by the present authors indicated significant cross-resistance between the sulfoximine insecticide sulfoxaflor and neonicotinoid insecticides in the brown planthopper, Nilaparvata lugens. However, the mechanism of cross-resistance has remained unclear. In this study, we investigated the involvement of cytochrome P450 monooxygen",https://pubmed.ncbi.nlm.nih.gov/42249579/,PubMed
Ago1 is required for the regulation of mitochondrial translation under heat stress in S. pombe.,"Yu Mengling, Xu Yuanqi, Lu Yijing",The Journal of biological chemistry,2026-06-09,"Mitochondrial protein synthesis is a critical component of OXPHOS complexes, vital for both mammals and Schizosaccharomyces pombe. In our study, we investigated the effect of heat stress on mitochondria, analyzed the mitochondrial proteome and found that during heat stress, the translation of all mtDNA-encoded transcripts was impaired, leading to a reduction in the steady-state levels of mtDNA-enc",https://pubmed.ncbi.nlm.nih.gov/42248458/,PubMed
Enteric viral infections promote systemic accelerated aging in ,"González Rubén, Castelló-Sanjuán Mauro, Saleh Maria-Carla",Science advances,2026-06-09,"Do viral infections accelerate aging, and does this acceleration scale with pathogenicity? Using transcriptomic aging clocks, we measured biological age in ",https://pubmed.ncbi.nlm.nih.gov/42247495/,PubMed
Fusion dsRNA targeting ecdysteroid signaling provides efficient and selective RNAi-based control of spider mites.,"Li Zhongyi, Li Zhuo, Cao Zhangguang",Pest management science,2026-06-09,"Tetranychus urticae is a major agricultural pest mite whose rapid evolution of pesticide resistance necessitates innovative control strategies. RNA interference (RNAi) offers a promising alternative to chemical pesticides for its high specificity, efficiency, and environmental safety. Ecdysteroid signaling genes, which regulate molting and development in arthropods, represent potential RNAi target",https://pubmed.ncbi.nlm.nih.gov/42246519/,PubMed
Study of the temperature-related factors that activate the NLRP3 inflammasome in ,"Aimilajiang Kaidiliya, Wang Xiaodong, Ji Mingshuo",Frontiers in cellular and infection microbiology,2026-06-09,To investigate whether the temperature regulatory factor of  Differentially expressed genes under heat stress were enriched in metabolic pathways and heat shock protein-related genes. TRINITY_DN3793_c0_g1 was identified as a temperature regulatory factor.  Increased thermal stress causes severe mycelial damage in ,https://pubmed.ncbi.nlm.nih.gov/42245999/,PubMed
The Montparnasse Algorithm for RNA Design,Tristan Cazenave,arXiv,2026-06-09,"RNA design consists of discovering a nucleotide sequence that optimizes predefined criteria, such as secondary structure. It is useful for synthetic biology, medicine, and nanotechnology. We propose Montparnasse, a Monte Carlo search framework based on Generalized Nested Rollout Policy Adaptation, augmented with a problem-specific prior, slow and long adaptation at level 1, and a lexicographic mul",http://arxiv.org/abs/2606.07562v1,arXiv
Multimodal Alignment and Preference Optimization for Zero-Shot Conditional RNA Generation,"Roman Klypa, Alberto Bietti, Sergei Grudinin",arXiv,2026-06-09,"The design of RNA molecules that interact with specific proteins is a critical challenge in experimental and computational biology. Despite recent progress in natural language modeling and deep learning-based protein design, there remains significant room to improve the frequency of successful interactions and the authenticity of generated sequences for functional applications. In this work, we fr",http://arxiv.org/abs/2605.23961v1,arXiv
"GoForth: Language Models for RNA Design under Structure, Sequence, and Coding Constraints",Michael Lindsey,arXiv,2026-06-09,"RNA inverse sequence design has broad biological and engineering applications, but computational methods for practical design queries remain limited. Such queries may impose several constraints at once, including target folds or motifs, fixed bases, and coding restrictions, while leaving arbitrary sequence and structure in unspecified regions. Because these constraints may permit many acceptable s",http://arxiv.org/abs/2605.07608v1,arXiv
Bayesian Rate Inference for Sequence Motif Dynamics in Systems of Reactive Nucleic Acids,"Johannes Harth-Kitzerow, Ulrich Gerland, Torsten A. Enßlin",arXiv,2026-06-09,"The RNA world hypothesis suggests a pathway of how life emerged on early earth. It assumes that life started with RNA based systems, capable of storing, transmitting and replicating information, envisioning that monomers and short RNA oligomers interact to form longer strands, eventually becoming catalytically active ribozymes. Key reactions in RNA pools are hybridization, dehybridization, templat",http://arxiv.org/abs/2604.25701v1,arXiv
VARIANT: Web Server for Decoding and Analyzing Viral Mutations at Genome and Protein Levels,"Rui Wang, Xuhang Dai, Xin Cao",arXiv,2026-06-09,"A comprehensive analysis of viral mutations is essential for understanding viral evolution, disease epidemiology, diagnosis, drug resistance, etc. However, challenges remain in capturing complex mutation patterns and supporting diverse viral families with varying genome architectures. To address these needs, we present VARIANT, an web server for mutational analysis of RNA viral genomes and associa",http://arxiv.org/abs/2604.20942v1,arXiv
Interfacial Potential Transduction for Diagnostics,"Hyun-June Jang, Peuli Nath, Yuqin Wang",arXiv,2026-06-09,"A major barrier to decentralized, near-patient diagnostics is the lack of a signal transduction modality that is both analytically precise and accessible at the point of care. Optical readouts remain instrument-dependent and difficult to miniaturize, while compact electrochemical readouts are prone to matrix-derived signal distortion, limiting their biomarker coverage in real clinical settings. He",http://arxiv.org/abs/2603.23775v1,arXiv
ZeroFold: Protein-RNA Binding Affinity Predictions from Pre-Structural Embeddings,"Josef Hanke, Sebastian Pujalte Ojeda, Shengyu Zhang",arXiv,2026-06-09,"The accurate prediction of protein-RNA binding affinity remains an unsolved problem in structural biology, limiting opportunities in understanding gene regulation and designing RNA-targeting therapeutics. A central obstacle is the structural flexibility of RNA, as, unlike proteins, RNA molecules exist as dynamic conformational ensembles. Thus, committing to a single predicted structure discards in",http://arxiv.org/abs/2603.23583v1,arXiv
Computational modeling of RNA-protein binding interactions under an external force,"Danielle Wampler, Ralf Bundschuh",arXiv,2026-06-09,"RNA binding proteins play a crucial role in post-transcriptional gene regulation by controlling the transport, processing, and translation of their target RNAs. Post-transcriptional gene regulation leads to the differential expression of genetic material and loss of regulation or over-regulation relates to a large range of cancers and diseases - many of which have directly been associated with RNA",http://arxiv.org/abs/2603.22269v1,arXiv
Fair splits flip the leaderboard: CHANRG reveals limited generalization in RNA secondary-structure prediction,"Zhiyuan Chen, Zhenfeng Deng, Pan Deng",arXiv,2026-06-09,"Accurate prediction of RNA secondary structure underpins transcriptome annotation, mechanistic analysis of non-coding RNAs, and RNA therapeutic design. Recent gains from deep learning and RNA foundation models are difficult to interpret because current benchmarks may overestimate generalization across RNA families. We present the Comprehensive Hierarchical Annotation of Non-coding RNA Groups (CHAN",http://arxiv.org/abs/2603.22330v1,arXiv
Reverse Distillation: Consistently Scaling Protein Language Model Representations,"Darius Catrina, Christian Bepler, Samuel Sledzieski",arXiv,2026-06-09,"Unlike the predictable scaling laws in natural language processing and computer vision, protein language models (PLMs) scale poorly: for many tasks, models within the same family plateau or even decrease in performance, with mid-sized models often outperforming the largest in the family. We introduce Reverse Distillation, a principled framework that decomposes large PLM representations into orthog",http://arxiv.org/abs/2603.07710v1,arXiv
Fast and Versatile RNA Design via Motif-level Divide-and-Conquer and Structure-level Rival Search,"Tianshuo Zhou, David H. Mathews, Liang Huang",arXiv,2026-06-09,"RNA design aims to identify RNA sequences that fold into a target secondary structure. This task is challenging in terms of computational efficiency. Most existing methods focus on either minimum free energy (MFE)-based or ensemble-based metrics, leaving a gap for a unified approach that performs well across both. We introduce a fast and versatile RNA design algorithm inspired by our previous work",http://arxiv.org/abs/2603.02283v1,arXiv
CryoNet.Refine: A One-step Diffusion Model for Rapid Refinement of Structural Models with Cryo-EM Density Map Restraints,"Fuyao Huang, Xiaozhu Yu, Kui Xu",arXiv,2026-06-09,"High-resolution structure determination by cryo-electron microscopy (cryo-EM) requires the accurate fitting of an atomic model into an experimental density map. Traditional refinement pipelines such as Phenix.real_space_refine and Rosetta are computationally expensive, demand extensive manual tuning, and present a significant bottleneck for researchers. We present CryoNet.Refine, an end-to-end dee",http://arxiv.org/abs/2602.22263v2,arXiv
CPTCs Drive Somatic-Visceral Communication via the Wnt Axis in Somatic Mechanotherapy: A Single-Cell Deep Learning Study,"Haixiang Huang, Zhenwei Zhang, BingBing Shen",arXiv,2026-06-09,"Somatic mechanical stimulation (e.g., acupuncture) exerts systemic immunomodulatory effects, yet the cellular bridge translating peripheral physical force into visceral repair remains elusive. Here, employing a custom interpretable deep learning framework (CARSS) on single-cell RNA sequencing data, we identify CD34$^{+}$PDGFR$α$$^{+}$ telocytes (CPTCs) as the primary mechanosensors in both fascia ",http://arxiv.org/abs/2602.05451v2,arXiv
Tensor-DTI: Enhancing Biomolecular Interaction Prediction with Contrastive Embedding Learning,"Manel Gil-Sorribes, Júlia Vilalta-Mor, Isaac Filella-Mercè",arXiv,2026-06-09,"Accurate drug-target interaction (DTI) prediction is essential for computational drug discovery, yet existing models often rely on single-modality predefined molecular descriptors or sequence-based embeddings with limited representativeness. We propose Tensor-DTI, a contrastive learning framework that integrates multimodal embeddings from molecular graphs, protein language models, and binding-site",http://arxiv.org/abs/2601.05792v1,arXiv
MERGE-RNA: a physics-based model to predict RNA secondary structure ensembles with chemical probing,"Giuseppe Sacco, Jianhui Li, Redmond P. Smyth",arXiv,2026-06-09,"RNA function is tied to secondary structure, operating through dynamic and heterogeneous structural ensembles. While current analysis tools typically output single static structures or averaged contact maps, chemical probing methods like DMS capture nucleotide-resolution signals representing the full structural ensemble, which remain difficult to interpret structurally. To address this, we present",http://arxiv.org/abs/2512.20581v3,arXiv
Methods for Analyzing RNA Pseudoknots via Chord Diagrams and Intersection Graphs,"Rayan Ibrahim, Allison H. Moore",arXiv,2026-06-09,"RNA molecules are known to form complex secondary structures including pseudoknots. A systematic framework for the enumeration, classification and prediction of secondary structures is critical to determine the biological significance of the molecular configurations of RNA. Chord diagrams are mathematical objects widely used to represent RNA secondary structures and to analyze structural motifs, h",http://arxiv.org/abs/2512.19939v1,arXiv
Machine learning for RNA-targeting drug design,"Wissam Karroucha, Carlos Oliver, Veronique Stoven",arXiv,2026-06-09,"Targeting RNA with small molecules offers significant therapeutic potential.
  Machine learning could substantially accelerate preclinical drug discovery, from hit identification to lead optimization.
  Yet a fundamental limitation emerges: drug design machine learning models, tailored for proteins, are not readily applicable to RNAs because of fundamental differences between RNAs and proteins in ",http://arxiv.org/abs/2512.15645v1,arXiv
Integrating Coarse-Grained Simulations and Deep Learning to Unveil Entropy-Driven dsRNA Unwinding by DDX3X,"Kang Wang, Chun-Lai Ren, Yu-Qiang Ma",arXiv,2026-06-09,"DEAD-box RNA helicases (DDXs) are essential RNA metabolism regulators that typically unwind dsRNA in an ATP-dependent manner. However, recent studies show some DDXs can also unwind dsRNA without ATP, a phenomenon that remains poorly understood. Here, we developed HelixTriad coarse-grained RNA model, incorporating Watson-Crick base pairing, base stacking, and electrostatics within a three-bead-per-",http://arxiv.org/abs/2512.08367v1,arXiv
"MoRSAIK: Sequence Motif Reactor Simulation, Analysis and Inference Kit in Python","Johannes Harth-Kitzerow, Ulrich Gerland, Torsten A. Enßlin",arXiv,2026-06-09,"Origins of life research investigates how life could emerge from prebiotic chemistry only. One possible explanation provides the RNA world hypothesis. It states that life could emerge from RNA strands only, storing and transferring biological information, as well as catalyzing reactions as ribozymes. Before this state could have emerged, however, the prebiotic world was probably a purely chemical ",http://arxiv.org/abs/2512.02204v1,arXiv
RETRACTION: LncRNA NEAT1/mir-185-5p/igf2 Axis Regulates the Invasion and Migration of Colon Cancer.,,Molecular genetics & genomic medicine,2026-06-09,"S. Zhuang, Y. Cai, H. Liu, Y. Qin, and J. Wen, ""LncRNA NEAT1/mir-185-5p/igf2 Axis Regulates the Invasion and Migration of Colon Cancer,"" Molecular Genetics & Genomic Medicine 8, no. 4 (2020): e1125, https://doi.org/10.1002/mgg3.1125. The above article, published online on 20 February 2020 in Wiley Online Library (wileyonlinelibrary.com), has been retracted by agreement between the authors; the jou",https://pubmed.ncbi.nlm.nih.gov/42261592/,PubMed
Overexpression of LINC00472 alleviates diabetic kidney disease progression via the miR-21-5p/STAT3 axis.,"Sun Pengcheng, Hu Yutong, Xu Zihui",Renal failure,2026-06-09,"To reveal the diagnostic value and regulatory role of LINC00472 in diabetic kidney disease (DKD). A total of 103 patients with type 2 diabetes mellitus (T2DM) and 111 patients with DKD were enrolled. Serum and urine samples were collected within 24 h of admission. Logistic regression predicted factors inducing DKD, while ROC analysis evaluated the diagnostic value of lncRNA for DKD. Gene expressio",https://pubmed.ncbi.nlm.nih.gov/42261203/,PubMed
Flunarizine changes microRNA expression in cell cultures and in a mouse model of spinal muscular atrophy.,"Bon Emeline, Delers Perrine, Dumont Florent",Scientific reports,2026-06-09,"Spinal muscular atrophy (SMA) is caused by mutations in the Survival Motor Neuron 1 (SMN1) gene, leading to reduced SMN protein levels and widespread disruption in RNA metabolism. Despite of disease-modifying therapies, which remarkably improve patient outcomes, the long-term effects remain unknown. Dysregulated small non-coding RNAs, including microRNAs, have been reported in SMA, but their contr",https://pubmed.ncbi.nlm.nih.gov/42260294/,PubMed
"Progesterone receptor, prokineticin 1, LncRNA-H19, and miR-210 in molecular regulation of recurrent implantation failure.","Rostami Rahim, Jahanbakhsh Jamileh, Salehi Shirin",Scientific reports,2026-06-09,"Recurrent implantation failure (RIF) is a major challenge in reproductive medicine. This study explores the expression profiles and interactions of progesterone receptor B (PGR-B), prokineticin 1 (PROK1), prokineticin receptor 1 (PROKR1), and their regulatory associations with microRNA-210-5p (miR-210-5p) and long non-coding RNA H19 (lncRNA-H19) within endometrial tissue. This case-control study w",https://pubmed.ncbi.nlm.nih.gov/42259810/,PubMed
Inhibition of LncRNA THUMPD3-AS1 enhances olaparib-induced autophagy in BRCA mutant ovarian cancer cells via PI3K pathway.,"Mu Qingling, Wang Xin, Guo Li",Cellular signalling,2026-06-09,"Ovarian carcinoma (OC) is a fatal malignant tumor that seriously threatens the health and survival of women. Olaparib is a highly promising drug for OC treatment of ovarian cancer. Long non-coding RNA (lncRNA) THUMPD3-AS1, which is related to autophagy, has been proven to be carcinogenic in OC. However, the effects and mechanisms of THUMPD3-AS1 combined with Olaparib on ovarian cancer remain uncle",https://pubmed.ncbi.nlm.nih.gov/42259465/,PubMed
BMP9 promotes osteogenic differentiation of BMSCs via the lncRNA SNHG3/miR-619-5p axis in a breast cancer bone metastatic microenvironment.,"Sun Mengxin, Liu Shiyan, Li Qian",Cellular signalling,2026-06-09,"Bone morphogenetic protein 9 (BMP9), the most potent osteogenic member of the bone morphogenetic protein (BMP) family, is well-documented to potently induce the osteogenic differentiation of bone marrow mesenchymal stem cells (BMSCs). However, its role in regulating osteogenesis in the breast cancer (BC) bone microenvironment remains poorly understood. By constructing BMP9-overexpressing MDA-MB-23",https://pubmed.ncbi.nlm.nih.gov/42259464/,PubMed
Improved RNA-DNA interaction calling suggests RNA-based gene regulation of phenotypic transitions.,"Zehr Simonida, Seredinski Sandra, Pálfi Katalin",Nucleic acids research,2026-06-09,"Chromatin-localized RNAs play diverse roles in gene regulation and nuclear architecture. Mapping genome-wide RNA-DNA interactions is possible using a variety of molecular methods, including using bridging oligonucleotides to ligate RNA and DNA in proximity. While molecular methods have progressed, a robust computational method for calling biologically meaningful RNA-DNA interactions from these dat",https://pubmed.ncbi.nlm.nih.gov/42258536/,PubMed
XIST RNA-protein complex in female-biased autoimmunity: From molecular scaffolds to new clinical biomarkers.,"Lee Jinwoo, Chang Howard Y",The Journal of investigative dermatology,2026-06-09,,https://pubmed.ncbi.nlm.nih.gov/42257641/,PubMed
Hypoxia-preconditioned adipose-derived mesenchymal stem cells-derived exosomes transferring H19 obstruct neutrophil extracellular traps formation via HOXA5-mediated inactivation of TLR4/NF-κB/NLRP3 inflammatory signaling.,"Qian Li, Meng Xianxi, Fang Bairong",Journal of diabetes investigation,2026-06-09,Hypoxia-stimulated adipose-derived mesenchymal stem cells (ADSCs)-derived exosomes (Hypo-Exo) have a positive impact on diabetic wound healing. Neutrophil extracellular traps (NETs) can delay wound healing under diabetic hyperglycemia. This study aimed to investigate the mechanisms by which Hypo-Exo influence NETs formation. The dorsal excisional wound model was performed using streptozotocin-indu,https://pubmed.ncbi.nlm.nih.gov/42257551/,PubMed
"[Expression of Concern] lncRNA HOTTIP facilitates osteosarcoma cell migration, invasion and epithelial-mesenchymal transition by forming a positive feedback loop with c-Myc.","Tang Yang, Ji Fang",Oncology letters,2026-06-09,,https://pubmed.ncbi.nlm.nih.gov/42256816/,PubMed
LncRNA MIR503HG serves as a diagnostic biomarker in patients with sepsis and regulates sepsis-induced inflammation and cardiac dysfunction.,"Qi Pingping, Jiang Minghe, Wu Minsheng",Journal of cell communication and signaling,2026-06-09,"Sepsis often has a dysregulated inflammatory response and is accompanied by cardiac dysfunction. This study aimed to explore the mechanism of long non-coding RNA MIR503HG (MIR503HG) in regulating sepsis and the inflammatory responses, and sepsis-induced cardiac dysfunction (SICD). 102 sepsis patients were divided into an SICD group (",https://pubmed.ncbi.nlm.nih.gov/42256530/,PubMed
"Long non-coding RNAs as molecular links and circulating biomarkers between type 2 diabetes and colorectal cancer: focus on shared signaling pathways, epigenetic regulation, and ubiquitination mechanisms.","Wu Lang, Meng Qing, Zhou Yang",Frontiers in molecular biosciences,2026-06-09,"Type 2 Diabetes (T2D) and Colorectal Cancer (CRC) share a complex bidirectional relationship driven by common metabolic and inflammatory pathways. This review comprehensively examines the pivotal role of Long Non-Coding RNAs (lncRNAs) as molecular bridges between T2D and CRC, regulating gene expression at chromatin, transcriptional, and post-transcriptional levels. We focus on specific lncRNAs inc",https://pubmed.ncbi.nlm.nih.gov/42256316/,PubMed
HyDRA: A pipeline for integrating long- and short-read RNAseq data for custom transcriptome assembly.,"Almeida Isabela, Lu Xue, Edwards Stacey L",iScience,2026-06-09,"Short-read RNA sequencing (RNAseq) remains a cornerstone for transcriptome profiling, but is limited in reconstructing full-length transcripts and capturing transcript diversity. While long-read RNAseq spans entire transcripts and resolves complex structures, this technology is hindered by its high error rates. In parallel, noncoding RNA transcripts remain underrepresented in current references. H",https://pubmed.ncbi.nlm.nih.gov/42256291/,PubMed
"Interaction between lncRNAs and RNA binding proteins, and their potential as drug targets in the therapy of liver cancer (Review).","Liu Jiawei, Chen Dong",Biomedical reports,2026-06-09,"Liver cancer, including hepatocellular carcinoma (HCC) as the major type, is a serious malignant tumor with high morbidity and mortality worldwide. Long noncoding RNAs (lncRNAs) play an essential role in the pathogenesis and development of liver cancer, as they can cooperate with and modulate other molecules, particularly RNA binding proteins (RBPs), to perform regulatory functions. Conversely, RB",https://pubmed.ncbi.nlm.nih.gov/42255996/,PubMed
Mucoadhesive Nanoemulsion Enhances the Antineoplastic Potential of Naringenin in Bladder Cancer Cell Lines.,"da Anunciação Kamila de Fátima, Roquete Amparo Tatiane, Dutra Sousa Lucas Resende",ACS omega,2026-06-09,Naringenin exhibits anticancer properties against various types of cancer. Bladder cancer is among the most prevalent cancers worldwide and is characterized by a high recurrence rate because of resistance to standard chemotherapy. Nanotechnology represents a prospective approach to counteracting the challenges associated with the therapeutic application of naringenin in the treatment of bladder ca,https://pubmed.ncbi.nlm.nih.gov/42255629/,PubMed
Follicular fluid-derived exosomal LINC02701 promotes granulosa cell apoptosis through the GRP75-P53 axis in active endometriosis.,"Zhou Feng, Tang Xinnan, Li Kaiquan",Frontiers in cell and developmental biology,2026-06-09,"Endometriosis (EMs)-associated infertility has been linked to alterations in the follicular microenvironment; however, the role of exosomal long non-coding RNAs (lncRNAs) in granulosa cell dysfunction remains incompletely understood. Follicular fluid-derived exosomes were isolated from patients with active endometriosis (EMs_A), controlled endometriosis (EMs_C), and non-endometriosis controls. Tra",https://pubmed.ncbi.nlm.nih.gov/42255479/,PubMed
"Molecular regulators of thromboinflammation and angiogenesis in pediatric cancer: emerging roles of noncoding RNAs, epigenetics, and extracellular vesicles - narrative review.","Beniwal Shreya Singh, Dahiya Prashasti, Ramakrishnan Manju",Annals of medicine and surgery (2012),2026-06-09,"Pediatric cancers, although less prevalent, remain a significant cause of mortality among children worldwide. Thromboinflammation arises from a complex dysregulation of inflammation and hemostasis, leading to tissue injury and cell death. Angiogenesis, the formation of new blood vessels, is influenced by inflammation. Both processes are closely linked to the progression of various tumors. Emerging",https://pubmed.ncbi.nlm.nih.gov/42254188/,PubMed
Glioma-derived extracellular vesicles as drivers of immunotherapeutic resistance: mechanisms of immune reprogramming and metabolic intervention.,"Wang Jiaxin, Peng Bo, Li Ting",Frontiers in immunology,2026-06-09,"Gliomas, particularly glioblastoma (GBM), secrete abundant extracellular vesicles (EVs) that function as critical mediators of intercellular communication within the tumor microenvironment. These EVs carry diverse bioactive cargoes-including immune checkpoint proteins, non-coding RNAs, metabolites, and metabolic regulators-and can traverse the blood-brain barrier, potentially through endothelial u",https://pubmed.ncbi.nlm.nih.gov/42253953/,PubMed
CRISPR decodes the RNA regulatory network in prostate cancer: A review from mechanisms to precision therapeutics.,"Zhu Song, Ni Gao, Zhang Pinjie",Non-coding RNA research,2026-06-09,Prostate cancer (PCa) remains one of the most prevalent and lethal malignancies in men worldwide. The pronounced heterogeneity and therapeutic resistance of PCa underscore the critical need to decipher its RNA regulatory network for advancing precision medicine. This review systematically outlines the cutting-edge applications of CRISPR technology in studying the RNA regulatory network of PCa. We ,https://pubmed.ncbi.nlm.nih.gov/42253611/,PubMed
AAV-HOTAIR Delivery in Colorectal Cancer Cells: Preliminary Insights into Gene Silencing and Epigenetic Influences.,"Al-Hamadani Mohammed Y I, Khathayer Firas H, Al-Khafaf Mohammed N",Current cancer drug targets,2026-06-09,"Colorectal cancer (CRC) remains a common and aggressive malignancy worldwide, highlighting the need for novel strategies to study and modulate disease-relevant pathways. This study aims to evaluate the feasibility of Adeno-Associated Virus-mediated HOTAIR silencing (AAV-HOTAIR) in CRC cells, focusing on delivery efficiency, gene expression modulation, and the influence of epigenetic context. Caco-",https://pubmed.ncbi.nlm.nih.gov/42253200/,PubMed
An Evaluation on the Role of Non-Coding RNA in HIV Transcription and Latency: A Review,Xiangshuai Liu,arXiv,2026-06-09,"The existence of latent cellular reservoirs is recognized as the major barrier to an HIV cure. Reactivating and eliminating ""shock and kill"" or permanently silencing ""block and lock"" the latent HIV reservoir, as well as gene editing, remain promising approaches, but so far have proven to be only partially successful. Moreover, using latency reversing agents or ""block and lock"" drugs pose additiona",http://arxiv.org/abs/2502.06107v1,arXiv
"Blood-derived lncRNAs as potential biomarkers for early cancer diagnosis: The Good, the Bad and the Beauty","Cedric Badowski, Bing He, Lana X Garmire",arXiv,2026-06-09,Cancer ranks as one of the deadliest diseases worldwide. The high mortality rate associated with cancer is partially due to the lack of reliable early detection methods and/or inaccurate diagnostic tools such as certain protein biomarkers. Cell-free nucleic acids (cfNA) such as circulating long non-coding RNAs (lncRNAs) have recently been proposed as a new class of potential biomarkers that could ,http://arxiv.org/abs/2109.11746v1,arXiv
BPPart and BPMax: RNA-RNA Interaction Partition Function and Structure Prediction for the Base Pair Counting Model,"Ali Ebrahimpour-Boroojeny, Sanjay Rajopadhye, Hamidreza Chitsaz",arXiv,2026-06-09,"RNA-RNA interaction (RRI) is ubiquitous and has complex roles in the cellular functions. In human health studies, miRNA-target and lncRNAs are among an elite class of RRIs that have been extensively studied. Bacterial ncRNA-target and RNA interference are other classes of RRIs that have received significant attention. In recent studies, mRNA-mRNA interaction instances have been observed, where bot",http://arxiv.org/abs/1904.01235v2,arXiv
"RNA-DNA Fusomer Fibers With Customizable Physicochemical, Mechanical, and Biological Properties for Next-Generation Therapeutics.","Radwan Yasmine, Rebolledo Laura P, Avila Yelixza I","Small (Weinheim an der Bergstrasse, Germany)",2026-06-09,"We introduce RNA-DNA fusomers, a new class of chemically synthesized oligonucleotides that combine the versatile properties of RNA and DNA within a single sequence and self-assemble into higher-order functional structures via a simple one-pot annealing reaction. This hybrid platform allows precise customization with therapeutic nucleic acids, offering tunable physicochemical, mechanical, and immun",https://pubmed.ncbi.nlm.nih.gov/42261229/,PubMed
Establishment and multi-omics characterization of a PD-1-resistant murine esophageal squamous cell carcinoma cell line.,"Xu Yi, Wang Xianhao, Sun Yujiao",Biochemical and biophysical research communications,2026-06-09,"Immunotherapy has revolutionized the treatment of esophageal squamous cell carcinoma (ESCC), but its clinical application is limited by low response rates and acquired resistance. The exploration of underlying is hampered by the absence of preclinical models that faithfully recapitulate the immune microenvironment and drug-resistant features of ESCC. Here, we established a novel murine ESCC cell l",https://pubmed.ncbi.nlm.nih.gov/42259198/,PubMed
A BAI1-PSTB-Hydrogel promotes diabetic wound healing by targeting mtDNA leakage and the cGAS-STING axis to alleviate endothelial senescence.,"Wang Xianqi, Zheng Rui, Cheng Wenjie",Bioactive materials,2026-06-09,"Diabetic Wound (DW) is one of the most prevalent complications in diabetes patients, impairing patient wellbeing and quality of life severely. The pathogenesis of DW remains incompletely understood, hindering the development of targeted therapies. We analyzed single-cell RNA sequencing data and tissue samples from DW patients and healthy controls to investigate characteristic of DW. A high-glucose",https://pubmed.ncbi.nlm.nih.gov/42256885/,PubMed
AAV-mediated delivery of CRISPR/Cas9 targeting conserved overlapping ORFs efficiently suppresses HBV replication in hepatocyte models.,"Kongsomboonchoke Pattida, Pewkliang Yongyut, Thongsri Piyanoot","Biotechnology reports (Amsterdam, Netherlands)",2026-06-09,"Chronic hepatitis B virus (HBV) infection remains a major global health burden due to the persistence of covalently closed circular DNA (cccDNA), which limits current antiviral therapies. We developed an adeno-associated virus (AAV)-delivered CRISPR/Cas9 system targeting conserved regions of the HBV genome. Three guide RNAs (gRNA1-3) targeting overlapping open reading frames of the surface antigen",https://pubmed.ncbi.nlm.nih.gov/42253306/,PubMed
Metal-Organic Frameworks: A Smart Platform for Targeted Drug Delivery in Cancer Therapy.,"Sonwane Sandip, Khobragade Samiksha, Ingle Rahul",Current drug delivery,2026-06-09,"The global increase in the incidence of cancer, which is responsible for approximately ten million deaths annually, underscores the urgent need for innovative therapeutic strategies beyond conventional treatments such as surgery, chemotherapy, and radiotherapy. These traditional methods often result in significant adverse effects, necessitating the exploration of targeted approaches to mitigate to",https://pubmed.ncbi.nlm.nih.gov/42253254/,PubMed
Engineered Exosomes Deliver miR-370 Inhibitor to Regulate DNAJB1 and Synergize With miR-25 in Improving SCA3 Mice Behavior and Neuropathology.,"Zhang Ziyi, Gao Shuguang, Qin Lixia",FASEB journal : official publication of the Federation of American Societies for Experimental Biology,2026-06-09,"Spinocerebellar ataxia type 3 (SCA3), the most common inherited ataxia, lacks effective therapies. Current microRNA (miRNA) approaches directly targeting ataxin-3 (ATXN3) mRNA risk reducing essential wild-type ATXN3, a key regulator of proteostasis and various signaling pathways. Consequently, developing neuron-targeted, noninvasive miRNA delivery strategies that employ alternative mechanisms is c",https://pubmed.ncbi.nlm.nih.gov/42253155/,PubMed
Zip14 (Slc39a14) metal transporter dysfunction leads to ,"Jimenez-Rondan Felix R, Ruggiero Courtney H, Cousins Robert J",Gut microbes,2026-06-09,"Zinc is recognized as an important component of immune function in animals, operating through many different mechanisms. Metal transporter Zip14 (Slc39a14) is up-regulated during pro-inflammatory conditions and increases zinc uptake into cells, including enterocytes. As reported here, global ",https://pubmed.ncbi.nlm.nih.gov/42249825/,PubMed
Hydrogen sulfide-mediated protein s-persulfidation: a regulatory mechanism in cardiovascular homeostasis.,"Zhang Luzheng, Gu Ziyi, Xue Song","Molecular medicine (Cambridge, Mass.)",2026-06-09,"Cardiovascular diseases represent a primary cause of global mortality. Hydrogen sulfide operates as a major endogenous gasotransmitter that contributes to cardiovascular homeostasis through multiple biochemical mechanisms, among which protein S-persulfidation, represents a major redox-sensitive post-translational mechanism. This dynamically reversible modification converts cysteine sulfhydryl grou",https://pubmed.ncbi.nlm.nih.gov/42249270/,PubMed
Antisense-Mediated Gene Therapy Targeting DMPK Restores Cardiac Ion Channel Function and Electrical Stability in Myotonic Dystrophy Type 1.,"Pierre Marion, Sourisseau Fabien, Jauvin Dominic",Heart rhythm,2026-06-09,"Myotonic dystrophy type 1 (DM1) is characterized by toxic RNA gain-of-function leading to cardiac conduction defects and life-threatening arrhythmias. Current therapeutic options remain limited. We evaluated the molecular and electrophysiological efficacy of IONIS-486178, an antisense oligonucleotide (ASO) targeting mutant DMPK transcripts in human induced pluripotent stem cell-derived cardiomyocy",https://pubmed.ncbi.nlm.nih.gov/42248312/,PubMed
"Pregnancy and hantavirus infection: maternal, fetal, and neonatal outcomes - a systematic review.","Baradwan Saeed, Alshamrani Nada Mohammed, Hafedh Bandr","European journal of obstetrics, gynecology, and reproductive biology",2026-06-09,"Hantavirus infection is a rare zoonotic disease caused by rodent-borne RNA viruses and may present as hemorrhagic fever with renal syndrome or hantavirus cardiopulmonary syndrome. Evidence regarding its impact during pregnancy remains limited. This systematic review synthesized available data on maternal manifestations, maternal and fetal outcomes, and vertical transmission. A systematic literatur",https://pubmed.ncbi.nlm.nih.gov/42247841/,PubMed
"Functional hydrogels in cardiovascular therapy: Design, applications and clinical challenges (Review).","Yang Zheming, Li Jiayin, Zhao Lingxiao",International journal of molecular medicine,2026-06-09,"Cardiovascular disease (CVD) is the leading cause of mortality worldwide, and conventional treatments (such as pharmacotherapy, stents and bypass surgery) have limited capacity to repair damaged cardiovascular tissue. Hydrogels, as biocompatible three‑dimensional network materials, demonstrate potential for the treatment of CVD. The present review summarizes functional hydrogels for CVD treatment,",https://pubmed.ncbi.nlm.nih.gov/42246172/,PubMed
Middle-aged mice treated with GHK-Cu peptide administered intraperitoneally or intranasally show behavioral rescue but divergent hippocampal aging programs.,"Mazzola Jordan, Rosenfeld Manuela, Tucker Matthew",Research square,2026-06-09,"Age-related cognitive decline (ARCD) is driven by conserved biological mechanisms of aging, yet no gerotherapeutic directly targets these processes in the brain. Glycyl-L-histidyl-L-lysine complexed with copper (GHK-Cu) is an endogenous peptide with regenerative and anti-inflammatory properties that declines with age. Whether its effects on cognitive aging depend on delivery route or exposure dura",https://pubmed.ncbi.nlm.nih.gov/42245779/,PubMed
VTX-PID as a novel recombinant immunoglobulin G-degrading enzyme (IdeS) for efficient AAV-based gene therapy in participants with neutralizing antibodies: results of the phase I first-in-human NAVIgATE study.,"Benichou Bernard, Fuhr Rainard, Vernadal Elodie",Frontiers in immunology,2026-06-09,"Pre-existing anti-adeno-associated virus (AAV) neutralizing antibodies (NAbs) can impair AAV-mediated gene delivery. VTX-PID (imlifidase) is a streptococcal protease that specifically cleaves immunoglobulin G (IgG) antibodies. NAVIgATE was a first-in-human study of VTX-PID. This double-blind controlled study (EUCT number: 2023-503892-83-00) randomized 35 healthy men, stratified by baseline anti-AA",https://pubmed.ncbi.nlm.nih.gov/42245647/,PubMed
Reinforcement-guided generative protein language models enable de novo design of highly diverse AAV capsids,"Lucas Ferraz, Ana F. Rodrigues, Pedro Giesteira Cotovio",arXiv,2026-06-09,"Adeno-associated viral (AAV) vectors are widely used delivery platforms in gene therapy, and the design of improved capsids is key to expanding their therapeutic potential. A central challenge in AAV bioengineering, as in protein design more broadly, is the vast sequence design space relative to the scale of feasible experimental screening. Machine-guided generative approaches provide a powerful m",http://arxiv.org/abs/2603.19473v1,arXiv
Predicting Early and Complete Drug Release from Long-Acting Injectables Using Explainable Machine Learning,"Karla N. Robles, Manar D. Samad",arXiv,2026-06-09,"Polymer-based long-acting injectables (LAIs) have transformed the treatment of chronic diseases by enabling controlled drug delivery, thus reducing dosing frequency and extending therapeutic duration. Achieving controlled drug release from LAIs requires extensive optimization of the complex underlying physicochemical properties. Machine learning (ML) can accelerate LAI development by modeling the ",http://arxiv.org/abs/2601.02265v1,arXiv
The thermodynamics of pressure activated assembly of supramolecules in isochoric and isobaric systems,Boris Rubinsky,arXiv,2026-06-09,"The efficacy of cryopreservation is constrained by the difficulty of achieving sufficiently high intracellular concentrations of cryoprotective solutes without inducing osmotic injury or chemical toxicity during loading. This thermodynamic study introduces a new conceptual mechanism for cryoprotectant delivery into cells directly or through vascular perfusion. In this framework, effective cryoprot",http://arxiv.org/abs/2601.00599v1,arXiv
The effect of Covid-19 vaccines on semen parameters of patients undergoing infertility investigations: a self-controlled before-and-after study.,"Hadj Said Sana Ben, Sallem Amira, Boussabbeh Manel",Scientific reports,2026-06-09,COVID-19 vaccination faced significant hesitancy among adolescents and men of reproductive age due to concerns regarding its potential impact on male fertility. This study aimed to compare semen parameters before and after SARS-CoV-2 vaccination. We conducted a self-controlled before-and-after study that included patients referred to the Reproductive Biology Department of Monastir for semen analys,https://pubmed.ncbi.nlm.nih.gov/42260046/,PubMed
Pulmonary surfactant camouflage lipid nanoparticles for efficient mRNA lung delivery.,"Sun Weilun, Zhou Ti-Qiang, Huang Yuanyu",Signal transduction and targeted therapy,2026-06-09,,https://pubmed.ncbi.nlm.nih.gov/42259790/,PubMed
Sustained antigen-specific CD8+ T cell immunity post-mRNA booster requires notch pathway activation.,"Nogimori Takuto, Okina Yoshinori, Masuta Yuji","Journal of immunology (Baltimore, Md. : 1950)",2026-06-09,"Messenger RNA (mRNA) vaccines effectively induce protective immunity, but antigen-specific CD8+ T cell responses exhibit limited persistence. In this study, we aimed to assess CD8+ T cell responses following a third dose of the Pfizer BNT162b2 COVID-19 vaccine and identify factors contributing to their longevity. Using HLA tetramers, we analyzed antigen-specific CD8+ T cells in 141 vaccinated indi",https://pubmed.ncbi.nlm.nih.gov/42258807/,PubMed
CpG 1018 augments mRNA vaccine-induced anti-tumor immunity by potentiating CD8+ T cell responses.,"Li Yibo, Nakkala Jayachandra Reddy, Akter Labone",Molecular therapy. Oncology,2026-06-09,"Personalized neoantigen mRNA vaccines showed good efficacy in treating metastatic melanoma, pancreatic cancer, and breast cancer in early phase clinical trials. Strategies are needed to further enhance neoantigen mRNA vaccine-induced anti-tumor immunity. This study explored conventional adjuvant co-administration to enhance mRNA vaccine-induced anti-tumor immunity. We found a clinically used CpG 1",https://pubmed.ncbi.nlm.nih.gov/42256206/,PubMed
Stabilization strategies and advancements in lyophilization to preserve integrity and efficacy of next-generation biologicals.,"Maharjan Ravi, Shin Chang Yell, Lee Seon-Kwang",International journal of pharmaceutics: X,2026-06-09,"The success of mRNA-lipid nanoparticles (LNPs) vaccines during the COVID-19 pandemic has significantly increased global demand for stable, thermo-resistant biologicals. Lyophilization remains a cornerstone technology for enhancing the stability of these formulations; however, the freezing and drying processes impose major stresses that can compromise the integrity of fragile LNPs. This review syst",https://pubmed.ncbi.nlm.nih.gov/42253757/,PubMed
Sodium Copper Chlorophyllin Inhibits Porcine Reproductive and Respiratory Syndrome Virus Infection Through Multiple Antiviral Mechanisms.,"Wang Xinrong, Zhang Juan, Rui Li",Transboundary and emerging diseases,2026-06-09,"Porcine reproductive and respiratory syndrome virus (PRRSV) remains a major threat to the global swine industry due to its extensive genetic diversity and limited vaccine cross-protection. Antiviral strategies that target both viral infection and host pathological responses are urgently needed. Here, we evaluated the antiviral efficacy and underlying mechanisms of sodium copper chlorophyllin (SCC)",https://pubmed.ncbi.nlm.nih.gov/42253323/,PubMed
"Retrospective cohort study of mRNA COVID-19 vaccine-associated enhanced disease in the Vaccine Safety Datalink, 2021-23.","Belongia Edward A, Kieke Burney A, Hanson Kayla E",Human vaccines & immunotherapeutics,2026-06-09,"Vaccine-associated enhanced disease (VAED) was recognized as a theoretical risk when COVID-19 vaccines were authorized. Epidemiologic data can identify a signal for VAED if vaccine effectiveness (VE) is negative for preventing serious illness. In 2021, we initiated a cohort study to examine VAED indirectly by estimating VE against COVID-19 hospitalization and severe illness in the Vaccine Safety D",https://pubmed.ncbi.nlm.nih.gov/42252746/,PubMed
Integrative single-cell and spatial transcriptomics analysis reveals a baicalein-responsive 10-gene signature for non-small cell lung cancer.,"Wu Donghao, Liu Cheng, Zhan Longsheng",Translational oncology,2026-06-09,"Non‑small cell lung cancer (NSCLC) remains a leading cause of cancer‑related mortality worldwide. Baicalein, a natural flavonoid, has shown anti‑cancer activity but its molecular targets and cell‑type‑specific effects in the tumor microenvironment (TME) are incompletely understood. We integrated network pharmacology, single‑cell RNA‑seq, bulk transcriptomics, spatial transcriptomics, machine learn",https://pubmed.ncbi.nlm.nih.gov/42251782/,PubMed
"Pathogen-Specific Evasion of Innate Immunity by Alphaviruses (CHIKV, VEEV, and SINV).","Feyzi Kambiz, Mousavi Fatemeh Sadat, Abbasi Samaneh",Reviews in medical virology,2026-06-09,"Alphaviruses, including significant human pathogens like Chikungunya (CHIKV), Venezuelan Equine Encephalitis (VEEV), and the model Sindbis virus (SINV), pose a considerable global health threat. Their ability to establish infection and cause disease is critically dependent on successfully subverting the host's innate immune defenses, particularly the Type I Interferon (IFN-I) system. This review p",https://pubmed.ncbi.nlm.nih.gov/42250266/,PubMed
Comparative Effectiveness of mRNA-1273 Versus Protein-Based NVX-CoV2705 Vaccination on COVID-19-Related Outcomes Among Insured Adults in the United States During 2024-2025: A Retrospective Matched Cohort Study.,"Wilson Amanda, Beck Ekkehard, Hensler Heather",Advances in therapy,2026-06-09,"COVID-19 vaccination with updated compositions remains important as SARS-CoV-2 continues to circulate, cause disease, and evolve. Available COVID-19 vaccines in the 2024-2025 season differed by platform, including mRNA-1273, an mRNA-based vaccine, and NVX-CoV2705, a recombinant protein-based vaccine and antigen composition (KP.2-targeted and JN.1-targeted, respectively). Limited real-world evidenc",https://pubmed.ncbi.nlm.nih.gov/42250078/,PubMed
Multi-epitope mRNA vaccine and protein vaccine protect mice against Toxoplasma gondii.,"Cui Yulin, Qu Hongnan, Zhou Chunxue",Parasites & vectors,2026-06-09,"Toxoplasma gondii, an obligate intracellular protozoan parasite, infects almost one-third of the world's population and all warm-blooded animals, posing a substantial threat to public health. Accordingly, the development of effective vaccines against T. gondii has become an urgent priority. In this study, we constructed a multi-epitope chimeric antigen T-SGR targeting three key protective antigens",https://pubmed.ncbi.nlm.nih.gov/42249505/,PubMed
Early immune events during SARS-CoV-2 infection impact memory T and B cell responses.,"Woloszczuk Kyra, Joyner David, Connors Jennifer",Communications biology,2026-06-09,"Immune responses elicited by natural infection of the coronavirus SARS-CoV-2 (COVID-19) show significant heterogeneity in the magnitude and quality of memory T and B cell responses. However, little is known about the contributing factors. In this study, we investigated the early immune factors that contribute to this variability using RNA-seq, targeted proteomics, and flow cytometry analyses. Spec",https://pubmed.ncbi.nlm.nih.gov/42249109/,PubMed
Immunogenicity and safety of co-administration of a recombinant shingles vaccine with an mRNA COVID-19 or adjuvanted influenza vaccine: a randomised controlled trial.,"Harris Rosie, Thirard Russell, McBrien Claire",The Journal of infection,2026-06-09,"Coverage of the recombinant herpes zoster vaccine (RZV) could be improved by coadministration with seasonal vaccines. We evaluated the immunogenicity and safety of co-administration of the first or second dose of RZV with an adjuvanted quadrivalent influenza vaccine (aQIV), or mRNA COVID-19 vaccine. A multicentre, randomised, controlled, non-inferiority phase 4 trial with masking, across 13 sites.",https://pubmed.ncbi.nlm.nih.gov/42248304/,PubMed
"Metabolism of the ionizable lipid SM-102 in liver microsomes, 2D hepatocytes, and 3D liver spheroids.","Sun Bo, Jin Zihui, Li Xinwei",Drug metabolism and disposition: the biological fate of chemicals,2026-06-09,"Recent advances in lipid nanoparticle (LNP) delivery systems have enabled the development of mRNA vaccines and oligonucleotide therapeutics. Reliable hepatic in vitro systems are essential for the evaluation of the biodegradation of LNP components. SM-102 is an important ionizable lipid used in Moderna's LNP-mRNA vaccine. In this study, we compared the metabolism of SM-102 using 3 in vitro hepatic",https://pubmed.ncbi.nlm.nih.gov/42248122/,PubMed
High-throughput monitoring of free Mg,"Marušič Tjaša, Faganel Tina, Sekirnik Rok",Analytical and bioanalytical chemistry,2026-06-09,"mRNA vaccines and therapeutics are produced with an in vitro transcription reaction (IVT), a condensation of nucleoside triphosphates (NTPs) into a nascent mRNA chain templated by DNA and catalyzed by RNA polymerase. While tools exist to monitor NTP consumption, the role of the essential cofactor Mg",https://pubmed.ncbi.nlm.nih.gov/42247016/,PubMed
A narrative review of COVID-19 epidemiology and mRNA vaccine impact in children < 12 years during the omicron era (November 2021 - December 2025).,"Zheng Zhe, Yousefi Mitra, Marks Morgan",Expert review of vaccines,2026-06-09,"COVID-19 continues to pose a burden in children under 12 years of age during the Omicron era (November 2021 - December 2025). Following Omicron's emergence, SARS-CoV-2 seroprevalence increased rapidly, with most children infected by ages 2-4 years. Pediatric hospitalization rates declined after the initial Omicron wave but remained elevated in children under 2 years and in those with underlying co",https://pubmed.ncbi.nlm.nih.gov/42246405/,PubMed
Low effectiveness of influenza vaccines vis-à-vis mechanism of protection by vaccines - potential causes and recommendations to improve control of influenza.,"Gupta Rajesh K, Alugupalli Kishore R, Cowell James L",Frontiers in immunology,2026-06-09,"Current licensed influenza vaccines primarily protect by eliciting antibodies against the viral hemagglutinin (HA) glycoprotein, thereby blocking viral attachment and fusion with host cells. Unlike most vaccines, influenza vaccines must be administered annually because circulating viruses undergo continuous antigenic drift and population antibody titers wane over time. Despite yearly reformulation",https://pubmed.ncbi.nlm.nih.gov/42245671/,PubMed
CORSA study finds spike-specific blunted immune responses in lymphoma patients after SARS-CoV-2 vaccine.,"Mazzotti Lucia, Musuraca Gerardo, Affaticati Fabio",Frontiers in immunology,2026-06-09,"Hematological patients are at higher risk of severe SARS-CoV-2 infection and exhibit impaired vaccine responses due to disease and therapy. Treatments like Rituximab are known to compromise immune function, reducing the generation of protective antibodies. In the CORSA trial, we evaluated humoral and cellular responses to messenger RNA vaccines against SARS-CoV-2 in 77 patients with hematological ",https://pubmed.ncbi.nlm.nih.gov/42245663/,PubMed
Long-term immune response to mRNA anti-SARS-CoV-2 vaccination in patients with cancer.,"Lobo-Martins Soraia, Martins-Branco Diogo, Padonou Francine",Frontiers in immunology,2026-06-09,"Patients with cancer are at increased risk of morbidity and mortality from COVID-19 but were underrepresented in pivotal vaccine trials. Data on the magnitude and determinants of immune responses to mRNA SARS-CoV-2 vaccination in this population remain limited. I-SPARC is a prospective, phase IV clinical trial evaluating humoral and cellular immune responses to mRNA SARS-CoV-2 vaccination in 115 p",https://pubmed.ncbi.nlm.nih.gov/42245650/,PubMed
DeepPNI: Language- and graph-based model for mutation-driven protein-nucleic acid energetics,"Somnath Mondal, Tinkal Mondal, Soumajit Pramanik",arXiv,2026-06-09,"The interaction between proteins and nucleic acids is crucial for processes that sustain cellular function, including DNA maintenance and the regulation of gene expression and translation. Amino acid mutations in protein-nucleic acid complexes often lead to vital diseases. Experimental techniques have their own specific limitations in predicting mutational effects in protein-nucleic acid complexes",http://arxiv.org/abs/2511.22239v1,arXiv
BeeRNA: tertiary structure-based RNA inverse folding using Artificial Bee Colony,"Mehyar Mlaweh, Tristan Cazenave, Ines Alaya",arXiv,2026-06-09,"The Ribonucleic Acid (RNA) inverse folding problem, designing nucleotide sequences that fold into specific tertiary structures, is a fundamental computational biology problem with important applications in synthetic biology and bioengineering. The design of complex three-dimensional RNA architectures remains computationally demanding and mostly unresolved, as most existing approaches focus on seco",http://arxiv.org/abs/2511.21781v1,arXiv
LEPR Contributes to Lung Squamous Cell Carcinoma: Insights From Mendelian Randomization and Experimental Studies.,"Hu Wenhua, Wu Guowei, Lin Yanming",Cancer informatics,2026-06-09,"The involvement of certain adipokines link to carcinogenesis, development, and prognosis. However, the roles of adipokines in lung cancer and its histological subtypes remains indistinct. Therefore, the aims of this study are to explore the causal relationship between adipokines and lung cancers. Summary-level data for exposures (six adipokines) and outcomes (lung cancer and its histological subty",https://pubmed.ncbi.nlm.nih.gov/42261303/,PubMed
Carbon nanotubes as gene delivery vectors: Navigating endosomal escape and intracellular fate.,"Bensaada Hichem, Turetskiy Evgeny A, Idrisa Kiryowa",Drug development and industrial pharmacy,2026-06-09,"Carbon nanotubes (CNTs) have emerged as non-viral gene delivery vectors, due to their physicochemical properties, high surface area, anisotropic needle-like geometry, tunable surface chemistry, and unique optical and thermal characteristics. This review synthesizes mechanistic understanding of CNT-mediated gene delivery: cellular uptake, receptor-mediated targeting through surface functionalizatio",https://pubmed.ncbi.nlm.nih.gov/42261195/,PubMed
CXCR4 Facilitates Osteosarcoma Progression through MMP9-Mediated Cell Migration and Matrix Degradation.,"Zhang Hanyong, Xu Mengchang, Jiang Yan",Current cancer drug targets,2026-06-09,"Osteosarcoma is a is a severe bone cancer type with a poor prognosis and limited therapies for metastatic. CXCR4 and MMP9 are connected to tumor dissemination and invasiveness, but their functional interaction in osteosarcoma remains unclear. We sought to elucidate the function of CXCR4 in promoting osteosarcoma cell migration and extracellular matrix breakdown by targeting MMP9. Osteoblasts (hFOB",https://pubmed.ncbi.nlm.nih.gov/42261152/,PubMed
EZH2 enhances PCV2 replication through inhibition of MMP1 and MMP12 transcription activity.,"Shan Yiyi, Feng Wen, Hu Yueqing",Veterinary research,2026-06-09,"Porcine circovirus type 2 (PCV2), a single-stranded circular DNA virus, primarily targets the porcine immune system. It induces immunosuppression, subsequent porcine circovirus disease (PCVAD), causing substantial economic losses to the global swine industry. Enhancer of zeste homolog 2 (EZH2), a critical member of the polycomb group (PcG) protein family with histone methyltransferase activity, pl",https://pubmed.ncbi.nlm.nih.gov/42260657/,PubMed
Astrocyte-derived IL-17A facilitates angiogenesis following ischemia-like injury via an IL-6-dependent STAT3-VEGF signaling cascade.,"Chen Xiuping, Zhang Yi, Huang Tao",Behavioral and brain functions : BBF,2026-06-09,"Angiogenesis plays a vital role in cerebral tissue repair following ischemic stroke. Prior in vivo studies have identified astrocytic interleukin-17A (IL-17A) as a critical mediator of post-ischemic angiogenesis, associated with upregulation of interleukin-6 (IL-6) and vascular endothelial growth factor (VEGF). However, the intracellular signaling mechanisms underlying these effects within astrocy",https://pubmed.ncbi.nlm.nih.gov/42260524/,PubMed
Dietary tryptophan supplementation prevents sepsis by enhancing macrophage bacterial defense through GPR37 activation.,"Xie Shihao, Lyu Fengyuan, Gao Kai",Chinese medical journal,2026-06-09,"Sepsis, a critical and life-threatening condition, is one of the most common causes of death among inpatients. Emerging evidence suggests that active metabolites derived from gut microbe-associated metabolism of dietary essential amino acid L-tryptophan (Trp) help the host in combating infectious diseases. This study aims to investigate the mechanisms through which these active metabolites regulat",https://pubmed.ncbi.nlm.nih.gov/42260317/,PubMed
Design and evolution of the tetracycline repressor into sulfonylurea herbicide-responsive gene switches for field crops.,"McBride Kevin E, Kakani Naga Kishore, Bozhanova Nina G",Nature communications,2026-06-09,"Chemically inducible expression systems enable transgene expression regulation in response to external small molecules. Tetracycline repressor (TetR)-based gene switches work in plants, but antibiotics are neither approved nor advisable for crop use. Here we report engineering of TetR mutants that respond to approved sulfonylurea (SU) herbicides instead of antibiotics. Designed variants show low-n",https://pubmed.ncbi.nlm.nih.gov/42259793/,PubMed
Gut microbiota-derived tryptamine activates AhR-NRF2 signaling to modulate airway epithelial barrier function in allergic asthma.,"Zhang Liang, Liu Wenxin, Luo Xinya",International immunopharmacology,2026-06-09,"Allergic asthma is a chronic inflammatory airway disease characterized by epithelial barrier dysfunction and dysregulated immune responses. Emerging evidence indicates that gut microbiota dysbiosis contributes to asthma pathogenesis through the gut-lung axis, with microbial metabolites such as tryptamine (TRP) playing critical immunomodulatory roles. However, the precise mechanisms linking gut mic",https://pubmed.ncbi.nlm.nih.gov/42259240/,PubMed
Hydroxysafflor yellow A mitigates lipopolysaccharide-induced acute lung injury by enhancing pulmonary microvascular endothelial barrier function via Calpain-1/HIF-1α inhibition.,"Liu Tao, Huang Yihao, Li Yuan",International immunopharmacology,2026-06-09,"Pulmonary microvascular endothelial cell (PMEC) barrier dysfunction is a critical pathological hallmark of acute lung injury (ALI). Hydroxysafflor yellow A (HSYA), a major active component of safflower, exhibits potential protective effects against lung injury. The current study aimed to investigate whether HSYA preserves PMEC barrier integrity in lipopolysaccharide (LPS)-induced ALI by inhibiting",https://pubmed.ncbi.nlm.nih.gov/42259237/,PubMed
Top-Down Characterization of Complete siRNA Complexes by Direct Infusion Nanospray-MS,"Mutchek Sarah, Papov Vladimir V, Pennino Scott",Analytical chemistry,2026-06-09,This study evaluated concerted top-down strategies for the comprehensive characterization of complete siRNA complexes by direct gas-phase activation without prior hydrolysis or front-end separations. We examined popular pharmaceutical designs in which complementary antisense and sense strands form duplex or nicked/intact stemloop structures bearing ,https://pubmed.ncbi.nlm.nih.gov/42258607/,PubMed
Body weight-supported treadmill training enhances motor recovery and ameliorates neuron injury through the MDK/LRP-1 signaling pathway in T10 incomplete spinal cord-injured rats.,"Wang Zun, Zhu Chenchen, Wang Yu",Neurochemical research,2026-06-09,"Midkine (MDK) could enhance neuron survival through its endocytosis receptor, lipoprotein receptor-related protein-1 (LRP-1). This study was designed to investigate whether body weight-supported treadmill training (BWSTT) promotes motor function and ameliorates neuronal injury following T10 incomplete contusive spinal cord injury (SCI) through the MDK/LRP-1 signaling pathway. T10 incomplete contus",https://pubmed.ncbi.nlm.nih.gov/42257999/,PubMed
Orexin B Reduces Cerebral Aneurysms Through Inhibition of SP-1.,"Chen Lei, Xu Jinlong, Ye Fengyun",CNS neuroscience & therapeutics,2026-06-09,"Cerebral aneurysms (CAs) are pathological dilations of intracranial arteries with high rupture risk, yet the molecular mechanisms driving their formation remain incompletely understood. The Orexin B/OX2R system, known for regulating arousal and metabolism, has recently been implicated in vascular pathology, but its role in CAs has not been explored. Serum Orexin A and B levels were measured in 38 ",https://pubmed.ncbi.nlm.nih.gov/42257697/,PubMed
FTO Regulates Porcine Adipogenesis and Postnatal Survival of Cloned Embryos.,"Wang Xin, Zhang Mengya, Yang Zhiyuan",FASEB journal : official publication of the Federation of American Societies for Experimental Biology,2026-06-09,"The fat mass and obesity-associated gene (FTO), the first obesity-related gene and m6A demethylase, has well-defined roles in rodents but remains poorly understood in large mammals. Here, we combined siRNA-mediated knockdown, transcriptome sequencing, and bioinformatics to explore FTO function in porcine adipogenesis and embryo development. FTO silencing inhibited cell proliferation, promoted apop",https://pubmed.ncbi.nlm.nih.gov/42257483/,PubMed
DRP1/p53 interaction mediated mitochondrial regulation of TFRC-SLC39A14 drives mechanical overload-induced temporomandibular joint osteoarthritis via ferroptosis.,"Wang Yidi, Guo Yutong, Yu Xiaotong","Clinical science (London, England : 1979)",2026-06-09,"Condylar cartilage maintains the structure and function of temporomandibular joint (TMJ), with disturbances leading to potential osteoarthritis (OA). Though current research has indicated that Transferrin receptor (TFRC) regulating ferroptosis affects the progression of TMJOA, its role in cartilage homeostasis remains unclear. Therefore, we constructed unilateral anterior crossbite (UAC) and carti",https://pubmed.ncbi.nlm.nih.gov/42257459/,PubMed
Integrative systems biology identifies SIRT1 as a senescence-related theranostic target in atherosclerosis and poliumoside as a natural activator.,"Wang Xiaolong, Shi Runlu, Ji Chen",Frontiers in pharmacology,2026-06-09,"Cellular senescence contributes to atherosclerotic plaque progression and instability, yet senescence-related diagnostic biomarkers and actionable targets remain incompletely defined. To identify senescence-related diagnostic/therapeutic targets in atherosclerosis using integrative systems biology, and to prioritize natural products that modulate the lead target with experimental validation. Trans",https://pubmed.ncbi.nlm.nih.gov/42256401/,PubMed
BIRC5 drives cell-cycle dysregulation and represents a novel molecular target in retinoblastoma.,"Chen Yingtong, Li Xiaohan, Zhong Fuhua",Frontiers in oncology,2026-06-09,"Retinoblastoma is the most common pediatric intraocular malignancy, although it remains a rare disease overall, yet the molecular targets and therapeutic vulnerabilities sustaining its most aggressive proliferative cell states remain incompletely defined. We aimed to identify actionable molecular regulators and potential therapeutic targets of malignant retinoblastoma progression using integrated ",https://pubmed.ncbi.nlm.nih.gov/42255235/,PubMed
Amplification of heterogeneous nuclear ribonucleoprotein A/B aids in immune infiltration regulation and breast cancer tumorigenesis.,"Xu Jiachao, Han Qian, Chen Libin",Experimental and therapeutic medicine,2026-06-09,"Breast carcinoma ranks among the most prevalent malignant tumors affecting women worldwide. The discovery of biomarkers is important in the diagnosis of breast cancer and the prediction of clinical outcomes in afflicted patients. Heterogeneous nuclear ribonucleoprotein (HNRNP)-AB belongs to the extensive HNRNP superfamily; however, its exact role in the progression of breast carcinoma has not yet ",https://pubmed.ncbi.nlm.nih.gov/42253495/,PubMed
DeepSilencer: A Novel Deep Learning Model for Predicting siRNA Knockdown Efficiency,"Wangdan Liao, Weidong Wang",arXiv,2026-06-09,"Background: Small interfering RNA (siRNA) is a promising therapeutic agent due to its ability to silence disease-related genes via RNA interference. While traditional machine learning and early deep learning methods have made progress in predicting siRNA efficacy, there remains significant room for improvement. Advanced deep learning techniques can enhance prediction accuracy, reducing the relianc",http://arxiv.org/abs/2503.04200v1,arXiv
Maturation of siRNA by strand separation: Steered Molecular dynamics study,"Rakesh K Mishra, Sanchita Mukherjee, Dhananjay Bhattacharyya",arXiv,2026-06-09,"RNA interference, particularly siRNA induced gene silencing is becoming an important avenue of modern therapeutics. The siRNA is delivered to the cells as short double helical RNA which becomes single stranded for forming the RISC complex. Significant experimental evidence is available for most of the steps except the process of the separation of the two strands. We have attempted to understand th",http://arxiv.org/abs/1910.03778v1,arXiv
Using a hydrogen-bond index to predict the gene-silencing efficiency of siRNA based on the local structure of mRNA,"Kathy Q. Luo, Donald C. Chang",arXiv,2026-06-09,The gene silencing effect of short interfering RNA (siRNA) is known to vary strongly with the targeted position of the mRNA. A number of hypotheses have been suggested to explain this phenomenon. We would like to test if this positional effect is mainly due to the secondary structure of the mRNA at the target site. We proposed that this structural factor can be characterized by a single parameter ,http://arxiv.org/abs/1710.07413v1,arXiv
Unraveling siRNA Unzipping Kinetics with Graphene,"Santosh Mogurampelly, Swati Panigrahi, Dhananjay Bhattacharyya",arXiv,2026-06-09,"Using all atom molecular dynamics simulations, we report spontaneous unzipping and strong binding of small interfering RNA (siRNA) on graphene. Our dispersion corrected density functional theory based calculations suggest that nucleosides of RNA have stronger attractive interactions with graphene as compared to DNA residues. These stronger interactions force the double stranded siRNA to spontaneou",http://arxiv.org/abs/1207.4569v1,arXiv
Unzipping and binding of small interfering RNA with single walled Carbon Nanotube: a platform for small interfering RNA delivery,"Mogurampelly Santosh, Swati Panigrahi, Dhananjay Bhattacharyya",arXiv,2026-06-09,"In an effort to design efficient platform for siRNA delivery, we combine all atom classical and quantum simulations to study the binding of small interfering RNA (siRNA) by pristine single wall carbon nanotube (SWCNT). Our results show that siRNA strongly binds to SWCNT surface via unzipping its base-pairs and the propensity of unzipping increases with the increase in the diameter of the SWCNTs. T",http://arxiv.org/abs/1203.2409v1,arXiv
Nanodiamond as a vector for siRNA delivery to Ewing sarcoma cells,"Anna Alhaddad, Marie-Pierre Adam, Jacques Botsoa",arXiv,2026-06-09,"We investigated the ability of diamond nanoparticles (nanodiamonds, NDs) to deliver small interfering RNA (siRNA) in Ewing sarcoma cells, in the perspective of in vivo anti-cancer nucleic acid drug delivery. siRNA was adsorbed onto NDs previously coated with cationic polymer. Cell uptake of NDs has been demonstrated by taking advantage of NDs intrinsic fluorescence coming from embedded color cente",http://arxiv.org/abs/1106.2252v2,arXiv
Target prediction and a statistical sampling algorithm for RNA-RNA interaction,"F. W. D. Huang, J. Qin, C. M. Reidys",arXiv,2026-06-09,"It has been proven that the accessibility of the target sites has a critical influence for miRNA and siRNA. In this paper, we present a program, rip2.0, not only the energetically most favorable targets site based on the hybrid-probability, but also a statistical sampling structure to illustrate the statistical characterization and representation of the Boltzmann ensemble of RNA-RNA interaction st",http://arxiv.org/abs/0908.0597v1,arXiv
In silico evidence of the relationship between miRNAs and siRNAs,"Ludovica Montanucci, Piero Fariselli, Pier Luigi Martelli",arXiv,2026-06-09,"Both short interfering RNAs (siRNAs) and microRNAs (miRNAs) mediate the repression of specific sequences of mRNA through the RNA interference pathway. In the last years several experiments have supported the hypothesis that siRNAs and miRNAs may be functionally interchangeable, at least in cultured cells. In this work we verify that this hypothesis is also supported by a computational evidence. We",http://arxiv.org/abs/0705.2355v1,arXiv
