title,authors,journal,date,abstract,link,source
A Zur-dependent regulatory RNA involved in maintaining zinc homeostasis in Staphylococcus aureus.,"Charbonnier Mathilde, Racine Hugo, Probst-Lotze Samuel",Nucleic acids research,2026-09-18,"Small regulatory RNAs (sRNAs) are key drivers of bacterial adaptation to environmental fluctuations, including iron and manganese restriction imposed by the host. This study explored the repertoire of sRNAs produced by the human pathogen Staphylococcus aureus in response to metal limitation. Two sRNAs were identified, S1077 and ZinS, that were regulated by zinc (Zn) availability. Further investiga",https://pubmed.ncbi.nlm.nih.gov/42755362/,PubMed
Deadenylation and decapping factors cooperatively stimulate biochemical activities of DEAD-box ATPase Dhh1.,"Braun Gabriel A, Kumar Rakesh, Hinnebusch Alan G",Nucleic acids research,2026-09-18,"The DEAD-box ATPase Dhh1 (DDX6 in humans) is a general activator of 5'-3' mRNA decay that acts between the deadenylation and decapping steps of the pathway, although the exact mechanism of its action remains unclear. Dhh1 has been shown to interact with the MIF4G domain of the central scaffold protein of the Ccr4-Not deadenylase complex, Not1, as well as the decapping activator Edc3. Although stru",https://pubmed.ncbi.nlm.nih.gov/42755361/,PubMed
Interdependent RNA structural motifs at the 3'-terminus of the West Nile virus genome regulate viral growth.,"Tsao Lucille H, Brackney Doug E, Pyle Anna Marie",Nucleic acids research,2026-09-18,"The RNA genome of West Nile virus (WNV) folds into an elaborate series of RNA structural elements that are crucial for viral function. Among these elements, four pseudoknots (PKs) at the viral 3'-terminus, designated as SLII, SLIV, DBI, and DBII, are among the most crucial players in the overall flaviviral lifecycle. While many studies have focused on exploring the behavior of individual PKs, we i",https://pubmed.ncbi.nlm.nih.gov/42755360/,PubMed
The Italian Nanomedicine Platform (INP): national integration within the European nanomedicine ecosystem.,"Tosi Giovanni, Rossi Marco, Calzà Laura","Nanomedicine (London, England)",2026-09-18,"Italy's nanomedicine expertise has long developed in fragmented manner, with limited coordination across academia, clinical institutions, industry and regulatory bodies. The Italian Nanomedicine Platform (INP) was established to integrate discovery, preclinical validation, regulatory science and industrial translation within a single ecosystem aligned with Horizon Europe Cluster 1. We report the p",https://pubmed.ncbi.nlm.nih.gov/42755334/,PubMed
Association of mRNA SARS-CoV-2 vaccination with fatigue and functional recovery in patients with post-acute sequelae of COVID-19 (PASC).,"Pries Philipp, Fuge Jan, Scharbau Michele",Expert review of vaccines,2026-09-18,Patients with post-acute sequelae of SARS-CoV-2 (PASC) fear SARS-CoV-2 vaccine-linked symptom aggravation. Data on objective functional outcomes are limited. We performed a retrospective analysis of an observational cohort at a post-COVID outpatient clinic at Hannover Medical School with standardized assessments at baseline and follow-up visit (3-6 months) in adults with confirmed SARS-CoV-2 infec,https://pubmed.ncbi.nlm.nih.gov/42755271/,PubMed
Characterisation of the Novel HLA-C*16:240 Allele by Sequencing-Based Typing.,"Dalhoumi Intissar, Elsermans Vincent, Cargou Marine",HLA,2026-09-18,HLA-C*16:240 differs from HLA-C*16:01:01:01 by one nucleotide substitution in codon 276 in exon 5.,https://pubmed.ncbi.nlm.nih.gov/42754958/,PubMed
Role of BTLA in ovarian cancer and its clinical prognostic significance based on multi-omics analysis.,"Abulajiang Yiliminuer, Wu Yumei",Journal of ovarian research,2026-09-18,"Ovarian cancer (OV) is a highly lethal gynecological malignancy with limited effective biomarkers for prognosis and precision immunotherapy. B and T lymphocyte attenuator (BTLA) is an immune checkpoint molecule involved in tumor immune regulation, but its role in OV remains unclear. Transcriptomic data from The Cancer Genome Atlas (TCGA) were analyzed to evaluate BTLA expression and its potential ",https://pubmed.ncbi.nlm.nih.gov/42754905/,PubMed
Sublethal heat stress-induced HSF4 upregulation via GRSF1 in an m6A-dependent manner in hepatocellular carcinoma.,"Chen Jie, Tan Yan, Xie Wei",Chinese medical journal,2026-09-18,Sublethal heat stress exacerbates hepatocellular carcinoma (HCC) by promoting recurrence and metastasis. This study aimed to investigate the molecular mechanisms by which sublethal heat stress enhances HCC progression to improve therapeutic strategies and patient outcomes in HCC management. Cell-based and mouse models of insufficient thermal ablation in HCC were established via sublethal heat stre,https://pubmed.ncbi.nlm.nih.gov/42754818/,PubMed
Molecular Identification of HLA-DPB1*1651:01: A Novel Allele Discovered by Sequence Comparison of HLA-DPB1 Exon 2.,"Quan Zhan-Rou, Liu Jie, Yang Bing-Na",HLA,2026-09-18,"Characterisation of HLA-DPB1*1651:01, a novel HLA class II allele.",https://pubmed.ncbi.nlm.nih.gov/42754806/,PubMed
N4BP1 uses tandem KH domains to associate with EDC4 and mRNA decapping factors in P-bodies.,"Piłat Paweł, Garg Ankur, Heinemann Udo",Communications biology,2026-09-18,"Processing bodies (P-bodies) are cytoplasmic, non-membrane-bound structures involved in mRNA decay. EDC4 serves as a key scaffold for the decapping complex within P-bodies. Here, we demonstrate that N4BP1 interacts with EDC4, as well as with DCP1A, DCP2, and XRN1 - key components of 5'-cap hydrolysis. Endogenous N4BP1 colocalizes with EDC4 in P-bodies, requiring both of its KH domains. Structural ",https://pubmed.ncbi.nlm.nih.gov/42754686/,PubMed
CRISPR/Cas9 screening revealed BIRC6-AS1/BIRC6 mediates abiraterone resistance via NHEJ pathway-dependent A20 degradation in prostate cancer.,"Li Lan, An Xue-Ni, Ruan Yong-Tong",Oncogene,2026-09-18,"Abiraterone acetate is a standard-of-care therapy for prostate cancer (PCa). However, resistance frequently emerges, often characterized by the progression to AR-independent phenotypes. Employing a genome-wide CRISPR/Cas9 library screening strategy, we identified 523 long non-coding RNAs (lncRNAs) and 2,183 protein-coding genes as potential candidates associated with abiraterone resistance. Notabl",https://pubmed.ncbi.nlm.nih.gov/42754663/,PubMed
METTL3 mitigates age-related hearing loss by inhibiting NF-κB-mediated inflammatory responses through the m,"Tan Jingqian, Luo Jia, Li Liling","Journal of molecular medicine (Berlin, Germany)",2026-09-18,"Age-related hearing loss (ARHL) is a prevalent and debilitating sensory deficit in the elderly, with chronic inflammation being a key pathogenic driver. The RNA methyltransferase METTL3, a primary mediator of N6-methyladenosine (m6A) modification, has been implicated in various aging-related diseases; however, its functional role and mechanism in ARHL remain poorly defined. ARHL models were establ",https://pubmed.ncbi.nlm.nih.gov/42754648/,PubMed
Ashwin and FAM98 paralogs define nuclear and cytoplasmic RNA ligase complexes for tRNA biogenesis.,"Kleinwächter Moritz, Moser Marius, Raynaud Nathan",Nature communications,2026-09-18,"The tRNA ligase complex (tRNA-LC) seals tRNA exon halves in the nucleus during pre-tRNA splicing and XBP1-mRNA exons in the cytoplasm as part of the unfolded protein response (UPR). This dual function requires the tRNA-LC to be either nuclear or cytoplasmic. Here, we reveal that Ashwin (ASW), the vertebrate-specific subunit of the tRNA-LC, serves as its nuclear import factor. ASW contains a dual n",https://pubmed.ncbi.nlm.nih.gov/42754615/,PubMed
Epigenetic-epitranscriptomic crosstalk through TaHAG1-TaNSUN2 coordinates thermotolerance in wheat.,"Liu Debiao, Pei Yi, Lin Jingchen",Nature communications,2026-09-18,"High temperature is a primary abiotic stress that severely constrains crop productivity. Deciphering the regulatory pathways underlying heat responses is essential for breeding heat-tolerant crops with stable yields. Although both epigenetic and epitranscriptomic regulations are involved in plant heat adaptation, their mechanistic interplay remains unclear. Here, integrated epigenomic (H3K9Ac/H3K1",https://pubmed.ncbi.nlm.nih.gov/42754614/,PubMed
Alternative tandem transcription initiation links noncoding variants to human disease through translational control.,"Zou Xudong, Wang Wei, Wang Yinuo",Nature communications,2026-09-18,"Alternative tandem transcription initiation is a pervasive mechanism of gene regulation, yet its genetic impact on human disease remains largely unknown. Here, we systematically quantify the genetic regulation of alternative tandem transcription initiation across 25,859 samples from 49 normal human tissues and 33 tumor tissues. We identify approximately 0.4 million genetic variants associated with",https://pubmed.ncbi.nlm.nih.gov/42754569/,PubMed
Characterisation of the Novel HLA-DPA1*01:03:64 Allele by Sequencing-Based Typing.,"Dalhoumi Intissar, Andreani Marco, Cargou Marine",HLA,2026-09-18,HLA-DPA1*01:03:64 differs from HLA-DPA1*01:03:01:05 by one synonymous nucleotide substitution in codon 20 in exon 2.,https://pubmed.ncbi.nlm.nih.gov/42754547/,PubMed
MiR-662 impairs C/D box snoRNA expression and rRNA 2'-O-ribose methylation marks.,"Filossi Charlotte, Isaac Caroline, Jaafar Mariam",BJC reports,2026-09-18,"MiR-662 overexpression has been reported to promote breast cancer metastatic progression and to impair the expression of genes encoding for proteins involved in translation, ribosome biogenesis and ribosome processing (Puppo et al., 2023); however, the relationship between miR-662 and the translational machinery was not further investigated at the time. MiR-662 was overexpressed in MDA-MB-231-luc2",https://pubmed.ncbi.nlm.nih.gov/42754645/,PubMed
No single magic bullet: the case for combined interventions for global malaria elimination and eradication.,Kumar Nirbhay,Trends in parasitology,2026-09-18,"The past 6 decades have witnessed steady progress in malaria control, resulting in marked reductions in disease burden across many endemic regions. However, the pace of malaria elimination has remained slow, hindered by numerous biological, clinical, and epidemiological challenges. Innovative integrated approaches are required for a sustainable response to this persistent global health threat. Bec",https://pubmed.ncbi.nlm.nih.gov/42754482/,PubMed
Characterisation of the Novel HLA-DRB1*16:86 Allele by Sequencing-Based Typing.,"Dalhoumi Intissar, Andreani Marco, Cargou Marine",HLA,2026-09-18,HLA-DRB1*16:86 differs from HLA-DRB1*16:01:01:03 by one nucleotide substitution in codon 205 in Exon 4.,https://pubmed.ncbi.nlm.nih.gov/42754410/,PubMed
Transcription elongation mechanisms that control gene expression in erythropoiesis.,"Mukherjee Kaustav, Bieker James J",Current topics in developmental biology,2026-09-18,"The regulation of RNA transcript abundance relies on the control of two key early steps in gene expression: transcription initiation and productive elongation. Although DNA-directed RNA polymerase provides the intrinsic catalytic activity required for RNA synthesis, its ability to effectively produce a transcript relies on accurate recruitment to specific DNA sites to initiate RNA polymerization, ",https://pubmed.ncbi.nlm.nih.gov/42754320/,PubMed
Optimizing RNA yield using deep neural networks coupled to massively parallel screening,"Dinghai Zheng, Justin Hong, Jun Wang",arXiv,2026-09-18,"Messenger RNA (mRNA)-based therapeutics have emerged as a powerful platform for vaccines, protein replacement therapies, and cancer immunotherapy. A critical bottleneck in mRNA development is manufacturing large quantities of RNA economically, as measured by RNA yield emerging from an in vitro transcription (IVT) reaction. However, how promoter-adjacent DNA sequences influence RNA yield remains po",http://arxiv.org/abs/2608.23722v1,arXiv
Energy-efficient codon optimization on thermodynamic hardware,"Andraz Jelincic, Ross C. Walker",arXiv,2026-09-18,"The growing energy demand for computation is becoming increasingly unsustainable. Thermodynamic computing, which harnesses physical thermal fluctuations as a computational resource rather than suppressing them, offers orders-of-magnitude energy savings for probabilistic and combinatorial tasks. Pharmaceutical R&D, heavily reliant on computational optimization and sampling, is a natural application",http://arxiv.org/abs/2606.17327v1,arXiv
mRNAutilus: Multi-Objective-Guided Discrete Generation of mRNA with Optimized Therapeutic Properties,"Sawan Patel, Sophia Tang, Yesol Kim",arXiv,2026-09-18,"Therapeutic mRNA design requires coordinating multiple interacting sequence features across the full transcript, where codon usage, untranslated regions (UTRs), and their coupling jointly determine stability, translation efficiency, and protein expression. Here, we present mRNA generation via unrolled trajectories and informed latent updates (mRNAutilus), a framework for simultaneous codon optimiz",http://arxiv.org/abs/2605.31296v1,arXiv
Sampling-based Continuous Optimization for Messenger RNA Design,"Feipeng Yue, Ning Dai, Wei Yu Tang",arXiv,2026-09-18,"Designing messenger RNA (mRNA) sequences for a fixed target protein requires searching an exponentially large synonymous space while optimizing properties that affect stability and downstream performance. This is challenging because practical mRNA design involves multiple coupled objectives beyond classical folding criteria, and different applications prefer different trade-offs. We propose a gene",http://arxiv.org/abs/2603.06559v1,arXiv
Drug-like antibodies with low immunogenicity in human panels designed with Latent-X2," Latent Labs Team, Henry Kenlay, Daniella Pretorius",arXiv,2026-09-18,"Drug discovery has long sought computational systems capable of designing drug-like molecules directly: developable and non-immunogenic from the start. Here we introduce Latent-X2, a frontier generative model that achieves this goal through zero-shot design of antibodies with strong binding affinities, drug-like properties, and, for the first time for any de novo generated antibody, confirmed low ",http://arxiv.org/abs/2512.20263v1,arXiv
"RNAGenScape: Property-Guided, Optimized Generation of mRNA Sequences with Manifold Langevin Dynamics","Danqi Liao, Chen Liu, Xingzhi Sun",arXiv,2026-09-18,"Generating property-optimized mRNA sequences is central to applications such as vaccine design and protein replacement therapy, but remains challenging due to limited data, complex sequence-function relationships, and the narrow space of biologically viable sequences. Generative methods that drift away from the data manifold can yield sequences that fail to fold, translate poorly, or are otherwise",http://arxiv.org/abs/2510.24736v3,arXiv
The proportional scaling of mRNA and ribosome concentrations controls eukaryotic cell growth,"Xin Gao, Michael Lanz, Rosslyn Grosely",arXiv,2026-09-18,"Cell growth underlies nearly all eukaryotic physiology, yet its quantitative principles remain unclear. Using single-molecule ribosome tracking, spike-in RNA sequencing, and quantitative proteomics across 15 nutrient-limited conditions in budding yeast, we define how growth is controlled in the budding yeast Saccharomyces cerevisiae. Ribosome concentration scales linearly with growth rate, while p",http://arxiv.org/abs/2508.14997v2,arXiv
mRNA Folding Algorithms for Structure and Codon Optimization,"Max Ward, Mary Richardson, Mihir Metkar",arXiv,2026-09-18,"mRNA technology has revolutionized vaccine development, protein replacement therapies, and cancer immunotherapies, offering rapid production and precise control over sequence and efficacy. However, the inherent instability of mRNA poses significant challenges for drug storage and distribution, particularly in resource-limited regions. Co-optimizing RNA structure and codon choice has emerged as a p",http://arxiv.org/abs/2503.19273v1,arXiv
Generative Model for Synthesizing Ionizable Lipids: A Monte Carlo Tree Search Approach,"Jingyi Zhao, Yuxuan Ou, Austin Tripp",arXiv,2026-09-18,"Ionizable lipids are essential in developing lipid nanoparticles (LNPs) for effective messenger RNA (mRNA) delivery. While traditional methods for designing new ionizable lipids are typically time-consuming, deep generative models have emerged as a powerful solution, significantly accelerating the molecular discovery process. However, a practical challenge arises as the molecular structures genera",http://arxiv.org/abs/2412.00807v1,arXiv
Machine learning framework to predict the performance of lipid nanoparticles for nucleic acid delivery,"Gaurav Kumar, Arezoo M. Ardekani",arXiv,2026-09-18,"Lipid nanoparticles (LNPs) are highly effective carriers for gene therapies, including mRNA and siRNA delivery, due to their ability to transport nucleic acids across biological membranes, low cytotoxicity, improved pharmacokinetics, and scalability. A typical approach to formulate LNPs is to establish a quantitative structure-activity relationship (QSAR) between their compositions and in vitro/in",http://arxiv.org/abs/2411.14293v1,arXiv
Joint Design of 5' Untranslated Region and Coding Sequence of mRNA,"Yang Liu, Jie Gao, Xiaonan Zhang",arXiv,2026-09-18,"Messenger RNA (mRNA) vaccines and therapeutics are emerging as powerful tools against a variety of diseases, including infectious diseases and cancer. The design of mRNA molecules, particularly the untranslated region (UTR) and coding sequence (CDS) is crucial for optimizing translation efficiency and stability. Current design approaches generally focus solely on either the 5' UTR or the CDS, whic",http://arxiv.org/abs/2410.20781v1,arXiv
Bacterial stress granule protects mRNA through ribonucleases exclusion,"Linsen Pei, Yujia Xian, Xiaodan Yan",arXiv,2026-09-18,"Membraneless droplets formed through liquid-liquid phase separation (LLPS) play a crucial role in mRNA storage, enabling organisms to swiftly respond to environmental changes. However, the mechanisms underlying mRNA integration and protection within droplets remain unclear. Here, we unravel the role of bacterial aggresomes as stress granules (SGs) in safeguarding mRNA during stress. We discovered ",http://arxiv.org/abs/2404.17873v2,arXiv
"Hypolipidemic effect of brown seaweed (Sargassum crassifolium) extract in vivo (Study of histopathology, mRNA expression, and immunohistochemistry (IHC) with VCAM-1, ICAM-1, and MCP-1 parameters)","Sarah Zaidan, Syamsudin Abdillah, Nur Arfian",arXiv,2026-09-18,The purpose of this study was to obtain natural drugs from brown seaweed (Sargassum crassifolium) as antiatherosclerosis candidates through the study of hypolipidemic mechanisms of action. Modeling of dyslipidemia rats was carried out by feeding high-fat (HFF) and doses of crude fucoidan 100. 200. 400mg / KgBB. in both treatments measured blood lipid profile levels taken from the orbital sinuses. ,http://arxiv.org/abs/2402.07497v1,arXiv
Machine Learning Modeling Of SiRNA Structure-Potency Relationship With Applications Against Sars-Cov-2 Spike Gene,Damilola Oshunyinka,arXiv,2026-09-18,"The pharmaceutical Research and development (R&D) process is lengthy and costly, taking nearly a decade to bring a new drug to the market. However, advancements in biotechnology, computational methods, and machine learning algorithms have the potential to revolutionize drug discovery, speeding up the process and improving patient outcomes. The COVID-19 pandemic has further accelerated and deepened",http://arxiv.org/abs/2401.12232v1,arXiv
Messenger RNA Design via Expected Partition Function and Continuous Optimization,"Ning Dai, Wei Yu Tang, Tianshuo Zhou",arXiv,2026-09-18,"The tasks of designing RNAs are discrete optimization problems, and several versions of these problems are NP-hard. As an alternative to commonly used local search methods, we formulate these problems as continuous optimization and develop a general framework for this optimization based on a generalization of classical partition function which we call ""expected partition function"". The basic idea ",http://arxiv.org/abs/2401.00037v2,arXiv
Machine Learning-guided Lipid Nanoparticle Design for mRNA Delivery,"Daisy Yi Ding, Yuhui Zhang, Yuan Jia",arXiv,2026-09-18,"While RNA technologies hold immense therapeutic potential in a range of applications from vaccination to gene editing, the broad implementation of these technologies is hindered by the challenge of delivering these agents effectively. Lipid nanoparticles have emerged as one of the most widely used delivery agents, but their design optimization relies on laborious and costly experimental methods. W",http://arxiv.org/abs/2308.01402v2,arXiv
Corrected Hill Function in Stochastic Gene Regulatory Networks,"Manuel Eduardo Hernández-García, Jorge Velázquez-Castro",arXiv,2026-09-18,"Describing reaction rates in stochastic bio-circuits is commonly done by directly introducing the deterministically deduced Hill function into the master equation. However, when fluctuations in enzymatic reaction rates are not neglectable, the Hill function must be derived, considering all the involved stochastic reactions. In this work, we derived the stochastic version of the Hill function from ",http://arxiv.org/abs/2307.03057v4,arXiv
Stochastic dynamics and ribosome-RNAP interactions in Transcription-Translation Coupling,"Xiangting Li, Tom Chou",arXiv,2026-09-18,"Under certain cellular conditions, transcription and mRNA translation in prokaryotes appear to be ""coupled,"" in which the formation of mRNA transcript and production of its associated protein are temporally correlated. Such transcription-translation coupling (TTC) has been evoked as a mechanism that speeds up the overall process, provides protection during the transcription, and/or regulates the t",http://arxiv.org/abs/2207.04568v1,arXiv
Coronavirus RNA Sensor Using Single-Stranded DNA Bonded to Sub-Percolated Gold Films on Monolayer Graphene Field-Effect Transistors,"Nicholas E. Fuhr, Mohamed Azize, David J. Bishop",arXiv,2026-09-18,"Electrical detection of messenger ribonucleic acid (mRNA) is a promising approach to enhancing transcriptomics and disease diagnostics because of its sensitivity, rapidity, and modularity. Reported here is a fast SARS-CoV-2 mRNA biosensor (<1 minute) with a limit of detection of 1 aM, and dynamic range of 4 orders of magnitude and a linear sensitivity of 22 mV per molar decade. These figures of me",http://arxiv.org/abs/2205.05143v1,arXiv
Deep learning models for predicting RNA degradation via dual crowdsourcing,"Hannah K. Wayment-Steele, Wipapat Kladwang, Andrew M. Watkins",arXiv,2026-09-18,"Messenger RNA-based medicines hold immense potential, as evidenced by their rapid deployment as COVID-19 vaccines. However, worldwide distribution of mRNA molecules has been limited by their thermostability, which is fundamentally limited by the intrinsic instability of RNA molecules to a chemical degradation reaction called in-line hydrolysis. Predicting the degradation of an RNA molecule is a ke",http://arxiv.org/abs/2110.07531v2,arXiv
Nematicidal azaphilones from the mesophotic sponge-associated fungus Eutypella sp. NBUF234.,"Wei Tingting, Tian Jiaxin, Zheng Qianjing",Pest management science,2026-09-18,"Plant-parasitic nematodes pose severe and growing threats to global agriculture and forestry. However, the development of effective control strategies is limited by the lack of small-molecule nematicides with well-defined molecular targets. Three undescribed azaphilones, eutylones A-C (1-3), were isolated from Eutypella sp. NBUF234, a fungus associated with a Cinachyrella sponge collected from the",https://pubmed.ncbi.nlm.nih.gov/42755207/,PubMed
Lidocaine suppresses glioma growth through DPP9-mediated ferroptosis.,"Wang Feng, Peng Yuan, Liu Maoqiao",Brain research,2026-09-18,"Glioma is one of the most aggressive malignant tumors of the central nervous system, with limited benefit from current therapeutic strategies. Identifying novel, safe, and effective therapeutic agents remains an urgent unmet need. Lidocaine, a widely used clinical local anaesthetic, has recently attracted attention for its potential anti-tumor effects. This study aimed to evaluate the inhibitory e",https://pubmed.ncbi.nlm.nih.gov/42753884/,PubMed
Challenges and Strategies of Non-Coding RNA Therapies in Addressing Tumor Heterogeneity in Head and Neck Cancers.,"Zeng Xiaohan, Wang Zixia, Cui Jingyuan",Pharmacological research,2026-09-18,"Head and neck cancer (HNC) exhibits significant heterogeneity, leading to variable treatment responses and unstable efficacy of non-coding RNA (ncRNA) therapies, which presents a major challenge in clinical management. ncRNAs, including miRNAs, lncRNAs, and circRNAs, play pivotal roles in regulating tumor initiation, progression, and drug resistance. However, their expression and function are dyna",https://pubmed.ncbi.nlm.nih.gov/42753879/,PubMed
A noncontiguous code for RNA-guided DNA recognition at the origin of CRISPR-Cas.,"Yoon Peter H, Loi Kenneth J, Zhang Zeyuan Terry","Science (New York, N.Y.)",2026-09-18,"CRISPR-Cas provides RNA-mediated adaptive immunity, but how its first RNA-guided effector arose is unclear. In this study, we report the discovery of Viral Interference Programmable Repeat (VIPR) systems consisting of a Vipr protein ancestral to the earliest CRISPR-Cas effectors and VIPR RNAs (vrRNAs) comprising alternating GGY/NN motifs. Unlike canonical guide RNAs that pair with target nucleic a",https://pubmed.ncbi.nlm.nih.gov/42752133/,PubMed
VIPR RNA-guided DNA recognition by noncontiguous geometric triplex formation.,"Yoon Peter H, Docter Trevor A, Zhang Zeyuan Terry","Science (New York, N.Y.)",2026-09-18,"Viral interference programmable repeat (VIPR) systems use a noncontiguous code for RNA-guided transcriptional silencing. How the Vipr protein and a VIPR RNA (vrRNA) comprising alternating GGY and NN segments achieve precise DNA targeting is unknown. Here, we present 21 cryo-electron microscopy structures that help explain the mechanism of target engagement. Vipr protomers oligomerize along the vrR",https://pubmed.ncbi.nlm.nih.gov/42752121/,PubMed
Screening of dsRNA targets in the salivary glands of Myzus persicae and development of a Trichoderma-based bio-expression system.,"Hou Yuxin, Wang Xinhua, Chen Jie",Pest management science,2026-09-18,"Aphids are globally prevalent pests that inflict considerable harm on plants. Owing to increasing pesticide resistance, it is crucial to develop environmentally sustainable and effective control methods. RNA interference (RNAi) using double-stranded RNA (dsRNA) holds great promise for pest control, but is hindered by the instability of dsRNA and the scarcity of effective target genes. This study a",https://pubmed.ncbi.nlm.nih.gov/42750404/,PubMed
A horizontally transferred bacterial gene for pantothenic acid biosynthesis regulates diapause and reproduction in the spider mite Amphitetranychus viennensis.,"Liu Meibin, Wang Yifei, Ren Yikang",Insect science,2026-09-18,"Horizontal gene transfer (HGT) has contributed substantially to the evolution of arthropod genomes, yet the functional significance of many horizontally acquired genes remains poorly understood. The hawthorn spider mite, Amphitetranychus viennensis, is a devastating agricultural pest whose high fecundity and overwintering diapause afford its exceptional ecological resilience. Through a genome-wide",https://pubmed.ncbi.nlm.nih.gov/42750349/,PubMed
Circadian- and light-regulated oscillatory expression of CSA in rice leaves is required for pollen fertility.,"Dong Renhe, Li Jingbin, Wang Duoxiang",Plant cell reports,2026-09-18,"The oscillatory expression of CSA in rice leaves is regulated by the circadian clock and red/far-red light signals, mediated through DOF5 and PIL11, and is required for normal pollen fertility. Photoperiod-sensitive male-sterile lines represent a pivotal innovation in the development of hybrid rice. However, the underlying mechanisms governing photoperiod-sensitive male reproductive development re",https://pubmed.ncbi.nlm.nih.gov/42749850/,PubMed
RNAi-based therapeutics targeting the F gene in human metapneumovirus: An in-silico approach.,"Ghosh Proshanto, Islam Md Nur, Hossain Shahriar","Journal, genetic engineering & biotechnology",2026-09-18,"Human metapneumovirus (HMPV) is a major cause of acute respiratory tract infections, particularly in young children, older adults, and immunocompromised individuals. Despite its significant clinical burden, no approved antiviral therapies or vaccines are currently available. This study aimed to identify potential RNA interference (RNAi)-based therapeutic candidates targeting the highly conserved f",https://pubmed.ncbi.nlm.nih.gov/42749451/,PubMed
Oral RNAi in Euschistus heros: Evaluation of Gene Silencing Using Cationic Polymer-Stabilized dsRNA.,"Quiroga-Murcia Daniel Estiven, De Barros Danielle Ribeiro, De Schutter Kristof",Neotropical entomology,2026-09-18,"Euschistus heros, a key pest of soybean in the Neotropical region, represents a growing challenge to sustainable agricultural production. With the urgent need for more targeted and environmentally safe control strategies, RNA interference (RNAi) emerges as an innovative tool. This study investigated the gene-silencing potential of RNAi targeting V-ATPase and act, two genes involved in essential ce",https://pubmed.ncbi.nlm.nih.gov/42747655/,PubMed
Efficacy and safety of zilebesiran in adults with hypertension: a systematic review and meta-analysis of randomized controlled trials.,"Hussain Muhammad, Hassan Muhammad, Sohaib Asharib",European journal of clinical pharmacology,2026-09-18,"Hypertension is a major modifiable risk factor for cardiovascular disease, yet global control rates remain low. Zilebesiran, an investigational RNA interference therapy, targets angiotensinogen to modulate the renin-angiotensin-aldosterone system. While previous reviews exist, updated evidence is needed to better characterize its efficacy and safety. A systematic search of PubMed, Cochrane Library",https://pubmed.ncbi.nlm.nih.gov/42747486/,PubMed
Apolipoprotein D3 is required for long-chain cuticular hydrocarbon accumulation and water retention in Acyrthosiphon pisum.,"Wu Bing-Jin, Yang Xia, Mobarak Syed Husne",Pest management science,2026-09-18,"The pea aphid, Acyrthosiphon pisum, is a damaging phloem-feeding pest of legume crops, and RNA interference (RNAi)-based targeting of stress-adaptation genes offers a promising route for target-specific pest management. Apolipoprotein D (ApoD) proteins are putative lipid carriers in insects, but the function of the chromosome-3 paralog ApApoD3 in aphid cuticular waterproofing remains unknown. We i",https://pubmed.ncbi.nlm.nih.gov/42747140/,PubMed
EXPRESSION OF CONCERN: Small Interference RNA Targeting Heat-Shock Protein 27 Inhibits the Growth of Prostatic Cell Lines and Induces Apoptosis via Caspase-3 Activation In Vitro.,,BJU international,2026-09-18,"P. Rocchi, P. Jugpal, A. So, S. Sinneman, S. Ettinger, L. Fazli, C. Nelson and M. Gleave, ""Small Interference RNA Targeting Heat-Shock Protein 27 Inhibits the Growth of Prostatic Cell Lines and Induces Apoptosis via Caspase-3 Activation In Vitro,"" BJU International 98, no. 5 (2006): 1082-1089, https://doi.org/10.1111/j.1464-410X.2006.06425.x. This Expression of Concern is for the above article, pu",https://pubmed.ncbi.nlm.nih.gov/42746676/,PubMed
"Target, silence, replace: a review on RNA-based drugs in modern medicine.","Mundlia Poonam, Singh Suraj Pratap, Pothal Pritiman",Frontiers in cell and developmental biology,2026-09-18,"RNA therapies have evolved into a revolutionary approach in contemporary medicine for treating various diseases by directly targeting RNA molecules engaged in disease pathogenesis. These therapeutic agents regulate biological processes through diverse mechanisms, including modulation of RNA function and gene expression. Medical applications of RNA are greatly enhanced by its structure, adaptabilit",https://pubmed.ncbi.nlm.nih.gov/42746222/,PubMed
Vitamin D,"Feteih Sarah M Nizar, Heaphy Emily L G, Aljagthmi Amjad",Frontiers in oral health,2026-09-18,"To determine whether a Vitamin D In this prospective, paired-sample, single-blind clinical trial, 25 adults with laboratory-confirmed SARS-CoV-2 infection provided saliva immediately before and after a standardized one-minute Vitamin D₃ oral rinse (50 paired specimens). Samples were analyzed in parallel by saliva RAT and rapid RT-PCR under blinded conditions. The oral rinse converted 68% (17/25) o",https://pubmed.ncbi.nlm.nih.gov/42745778/,PubMed
Advancing the adoption of RNA interference-based biopesticides.,"Fletcher Stephen, Gunasekara Sandya, Narva Ken",Nature plants,2026-09-18,"RNA interference (RNAi)-based biopesticides use a natural cellular mechanism to specifically silence genes essential for pest or pathogen fitness, offering a targeted and potentially safer alternative to conventional chemical sprays. The recent registration of the first products targeting Colorado potato beetle and varroa mite marks the transition of this technology from proof of concept to practi",https://pubmed.ncbi.nlm.nih.gov/42744871/,PubMed
Molecular diagnostics and integrated management challenges of tobacco streak virus: Current status and future perspectives.,"Nihaluddin Shaik, Rengasamy Kannan, Sivadoss Siva Ramakrishnan",Journal of microbiological methods,2026-09-18,"Tobacco streak virus (TSV) is an economically important viral pathogen causing severe yield and quality losses in several agricultural, horticultural and medicinal crops worldwide. Its complex epidemiology involving sap transmission, infected pollen and pollen-feeding thrips, together with symptom similarity to other necrosis-inducing pathogens, frequently results in misdiagnosis and delayed disea",https://pubmed.ncbi.nlm.nih.gov/42744140/,PubMed
Genome-wide identification of neuropeptides from ,"Fang Mei, Zhu Jin-Hai, Zhu Jia-Ni",Bulletin of entomological research,2026-09-18,"The diamondback moth, ",https://pubmed.ncbi.nlm.nih.gov/42742251/,PubMed
Protein Corona Engineering of Lipid Nanoparticles Enables Efficient Functional Gene Silencing in the Liver.,"Sukubo Naths G, Renzi Serena, Violatto Martina B","Small (Weinheim an der Bergstrasse, Germany)",2026-09-18,"Lipid nanoparticles (LNPs) preferentially accumulate in the liver, but hepatic tropism alone does not ensure productive RNA interference. Here, we screened a library of LNPs in which lipid composition was varied to generate distinct protein corona identities and identify formulations capable of combining liver accumulation with functional siRNA delivery. LNP1 emerged as the lead formulation, showi",https://pubmed.ncbi.nlm.nih.gov/42742066/,PubMed
Type III CRISPR-Cas systems preferentially acquire spacers from early-expressed phage genes in a transcription-dependent manner.,"Noble-Molnar Christopher, Garrett Sandra C, Catchpole Ryan J",Nucleic acids research,2026-09-18,"CRISPR-Cas immunity depends on acquiring spacers that generate functional CRISPR RNA (crRNA) guides. For most RNA-targeting type III systems, this poses a paradox: spacers are captured from DNA but defense requires RNA interaction, thus the system must infer transcriptional relevance of DNA fragments. We compared spacer acquisition profiles for co-occurring type III (RNA-recognizing) and type II (",https://pubmed.ncbi.nlm.nih.gov/42741839/,PubMed
Sequence-Informed Geometric Evaluation of RNA 3D Structures,"Andrea Zerio, Yighua Yao, Alessandro Micheli",arXiv,2026-09-18,"Computational RNA structure pipelines generate many candidate conformations for the same sequence. Reliable evaluation therefore requires more than recognising plausible geometry, it requires determining whether that geometry is compatible with the sequence. We introduce SIRGE, a sequence-informed geometric evaluator that conditions structural representations on nucleotide embeddings from a pretra",http://arxiv.org/abs/2609.10644v1,arXiv
Advancing Alzheimer's Disease Treatment: Synergistic Ligand Combinations Targeting BACE1 via Multi-Ligand Simultaneous Docking,"Pronama Biswas, Surya Shanbhog, Merla Sudha",arXiv,2026-09-18,"Alzheimer's disease is a progressive neurodegenerative disorder characterized by memory loss, cognitive decline, and behavioral changes, primarily affecting the elderly. Current treatments focus on symptom management as no therapies effectively halt or reverse disease progression. Newer therapies targeting BACE1, a key enzyme in amyloid plaque formation, have shown promise in clinical trials, thou",http://arxiv.org/abs/2609.04301v1,arXiv
From static structures to dynamic landscapes: cryo-EM redefines RNA biology,"Shekhar Jadhav, Spandan Saha, Qingbin Shang",arXiv,2026-09-18,RNA molecules perform diverse biological functions by dynamically exploring multiple conformational states rather than adopting a single static structure. Capturing these ensembles is a challenge in molecular biology. Recent advances in cryoEM are now transforming this landscape by enabling the visualization of RNA molecules across a broad spectrum of functionally relevant conformations at near at,http://arxiv.org/abs/2609.01132v1,arXiv
Designability of RNA Targets with Up to Two Length-2 Helices,Ashutosh S. Jogalekar,arXiv,2026-09-18,"RNA inverse folding asks for an RNA sequence whose prescribed secondary structure is the unique maximum-base-pair compatible fold. In the four-letter Watson-Crick model (A-U and C-G pairs only, no pseudoknots, and zero minimum base-pair span), Hales et al. introduced a separated-coloring certificate and an even-odd device, while Boury et al. generalized this to modulo-$m$ separability, gave an $O(",http://arxiv.org/abs/2608.25194v1,arXiv
Leveraging generative hallucination and biophysics-informed modeling for unified biomolecular sequence-structure co-design,"Xuefeng Liu, Mingxuan Cao, Xiao Luo",arXiv,2026-09-18,"Biomolecular design underpins applications from molecular recognition to therapeutics and synthetic biology, yet de novo interaction design remains challenging-especially for DNA/RNA, underexplored non-protein modalities with scarce, heterogeneous complex data and sharper geometric and chemical constraints. We introduce MCTH (Monte Carlo Tree Hallucination), an inference-only framework that casts ",http://arxiv.org/abs/2608.17381v1,arXiv
"MultiStructRNA: a Python package for multi-algorithm RNA secondary structure prediction, ensemble analysis, and visualization","Yashrajsinh Jadeja, Haining Lin, Mihir Metkar",arXiv,2026-09-18,"We introduce MultiStructRNA, a unified Python toolkit for RNA secondary structure prediction, ensemble analysis, and visualization. Although RNA secondary structure is central to RNA biology and therapeutic design, practical adoption is often hindered by fragmented tooling, incompatible input and output formats, and limited visualization support. MultiStructRNA addresses these challenges through a",http://arxiv.org/abs/2608.14846v1,arXiv
Evolutionary Curriculum Learning Improves Biological Sequence Modeling,"Richard Zhu, Kento Nishi",arXiv,2026-09-18,"Variational autoencoders (VAEs) trained on multiple sequence alignments (MSAs) have emerged as powerful generative models for biological sequences, with applications ranging from disease variant prediction to functional RNA design. However, standard biological VAE training treats all sequences as exchangeable, ignoring the rich evolutionary structure that organizes homologous sequences from evolut",http://arxiv.org/abs/2608.00697v2,arXiv
Engineering T7 RNA Polymerase for High-Purity In Vitro Transcription,"Pauline Hermans, Youlia Serikova, José Castillo",arXiv,2026-09-18,"In vitro transcription using bacteriophage T7 RNA polymerase (T7 RNAP) is the gold-standard platform for RNA production in both research and therapeutic applications. Despite its high processivity and promoter specificity, T7 RNAP generates multiple RNA by-products, including double-stranded RNA, 3'-extended transcripts, abortive RNAs, and prematurely terminated products. These impurities reduce R",http://arxiv.org/abs/2607.18468v1,arXiv
Enhanced sampling and cryo-EM data resolve magnesium binding to RNA,"Olivier Languin-Cattoën, Elisa Posani, Giovanni Bussi",arXiv,2026-09-18,"Magnesium ions are essential for RNA structure but difficult to model due to slow binding kinetics and experimental limitations. We present an enhanced-sampling strategy that accelerates Mg$^{2+}$ inner-shell binding by orders of magnitude, enabling quantitative exploration of ion-binding motifs in a large ribozyme. The method combines a barrier-flattening bias with Hamiltonian replica exchange to",http://arxiv.org/abs/2607.07186v1,arXiv
Bayesian Sampling of Structural Ensembles: The Role of Ensemble-Counting Measures,"Ivan Gilardoni, Giovanni Bussi",arXiv,2026-09-18,"Structural ensemble refinement is widely used to integrate molecular simulations with experimental measurements. While most applications focus on the maximum-a-posteriori (MAP) ensemble, Bayesian sampling of the posterior distribution can provide uncertainty estimates and posterior averages for arbitrary observables. A notable step in this direction was introduced by the Bayesian Energy Landscape ",http://arxiv.org/abs/2606.18495v1,arXiv
MultiMolecule: a modular ecosystem for biomolecular sequence-model workflows,Zhiyuan Chen,arXiv,2026-09-18,"Biomolecular sequence models are increasingly reused outside the studies in which they were introduced, but public checkpoints rarely preserve the execution context needed to inspect source-defined behavior, adapt models to new assays, compare models under shared task definitions or deploy biological predictions. MultiMolecule is an open-source Python ecosystem that turns heterogeneous RNA, DNA an",http://arxiv.org/abs/2606.16540v1,arXiv
The Montparnasse Algorithm for RNA Design,Tristan Cazenave,arXiv,2026-09-18,"RNA design consists of discovering a nucleotide sequence that optimizes predefined criteria, such as secondary structure. It is useful for synthetic biology, medicine, and nanotechnology. We propose Montparnasse, a Monte Carlo search framework based on Generalized Nested Rollout Policy Adaptation, augmented with a problem-specific prior, slow and long adaptation at level 1, and a lexicographic mul",http://arxiv.org/abs/2606.07562v1,arXiv
Multimodal Alignment and Preference Optimization for Zero-Shot Conditional RNA Generation,"Roman Klypa, Alberto Bietti, Sergei Grudinin",arXiv,2026-09-18,"The design of RNA molecules that interact with specific proteins is a critical challenge in experimental and computational biology. Despite recent progress in natural language modeling and deep learning-based protein design, there remains significant room to improve the frequency of successful interactions and the authenticity of generated sequences for functional applications. In this work, we fr",http://arxiv.org/abs/2605.23961v1,arXiv
"GoForth: Language Models for RNA Design under Structure, Sequence, and Coding Constraints",Michael Lindsey,arXiv,2026-09-18,"RNA inverse sequence design has broad biological and engineering applications, but computational methods for practical design queries remain limited. Such queries may impose several constraints at once, including target folds or motifs, fixed bases, and coding restrictions, while leaving arbitrary sequence and structure in unspecified regions. Because these constraints may permit many acceptable s",http://arxiv.org/abs/2605.07608v1,arXiv
Bayesian Rate Inference for Sequence Motif Dynamics in Systems of Reactive Nucleic Acids,"Johannes Harth-Kitzerow, Ulrich Gerland, Torsten A. Enßlin",arXiv,2026-09-18,"The RNA world hypothesis suggests a pathway of how life emerged on early earth. It assumes that life started with RNA based systems, capable of storing, transmitting and replicating information, envisioning that monomers and short RNA oligomers interact to form longer strands, eventually becoming catalytically active ribozymes. Key reactions in RNA pools are hybridization, dehybridization, templat",http://arxiv.org/abs/2604.25701v2,arXiv
VARIANT: Web Server for Decoding and Analyzing Viral Mutations at Genome and Protein Levels,"Rui Wang, Xuhang Dai, Xin Cao",arXiv,2026-09-18,"A comprehensive analysis of viral mutations is essential for understanding viral evolution, disease epidemiology, diagnosis, drug resistance, etc. However, challenges remain in capturing complex mutation patterns and supporting diverse viral families with varying genome architectures. To address these needs, we present VARIANT, an web server for mutational analysis of RNA viral genomes and associa",http://arxiv.org/abs/2604.20942v1,arXiv
Interfacial Potential Transduction for Diagnostics,"Hyun-June Jang, Peuli Nath, Yuqin Wang",arXiv,2026-09-18,"A major barrier to decentralized, near-patient diagnostics is the lack of a signal transduction modality that is both analytically precise and accessible at the point of care. Optical readouts remain instrument-dependent and difficult to miniaturize, while compact electrochemical readouts are prone to matrix-derived signal distortion, limiting their biomarker coverage in real clinical settings. He",http://arxiv.org/abs/2603.23775v1,arXiv
ZeroFold: Protein-RNA Binding Affinity Predictions from Pre-Structural Embeddings,"Josef Hanke, Sebastian Pujalte Ojeda, Shengyu Zhang",arXiv,2026-09-18,"The accurate prediction of protein-RNA binding affinity remains an unsolved problem in structural biology, limiting opportunities in understanding gene regulation and designing RNA-targeting therapeutics. A central obstacle is the structural flexibility of RNA, as, unlike proteins, RNA molecules exist as dynamic conformational ensembles. Thus, committing to a single predicted structure discards in",http://arxiv.org/abs/2603.23583v1,arXiv
Computational modeling of RNA-protein binding interactions under an external force,"Danielle Wampler, Ralf Bundschuh",arXiv,2026-09-18,"RNA binding proteins play a crucial role in post-transcriptional gene regulation by controlling the transport, processing, and translation of their target RNAs. Post-transcriptional gene regulation leads to the differential expression of genetic material and loss of regulation or over-regulation relates to a large range of cancers and diseases - many of which have directly been associated with RNA",http://arxiv.org/abs/2603.22269v1,arXiv
Duplexes of 21-nucleotide RNAs mediate RNA interference in cultured mammalian cells,"Sayda M. Elbashir, J. Harborth, Winfried Lendeckel",Nature,2001-05-24,,https://www.semanticscholar.org/paper/efd52e2f0692d5aba49c037cd4869e68345b5760,Semantic Scholar
Potent and specific genetic interference by double-stranded RNA in Caenorhabditis elegans,"A. Fire, Siqun Xu, M. Montgomery",Nature,1998-02-19,"Experimental introduction of RNA into cells can be used in certain biological systems to interfere with the function of an endogenous gene,. Such effects have been proposed to result from a simple antisense mechanism that depends on hybridization between the injected RNA and endogenous messenger RNA transcripts. RNA interference has been used in the nematode Caenorhabditis elegans to manipulate ge",https://www.semanticscholar.org/paper/15aa036f9761495ca881a3f21b09ceab90821104,Semantic Scholar
RNA interference in the era of nucleic acid therapeutics,"Vasant Jadhav, A. Vaishnaw, Kevin Fitzgerald",Nature Biotechnology,2024-02-26,,https://www.semanticscholar.org/paper/a6faa3f952999102506ee0621fc78cfd12b2d72a,Semantic Scholar
"Zilebesiran, an RNA Interference Therapeutic Agent for Hypertension.","Akshay S. Desai, D. Webb, J. Taubel",New England Journal of Medicine,2023-07-20,"BACKGROUND
Angiotensinogen is the sole precursor of angiotensin peptides and has a key role in the pathogenesis of hypertension. Zilebesiran, an investigational RNA interference therapeutic agent with a prolonged duration of action, inhibits hepatic angiotensinogen synthesis.


METHODS
In this phase 1 study, patients with hypertension were randomly assigned in a 2:1 ratio to receive either a singl",https://www.semanticscholar.org/paper/b99f28968069b9f552c652ce7a75fb809eb43f68,Semantic Scholar
Systematic RNA interference reveals that oncogenic KRAS-driven cancers require TBK1,"D. Barbie, P. Tamayo, J. Boehm",Nature,2009-10-01,"The proto-oncogene KRAS is mutated in a wide array of human cancers, most of which are aggressive and respond poorly to standard therapies. Although the identification of specific oncogenes has led to the development of clinically effective, molecularly targeted therapies in some cases, KRAS has remained refractory to this approach. A complementary strategy for targeting KRAS is to identify gene p",https://www.semanticscholar.org/paper/161d9631eed25724e7d8c609081da93718198cc2,Semantic Scholar
RNA interference is mediated by 21- and 22-nucleotide RNAs.,"Sayda M. Elbashir, Winfried Lendeckel, T. Tuschl",Genes & Development,2001-01-15,"Double-stranded RNA (dsRNA) induces sequence-specific posttranscriptional gene silencing in many organisms by a process known as RNA interference (RNAi). Using a Drosophila in vitro system, we demonstrate that 21- and 22-nt RNA fragments are the sequence-specific mediators of RNAi. The short interfering RNAs (siRNAs) are generated by an RNase III-like processing reaction from long dsRNA. Chemicall",https://www.semanticscholar.org/paper/2e2ec00f9c7e13170c199d5ab1269520d18e0c8b,Semantic Scholar
RNA Interference Past and Future Applications in Plants,"Sarah Koeppe, L. Kawchuk, M. Kalischuk",International Journal of Molecular Sciences,2023-06-01,"Antisense RNA was observed to elicit plant disease resistance and post-translational gene silencing (PTGS). The universal mechanism of RNA interference (RNAi) was shown to be induced by double-stranded RNA (dsRNA), an intermediate produced during virus replication. Plant viruses with a single-stranded positive-sense RNA genome have been instrumental in the discovery and characterization of systemi",https://www.semanticscholar.org/paper/412e4bcb155db36fa32b3f415ba7933bfbc9320a,Semantic Scholar
Foliar application of clay-delivered RNA interference for whitefly control,"R. Jain, Stephen J. Fletcher, Narelle Manzie",Nature Plants,2022-05-01,,https://www.semanticscholar.org/paper/56499a2bf21ed3a7566ccf9a614e3768bb80c115,Semantic Scholar
A first-in-human phase 0 clinical study of RNA interference-based Spherical Nucleic Acids in patients with recurrent Glioblastoma,"P. Kumthekar, Caroline H. Ko, T. Paunesku",Science Translational Medicine,2021-03-10,"RNA interference–based spherical nucleic acid nanoconjugates are a potentially safe and brain-penetrant approach for glioblastoma treatment. A golden opportunity to treat glioblastoma Glioblastoma (GBM) is a difficult cancer to treat, partly due to the blood-brain and blood-tumor barriers. Kumthekar et al. studied NU-0129, spherical nucleic acids consisting of gold nanoparticle cores conjugated wi",https://www.semanticscholar.org/paper/be9c8721f3f23b424de0fb42e2877ea78d16a0ea,Semantic Scholar
Strategies for Enhancing the Efficiency of RNA Interference in Insects.,"Kristopher Silver, Anastasia M W Cooper, K. Zhu",Pest Management Science,2021-01-13,Low RNA interference (RNAi) efficiency in many insect pests has significantly prevented its widespread application for insect pest management. This article provides a comprehensive review on recent research in developing various strategies for enhancing RNAi efficiency. Our review focuses on the strategies in target gene selection and double-stranded RNA (dsRNA) delivery technologies. For target g,https://www.semanticscholar.org/paper/8cacc5f770545c206470f3464c60129688879b83,Semantic Scholar
"Mechanisms, Applications, and Challenges of Insect RNA Interference","K. Zhu, S. R. Palli",Annual Review of Entomology,2019-10-14,The RNA interference (RNAi) triggered by short/small interfering RNA (siRNA) was discovered in nematodes and found to function in most living organisms. RNAi has been widely used as a research tool to study gene functions and has shown great potential for the development of novel pest management strategies. RNAi is highly efficient and systemic in coleopterans but highly variable or inefficient in,https://www.semanticscholar.org/paper/76e439e11bfc8c5e2b450c118c7e4eeaa8194872,Semantic Scholar
The initiation of RNA interference (RNAi) in plants.,"Yu-Hung Hung, R. K. Slotkin",Current opinion in plant biology,2021-02-28,"When an mRNA enters into the RNA degradation pathway called RNA interference (RNAi), it is cleaved into small interfering RNAs (siRNAs) that then target complementary mRNAs for destruction. The consequence of entry into RNAi is mRNA degradation, post-transcriptional silencing and in some cases transcriptional silencing. RNAi functions as a defense against transposable element and virus activity, a",https://www.semanticscholar.org/paper/41b69115ecf0c33b05b871b5ce35deaf2d96d926,Semantic Scholar
A Cellular Function for the RNA-Interference Enzyme Dicer in the Maturation of the let-7 Small Temporal RNA,"G. Hutvagner, J. Mclachlan, A. Pasquinelli",Science,2001-07-12,,https://www.semanticscholar.org/paper/33da7580803c6e2dc0eb67116fbac7d5a9a2519a,Semantic Scholar
RNA interference,Diane Carrera,The Biomedical &amp; Life Sciences Collection,2026-01-28,Abstract,https://www.semanticscholar.org/paper/43db2a8a27ba892a2f8c4832961dd9198f085ccf,Semantic Scholar
RNA Interference Therapy With ARC‐520 Results in Prolonged Hepatitis B Surface Antigen Response in Patients With Chronic Hepatitis B Infection,"M. Yuen, I. Schiefke, Jung-Hwan Yoon",Hepatology,2020-04-23,"ARC‐520, the first an RNA interference (RNAi) therapeutic, was designed to reduce all RNA transcripts derived from covalently closed circular DNA, leading to a reduction in viral antigens and hepatitis B virus (HBV) DNA.",https://www.semanticscholar.org/paper/ea7818a0cabfbf64323928c5fa2d186ebd714523,Semantic Scholar
Phase 1 Trial of an RNA Interference Therapy for Acute Intermittent Porphyria,"Eliane Sardh, P. Harper, M. Balwani",New England Journal of Medicine,2019-02-06,"BACKGROUND Induction of delta aminolevulinic acid synthase 1 (ALAS1) gene expression and accumulation of neurotoxic intermediates result in neurovisceral attacks and disease manifestations in patients with acute intermittent porphyria, a rare inherited disease of heme biosynthesis. Givosiran is an investigational RNA interference therapeutic agent that inhibits hepatic ALAS1 synthesis. METHODS We ",https://www.semanticscholar.org/paper/6dbfd741f0973c7a0069dd9c9c70ccf490eb9959,Semantic Scholar
Conserved chromosomal functions of RNA interference,"Michael J. Gutbrod, R. Martienssen",Nature reviews genetics,2020-02-12,"RNA interference (RNAi), a cellular process through which small RNAs target and regulate complementary RNA transcripts, has well-characterized roles in post-transcriptional gene regulation and transposon repression. Recent studies have revealed additional conserved roles for RNAi proteins, such as Argonaute and Dicer, in chromosome function. By guiding chromatin modification, RNAi components promo",https://www.semanticscholar.org/paper/6abaf3f5d1a1d702d5e3423889f7861abbfec529,Semantic Scholar
Genetically Modified Organism-Free RNA Interference: Exogenous Application of RNA Molecules in Plants1[OPEN],"Athanasios Dalakouras, M. Wassenegger, E. Dadami",Plant Physiology,2019-07-08,The latest advances in the field exogenous application of RNA molecules in plants help to protect and modify them through RNA interference (RNAi).,https://www.semanticscholar.org/paper/22e1de12e144aa0aae71c6d1c76755680c67243d,Semantic Scholar
Key Mechanistic Principles and Considerations Concerning RNA Interference,P. Svoboda,Frontiers in Plant Science,2020-08-13,"Canonical RNAi, one of the so-called RNA-silencing mechanisms, is defined as sequence-specific RNA degradation induced by long double-stranded RNA (dsRNA). RNAi occurs in four basic steps: (i) processing of long dsRNA by RNase III Dicer into small interfering RNA (siRNA) duplexes, (ii) loading of one of the siRNA strands on an Argonaute protein possessing endonucleolytic activity, (iii) target rec",https://www.semanticscholar.org/paper/4d95ea2dbbc92f4bc5c28c58e730493b333a2f1d,Semantic Scholar
Environmental Fate of RNA Interference Pesticides: Adsorption and Degradation of Double-Stranded RNA Molecules in Agricultural Soils.,"K. Parker, Verónica Barragán Borrero, Daniël M. van Leeuwen",Environmental Science and Technology,2019-01-25,"Double-stranded RNA (dsRNA) pesticides are a new generation of crop protectants that interfere with protein expression in targeted pest insects by a cellular mechanism called RNA interference (RNAi). The ecological risk assessment of these emerging pesticides necessitates an understanding of the fate of dsRNA molecules in receiving environments, among which agricultural soils are most important. W",https://www.semanticscholar.org/paper/eb6c888ce54ba60410a0c914aa104e15d3e57d89,Semantic Scholar
LncRNA GAS6-AS1 affects doxorubicin‑induced cardiomyocyte injury in H9c2 cells by regulating miR‑152‑3p: a cellular model relevant to heart failure.,"Li Mi, Lu Ning, Yang Luxi",Journal of cardiothoracic surgery,2026-09-18,"To explore the diagnostic significance of LncRNA GAS6-AS1 in chronic heart failure (CHF) and its molecular mechanism of influencing cardiomyocyte function through the regulation of miR-152-3p. This study incorporated 126 patients diagnosed with CHF and 124 healthy control subjects. The serum level of GAS6-AS1 was determined via RT-qPCR, and its diagnostic efficacy was assessed through ROC curve. A",https://pubmed.ncbi.nlm.nih.gov/42754895/,PubMed
Identification of a necroptosis-related lncRNA prognostic signature and the hub RBP HNRNPK in esophageal squamous cell carcinoma.,"Zheng Shaoyi, Yang Haoshuai, Liu Wei",The Journal of international medical research,2026-09-18,"ObjectiveEsophageal squamous cell carcinoma (ESCC) is a malignant tumor with poor prognosis. Necroptosis is important for tumor immunity, but its role in ESCC remains unclear. This retrospective bioinformatics study aimed to investigate the prognostic value of necroptosis-related long non-coding RNAs (lncRNAs) and to identify key lncRNA-binding proteins (RBPs) in ESCC patients.MethodsRNA transcrip",https://pubmed.ncbi.nlm.nih.gov/42754824/,PubMed
AP2-HS and a GDV1 regulatory feedback loop mediate environmental induction of sexual conversion in Plasmodium falciparum.,"Tintó-Font Elisabet, Casas-Vila Núria, Martínez-Guardiola César",Nature microbiology,2026-09-18,"Human-to-mosquito transmission of the malaria parasite Plasmodium falciparum requires conversion of some parasites to gametocytes, a non-replicative sexual form. Specific conditions of the human blood environment that induce parasite stress increase sexual conversion rates. Sexual conversion is triggered by the transcription factor AP2-G and its upstream activator, GDV1. However, the molecular mec",https://pubmed.ncbi.nlm.nih.gov/42754706/,PubMed
Post-transcriptional regulation of erythropoiesis.,"Gnanapragasam Merlin Nithya, Sundaram Raja Sundari Meenakshi, Adams Sarah E",Current topics in developmental biology,2026-09-18,"Post-transcriptional mechanisms underlie various aspects of the erythropoiesis process, with a growing body of literature demonstrating its importance in the regulation of abundance, stability, and translational efficiency of the erythroid transcriptome. As the concerted actions of RNA binding proteins, alternative splicing, micro RNAs, long non-coding RNAs, and epitranscriptomic changes are incre",https://pubmed.ncbi.nlm.nih.gov/42754318/,PubMed
Proteomics based analysis of the therapeutic mechanism of Yishen Gushu Formula against postmenopausal osteoporosis.,"Yongjin Li, Bo Jin, Kunjian Li",Computational biology and chemistry,2026-09-18,"YSGSF has shown therapeutic potential in PMOP, but its molecular mechanism remains unclear. This study aimed to identify the protein targets and regulatory pathways underlying the therapeutic effects of YSGSF against PMOP. Thirty female SD rats were randomly assigned to sham-operated, OVX model, and treatment groups (n = 10 per group). After 12 weeks of intervention, femoral morphology was evaluat",https://pubmed.ncbi.nlm.nih.gov/42753520/,PubMed
Expression of Concern: Suppression of lncRNA RMRP ameliorates oxygen-glucose deprivation/re-oxygenation-induced neural cells injury by inhibiting autophagy and PI3K/Akt/mTOR-mediated apoptosis.,"Zhou Zheyi, Xu Hong, Liu Baozhu",Bioscience reports,2026-09-18,,https://pubmed.ncbi.nlm.nih.gov/42751805/,PubMed
Regulatory roles of alternative splicing (AS) and long non-coding RNAs (LncRNAs) in plant adaptation to abiotic stresses.,"Ghaemi Rad Zahra Sadat, Ahmadikhah Asadollah, Tohidfar Masoud",3 Biotech,2026-09-18,"Abiotic stresses, which are intensified by climate change and human activities, including drought, salinity, extreme temperatures, heavy metals, and nutrient deficiencies, pose severe threat to global food security, reducing crop yields by up to 70% annually. Conventional breeding and chemical interventions have provided solutions but remain limited by cost, time, and genetic constraints, bolsteri",https://pubmed.ncbi.nlm.nih.gov/42750759/,PubMed
Statement of Retraction: Long non-coding RNA maternally expressed 3 (MEG3) regulates isoflurane-induced cognitive dysfunction by targeting miR-7-5p.,,Toxicology mechanisms and methods,2026-09-18,,https://pubmed.ncbi.nlm.nih.gov/42750376/,PubMed
Identification of the ARGONAUTE 1-Enriched sRNomes and Targetomes by Integrated RIP-Seq Data Analysis in Arabidopsis thaliana.,"Jiang Zhifang, Feng Zedi, Dong Yiling","Plant, cell & environment",2026-09-18,"In addition to microRNAs (miRNAs), some small interfering RNAs (siRNAs) such as trans-acting siRNAs are also associated with ARGONAUTE 1 (AGO1) for target cleavage in plants. Efficient identification of the AGO1-enriched small RNAs (sRNAs) and their targets became a challenging task. Here, we emphasized the utility of RIP (RNA immunoprecipitation) sequencing in probing the above issue. By analyzin",https://pubmed.ncbi.nlm.nih.gov/42750244/,PubMed
Mapping the regulatory architecture of circadian clock adaptation: A genome-wide eQTL analysis in Drosophila melanogaster.,"Yair Maya, Fishman Bettina, Aslan Maya",Heredity,2026-09-18,"The circadian clock enables organisms to align internal daily rhythms with environmental cues, with major consequences for survival and fitness. Although the molecular framework of this system in Drosophila melanogaster is well characterized through transcription translation feedback loops involving ten core clock genes, the genetic basis of natural variation in their expression remains poorly und",https://pubmed.ncbi.nlm.nih.gov/42749839/,PubMed
Contrasting regulation of protein-coding genes and lncRNA homeologs in allotetraploid Coffea arabica.,"Couoh-Cauich Marcos David, Guzmán-Zapata Daniel, Góngora-Castillo Elsa B",Planta,2026-09-18,"A chromosome-level Bourbon assembly revealed that protein-coding homeologs are predominantly co-regulated between subgenomes. In contrast, intergenic lncRNAs display a modest, but statistically consistent bias toward subgenome E across diverse developmental and stress contexts. Coffea arabica is an allotetraploid species derived from natural hybridization between C. canephora and C. eugenioides, w",https://pubmed.ncbi.nlm.nih.gov/42749816/,PubMed
Deciphering differential mRNA and lncRNA expression profiles in response to PEG simulated drought stress in cucumber (Cucumis sativus L.).,"Nandi Swagata, Singh Sanjay, Das Anjan","Journal, genetic engineering & biotechnology",2026-09-18,"Cucumber (Cucumis sativus L.), a vital fruit vegetable of the Cucurbitaceae family, originated in India ∼ 3000 years ago. It is widely used in the culinary, therapeutic, and cosmetic sectors. Cucumber cultivation is significantly impacted by drought stress, especially in arid and semi-arid regions. This study investigates the molecular response to drought using two contrasting cucumber lines: WBC-",https://pubmed.ncbi.nlm.nih.gov/42749393/,PubMed
A continuum-based reaction-diffusion model for spread of gene silencing in chromosomal inactivation.,"Paul Shibashis, Sun Sha, Haynes Karmella","RNA (New York, N.Y.)",2026-09-18,"Regulation of gene silencing in large chromosomal regions is crucial for development and disease progression. One example of massive gene silencing is X chromosome inactivation (XCI), a process essential for gene dosage compensation. During XCI, most genes in the chromosome are inactivated following the transcription of long noncoding RNA XIST. Recent experiments showed that the spread of silencin",https://pubmed.ncbi.nlm.nih.gov/42749359/,PubMed
Nuclear body assembly by a viral repeat RNA promotes Kaposi's sarcoma-associated herpesvirus gene expression.,"Kleer Mariel, Mulloy Rory P, Bui-Marinos Maxwell P",Molecular cell,2026-09-18,"Kaposin is the most abundantly expressed viral RNA in tumors caused by the oncogenic virus Kaposi's sarcoma-associated herpesvirus (KSHV); however, its role in viral replication is not understood. Here, we show that kaposin, previously viewed as a protein-coding transcript, exists primarily as a nuclear viral long non-coding RNA (lncRNA) that rebuilds cellular nuclear speckles (NSs) adjacent to th",https://pubmed.ncbi.nlm.nih.gov/42748910/,PubMed
Involvement of long non-coding RNAs in selenium-mediated alleviation of cadmium stress by regulating antioxidant system in pepper.,"Xiang Liping, Zhou Mei, Yang Longhuan",Ecotoxicology and environmental safety,2026-09-18,"The prevalent heavy metal pollutant cadmium (Cd) threatens agricultural safety and public health. Although selenium (Se) can alleviate Cd phytotoxicity, the role of lncRNA-mediated regulatory networks in this process remains poorly understood in pepper (Capsicum annuum L.). Here, we demonstrate that Se application alleviates Cd-induced growth inhibition in pepper by reducing Cd accumulation across",https://pubmed.ncbi.nlm.nih.gov/42748836/,PubMed
Outer membrane vesicles secreted by avian pathogenic Escherichia coli promote intracellular survival in macrophages and systemic infection by regulating mitophagy through the MSTRG.11745.1/gga-miR-15b-5p/TNFAIP3 axis.,"Gao Jiayin, Li Zhe, Cui Tongtong",Poultry science,2026-09-18,"Avian pathogenic Escherichia coli (APEC) is a major extraintestinal pathogen responsible for severe systemic infections in poultry. It evades the immune system and establishes persistent infection by hijacking macrophages as its primary site of intracellular survival. During the pathogenic process, outer membrane vesicles (OMVs) secreted by APEC serve as key carriers for the delivery of virulence ",https://pubmed.ncbi.nlm.nih.gov/42748563/,PubMed
Integrated analysis of autophagy-related lncRNAs and oxidative DNA damage reveals molecular signatures of severe sperm abnormalities.,"Önalan Ebru Etem, Urhan Sebnem Nur Keke, Karakeci Ahmet",Journal of assisted reproduction and genetics,2026-09-18,"Autophagy is a critical intracellular degradation pathway involved in cellular homeostasis and spermatogenesis. Long noncoding RNAs (lncRNAs) regulate autophagy-related signaling; however, their role in male infertility remains unclear. This study aimed to evaluate the association between autophagy-related lncRNAs, oxidative DNA damage, and sperm abnormalities in infertile men. A total of 120 men ",https://pubmed.ncbi.nlm.nih.gov/42747759/,PubMed
ncRNAs in breast milk of mothers with SLE: potential implications for neonatal immune development.,"Chwatko Julia Wiktoria, Rakhmetullina Aizhan, Zielenkiewicz Piotr",Frontiers in immunology,2026-09-18,"Systemic lupus erythematosus (SLE) is an autoimmune disease primarily characterized by the production of autoantibodies that induce tissue damage. Although the etiology of the disease remains unclear and may be attributed to numerous factors, various studies emphasize the role of epigenetic mechanisms in SLE. In particular, alterations in non-coding RNA (ncRNA) expression have been identified as p",https://pubmed.ncbi.nlm.nih.gov/42746490/,PubMed
An Evaluation on the Role of Non-Coding RNA in HIV Transcription and Latency: A Review,Xiangshuai Liu,arXiv,2026-09-18,"The existence of latent cellular reservoirs is recognized as the major barrier to an HIV cure. Reactivating and eliminating ""shock and kill"" or permanently silencing ""block and lock"" the latent HIV reservoir, as well as gene editing, remain promising approaches, but so far have proven to be only partially successful. Moreover, using latency reversing agents or ""block and lock"" drugs pose additiona",http://arxiv.org/abs/2502.06107v1,arXiv
"Blood-derived lncRNAs as potential biomarkers for early cancer diagnosis: The Good, the Bad and the Beauty","Cedric Badowski, Bing He, Lana X Garmire",arXiv,2026-09-18,Cancer ranks as one of the deadliest diseases worldwide. The high mortality rate associated with cancer is partially due to the lack of reliable early detection methods and/or inaccurate diagnostic tools such as certain protein biomarkers. Cell-free nucleic acids (cfNA) such as circulating long non-coding RNAs (lncRNAs) have recently been proposed as a new class of potential biomarkers that could ,http://arxiv.org/abs/2109.11746v1,arXiv
BPPart and BPMax: RNA-RNA Interaction Partition Function and Structure Prediction for the Base Pair Counting Model,"Ali Ebrahimpour-Boroojeny, Sanjay Rajopadhye, Hamidreza Chitsaz",arXiv,2026-09-18,"RNA-RNA interaction (RRI) is ubiquitous and has complex roles in the cellular functions. In human health studies, miRNA-target and lncRNAs are among an elite class of RRIs that have been extensively studied. Bacterial ncRNA-target and RNA interference are other classes of RRIs that have received significant attention. In recent studies, mRNA-mRNA interaction instances have been observed, where bot",http://arxiv.org/abs/1904.01235v2,arXiv
Precise pH-triggered cleavage of PEG-lipid conjugates drives endosomal escape of siRNA from fusogenic lipid-based nanoparticles.,"Kratochvíl Zdeněk, Bhosale Dattary Shivajirao, Schürz Melanie",International journal of pharmaceutics,2026-09-18,"Lipid-based nanoparticles (LNPs) are leading synthetic delivery systems for the functional delivery of small interfering RNAs (siRNAs) and mRNA vaccines in vivo. However, current state-of-the-art LNPs, although designed with near optimal properties of fusogenicity for target cell entry and release of RNA APIs, possess suboptimal colloidal stability and biocompatibility due to limited uses of polye",https://pubmed.ncbi.nlm.nih.gov/42754061/,PubMed
Hindgut-targeted delivery alpha-ketoglutarate pellets improves broiler intestinal redox and growth performance by activating uncoupling protein 2.,"Yang Xue, Feng Xiaohua, Huang Wei",Poultry science,2026-09-18,"Glutamate metabolism is crucial for intestinal epithelial metabolism, but its availability is limited in the hindgut. We used a hindgut-targeted delivery system to deliver L-glutamate and its metabolite α-ketoglutarate (AKG) to investigate the effects of glutamate metabolites on broiler growth and to reveal the potential underlying mechanism. In a three-week feeding trial, fifty-four broilers were",https://pubmed.ncbi.nlm.nih.gov/42753462/,PubMed
"Self-amplifying RNA and circular RNA vaccines: mechanisms, delivery strategies, and prospects for long-lasting immunity.","Sardar Nageen, Manzoor Shoaib",Human immunology,2026-09-18,"Messenger RNA vaccines have demonstrated extraordinary success during the COVID-19 pandemic, yet conventional mRNA platforms exhibit inherent limitations including modest molecular stability, stringent cold-chain requirements, waning antibody responses, and the necessity for relatively high doses to achieve protective immunity. Next-generation RNA technologies-specifically self-amplifying RNA (saR",https://pubmed.ncbi.nlm.nih.gov/42753364/,PubMed
Comparative insights into miRNA-mediated repair across nervous system injuries: Implications for histology and regenerative medicine.,"Shen Yueru, Hu Bing",Histology and histopathology,2026-09-18,"Neural regeneration in the adult mammalian central nervous system (CNS) is severely restricted by both intrinsic neuronal limitations and an inhibitory post-injury microenvironment. In contrast, the peripheral nervous system (PNS) retains a greater capacity for spontaneous repair. MicroRNAs (miRNAs), a class of small non-coding RNAs, have emerged as key epigenetic regulators of neural regeneration",https://pubmed.ncbi.nlm.nih.gov/42751748/,PubMed
FAM134B Restricts African Swine Fever Virus Capsid Assembly via Reticulophagy and Its Antiviral Activity is Antagonized by the Viral Virulence-Associated Factor pMGF300-2R.,"Luo Rui, Zhang Jing, Huang Ruojia","Advanced science (Weinheim, Baden-Wurttemberg, Germany)",2026-09-18,"African swine fever (ASF), caused by African swine fever virus (ASFV), is a devastating viral disease in domestic pigs and wild boar. ASFV is a large DNA virus whose capsid assembly takes place within perinuclear viral factories (VFs). Accumulating evidence has demonstrated that reticulophagy confers antiviral activity against multiple RNA viruses. Nevertheless, the roles of reticulophagy in DNA v",https://pubmed.ncbi.nlm.nih.gov/42750100/,PubMed
MicroRNAs in Renal Fibrosis: Unraveling Mechanisms and Therapeutic Potential.,"Doghish Ahmed S, Abuelhaded Khaled, Abdelaziz Moustafa Mahmoud",The international journal of biochemistry & cell biology,2026-09-18,"Chronic Kidney Disease (CKD) poses a growing global health burden, with increasing prevalence driven by risk factors such as aging, metabolic disorders, and environmental influences. As CKD progresses, it frequently leads to renal fibrosis, a pathological condition characterized by excessive extracellular matrix (ECM) accumulation, fibroblast activation, and progressive loss of kidney function, ul",https://pubmed.ncbi.nlm.nih.gov/42749255/,PubMed
Dilution mode acts as a critical process parameter that reprograms lipid nanoparticle assembly and in vivo mRNA delivery.,"Tang Siyuan, Huang Lei, Wang Wu",Journal of controlled release : official journal of the Controlled Release Society,2026-09-18,"Messenger RNA (mRNA)-loaded lipid nanoparticles (LNPs) are predominantly manufactured by microfluidic mixing, where extensive efforts have focused on optimizing upstream formulation and mixing parameters. In contrast, the influence of dilution methods on the final physicochemical properties and biological performance of mRNA/LNPs remains insufficiently understood. In this study, we systematically ",https://pubmed.ncbi.nlm.nih.gov/42749133/,PubMed
"Self-amplifying RNA enables rapid, durable, integration-free programming of hiPSCs.","Della Santina Catherine M, Ploessl Deon S, Lindsay-Mosher Nicole",Cell reports methods,2026-09-18,"Genetic modification of human induced pluripotent stem cells (hiPSCs) is a powerful approach to measure and manipulate cellular processes. Conventional genetic engineering of hiPSCs requires laborious processes involving transfection, selection, and expansion that can cause karyotypic abnormalities or transgene silencing during differentiation. The use of self-amplifying RNA (saRNA) is a potential",https://pubmed.ncbi.nlm.nih.gov/42748925/,PubMed
The miR-6538 in extracellular vesicles derived from lycorine-pretreated mesenchymal stem cells enhances therapeutic efficacy in rheumatoid arthritis.,"Zheng Wuyan, Xu Xiongfei, Yang Chenxu",Biomaterials,2026-09-18,"Mesenchymal stem cell-derived extracellular vesicles (MSC-EVs) were engineered as a targeted platform for Lycorine (LYC), a natural isoquinoline alkaloid with anti-inflammatory and anti-neoplastic properties that exhibits therapeutic potential in inflammatory diseases but is limited by systemic toxicity in clinical applications. We thus established a novel LYC-MSC-EV therapeutic system for the tre",https://pubmed.ncbi.nlm.nih.gov/42748790/,PubMed
Extracellular vesicles in targeted drug delivery: from biological functions to surface engineering.,"Duca Giulia, Tinnirello Vincenza, Ganji Nima Rabienezhad",Molecular biomedicine,2026-09-18,Achieving precise and efficient targeting represents a major challenge in drug delivery to overcome the limitations of conventional therapies. Surface functionalization of extracellular vesicles (EVs)-nanosized membranous particles released by all cell types- has emerged as a promising strategy to enhance targeted drug delivery. EVs are naturally involved in intercellular communication by transfer,https://pubmed.ncbi.nlm.nih.gov/42747705/,PubMed
"Therapeutic Cancer Vaccines: Classification, Mechanisms, Challenges and Future Perspectives.","Gao Juwei, Sun Yue, Han Zijing",Immunological investigations,2026-09-18,"With the rapid advancements in oncology, immunology, and molecular biology, immunotherapy has emerged as a cornerstone of anti-tumor treatment, complementing traditional modalities such as surgery, radiotherapy, and chemotherapy. Therapeutic cancer vaccines are a promising immunotherapy strategy that deliver tumor-associated antigens or neoantigens to prime naive T cells and generate long-lived me",https://pubmed.ncbi.nlm.nih.gov/42746879/,PubMed
The neonatal and maternal nasal microbiomes are compositionally diverse and functionally distinct within 24 hours of birth.,"Wagner Sheridan B, Keen Katelyn E, Cinco Isaac",Frontiers in cellular and infection microbiology,2026-09-18,"The nasal microbiome provides a first line of defense at the respiratory mucosa, yet its composition immediately after birth and its relationship to the maternal nasal community remain poorly defined. We used 16S rRNA gene sequencing to compare anterior nares swabs collected within 24 hours of delivery from mothers (n=25) and newborns (n=34), including 22 maternal-newborn dyads. The neonatal nasal",https://pubmed.ncbi.nlm.nih.gov/42745753/,PubMed
CircLAMA5 traps Sam68 in the cytoplasm to regulate alternative splicing and drive sunitinib resistance in ccRCC.,"Xu Zhehao, Lu Haohua, Lu Zeyi",Oncogene,2026-09-18,"Tyrosine kinase inhibitor (TKI) resistance remains a major challenge in the treatment of clear cell renal cell carcinoma (ccRCC), yet the underlying molecular mechanisms are not fully understood. Here, we identify circular RNA circLAMA5 (hsa_circ_0061093) as a critical driver of sunitinib resistance in ccRCC. CircLAMA5 is significantly upregulated in sunitinib‑resistant cell lines and cell‑derived",https://pubmed.ncbi.nlm.nih.gov/42744974/,PubMed
Cross-target and cell-preferential CRISPR-Cas9 inhibition with carbohydrate-tagged oligonucleotides.,"Li Bingzhi, Wang Shulin, Cao Min",Trends in biotechnology,2026-09-18,"Precise control of clustered regularly interspaced short palindromic repeats (CRISPR)-CRISPR-associated protein 9 (Cas9) activity is important for limiting off-target effects and chromosomal rearrangements. Existing inhibitors, including anti-CRISPR proteins and spacer-targeting oligonucleotides, can be constrained by immunogenicity, target-sequence dependence, or delivery challenges. Here, we dev",https://pubmed.ncbi.nlm.nih.gov/42744681/,PubMed
How a polymer filling enhances the rate and selectivity of colloid permeation across mesopores,"Mikhail Y. Laktionov, Frans A. M. Leermakers, Ralf P. Richter",arXiv,2026-09-18,"Polymer-functionalised mesopores are an emerging technology for colloid separation, sensing and delivery. Their potential is strikingly illustrated in living cells, where nuclear pore complexes (NPCs) control biocolloid transport between the nucleus and the cytosol. Even colloids much smaller than the biopolymer-filled NPC channel are effectively blocked, but some larger colloids with distinct sur",http://arxiv.org/abs/2608.27995v1,arXiv
Manganese-Functionalized GelMA Hydrogels for MRI-Guided Immunotheranostics in Precision Oncology,"Motahareh Nazari, Keyvan Alavi",arXiv,2026-09-18,"Precision oncology requires multifunctional platforms capable of integrating accurate tumor diagnosis, localized therapeutic delivery, immune modulation, and real-time monitoring of treatment response. Gelatin methacryloyl (GelMA) hydrogels have emerged as versatile biomaterials for biomedical engineering because of their biocompatibility, extracellular matrix-like structure, tunable mechanical pr",http://arxiv.org/abs/2606.29599v1,arXiv
Beyond efficiency: the AI-driven shift toward safer lipid nanoparticles for gene delivery.,"Xie Hai-Xin, Liu Jia-Qi, Zhao Min",Journal of controlled release : official journal of the Controlled Release Society,2026-09-18,"Lipid nanoparticles (LNPs) have reshaped gene delivery, most notably through their pivotal role in mRNA vaccines. However, as LNPs move beyond vaccination toward broader therapeutic applications, maximizing delivery efficiency alone is no longer sufficient. The inherent immunogenicity of both lipid and nucleic acid components initially observed in vaccines is posing new safety challenges. Herein, ",https://pubmed.ncbi.nlm.nih.gov/42753821/,PubMed
Longitudinal dynamics and lineage cross-reactivity of the human antibody response to West Nile virus.,"Leach Austin G, Xu Lingling, Malakar Shilu",mBio,2026-09-18,"West Nile virus (WNV) is an emerging/re-emerging flavivirus representing one of the major global causes of mosquito-borne encephalitis, yet no approved therapeutics or vaccines currently exist. To characterize the kinetics of WNV-specific immunity, we evaluated the humoral response in a longitudinal cohort of 55 WNV lineage 1-infected blood donors up to 1 year. We demonstrate that WNV infection el",https://pubmed.ncbi.nlm.nih.gov/42752195/,PubMed
MZB1 expression levels are associated with long-term maintenance of high anti-HBs titers: single-cell RNA-seq with validation by nested case-control and intervention studies.,"Huang Mei-Lin, Jiang Zhi-Hua, Hu Li-Ping",Frontiers in immunology,2026-09-18,"Approximately 5-10% of healthy, immunocompetent individuals are low- or non-responders to the HepB vaccine. The mechanism remains obscured. Among responders, immunity may wane over time, becoming undetectable in some. However, in some vaccinees, high anti-HBs titers persist for decades. Investigating the underlying causes may in turn provide clues to solving low- or non-response. Single-cell RNA s",https://pubmed.ncbi.nlm.nih.gov/42751130/,PubMed
Development a novel in silico mRNA vaccine against Clostridium difficile.,"Cheraghi Nasim, Khoshnood Saeed, Asadollahi Parisa","Journal, genetic engineering & biotechnology",2026-09-18,"Clostridium difficile, a toxin-producing bacterium, can lead to conditions ranging from mild diarrhea to severe pseudomembranous colitis. Our research introduces an innovative strategy for developing a multi-epitope mRNA vaccine using in-silico methods targeting proteins involved in Clostridium difficile infection (CDI). Through computational models, we identified epitopes for B cells, helper T ly",https://pubmed.ncbi.nlm.nih.gov/42749441/,PubMed
"mRNA-based therapeutics in lung Cancer: Mechanisms, applications, and translational challenges.","Wehbe Iman, Tlili Abdelaziz","Journal, genetic engineering & biotechnology",2026-09-18,"Lung cancer remains one of the most prevalent and lethal malignancies worldwide owing to late diagnosis, molecular heterogeneity, and development of therapeutic resistance. Recent global cancer statistics indicate that it accounts for approximately 2.5 million new cases and 1.8 million deaths annually. The rise of messenger RNA (mRNA) technology has become a highly effective approach in the fight ",https://pubmed.ncbi.nlm.nih.gov/42749398/,PubMed
Internal poly(A) replacement strategy within 3' UTR for live-attenuated tick-borne encephalitis virus.,"Zhang Qiu-Yan, Zhang Zhe-Rui, Deng Cheng-Lin",Journal of virology,2026-09-18,"Tick-borne encephalitis virus (TBEV), a prominent orthoflavivirus transmitted by ticks, poses a risk of potentially fatal encephalitis in humans. Currently, the only available inactivated vaccines have limited usage, underscoring the need for developing novel vaccine strategies. The 3' untranslated region (UTR) of TBEV can be divided into variable and conserved regions, where structured RNA elemen",https://pubmed.ncbi.nlm.nih.gov/42747226/,PubMed
FasL-mediated death of activated intratumoral T cells drives secondary resistance to cancer immunotherapy.,"Qing Chen, Ghorani Ehsan, Foster Kane A",Cancer immunology research,2026-09-18,"Cancer progression following an initial response to immunotherapy (secondary resistance; 2°R) is a major and poorly understood problem. We treated mice bearing B16 melanoma with a combination of a regulatory T cell (Treg) depleting, non-IL-2 blocking antibody (anti-CD25NIB) and an autologous cancer cell vaccine (GVAX). The regimen yielded initial tumor shrinkage followed by 2°R; lethal progression",https://pubmed.ncbi.nlm.nih.gov/42743199/,PubMed
Atlastin-2-mediated endoplasmic reticulum membrane tethering is critical for flavivirus replication.,"Owen Jonathan Einterz, Bemis Cheyanne Lynn, Wang Qingyi",PLoS biology,2026-09-18,"Flaviviruses (genus Orthoflavivirus) are arthropod-borne viruses which cause approximately 400 million annual global infections in humans. Flavivirus infection requires cellular machinery to facilitate replication and spread. All known flaviviruses replicate in association with the host endoplasmic reticulum (ER), where genome replication is confined within virus-induced ER invaginations called vi",https://pubmed.ncbi.nlm.nih.gov/42743140/,PubMed
Summarizing RNA Structural Ensembles via Maximum Agreement Secondary Structures.,"Gu Xinyu, Ivanovic Stefan, Feng Daniel W",Journal of computational biology : a journal of computational molecular cell biology,2026-09-18,Summarizing a collection ,https://pubmed.ncbi.nlm.nih.gov/42742330/,PubMed
A case of Bundibugyo virus disease treated with monoclonal antibodies and remdesivir.,"Uhrig Alexander, Pfäfflin Frieder, Tober-Lau Pinkus",Nature medicine,2026-09-18,"Clinical data on Bundibugyo virus (BDBV) infection are limited, and no approved virus-specific treatment exists. We describe the case of a previously healthy 39-year-old healthcare worker who acquired BDBV infection while working in Ituri Province, Democratic Republic of the Congo (DRC), and was medically evacuated to Germany. He received MBP134, an investigational combination of two monoclonal an",https://pubmed.ncbi.nlm.nih.gov/42742180/,PubMed
Long-term immunity and protection against SARS-CoV-2 XBB.1.5 following homologous and heterologous mRNA and MVA vaccination.,"Pérez Patricia, Esteso Gloria, García-García Isabel",Frontiers in immunology,2026-09-18,"Although mRNA-based COVID-19 vaccines have demonstrated high efficacy, their widespread global use remains constrained by high production costs and cold-chain requirements. Modified vaccinia virus Ankara (MVA) is a highly attenuated and thermostable viral vector with low production costs, potent immunogenicity, and strong potential for global distribution. Here, we compared head-to-head the long-t",https://pubmed.ncbi.nlm.nih.gov/42741364/,PubMed
Construction of a Neoantigen Prognostic Model for Gastric Adenocarcinoma Based on Multi-Omics Data Mining and the Design of mRNA Vaccines and Targeted Drugs.,"Liang Jiaxiang, Xie Zhipeng, Sun Yingjie",International journal of molecular sciences,2026-09-18,"This study systematically explored immune targets in gastric adenocarcinoma (GAC) suitable for mRNA vaccine development. Based on multi-omics data from public databases, we first screened a set of potential tumor-associated antigen genes. Subsequently, using ten machine learning algorithms, we constructed 101 prognostic models and, through optimization and comparison, selected the Random Survival ",https://pubmed.ncbi.nlm.nih.gov/42737617/,PubMed
Transcriptomic and Proteomic Insights into Mucosal Immune Responses of Asian Seabass (,"Rodwihok Chatchai, Thompson Kim D, Meachasompop Pakapon",International journal of molecular sciences,2026-09-18,Bacterial diseases caused by ,https://pubmed.ncbi.nlm.nih.gov/42737550/,PubMed
"siRNA and mRNA Therapeutics: A Comprehensive Review of Mechanisms, Delivery Strategies, Clinical Applications, and Future Directions in Precision Pharmacology.","Dahiya Ritu, Singh Ajay Pal, Mathur Pooja",Current gene therapy,2026-09-18,"Small interfering RNA (siRNA) and messenger RNA (mRNA) therapeutics represent transformative approaches in precision pharmacology, enabling targeted gene silencing and protein expression, respectively. This review provides a comprehensive analysis of their molecular mechanisms, delivery strategies, clinical applications, and future directions. By leveraging RNA interference for siRNA and translati",https://pubmed.ncbi.nlm.nih.gov/42736690/,PubMed
An Integrative Computational Approach to Predict Viral Epitopes by Targeting the MHC-TCR Complexation,"Jaya Vasavi Pamidimukkala, Roshan Balaji, Nirav Pravinbhai Bhatt",arXiv,2026-09-18,"T-cell immunity acts as a major defense system against controlling viral infections in vertebrates. During viral entry, innate immune cells degrade the viral proteins (antigens) and present them on their surface via Major Histocompatibility (MHC) proteins. T-cell receptors (TCRs) recognize these antigens/peptides presented by MHC (pMHC), initiating a T-cell mediated immune response. Despite its si",http://arxiv.org/abs/2609.03182v1,arXiv
Transformer-Based Active Learning for Data-Efficient Vaccine Epitope Selection in PRRS,"Aspen Erlandsson Brisebois, Zahed Khatooni, Connor Burbridge",arXiv,2026-09-18,"High-fidelity molecular docking simulations can produce biologically relevant estimates of epitope-receptor binding affinity but are computationally expensive and therefore limit the number of candidates that can be screened for vaccine design. In this work, we evaluate machine learning (ML) approaches where variants of active learning are used to classify instances of high binding affinity betwee",http://arxiv.org/abs/2606.28659v1,arXiv
Exploring the Effects of Entanglement on Quantum Machine Learning of Pathogen Epitope-Receptor Binding,"Aspen Erlandsson Brisebois, Luis Pablo Gonzalez Dominguez, Shivansi Prajapati",arXiv,2026-09-18,"Parameterized quantum circuits (PQCs) provide a flexible substrate for hybrid quantum machine learning (QML), but their practical value on Noisy Intermediate-Scale Quantum (NISQ) devices remains an empirical question, especially because training depth and scale can introduce optimization challenges such as barren plateaus. Here we study how the number and topology of two-qubit entangling gates in ",http://arxiv.org/abs/2606.28655v1,arXiv
Clade 2.3.4.4b but not historical clade 1 HA replicating RNA vaccine protects against bovine H5N1 challenge in mice,"David W. Hawman, Thomas Tipih, Edgar A Hodge",Nature Communications,2025-01-14,"The ongoing circulation of influenza A H5N1 in the United States has raised concerns of a pandemic caused by highly pathogenic avian influenza. Although the United States has stockpiled and is prepared to produce millions of vaccine doses to address an H5N1 pandemic, currently circulating H5N1 viruses contain multiple mutations within the immunodominant head domain of hemagglutinin (HA) compared t",https://www.semanticscholar.org/paper/821d2fab28b8dbce51c6f8632266e3661b873042,Semantic Scholar
Phase I/II study of COVID-19 RNA vaccine BNT162b1 in adults,"M. Mulligan, K. Lyke, N. Kitchin",Nature,2020-08-12,,https://www.semanticscholar.org/paper/afe4cc71f4814fce21031c3f15998576c7175b1a,Semantic Scholar
An RNA vaccine drives immunity in checkpoint-inhibitor-treated melanoma,"U. Şahin, P. Oehm, E. Derhovanessian",Nature,2020-07-29,,https://www.semanticscholar.org/paper/4114cc7dc2faed7f0cba4bece628827023d6d9a7,Semantic Scholar
A single-dose circular RNA vaccine prevents Zika virus infection without enhancing dengue severity in mice,"Xing-Long Liu, Zheng-Feng Li, Xiaoxia Li",Nature Communications,2024-10-16,"Antibody-dependent enhancement (ADE) is a potential concern for the development of Zika virus (ZIKV) vaccines. Cross-reactive but poorly neutralizing antibodies, usually targeting viral pre-membrane or envelope (E) proteins, can potentially enhance dengue virus (DENV) infection. Although E domain III (EDIII) contains ZIKV-specific epitopes, its immunogenicity is poor. Here, we show that dimeric ED",https://www.semanticscholar.org/paper/0994107d2c3126bc8175fcb814759f22aa879e71,Semantic Scholar
CLDN6-specific CAR-T cells plus amplifying RNA vaccine in relapsed or refractory solid tumors: the phase 1 BNT211-01 trial,"A. Mackensen, J. Haanen, C. Koenecke",Nature Medicine,2023-10-23,"The oncofetal antigen Claudin 6 (CLDN6) is highly and specifically expressed in many solid tumors, and could be a promising treatment target. We report dose escalation results from the ongoing phase 1/2 BNT211-01 trial evaluating the safety and feasibility of chimeric antigen receptor (CAR) T cells targeting the CLDN6 with or without a CAR-T cell-amplifying RNA vaccine (CARVac) at two dose levels ",https://www.semanticscholar.org/paper/c89c242b594c5436e9ccf6bb055d4a82a9f3d7ac,Semantic Scholar
A self-amplifying RNA vaccine prevents enterovirus D68 infection and disease in preclinical models,"N. Warner, Jacob Archer, Stephanie Park",Science Translational Medicine,2024-08-07,"The recent emergence and rapid response to severe acute respiratory syndrome coronavirus 2 was enabled by prototype pathogen and vaccine platform approaches, driven by the preemptive application of RNA vaccine technology to the related Middle East respiratory syndrome coronavirus. Recently, the National Institutes of Allergy and Infectious Diseases identified nine virus families of concern, eight ",https://www.semanticscholar.org/paper/062bad8d56c9e1c0a11093c67a88c07449f30d3a,Semantic Scholar
Immunogenicity of a Single Dose of SARS-CoV-2 Messenger RNA Vaccine in Solid Organ Transplant Recipients.,"B. Boyarsky, William Werbel, R. Avery",Journal of the American Medical Association (JAMA),2021-03-15,"Immunogenicity of a Single Dose of SARS-CoV-2 Messenger RNA Vaccine in Solid Organ Transplant Recipients Immunocompromised individuals have been excluded from studies of SARS-CoV-2 messenger RNA (mRNA) vaccines. In such patients, the immune response to vaccination may be blunted. To better understand the immunogenicity of mRNA vaccines in immunocompromised individuals, we quantified the humoral re",https://www.semanticscholar.org/paper/e5ff6b04229043e1f4926af585923c6f606cad17,Semantic Scholar
Circular RNA vaccine in disease prevention and treatment,"Dun Niu, Yaran Wu, J. Lian",Signal Transduction and Targeted Therapy,2023-09-11,"CircRNAs are a class of single-stranded RNAs with covalently linked head-to-tail topology. In the decades since its initial discovery, their biogenesis, regulation, and function have rapidly disclosed, permitting a better understanding and adoption of them as new tools for medical applications. With the development of biotechnology and molecular medicine, artificial circRNAs have been engineered a",https://www.semanticscholar.org/paper/f2d7ccee08508c5211e77e035c0fcf5b58b341bf,Semantic Scholar
A replicating RNA vaccine confers protection in a rhesus macaque model of Crimean-Congo hemorrhagic fever,"David W. Hawman, Shanna S. Leventhal, Kimberly Meade-White",npj Vaccines,2024-05-20,"Crimean-Congo hemorrhagic fever (CCHF) is a tick-borne febrile illness with a wide geographic distribution. In recent years the geographic range of Crimean-Congo hemorrhagic fever virus (CCHFV) and its tick vector have increased, placing an increasing number of people at risk of CCHFV infection. Currently, there are no widely available vaccines, and although the World Health Organization recommend",https://www.semanticscholar.org/paper/75b0ab72c2fd67513a03ee1af9e0eba13768c568,Semantic Scholar
Controlling reactogenicity while preserving immunogenicity from a self-amplifying RNA vaccine by modulating nucleocytoplasmic transport,"Jason A. Wojcechowskyj, Robyn M. Jong, Imre Mäger",bioRxiv,2024-12-29,"Self-amplifying RNA (saRNA)-based vaccines have emerged as a potent and durable RNA vaccine platform. However, RNA vaccine platforms trigger undesirable side effects at protective doses, underscoring the need for improved tolerability. To address this, we leveraged the Cardiovirus leader protein, which is well-characterized to dampen host innate signaling by modulating nucleocytoplasmic transport ",https://www.semanticscholar.org/paper/95add8df14c1a8592a3ebaa29f1c2137a0b5c7e0,Semantic Scholar
Self-Amplifying RNA: Advantages and Challenges of a Versatile Platform for Vaccine Development,"T. Vallet, Marco Vignuzzi",Viruses,2025-04-01,"Self-amplifying RNA is synthetic nucleic acid engineered to replicate within cells without generating viral particles. Derived from alphavirus genomes, saRNA retains the non-structural elements essential for replication while replacing the structural elements with an antigen of interest. By enabling efficient intracellular amplification, saRNA offers a promising alternative to conventional mRNA va",https://www.semanticscholar.org/paper/9d4c82b05e2938b9c2650b7f3e821c0c0b171ec4,Semantic Scholar
Circular RNA vaccine induces potent T cell responses,"Laura Amaya, Lilit Grigoryan, Zhijian Li",Proceedings of the National Academy of Sciences of the United States of America,2023-05-08,"Significance Circular RNAs (circRNAs) are a unique class of RNAs that are highly stable compared to linear mRNAs and can be engineered to provide durable protein expression. This study demonstrates that circRNA encoding antigenic protein sequences delivered by a charge-altering releasable transporter can effectively serve as both an adjuvant and an immunogen, inducing potent cellular immunity and ",https://www.semanticscholar.org/paper/4da3053c70133b6d1982a7101c8ddabd8d9caa8c,Semantic Scholar
An RNA vaccine drives expansion and efficacy of claudin-CAR-T cells against solid tumors,"Katharina Reinhard, B. Rengstl, P. Oehm",Science,2020-01-02,"A one-two, CAR-T cell punch Chimeric antigen receptor (CAR)–T cells have been clinically effective in killing certain hematological malignancies, but achieving long-term patient responses for solid tumors remains a challenge. Reinhard et al. describe a two-part “CARVac” strategy to overcome poor CAR-T cell stimulation and responses in vivo. They introduce the tight junction protein claudin 6 (CLDN",https://www.semanticscholar.org/paper/33f5cffb55ec96290c0bac540e4f3b1747ba4bb9,Semantic Scholar
Self-Amplifying RNA Vaccine Candidates: Alternative Platforms for mRNA Vaccine Development,"C. Schmidt, B. Schnierle",Pathogens,2023-01-01,"The present use of mRNA vaccines against COVID-19 has shown for the first time the potential of mRNA vaccines for infectious diseases. Here we will summarize the current knowledge about improved mRNA vaccines, i.e., the self-amplifying mRNA (saRNA) vaccines. This approach may enhance antigen expression by amplification of the antigen-encoding RNA. RNA design, RNA delivery, and the innate immune re",https://www.semanticscholar.org/paper/42263e5bcbeb1261df345d01b5196557ceb15e30,Semantic Scholar
Vaccines’ New Era-RNA Vaccine,"Wen-Shuo Zhou, Ling-Lei Jiang, Shimiao Liao",Viruses,2023-08-01,"RNA vaccines, including conventional messenger RNA (mRNA) vaccines, circular RNA (circRNA) vaccines, and self-amplifying RNA (saRNA) vaccines, have ushered in a promising future and revolutionized vaccine development. The success of mRNA vaccines in combating the COVID-19 pandemic caused by the SARS-CoV-2 virus that emerged in 2019 has highlighted the potential of RNA vaccines. These vaccines poss",https://www.semanticscholar.org/paper/edfd3ac0b8e7021f08fc73a0d3324058bcb13c00,Semantic Scholar
"Safety and immunogenicity of SARS-CoV-2 self-amplifying RNA vaccine expressing an anchored RBD: A randomized, observer-blind phase 1 study","W. Akahata, T. Sekida, T. Nogimori",Cell Reports Medicine,2023-08-01,Summary VLPCOV-01 is a lipid nanoparticle-encapsulated self-amplifying RNA (saRNA) vaccine that expresses a membrane-anchored receptor-binding domain (RBD) derived from the severe acute respiratory syndrome coronavirus 2 (SARS-CoV-2) spike protein. A phase 1 study of VLPCOV-01 is conducted (jRCT2051210164). Participants who completed two doses of the BNT162b2 mRNA vaccine previously are randomized,https://www.semanticscholar.org/paper/2167ba7126a190c7f7b4055adb084e4ed37f67c7,Semantic Scholar
Safety and Immunogenicity of Two RNA-Based Covid-19 Vaccine Candidates,"E. Walsh, R. Frenck, A. Falsey",New England Journal of Medicine,2020-10-14,"Abstract Background Severe acute respiratory syndrome coronavirus 2 (SARS-CoV-2) infections and the resulting disease, coronavirus disease 2019 (Covid-19), have spread to millions of persons worldwide. Multiple vaccine candidates are under development, but no vaccine is currently available. Interim safety and immunogenicity data about the vaccine candidate BNT162b1 in younger adults have been repo",https://www.semanticscholar.org/paper/6dbd3d5dddc9708185a64e539ed0aa37b52690a6,Semantic Scholar
Carditis After COVID-19 Vaccination With a Messenger RNA Vaccine and an Inactivated Virus Vaccine,"Francisco Tsz Tsun Lai, Xue Li, Kuan-hao Peng",Annals of Internal Medicine,2022-01-25,"Cases of carditis after the use of a messenger RNA (mRNA) COVID-19 vaccine have been reported in various populations worldwide. However, few studies have directly evaluated this association. Furthermore, it is unclear whether this potential risk involves vaccine platforms other than mRNA vaccines. This case–control study from Hong Kong aimed to examine the association between COVID-19 vaccination ",https://www.semanticscholar.org/paper/94da2455d0ed10791e0dec9954e0f9b02b7dd6fb,Semantic Scholar
"Safety and immunogenicity of a self-amplifying RNA vaccine against COVID-19: COVAC1, a phase I, dose-ranging trial","K. Pollock, H. Cheeseman, A. Szubert",EClinicalMedicine,2022-01-14,"Summary Background Lipid nanoparticle (LNP) encapsulated self-amplifying RNA (saRNA) is a novel technology formulated as a low dose vaccine against COVID-19. Methods A phase I first-in-human dose-ranging trial of a saRNA COVID-19 vaccine candidate LNP-nCoVsaRNA, was conducted at Imperial Clinical Research Facility, and participating centres in London, UK, between 19th June to 28th October 2020. Pa",https://www.semanticscholar.org/paper/1a26b3a23a29a8f98b09c53fa36bb06bec38c2a9,Semantic Scholar
A replicon RNA vaccine can induce durable protective immunity from SARS-CoV-2 in nonhuman primates after neutralizing antibodies have waned,"Megan A. O'Connor, David W. Hawman, Kimberly Meade-White",PLoS Pathogens,2023-04-01,"The global SARS-CoV-2 pandemic prompted rapid development of COVID-19 vaccines. Although several vaccines have received emergency approval through various public health agencies, the SARS-CoV-2 pandemic continues. Emergent variants of concern, waning immunity in the vaccinated, evidence that vaccines may not prevent transmission and inequity in vaccine distribution have driven continued developmen",https://www.semanticscholar.org/paper/57863723066e77b51e468792ae55513c6034b265,Semantic Scholar
Thymine-functionalized bPEI nanocomplexes for synergistic STING activation and PD-L1 silencing to potentiate cancer immunotherapy.,"Chen Liqing, Song Mong-Hsiu, Jin Mingji",Journal of controlled release : official journal of the Controlled Release Society,2026-09-18,"Cancer continues to pose a major global health burden. Although immunotherapy has reshaped treatment strategies, its therapeutic effect is frequently limited by a suppressive tumor microenvironment and systemic toxicity. The stimulator of interferon genes (STING) pathway has emerged as a key target for coordinating innate and adaptive immunity through type I interferon signaling, yet insufficient ",https://pubmed.ncbi.nlm.nih.gov/42753819/,PubMed
FAPi-Mediated siRNA Lipid Nanoparticles for the Treatment of Liver Fibrosis.,"Feng Rulan, Zhu Shulei, Yao Zijun","Small (Weinheim an der Bergstrasse, Germany)",2026-09-18,"Liver fibrosis lacks effective therapies largely due to the inability of conventional lipid nanoparticles (LNPs) to target activated hepatic stellate cells (HSCs), the primary drivers of fibrotic progression. Here, we developed a fibroblast activation protein inhibitor (FAPi)-modified LNP encapsulating heat shock protein 47 (HSP47) siRNA (FAPi-LNP/siHSP47) to target activated HSCs. FAPi-LNP/siHSP4",https://pubmed.ncbi.nlm.nih.gov/42753175/,PubMed
Angiopoietin-Like 4 Induces Upregulation of VEGF and sVCAM1 Through JNK/c-Jun and JAK2/STAT5 Signaling Pathways.,"Osorio Derek L, Kumar Ajay, Choi Alexander",Investigative ophthalmology & visual science,2026-09-18,"Angiopoietin-like protein 4 (ANGPTL4) is a multifunctional cytokine regulating angiogenesis, vascular permeability, and inflammation that is elevated, along with vascular endothelial growth factor (VEGF), in multiple ocular neovascular disorders, including ischemic retinopathies and neovascular age-related macular degeneration. However, the downstream signaling pathways that contribute to the effe",https://pubmed.ncbi.nlm.nih.gov/42752553/,PubMed
One-pot synthesis of Mn/Fe bimetal-doped metal-organic framework as multifunctional nanocarriers for esophageal cancer targeted therapy.,"Ma Jia, Zhang Xin, Meng Xiangpeng",Journal of pharmaceutical analysis,2026-09-18,"Chemodynamic therapy (CDT) offers new opportunities to eliminate cancer by killing tumor cells through the production of toxic hydroxyl radicals (·OH) in the tumor region. However, the efficiency of CDT is severely hampered by insufficient levels of hydrogen peroxide and large amounts of glutathione (GSH) in tumor cells. To address this issue, we developed Mn/Fe bimetallic metal-organic framework ",https://pubmed.ncbi.nlm.nih.gov/42751532/,PubMed
Dnmt3b and Dnmt3l knockdown reduces blastocyst development in early mouse embryos.,"Bozdemir Nazlican, Cinar Ozgur, Oznacar Tugce",Histochemistry and cell biology,2026-09-18,"A one-cell embryo called a zygote develops into a blastocyst through several successive cell divisions and lineage specification, this process is called early embryo development. Both embryonic genome activation (EGA) and the first lineage specification during early embryonic development depend on tightly coordinated epigenomic organization. Regulation of the epigenome is primarily governed by DNA",https://pubmed.ncbi.nlm.nih.gov/42749899/,PubMed
Celastrol induces mitochondrial apoptosis in hepatocellular carcinoma by suppressing LRP6-associated Wnt/β-catenin signaling.,"Wang Yixuan, Wang Dandan, Fu Jinghao",Biochemical pharmacology,2026-09-18,"Celastrol, a quinone methide triterpenoid derived from the root bark of Tripterygium wilfordii Hook. f., has antitumor activity, but its molecular mechanisms in hepatocellular carcinoma (HCC) remain incompletely defined. This study investigated whether celastrol suppresses HCC through LRP6-associated modulation of Wnt/β-catenin signaling and mitochondrial apoptosis. Public datasets and immunohisto",https://pubmed.ncbi.nlm.nih.gov/42749233/,PubMed
Absence of Receptor Mediated Functional Progesterone Withdrawal in the Decidua During Labor-like Inflammatory Conditions.,"Selim Jessica, Thomas Tilu, Urrabaz-Garza Rheanna","American journal of reproductive immunology (New York, N.Y. : 1989)",2026-09-18,"Preterm birth and dysregulated labor remain the leading causes of neonatal morbidity, yet the mechanisms governing progesterone (P4) signaling and inflammatory regulation within the decidua parietalis at the feto-maternal interface are poorly understood. In particular, the roles of progesterone receptor membrane components PGRMC1 and PGRMC2 in maintaining decidual immune homeostasis during pregnan",https://pubmed.ncbi.nlm.nih.gov/42748907/,PubMed
KLF5-driven G6PD protects lung squamous cell carcinoma from ferroptosis by sustaining mitochondrial homeostasis and SLC7A11-dependent cystine uptake.,"Yu Nanding, Wu Yingxiao, Li Mengling",International immunopharmacology,2026-09-18,"Lung squamous cell carcinoma (LUSC) is a highly aggressive malignancy with limited therapeutic options. Ferroptosis has emerged as a promising antitumor strategy. However, the metabolic determinants governing ferroptotic vulnerability in LUSC remain incompletely understood. We investigated glucose-6-phosphate dehydrogenase (G6PD) in this context. In vitro models using small interfering RNA (siRNA)",https://pubmed.ncbi.nlm.nih.gov/42748785/,PubMed
"Hopes and doubts about zilebesiran, a new antihypertensive drug.","Głuszek Jerzy, Kosicka Teresa","Wiadomosci lekarskie (Warsaw, Poland : 1960)",2026-09-18,The aim of this work is to critically evaluate the benefits and risks of zilebesiran. A comprehensive literature search was conducted in PubMed and Google Scholar databases to identify relevant studies on zilebesiran and other small-interfering RNA (siRNA)-based therapies for hypertension. The search covered publications from January 2010 to December 2025. The following keywords and combinations w,https://pubmed.ncbi.nlm.nih.gov/42748315/,PubMed
TRPV4 is Associated with a Marfan Syndrome-Related Mechanosensitive Gene Program in Aortic Smooth Muscle Cells.,"Liu Jian, Bai Jin, Gao Faxiong",Biochemical genetics,2026-09-18,"Marfan syndrome (MFS) aortopathy involves extracellular matrix disruption, altered mechanical cues, and maladaptive vascular smooth muscle cell (VSMC) remodeling. However, the mechanosensitive regulators associated with MFS-related VSMC dysfunction remain unclear. This study aimed to identify and validate mechanosensitive candidate genes in MFS aortopathy. Public VSMC transcriptomic data from GSE1",https://pubmed.ncbi.nlm.nih.gov/42747764/,PubMed
Synergistic restoration of NK cell cytotoxicity against solid tumors via sLTA-mediated dual-action modulation.,"Choi Dobin, Kim Hyeoungeun, Kim Hangeun",Molecular biology reports,2026-09-18,"Natural killer (NK) cell-based immunotherapy has shown limited efficacy against solid tumors due to impaired NK cell activation and intrinsic tumor resistance. This study investigated whether lipoteichoic acid isolated from Latilactobacillus sakei K101 (sLTA) could overcome NK resistance in HT-29 colon cancer cells. Using an NK3.3/HT-29 co-culture system, we found that IL-2-activated NK cells alon",https://pubmed.ncbi.nlm.nih.gov/42747644/,PubMed
FTO-mediated GPX4 m6A modification in ferroptosis-induced DNA damage and inflammatory response during acute lung injury.,"Liu Xiuli, Gu Ying, Yuan Fang",Journal of bioenergetics and biomembranes,2026-09-18,"To investigate the role of Fat Mass and Obesity-associated Protein (FTO) in acute lung injury (ALI) and elucidate how it regulates ferroptosis via N6-methyladenosine (m6A) modification of glutathione peroxidase 4 (GPX4). ALI models were established in LPS‑stimulated BEAS‑2B cells and mice. FTO expression was modulated by siRNA, inhibitors, or adeno‑associated virus. Ferroptosis, apoptosis, inflamm",https://pubmed.ncbi.nlm.nih.gov/42747632/,PubMed
The Effects of Disrupting Ca,"Li Wenheng, Li Changjian, Cong Meng","Marine biotechnology (New York, N.Y.)",2026-09-18,Ca,https://pubmed.ncbi.nlm.nih.gov/42747557/,PubMed
DYRK kinases phosphorylate IL-17RA at S801.,"Moududee Sayed Ala, Herppich Andrew A, Pflum Mary Kay H",Serican journal of medicine,2026-09-18,"Interleukin-17 (IL-17) receptor A (IL-17RA) promotes inflammatory reactions by activating kinases and transcription regulators. Our previous studies have demonstrated that glycogen synthase kinase 3 (GSK3) phosphorylates IL-17RA at T780. It is not known whether other kinases also phosphorylate IL-17RA. Here, we identified an association between dual-specificity tyrosine-regulated kinases (DYRKs) a",https://pubmed.ncbi.nlm.nih.gov/42746556/,PubMed
"Effects of HA1, a probucol analogue, and APOC3 siRNA on lipoprotein and amyloid-β metabolism and neurovascular dysfunction in type 2 diabetic mice.","Sharif Arazu, Mamo John Charles Louis, Lam Virginie",Frontiers in pharmacology,2026-09-18,Chronic vascular exposure to elevated levels of lipoprotein-amyloid-β (Aβ) contributes to blood-brain barrier (BBB) disruption and the pathogenesis of Alzheimer's disease (AD). Therapeutic agents such as probucol have been shown to reduce circulating lipoprotein-Aβ levels and mitigate neurovascular dysfunction and cognitive decline. Type 2 diabetes (T2D) impairs BBB integrity and is characterised ,https://pubmed.ncbi.nlm.nih.gov/42746205/,PubMed
DeepSilencer: A Novel Deep Learning Model for Predicting siRNA Knockdown Efficiency,"Wangdan Liao, Weidong Wang",arXiv,2026-09-18,"Background: Small interfering RNA (siRNA) is a promising therapeutic agent due to its ability to silence disease-related genes via RNA interference. While traditional machine learning and early deep learning methods have made progress in predicting siRNA efficacy, there remains significant room for improvement. Advanced deep learning techniques can enhance prediction accuracy, reducing the relianc",http://arxiv.org/abs/2503.04200v1,arXiv
Maturation of siRNA by strand separation: Steered Molecular dynamics study,"Rakesh K Mishra, Sanchita Mukherjee, Dhananjay Bhattacharyya",arXiv,2026-09-18,"RNA interference, particularly siRNA induced gene silencing is becoming an important avenue of modern therapeutics. The siRNA is delivered to the cells as short double helical RNA which becomes single stranded for forming the RISC complex. Significant experimental evidence is available for most of the steps except the process of the separation of the two strands. We have attempted to understand th",http://arxiv.org/abs/1910.03778v1,arXiv
Using a hydrogen-bond index to predict the gene-silencing efficiency of siRNA based on the local structure of mRNA,"Kathy Q. Luo, Donald C. Chang",arXiv,2026-09-18,The gene silencing effect of short interfering RNA (siRNA) is known to vary strongly with the targeted position of the mRNA. A number of hypotheses have been suggested to explain this phenomenon. We would like to test if this positional effect is mainly due to the secondary structure of the mRNA at the target site. We proposed that this structural factor can be characterized by a single parameter ,http://arxiv.org/abs/1710.07413v1,arXiv
Unraveling siRNA Unzipping Kinetics with Graphene,"Santosh Mogurampelly, Swati Panigrahi, Dhananjay Bhattacharyya",arXiv,2026-09-18,"Using all atom molecular dynamics simulations, we report spontaneous unzipping and strong binding of small interfering RNA (siRNA) on graphene. Our dispersion corrected density functional theory based calculations suggest that nucleosides of RNA have stronger attractive interactions with graphene as compared to DNA residues. These stronger interactions force the double stranded siRNA to spontaneou",http://arxiv.org/abs/1207.4569v1,arXiv
Unzipping and binding of small interfering RNA with single walled Carbon Nanotube: a platform for small interfering RNA delivery,"Mogurampelly Santosh, Swati Panigrahi, Dhananjay Bhattacharyya",arXiv,2026-09-18,"In an effort to design efficient platform for siRNA delivery, we combine all atom classical and quantum simulations to study the binding of small interfering RNA (siRNA) by pristine single wall carbon nanotube (SWCNT). Our results show that siRNA strongly binds to SWCNT surface via unzipping its base-pairs and the propensity of unzipping increases with the increase in the diameter of the SWCNTs. T",http://arxiv.org/abs/1203.2409v1,arXiv
Nanodiamond as a vector for siRNA delivery to Ewing sarcoma cells,"Anna Alhaddad, Marie-Pierre Adam, Jacques Botsoa",arXiv,2026-09-18,"We investigated the ability of diamond nanoparticles (nanodiamonds, NDs) to deliver small interfering RNA (siRNA) in Ewing sarcoma cells, in the perspective of in vivo anti-cancer nucleic acid drug delivery. siRNA was adsorbed onto NDs previously coated with cationic polymer. Cell uptake of NDs has been demonstrated by taking advantage of NDs intrinsic fluorescence coming from embedded color cente",http://arxiv.org/abs/1106.2252v2,arXiv
Target prediction and a statistical sampling algorithm for RNA-RNA interaction,"F. W. D. Huang, J. Qin, C. M. Reidys",arXiv,2026-09-18,"It has been proven that the accessibility of the target sites has a critical influence for miRNA and siRNA. In this paper, we present a program, rip2.0, not only the energetically most favorable targets site based on the hybrid-probability, but also a statistical sampling structure to illustrate the statistical characterization and representation of the Boltzmann ensemble of RNA-RNA interaction st",http://arxiv.org/abs/0908.0597v1,arXiv
In silico evidence of the relationship between miRNAs and siRNAs,"Ludovica Montanucci, Piero Fariselli, Pier Luigi Martelli",arXiv,2026-09-18,"Both short interfering RNAs (siRNAs) and microRNAs (miRNAs) mediate the repression of specific sequences of mRNA through the RNA interference pathway. In the last years several experiments have supported the hypothesis that siRNAs and miRNAs may be functionally interchangeable, at least in cultured cells. In this work we verify that this hypothesis is also supported by a computational evidence. We",http://arxiv.org/abs/0705.2355v1,arXiv
