title,authors,journal,date,abstract,link,source
"Proteomic comparison of hippocampal neurofibrillary tangles in PART, intermediate Alzheimer's disease and advanced Alzheimer's disease.","Thierry Manon, Leitner Dominique, Balcomb Kaleah",Acta neuropathologica,2026-08-02,"Alzheimer's disease (AD) is characterised by the intraneuronal aggregation of phosphorylated Tau (pTau) into neurofibrillary tangles and by the extracellular deposition of β-amyloid (Aβ). Tau pathology restricted to the hippocampal formation is frequently observed in the elderly brain in the absence of any Aβ deposition and considered as ""primary age-related tauopathy"" (PART). Here, we applied an ",https://pubmed.ncbi.nlm.nih.gov/42542447/,PubMed
Peripheral toll-like receptor expression indicates distinct innate immune signatures in schizophrenia spectrum and mood disorders: A systematic review and meta-analysis.,"Karska Julia, Kowalski Szymon, Rudy Kamila","Brain, behavior, and immunity",2026-08-02,"Toll-like receptors (TLRs) are key pattern-recognition receptors initiating inflammatory signaling, and their peripheral mRNA levels may reflect disorder-specific innate immune activation. Dysregulation of innate immunity has been implicated across schizophrenia spectrum disorders (SSD) and mood disorders, yet no quantitative synthesis of TLR expression has been available. The review protocol was ",https://pubmed.ncbi.nlm.nih.gov/42542193/,PubMed
The single nucleotide polymorphism rs12041948 influences CDX4-Mediated RGS4 gene expression.,"Xu Feng-Ling, Yang Xin-Rui, Yang Yan-Yan",Gene,2026-08-02,"The SNPs in the 5' regulatory region of the human RGS4 gene were reportedly associated with schizophrenia risk. To elucidate the impact of the rs12041948 on CDX4 binding and the subsequent regulation of RGS4 gene expression, the dual-luciferase reporter assays, EMSAs, qPCR and western blotting were performed. Haplotypes carrying the rs12041948 T allele exhibited significantly higher relative lucif",https://pubmed.ncbi.nlm.nih.gov/42542172/,PubMed
Ubiquitin-proteasome-dependent degradation of HIF-1α by cannabidiol disrupts pro-angiogenic synoviocyte-endothelial crosstalk in rheumatoid arthritis.,"Chen Jing, Li Gejing, Zhao Fang",Phytomedicine : international journal of phytotherapy and phytopharmacology,2026-08-02,"Cannabidiol (CBD), a major non-psychoactive phytocannabinoid derived from Cannabis sativa L., has shown therapeutic potential in rheumatoid arthritis (RA). However, the mechanisms by which CBD modulates synovial angiogenesis remain unclear. This study aimed to investigate whether CBD attenuates RA progression by suppressing synovial angiogenesis and to elucidate the underlying molecular mechanisms",https://pubmed.ncbi.nlm.nih.gov/42542056/,PubMed
SERBP1 promoter single nucleotide polymorphism (SNP) rs3762314: a genetic susceptibility biomarker promoting malignant phenotype in hepatocellular carcinoma.,"Wang Meixia, Liu Han, Guo Cancan",Biochemical and biophysical research communications,2026-08-02,"Hepatocellular carcinoma (HCC) is one of the leading causes of cancer-related mortality worldwide. SERPINE1 mRNA binding protein 1 (SERBP1) has been implicated as an oncogenic factor in HCC; however, the role of SERBP1 single nucleotide polymorphisms (SNPs) in HCC susceptibility and progression remains unclear. This study aimed to identify functional regulatory SNPs in SERBP1 associated with HCC r",https://pubmed.ncbi.nlm.nih.gov/42542044/,PubMed
Helicobacter pylori small RNA HPnc1470 represses HP0499/PldA/CGAT expression and modulates gastric epithelial morphology and inflammation.,"Nishida Kana, Kuroda Eisuke, Kimura Kouji",Biochemical and biophysical research communications,2026-08-02,"Helicobacter pylori persistently colonizes the stomach and contributes to gastric inflammation and carcinogenesis via sustained interactions with gastric epithelial cells. Although bacterial small RNAs (sRNAs) are crucial post-transcriptional regulators, their roles in regulating H. pylori factors that influence host cell responses remain poorly understood. In this study, we characterized HPnc1470",https://pubmed.ncbi.nlm.nih.gov/42542039/,PubMed
"Mechanisms of Qing-Shen-Du formula in treating diabetic kidney disease: Integrating network pharmacology, molecular docking, molecular dynamics, transcriptomics, and experimental validation.","Zhao Jie, Su Hua, Lan Fang","Journal of chromatography. B, Analytical technologies in the biomedical and life sciences",2026-08-02,"Diabetic kidney disease (DKD) represents the major contributor to end-stage renal disease globally, but no curative therapies are currently available. Qing-Shen-Du formula (QSDF), a Traditional Chinese Medicine formula, confers notable protective effects on DKD. It is yet unknown, nevertheless, how QSDF influences DKD. In this study, an analysis of the chemical compounds in QSDF was performed usin",https://pubmed.ncbi.nlm.nih.gov/42542036/,PubMed
NR5A2 increases inflammation and cell proliferation by regulating the nuclear factor κB pathway in polyendocrine metabolic ovarian syndrome.,"Zhou Ruiqiong, Wang Zhaoyi, Dong Mei",Reproductive biomedicine online,2026-08-02,"Does NR5A2 (nuclear receptor subfamily 5 group A member 2) play a role in the dysregulation of granulosa cells in polyendocrine metabolic ovarian syndrome (PMOS), which is a common endocrine disorder and a leading cause of anovulatory infertility, and what are its underlying regulatory mechanisms? The mRNA expression levels of NR5A2 and related genes were assessed in human granulosa cells (HGCs) i",https://pubmed.ncbi.nlm.nih.gov/42542018/,PubMed
Self-assembled palindromic DNA nanostructure for orthogonal entropy-driven amplification and multiplexed fluorescence fingerprinting of intracellular RNAs.,"Mo Rui-Bin, Yu Xiao-Qing, Liu Xiao-Fei",Biosensors & bioelectronics,2026-08-02,"Simultaneous imaging of multiple intracellular RNA biomarkers is essential for precise molecular subtyping of cancers, but achieving orthogonal signal amplification with a low background remains a challenge. Herein, we design an entropy-driven palindromic DNA nanostructure by integrating four orthogonal catalytic circuits into a single nanostructure for accurate discrimination of different breast ",https://pubmed.ncbi.nlm.nih.gov/42541843/,PubMed
ACYR-Mediated N4-Acetylcytidine Modification Regulates Cadmium Responses in Arabidopsis.,"Liu Huijie, Song Xiaoyun, Wei Manman",Plant physiology,2026-08-02,"Covalent modifications of RNA modulate plant growth, development, and stress responses. N4-acetylcytidine (ac4C), a conserved RNA modification deposited by N-ACETYLTRANSFERASES FOR CYTIDINE IN RNA (ACYRs), regulates RNA stability and translation, but its possible function in plant responses to cadmium (Cd) has not been explored. We report here that ACYR-mediated RNA ac4C modification negatively af",https://pubmed.ncbi.nlm.nih.gov/42541755/,PubMed
"Ferritin Associates with Interspecific Variation in Iron Accumulation among Five Economically Important Bivalves: Sequence, Expression, and Functional Analyses.","Li Jiachen, Li Ao, Wei Zizheng",Biological trace element research,2026-08-02,"Iron is an essential micronutrient that influences both the nutritional value of bivalves and their cellular iron homeostasis. However, the molecular mechanisms underlying interspecific differences in iron accumulation among economically important bivalves remain unclear. Ferritin (FER), a highly conserved iron-storage protein, plays a central role in iron regulation, yet comparative studies integ",https://pubmed.ncbi.nlm.nih.gov/42541687/,PubMed
Past achievements and future perspectives of personalized vaccines and the role of dendritic cells.,"Sadat Larijani Mona, Bavand Anahita, Moradi Ladan",Immunologic research,2026-08-02,"Personalized vaccines provide the advantage of patient-specific antigen selection to optimize immune responses, a strategy extensively explored in oncology through neoantigen-targeted peptide, mRNA, and dendritic cell platforms. Peptide vaccines provide simplicity and stability though often elicit limited cytotoxic T-cell responses. What is more, mRNA vaccines lead to rapid, multiplexed neoantigen",https://pubmed.ncbi.nlm.nih.gov/42541646/,PubMed
Epitranscriptomic Regulation of ALDOA by SHMT2-Mediated m6A Modification Drives Gastric Cancer Malignancy.,"Li Peng, Niu Chengyun, Zhao Dongni",Molecular carcinogenesis,2026-08-02,"Gastric cancer (GC) remains a leading cause of cancer-related mortality worldwide, with limited therapeutic advancements despite progress in early detection. Serine hydroxymethyltransferase 2 (SHMT2), a key metabolic enzyme, and fructose-1,6-bisphosphate aldolase A (ALDOA), a glycolytic enzyme, are implicated in tumor progression. However, the molecular mechanisms linking SHMT2 and ALDOA in GC rem",https://pubmed.ncbi.nlm.nih.gov/42541491/,PubMed
N-terminal fusion length: The key to reliable and context-preserving regulatory sequence characterization.,"Yang Sen, Liu Ye, Li Anqi",Synthetic and systems biotechnology,2026-08-02,"Regulatory sequences are commonly characterized using fluorescent reporters, yet how N-terminal coding context shapes these measurements has not been systematically quantified. Here, we evaluated the impact of N-terminal fusion length (45-180 bp) from four genes (",https://pubmed.ncbi.nlm.nih.gov/42541307/,PubMed
"The role, regulatory mechanisms, and therapeutic implications of FTO in gastrointestinal cancer.","Zhang Xinxin, Han Yufeng, Yin Huimin",Genes & diseases,2026-08-02,"N6-methyladenosine (m6A) is the most common post-transcriptional modification in mRNA, playing a crucial role in cancer development by modulating RNA stability, translation, and nuclear export. As the first discovered m6A demethylase, FTO catalyzes m6A demethylation in a Fe",https://pubmed.ncbi.nlm.nih.gov/42541138/,PubMed
"Respiratory mucosal immunity: Biological functions, diseases, prevention and therapy.","Zhang Yu, Song Zhiruo, Hong Weiqi",Genes & diseases,2026-08-02,"Respiratory mucosal (RM) immunity is a highly specialized and dynamic network that safeguards the airways from inhaled pathogens while preserving tissue homeostasis. Acting as the body's first line of defense, RM immunity integrates immune tolerance, barrier protection, immune surveillance, tissue repair, and the establishment of long-term immunological memory. Dysregulation of these processes con",https://pubmed.ncbi.nlm.nih.gov/42541079/,PubMed
Carcinoembryonic Antigen Messenger RNA in Pelvic Lavage Fluid Predicts Local Recurrence After Curative-Intent Resection of Rectal Cancer.,"Asai Hiroyuki, Yamakawa Yushi, Shiga Kazuyoshi",Annals of gastroenterological surgery,2026-08-02,To evaluate whether pelvic lavage carcinoembryonic antigen (CEA) mRNA is associated with local recurrence after curative-intent resection for rectal cancer and whether it provides additional prognostic information beyond circumferential resection margin (CRM) status. We retrospectively analyzed 178 patients who underwent curative-intent resection for primary rectal cancer. Pelvic lavage fluid was ,https://pubmed.ncbi.nlm.nih.gov/42540612/,PubMed
Melissa officinalis extract selectively suppresses STAT1 signaling in oral epithelial cells.,"Rasheed Issam, Panahipour Layla, Glabonjat Ronald A",Frontiers in immunology,2026-08-02,"Oral inflammatory diseases such as oral lichen planus are characterized by dysregulated chemokine production and persistent interferon-associated signaling, with JAK/STAT pathways playing a central role in epithelial-immune crosstalk. Here, we investigated whether Melissa officinalis extract (MOE), a widely used phytomedicine with incompletely defined mechanisms, modulates inflammatory signaling i",https://pubmed.ncbi.nlm.nih.gov/42540501/,PubMed
CD71 defines functionally active spermatogonial stem cells with enhanced transplantation potential in mouse testes.,"Shin Beom-Jin, Ahn Jin Seop, Kim Jeeseung",Animal cells and systems,2026-08-02,"Spermatogonial stem cells (SSCs) are responsible for lifelong spermatogenesis in adult males; however, their scarcity and inherent heterogeneity, coupled with the lack of robust SSC-specific surface markers, continue to impede isolation and characterization. In the present study, we found CD71, which corresponds to transferrin receptor (TfR1; encoded by ",https://pubmed.ncbi.nlm.nih.gov/42540347/,PubMed
Energy-efficient codon optimization on thermodynamic hardware,"Andraz Jelincic, Ross C. Walker",arXiv,2026-08-02,"The growing energy demand for computation is becoming increasingly unsustainable. Thermodynamic computing, which harnesses physical thermal fluctuations as a computational resource rather than suppressing them, offers orders-of-magnitude energy savings for probabilistic and combinatorial tasks. Pharmaceutical R&D, heavily reliant on computational optimization and sampling, is a natural application",http://arxiv.org/abs/2606.17327v1,arXiv
mRNAutilus: Multi-Objective-Guided Discrete Generation of mRNA with Optimized Therapeutic Properties,"Sawan Patel, Sophia Tang, Yesol Kim",arXiv,2026-08-02,"Therapeutic mRNA design requires coordinating multiple interacting sequence features across the full transcript, where codon usage, untranslated regions (UTRs), and their coupling jointly determine stability, translation efficiency, and protein expression. Here, we present mRNA generation via unrolled trajectories and informed latent updates (mRNAutilus), a framework for simultaneous codon optimiz",http://arxiv.org/abs/2605.31296v1,arXiv
Sampling-based Continuous Optimization for Messenger RNA Design,"Feipeng Yue, Ning Dai, Wei Yu Tang",arXiv,2026-08-02,"Designing messenger RNA (mRNA) sequences for a fixed target protein requires searching an exponentially large synonymous space while optimizing properties that affect stability and downstream performance. This is challenging because practical mRNA design involves multiple coupled objectives beyond classical folding criteria, and different applications prefer different trade-offs. We propose a gene",http://arxiv.org/abs/2603.06559v1,arXiv
Drug-like antibodies with low immunogenicity in human panels designed with Latent-X2," Latent Labs Team, Henry Kenlay, Daniella Pretorius",arXiv,2026-08-02,"Drug discovery has long sought computational systems capable of designing drug-like molecules directly: developable and non-immunogenic from the start. Here we introduce Latent-X2, a frontier generative model that achieves this goal through zero-shot design of antibodies with strong binding affinities, drug-like properties, and, for the first time for any de novo generated antibody, confirmed low ",http://arxiv.org/abs/2512.20263v1,arXiv
"RNAGenScape: Property-Guided, Optimized Generation of mRNA Sequences with Manifold Langevin Dynamics","Danqi Liao, Chen Liu, Xingzhi Sun",arXiv,2026-08-02,"Generating property-optimized mRNA sequences is central to applications such as vaccine design and protein replacement therapy, but remains challenging due to limited data, complex sequence-function relationships, and the narrow space of biologically viable sequences. Generative methods that drift away from the data manifold can yield sequences that fail to fold, translate poorly, or are otherwise",http://arxiv.org/abs/2510.24736v3,arXiv
The proportional scaling of mRNA and ribosome concentrations controls eukaryotic cell growth,"Xin Gao, Michael Lanz, Rosslyn Grosely",arXiv,2026-08-02,"Cell growth underlies nearly all eukaryotic physiology, yet its quantitative principles remain unclear. Using single-molecule ribosome tracking, spike-in RNA sequencing, and quantitative proteomics across 15 nutrient-limited conditions in budding yeast, we define how growth is controlled in the budding yeast Saccharomyces cerevisiae. Ribosome concentration scales linearly with growth rate, while p",http://arxiv.org/abs/2508.14997v2,arXiv
mRNA Folding Algorithms for Structure and Codon Optimization,"Max Ward, Mary Richardson, Mihir Metkar",arXiv,2026-08-02,"mRNA technology has revolutionized vaccine development, protein replacement therapies, and cancer immunotherapies, offering rapid production and precise control over sequence and efficacy. However, the inherent instability of mRNA poses significant challenges for drug storage and distribution, particularly in resource-limited regions. Co-optimizing RNA structure and codon choice has emerged as a p",http://arxiv.org/abs/2503.19273v1,arXiv
Generative Model for Synthesizing Ionizable Lipids: A Monte Carlo Tree Search Approach,"Jingyi Zhao, Yuxuan Ou, Austin Tripp",arXiv,2026-08-02,"Ionizable lipids are essential in developing lipid nanoparticles (LNPs) for effective messenger RNA (mRNA) delivery. While traditional methods for designing new ionizable lipids are typically time-consuming, deep generative models have emerged as a powerful solution, significantly accelerating the molecular discovery process. However, a practical challenge arises as the molecular structures genera",http://arxiv.org/abs/2412.00807v1,arXiv
Machine learning framework to predict the performance of lipid nanoparticles for nucleic acid delivery,"Gaurav Kumar, Arezoo M. Ardekani",arXiv,2026-08-02,"Lipid nanoparticles (LNPs) are highly effective carriers for gene therapies, including mRNA and siRNA delivery, due to their ability to transport nucleic acids across biological membranes, low cytotoxicity, improved pharmacokinetics, and scalability. A typical approach to formulate LNPs is to establish a quantitative structure-activity relationship (QSAR) between their compositions and in vitro/in",http://arxiv.org/abs/2411.14293v1,arXiv
Joint Design of 5' Untranslated Region and Coding Sequence of mRNA,"Yang Liu, Jie Gao, Xiaonan Zhang",arXiv,2026-08-02,"Messenger RNA (mRNA) vaccines and therapeutics are emerging as powerful tools against a variety of diseases, including infectious diseases and cancer. The design of mRNA molecules, particularly the untranslated region (UTR) and coding sequence (CDS) is crucial for optimizing translation efficiency and stability. Current design approaches generally focus solely on either the 5' UTR or the CDS, whic",http://arxiv.org/abs/2410.20781v1,arXiv
Bacterial stress granule protects mRNA through ribonucleases exclusion,"Linsen Pei, Yujia Xian, Xiaodan Yan",arXiv,2026-08-02,"Membraneless droplets formed through liquid-liquid phase separation (LLPS) play a crucial role in mRNA storage, enabling organisms to swiftly respond to environmental changes. However, the mechanisms underlying mRNA integration and protection within droplets remain unclear. Here, we unravel the role of bacterial aggresomes as stress granules (SGs) in safeguarding mRNA during stress. We discovered ",http://arxiv.org/abs/2404.17873v2,arXiv
"Hypolipidemic effect of brown seaweed (Sargassum crassifolium) extract in vivo (Study of histopathology, mRNA expression, and immunohistochemistry (IHC) with VCAM-1, ICAM-1, and MCP-1 parameters)","Sarah Zaidan, Syamsudin Abdillah, Nur Arfian",arXiv,2026-08-02,The purpose of this study was to obtain natural drugs from brown seaweed (Sargassum crassifolium) as antiatherosclerosis candidates through the study of hypolipidemic mechanisms of action. Modeling of dyslipidemia rats was carried out by feeding high-fat (HFF) and doses of crude fucoidan 100. 200. 400mg / KgBB. in both treatments measured blood lipid profile levels taken from the orbital sinuses. ,http://arxiv.org/abs/2402.07497v1,arXiv
Machine Learning Modeling Of SiRNA Structure-Potency Relationship With Applications Against Sars-Cov-2 Spike Gene,Damilola Oshunyinka,arXiv,2026-08-02,"The pharmaceutical Research and development (R&D) process is lengthy and costly, taking nearly a decade to bring a new drug to the market. However, advancements in biotechnology, computational methods, and machine learning algorithms have the potential to revolutionize drug discovery, speeding up the process and improving patient outcomes. The COVID-19 pandemic has further accelerated and deepened",http://arxiv.org/abs/2401.12232v1,arXiv
Messenger RNA Design via Expected Partition Function and Continuous Optimization,"Ning Dai, Wei Yu Tang, Tianshuo Zhou",arXiv,2026-08-02,"The tasks of designing RNAs are discrete optimization problems, and several versions of these problems are NP-hard. As an alternative to commonly used local search methods, we formulate these problems as continuous optimization and develop a general framework for this optimization based on a generalization of classical partition function which we call ""expected partition function"". The basic idea ",http://arxiv.org/abs/2401.00037v2,arXiv
Machine Learning-guided Lipid Nanoparticle Design for mRNA Delivery,"Daisy Yi Ding, Yuhui Zhang, Yuan Jia",arXiv,2026-08-02,"While RNA technologies hold immense therapeutic potential in a range of applications from vaccination to gene editing, the broad implementation of these technologies is hindered by the challenge of delivering these agents effectively. Lipid nanoparticles have emerged as one of the most widely used delivery agents, but their design optimization relies on laborious and costly experimental methods. W",http://arxiv.org/abs/2308.01402v2,arXiv
Corrected Hill Function in Stochastic Gene Regulatory Networks,"Manuel Eduardo Hernández-García, Jorge Velázquez-Castro",arXiv,2026-08-02,"Describing reaction rates in stochastic bio-circuits is commonly done by directly introducing the deterministically deduced Hill function into the master equation. However, when fluctuations in enzymatic reaction rates are not neglectable, the Hill function must be derived, considering all the involved stochastic reactions. In this work, we derived the stochastic version of the Hill function from ",http://arxiv.org/abs/2307.03057v4,arXiv
Stochastic dynamics and ribosome-RNAP interactions in Transcription-Translation Coupling,"Xiangting Li, Tom Chou",arXiv,2026-08-02,"Under certain cellular conditions, transcription and mRNA translation in prokaryotes appear to be ""coupled,"" in which the formation of mRNA transcript and production of its associated protein are temporally correlated. Such transcription-translation coupling (TTC) has been evoked as a mechanism that speeds up the overall process, provides protection during the transcription, and/or regulates the t",http://arxiv.org/abs/2207.04568v1,arXiv
Coronavirus RNA Sensor Using Single-Stranded DNA Bonded to Sub-Percolated Gold Films on Monolayer Graphene Field-Effect Transistors,"Nicholas E. Fuhr, Mohamed Azize, David J. Bishop",arXiv,2026-08-02,"Electrical detection of messenger ribonucleic acid (mRNA) is a promising approach to enhancing transcriptomics and disease diagnostics because of its sensitivity, rapidity, and modularity. Reported here is a fast SARS-CoV-2 mRNA biosensor (<1 minute) with a limit of detection of 1 aM, and dynamic range of 4 orders of magnitude and a linear sensitivity of 22 mV per molar decade. These figures of me",http://arxiv.org/abs/2205.05143v1,arXiv
Deep learning models for predicting RNA degradation via dual crowdsourcing,"Hannah K. Wayment-Steele, Wipapat Kladwang, Andrew M. Watkins",arXiv,2026-08-02,"Messenger RNA-based medicines hold immense potential, as evidenced by their rapid deployment as COVID-19 vaccines. However, worldwide distribution of mRNA molecules has been limited by their thermostability, which is fundamentally limited by the intrinsic instability of RNA molecules to a chemical degradation reaction called in-line hydrolysis. Predicting the degradation of an RNA molecule is a ke",http://arxiv.org/abs/2110.07531v2,arXiv
Coagulapathies after vaccination against SARS-CoV-2 may be derived from a combination effect of SARS-CoV-2 spike protein and adenovirus vector-triggered signaling pathways,Ralf Kircheis,arXiv,2026-08-02,"The novel coronavirus SARS-CoV-2 has resulted in a global pandemic with worldwide 6-digital infection rates and thousands death tolls daily. Enormeous effords are undertaken to achieve high coverage of immunization in order to reach herd immunity to stop spreading of SARS-CoV-2 infection. Several SARS-CoV-2 vaccines, based either on mRNA, viral vectors, or inactivated SARS-CoV-2 virus have been ap",http://arxiv.org/abs/2109.00089v1,arXiv
Evolution of peptide-mediated siRNA delivery - from early design to next generation platform.,"Chow Michael Y T, Lam Jenny K W","Nanomedicine (London, England)",2026-08-02,"Small interfering RNA (siRNA) therapeutics has huge potential for treating many diseases, including those incurable or undruggable by small molecules or antibodies, by harnessing RNA interference (RNAi) to achieve specific silencing of disease-associated genes. To date, all approved siRNA drugs are limited to liver targeting, largely due to delivery challenges. The two siRNA delivery platforms use",https://pubmed.ncbi.nlm.nih.gov/42541443/,PubMed
Ultrasonic-activated La,"Duan Bingbing, Zhang Kexin, Zhao Tao",Fundamental research,2026-08-02,"A promising strategy for improving calcium-based therapy efficacy involves precisely circumventing off-target toxicity, directly intensifying calcium storm, amplifying immune responses, and minimizing hypercalcemia risk. Inspired by the unique lanthanide contraction and the profound (≈15,000-fold) extracellular-to-intracellular Ca",https://pubmed.ncbi.nlm.nih.gov/42539898/,PubMed
An Optimized Workflow for ,"Wang Xin, Trypsteen Wim, Anckaert Jasper",The CRISPR journal,2026-08-02,CRISPR interference (CRISPRi) often uses single guide RNAs (sgRNAs) generated by ,https://pubmed.ncbi.nlm.nih.gov/42538871/,PubMed
Epigenetic Mechanisms of Pulmonary Toxicity Induced by Nanomaterials.,"Han Yutong, Zhang Jiahao, Zhang Dan",Journal of applied toxicology : JAT,2026-08-02,"The widespread application of nanomaterials raises increasing concerns about their inhalation-induced pulmonary toxicity. Emerging evidence highlights that epigenetic regulation plays a critical role in mediating these effects. This review synthesizes key epigenetic mechanisms involved, including DNA methylation, histone acetylation, and noncoding RNA regulation. Nanomaterials induce bidirectional",https://pubmed.ncbi.nlm.nih.gov/42538766/,PubMed
Role of GPCR41 silencing in conjugated linoleic acid-induced adipogenesis of bovine intramuscular preadipocytes.,"Wan Rong, Zhang Chuanfang, Meng Qingxiang",In vitro cellular & developmental biology. Animal,2026-08-02,"The present study examined the impact of conjugated linoleic acid (CLA) on the differentiation and proliferation of bovine intramuscular preadipocyte (BIP) cells, specifically exploring the role of G protein-coupled receptor 41 (GPCR41). Cells were exposed to CLA at various concentrations ranging from 50 to 150 μmol/L. Flow cytometry revealed that treatment with 100 μmol/L CLA led to a significant",https://pubmed.ncbi.nlm.nih.gov/42538491/,PubMed
"Maternal juvenile hormone transfer is associated with diapause fate determination in the parasitoid wasp, Nasonia vitripennis.","Mukai Ayumu, Ikeda Suguru, Shimizu Yuta",Journal of insect physiology,2026-08-02,"Insects inhabiting temperate regions use photoperiodic cues to predict seasonal changes and regulate diapause. In some species, maternal photoperiodic experience determines offspring diapause fate. However, the physiological mechanisms underlying transgenerational transmission of seasonal information remain poorly understood. In the parasitoid jewel wasp Nasonia vitripennis, females exposed to lon",https://pubmed.ncbi.nlm.nih.gov/42537981/,PubMed
Development of green nematicides targeting a repressor of gonad mitosis in Bursaphelenchus xylophilus.,"Hu Wenxin, Su Miao, Shao Hudie",Gene,2026-08-02,"Bursaphelenchus xylophilus is a worldwide quarantine pest that causes serious damage to the ecological security of pine trees worldwide. However, the mechanisms involved in mitosis and gamete formation of B. xylophilus have not been reported. The expression of Bxy-fbf was determined by qRT-PCR and in situ hybridization. RNA interference technology is used to elucidate the biological function of Bx",https://pubmed.ncbi.nlm.nih.gov/42537887/,PubMed
Genome-wide identification and characterization of ABC transporters and their expression in response to saline-alkaline stress and WSSV infection in Fenneropenaeus chinensis.,"Li Zhaoxia, Jia Chuanshi, Li Yalun",Fish & shellfish immunology,2026-08-02,"ATP-binding cassette (ABC) transporters play crucial roles in stress responses across organisms, yet their functions in Fenneropenaeus chinensis remain largely unknown. In this study, we identified 42 FcABC genes (FcABCs) in the F. chinensis genome and analyzed their phylogenetic relationships, gene structures, and chromosomal distributions. Phylogenetic analysis grouped the FcABCs into eight subf",https://pubmed.ncbi.nlm.nih.gov/42537827/,PubMed
Energy stress activates AMPK to suppress ferroptosis in neurodegenerative proteinopathies.,"Yong Yuanyuan, Hu Yuxin, Feng Qian",International journal of molecular medicine,2026-08-02,"Ferroptosis, an iron‑dependent and lipid peroxidation‑driven form of regulated cell death, has emerged as a key contributor to neuronal degeneration in protein misfolding disorders. However, how cellular energy metabolism modulates ferroptotic susceptibility in neurodegenerative proteinopathies remains incompletely defined. The present study investigated whether the previously described energy str",https://pubmed.ncbi.nlm.nih.gov/42535371/,PubMed
The role of neuronal protein NOS in regulation of magnetic orientation in the subterranean termite Odontotermes formosanus.,"Wang Wenjing, Gao Yongyong, Long Qi",Insect molecular biology,2026-08-02,"Magnetic orientation is essential for subterranean termites during foraging and homing. Although neuronal mechanisms are known to be central to magnetoreception, the specific regulatory proteins involved in this process remain unclear. Here, we report that the expression of the neuronal protein nitric oxide synthase (NOS) in the subterranean termite Odontotermes formosanus was significantly reduce",https://pubmed.ncbi.nlm.nih.gov/42533218/,PubMed
Transcriptomic and RNAi-mediated antiviral response to Kamiti River virus infection in Aedes albopictus U4.4 cells.,"Öhlund Pontus, Pinto Marlene Cavaleiro, Blomström Anne-Lie",Scientific reports,2026-08-02,"Mosquitoes transmit arboviruses that represent major global public health challenges. Increasing insecticide resistance and absence of effective antiviral therapies underscore the need for novel vector control strategies. Insect-specific viruses have emerged as candidates for biological control, however, the cellular mechanisms underlying their interactions with mosquito hosts remain poorly unders",https://pubmed.ncbi.nlm.nih.gov/42533084/,PubMed
The BiP gene encoding endoplasmic reticulum chaperone binding immunoglobulin protein regulates survival and reproduction in Diaphorina citri.,"Li Min, Huang Yuanyuan, Zhong Ming",International journal of biological macromolecules,2026-08-02,"The Asian citrus psyllid, Diaphorina citri, a vector of citrus Huanglongbing (HLB) disease, requires flush shoot feeding for reproduction, which induces the endoplasmic reticulum (ER) chaperone binding immunoglobulin protein (BiP). Using RNA interference (RNAi), DcBiP function was investigated. DcBiP expression decreased to 0.23-fold at 24 h and 0.35-fold at 48 h following RNAi-mediated knockdown.",https://pubmed.ncbi.nlm.nih.gov/42532230/,PubMed
Correlative analysis of endogenous miRNA expression profiles underlying brown planthopper adaptation to resistant rice.,"Cai Yu-Biao, Wang Xin-Feng, Wang Ya-Xuan","Comparative biochemistry and physiology. Part D, Genomics & proteomics",2026-08-02,"The brown planthopper (Nilaparvata lugens Stål, BPH) is a major insect pest threatening global rice production. However, the molecular mechanisms underlying the adaptation of BPH populations with different virulence levels to resistant rice cultivars remain poorly understood. MicroRNAs (miRNAs), as key post-transcriptional regulators, play critical roles in host adaptation in herbivorous insects. ",https://pubmed.ncbi.nlm.nih.gov/42531788/,PubMed
Male accessory gland proteins in Grapholita molesta: Identification and reproductive functional validation of four accessory gland-specific lipases.,"Liang Yu, Wu Zhuo, Guo Tai","Comparative biochemistry and physiology. Part D, Genomics & proteomics",2026-08-02,"Accessory gland proteins (Acps), synthesized in the male accessory glands (AGs), are transferred to females via spermatophores during mating and elicit diverse post-mating physiological and behavioral responses. However, Acps have not been comprehensively characterized in Grapholita molesta, a cosmopolitan orchard pest. Here, using data-independent acquisition mass spectrometry, we describe an int",https://pubmed.ncbi.nlm.nih.gov/42531786/,PubMed
Matrix Metalloprotease 1 (Mmp1) promotes cell fate change for epithelial-to-epithelial transition during regeneration after radiation damage in Drosophila.,"Shiferaw Michael, Orr Lauren, Hens Korneel",PLoS genetics,2026-08-02,"Ionizing radiation (IR) is used to treat cancer, but therapeutic failure occurs when surviving cancer cells change fate and regenerate tumors through acquired stem cell-like properties. While transcriptional mechanisms underlying cell fate plasticity have been characterized, the cellular processes enabling cell movement during tissue regeneration remain unclear. We reported previously that hinge c",https://pubmed.ncbi.nlm.nih.gov/42531335/,PubMed
Viruses and Antiviral Responses of Nematodes.,"Howard Dustin T, Lažetić Vladimir",Frontiers in bioscience (Landmark edition),2026-08-02,"Nematodes are ubiquitous metazoans that occupy diverse ecological niches, exposing them to a wide range of viruses and positioning them as both viral hosts and vectors. Free-living nematodes, particularly ",https://pubmed.ncbi.nlm.nih.gov/42530246/,PubMed
Rapid clinical validation of an RNA/DNA hybrid tagmentation-based metagenomic workflow for respiratory RNA virus detection.,"Ma Xia, Guo Shan, Feng Yangyang",Frontiers in microbiology,2026-08-02,"In the post-pandemic era, co-circulation of multiple respiratory RNA viruses has increased the need for timely diagnosis and reliable recognition of mixed infections. Although reverse transcription quantitative polymerase chain reaction (RT-qPCR) remains the clinical standard for respiratory virus detection, its target-restricted design limits the detection of unexpected or coinfecting pathogens. ",https://pubmed.ncbi.nlm.nih.gov/42529042/,PubMed
Inhibition of ETS1/DRP1 axis attenuates intervertebral disc degeneration by suppressing excessive mitochondrial fission.,"Li Pengfei, Que Yichen, Zhang Shuhao",Cellular signalling,2026-08-02,"Intervertebral disc degeneration (IVDD) is a predominant contributor to low back pain, characterized by nucleus pulposus cell (NPC) senescence, extracellular matrix (ECM) metabolic dysfunction, and chronic inflammation. Excessive mitochondrial fission contributes to IVDD, yet the underlying regulatory mechanisms remain unclear. Herein, we identified ETS proto-oncogene 1 (ETS1) as a critical regula",https://pubmed.ncbi.nlm.nih.gov/42526698/,PubMed
Aedes aegypti calreticulin promotes dengue virus replication and transmission by glycan-dependent binding to the prM protein.,"Weng Shih-Che, Hsu Yu-Chieh, Tsao Po-Nien",Insect biochemistry and molecular biology,2026-08-02,"Mosquito saliva is coinoculated with dengue virus (DENV) during blood feeding, potentially influencing infection at bite sites; however, the key salivary factors and underlying mechanisms remain unclear. This study identifies Aedes aegypti calreticulin (CRT) as a dual-function enhancer of DENV replication and transmission. Far-western blotting and coimmunoprecipitation revealed that mosquito saliv",https://pubmed.ncbi.nlm.nih.gov/42526681/,PubMed
Ferroptosis contributes to quercetin-induced anti-cancer activity through blockade of LGR4/NF-κB/GPX4 axis in oral squamous cell carcinoma.,"Wang Xiao-Jiao, Zhang Peng, Gao Yue",Frontiers in oncology,2026-08-02,"Oral squamous cell carcinoma (OSCC) is a malignancy that faces challenges such as chemotherapy resistance and side effects. There is an urgent need for effective, low-toxicity compounds to treat OSCC. Here, we examined whether quercetin induces ferroptosis in OSCC cells and explored the potential molecular mechanisms. The role of LGR4/NF-κB/GPX4 in OSCC cells (CAL27 and SCC9) was studied through g",https://pubmed.ncbi.nlm.nih.gov/42524008/,PubMed
Engineering T7 RNA Polymerase for High-Purity In Vitro Transcription,"Pauline Hermans, Youlia Serikova, José Castillo",arXiv,2026-08-02,"In vitro transcription using bacteriophage T7 RNA polymerase (T7 RNAP) is the gold-standard platform for RNA production in both research and therapeutic applications. Despite its high processivity and promoter specificity, T7 RNAP generates multiple RNA by-products, including double-stranded RNA, 3'-extended transcripts, abortive RNAs, and prematurely terminated products. These impurities reduce R",http://arxiv.org/abs/2607.18468v1,arXiv
Enhanced sampling and cryo-EM data resolve magnesium binding to RNA,"Olivier Languin-Cattoën, Elisa Posani, Giovanni Bussi",arXiv,2026-08-02,"Magnesium ions are essential for RNA structure but difficult to model due to slow binding kinetics and experimental limitations. We present an enhanced-sampling strategy that accelerates Mg$^{2+}$ inner-shell binding by orders of magnitude, enabling quantitative exploration of ion-binding motifs in a large ribozyme. The method combines a barrier-flattening bias with Hamiltonian replica exchange to",http://arxiv.org/abs/2607.07186v1,arXiv
Bayesian Sampling of Structural Ensembles: The Role of Ensemble-Counting Measures,"Ivan Gilardoni, Giovanni Bussi",arXiv,2026-08-02,"Structural ensemble refinement is widely used to integrate molecular simulations with experimental measurements. While most applications focus on the maximum-a-posteriori (MAP) ensemble, Bayesian sampling of the posterior distribution can provide uncertainty estimates and posterior averages for arbitrary observables. A notable step in this direction was introduced by the Bayesian Energy Landscape ",http://arxiv.org/abs/2606.18495v1,arXiv
MultiMolecule: a modular ecosystem for biomolecular sequence-model workflows,Zhiyuan Chen,arXiv,2026-08-02,"Biomolecular sequence models are increasingly reused outside the studies in which they were introduced, but public checkpoints rarely preserve the execution context needed to inspect source-defined behavior, adapt models to new assays, compare models under shared task definitions or deploy biological predictions. MultiMolecule is an open-source Python ecosystem that turns heterogeneous RNA, DNA an",http://arxiv.org/abs/2606.16540v1,arXiv
The Montparnasse Algorithm for RNA Design,Tristan Cazenave,arXiv,2026-08-02,"RNA design consists of discovering a nucleotide sequence that optimizes predefined criteria, such as secondary structure. It is useful for synthetic biology, medicine, and nanotechnology. We propose Montparnasse, a Monte Carlo search framework based on Generalized Nested Rollout Policy Adaptation, augmented with a problem-specific prior, slow and long adaptation at level 1, and a lexicographic mul",http://arxiv.org/abs/2606.07562v1,arXiv
Multimodal Alignment and Preference Optimization for Zero-Shot Conditional RNA Generation,"Roman Klypa, Alberto Bietti, Sergei Grudinin",arXiv,2026-08-02,"The design of RNA molecules that interact with specific proteins is a critical challenge in experimental and computational biology. Despite recent progress in natural language modeling and deep learning-based protein design, there remains significant room to improve the frequency of successful interactions and the authenticity of generated sequences for functional applications. In this work, we fr",http://arxiv.org/abs/2605.23961v1,arXiv
"GoForth: Language Models for RNA Design under Structure, Sequence, and Coding Constraints",Michael Lindsey,arXiv,2026-08-02,"RNA inverse sequence design has broad biological and engineering applications, but computational methods for practical design queries remain limited. Such queries may impose several constraints at once, including target folds or motifs, fixed bases, and coding restrictions, while leaving arbitrary sequence and structure in unspecified regions. Because these constraints may permit many acceptable s",http://arxiv.org/abs/2605.07608v1,arXiv
Bayesian Rate Inference for Sequence Motif Dynamics in Systems of Reactive Nucleic Acids,"Johannes Harth-Kitzerow, Ulrich Gerland, Torsten A. Enßlin",arXiv,2026-08-02,"The RNA world hypothesis suggests a pathway of how life emerged on early earth. It assumes that life started with RNA based systems, capable of storing, transmitting and replicating information, envisioning that monomers and short RNA oligomers interact to form longer strands, eventually becoming catalytically active ribozymes. Key reactions in RNA pools are hybridization, dehybridization, templat",http://arxiv.org/abs/2604.25701v2,arXiv
VARIANT: Web Server for Decoding and Analyzing Viral Mutations at Genome and Protein Levels,"Rui Wang, Xuhang Dai, Xin Cao",arXiv,2026-08-02,"A comprehensive analysis of viral mutations is essential for understanding viral evolution, disease epidemiology, diagnosis, drug resistance, etc. However, challenges remain in capturing complex mutation patterns and supporting diverse viral families with varying genome architectures. To address these needs, we present VARIANT, an web server for mutational analysis of RNA viral genomes and associa",http://arxiv.org/abs/2604.20942v1,arXiv
Interfacial Potential Transduction for Diagnostics,"Hyun-June Jang, Peuli Nath, Yuqin Wang",arXiv,2026-08-02,"A major barrier to decentralized, near-patient diagnostics is the lack of a signal transduction modality that is both analytically precise and accessible at the point of care. Optical readouts remain instrument-dependent and difficult to miniaturize, while compact electrochemical readouts are prone to matrix-derived signal distortion, limiting their biomarker coverage in real clinical settings. He",http://arxiv.org/abs/2603.23775v1,arXiv
ZeroFold: Protein-RNA Binding Affinity Predictions from Pre-Structural Embeddings,"Josef Hanke, Sebastian Pujalte Ojeda, Shengyu Zhang",arXiv,2026-08-02,"The accurate prediction of protein-RNA binding affinity remains an unsolved problem in structural biology, limiting opportunities in understanding gene regulation and designing RNA-targeting therapeutics. A central obstacle is the structural flexibility of RNA, as, unlike proteins, RNA molecules exist as dynamic conformational ensembles. Thus, committing to a single predicted structure discards in",http://arxiv.org/abs/2603.23583v1,arXiv
Computational modeling of RNA-protein binding interactions under an external force,"Danielle Wampler, Ralf Bundschuh",arXiv,2026-08-02,"RNA binding proteins play a crucial role in post-transcriptional gene regulation by controlling the transport, processing, and translation of their target RNAs. Post-transcriptional gene regulation leads to the differential expression of genetic material and loss of regulation or over-regulation relates to a large range of cancers and diseases - many of which have directly been associated with RNA",http://arxiv.org/abs/2603.22269v1,arXiv
Fair splits flip the leaderboard: CHANRG reveals limited generalization in RNA secondary-structure prediction,"Zhiyuan Chen, Zhenfeng Deng, Pan Deng",arXiv,2026-08-02,"Accurate prediction of RNA secondary structure underpins transcriptome annotation, mechanistic analysis of non-coding RNAs, and RNA therapeutic design. Recent gains from deep learning and RNA foundation models are difficult to interpret because current benchmarks may overestimate generalization across RNA families. We present the Comprehensive Hierarchical Annotation of Non-coding RNA Groups (CHAN",http://arxiv.org/abs/2603.22330v1,arXiv
Reverse Distillation: Consistently Scaling Protein Language Model Representations,"Darius Catrina, Christian Bepler, Samuel Sledzieski",arXiv,2026-08-02,"Unlike the predictable scaling laws in natural language processing and computer vision, protein language models (PLMs) scale poorly: for many tasks, models within the same family plateau or even decrease in performance, with mid-sized models often outperforming the largest in the family. We introduce Reverse Distillation, a principled framework that decomposes large PLM representations into orthog",http://arxiv.org/abs/2603.07710v1,arXiv
Fast and Versatile RNA Design via Motif-level Divide-and-Conquer and Structure-level Rival Search,"Tianshuo Zhou, David H. Mathews, Liang Huang",arXiv,2026-08-02,"RNA design aims to identify RNA sequences that fold into a target secondary structure. This task is challenging in terms of computational efficiency. Most existing methods focus on either minimum free energy (MFE)-based or ensemble-based metrics, leaving a gap for a unified approach that performs well across both. We introduce a fast and versatile RNA design algorithm inspired by our previous work",http://arxiv.org/abs/2603.02283v1,arXiv
CryoNet.Refine: A One-step Diffusion Model for Rapid Refinement of Structural Models with Cryo-EM Density Map Restraints,"Fuyao Huang, Xiaozhu Yu, Kui Xu",arXiv,2026-08-02,"High-resolution structure determination by cryo-electron microscopy (cryo-EM) requires the accurate fitting of an atomic model into an experimental density map. Traditional refinement pipelines such as Phenix.real_space_refine and Rosetta are computationally expensive, demand extensive manual tuning, and present a significant bottleneck for researchers. We present CryoNet.Refine, an end-to-end dee",http://arxiv.org/abs/2602.22263v2,arXiv
CPTCs Drive Somatic-Visceral Communication via the Wnt Axis in Somatic Mechanotherapy: A Single-Cell Deep Learning Study,"Haixiang Huang, Zhenwei Zhang, BingBing Shen",arXiv,2026-08-02,"Somatic mechanical stimulation (e.g., acupuncture) exerts systemic immunomodulatory effects, yet the cellular bridge translating peripheral physical force into visceral repair remains elusive. Here, employing a custom interpretable deep learning framework (CARSS) on single-cell RNA sequencing data, we identify CD34$^{+}$PDGFR$α$$^{+}$ telocytes (CPTCs) as the primary mechanosensors in both fascia ",http://arxiv.org/abs/2602.05451v2,arXiv
Tensor-DTI: Enhancing Biomolecular Interaction Prediction with Contrastive Embedding Learning,"Manel Gil-Sorribes, Júlia Vilalta-Mor, Isaac Filella-Mercè",arXiv,2026-08-02,"Accurate drug-target interaction (DTI) prediction is essential for computational drug discovery, yet existing models often rely on single-modality predefined molecular descriptors or sequence-based embeddings with limited representativeness. We propose Tensor-DTI, a contrastive learning framework that integrates multimodal embeddings from molecular graphs, protein language models, and binding-site",http://arxiv.org/abs/2601.05792v1,arXiv
MERGE-RNA: a physics-based model to predict RNA secondary structure ensembles with chemical probing,"Giuseppe Sacco, Jianhui Li, Redmond P. Smyth",arXiv,2026-08-02,"RNA function is tied to secondary structure, operating through dynamic and heterogeneous structural ensembles. While current analysis tools typically output single static structures or averaged contact maps, chemical probing methods like DMS capture nucleotide-resolution signals representing the full structural ensemble, which remain difficult to interpret structurally. To address this, we present",http://arxiv.org/abs/2512.20581v3,arXiv
LncDNAH5 Regulates Radiotherapy-Induced Toxicity via MDM2-Mediated Degradation of TP53BP1.,"Sun Xin, Dong Antao, Li Liangliang","International journal of radiation oncology, biology, physics",2026-08-02,"Radiation therapy (RT) cures many patients with localized prostate cancer, but late urinary toxicity impairs quality of life and can limit dose escalation for better RT efficacy. Understanding the mechanistic bases of radiation toxicity is critical for designing effective treatment strategies to benefit prostate cancer survivors. Genome-wide association studies (GWAS) have shown that genetic susce",https://pubmed.ncbi.nlm.nih.gov/42542301/,PubMed
"Whole-exome characterization of host genetic variation in HIV-associated genes across the high-prevalence Mizo population, Northeast India.","Roy Saurav, Lalrintluanga K, Ralte Lalengkimi",Gene,2026-08-02,"The Mizoram state of Northeast India has one of the highest HIV prevalence rates in Asia, yet the host genetic factors influencing HIV susceptibility in this Tibeto-Burman population remain uncharacterised. We performed whole-exome sequencing using Illumina NovaSeq 6000, mean coverage 100X on 76 HIV-negative Mizo individuals. Variants were called using GATK HaplotypeCaller v4.3 against GRCh38p14, ",https://pubmed.ncbi.nlm.nih.gov/42542174/,PubMed
lncRNA PCA3 plays a key role in colon cancer occurrence and development.,"Pan Yan, Zhu Lijing, Pu Juan",Archives of medical science : AMS,2026-08-02,"This study aimed to investigate the effects of the lncRNA PCA3 in colon cancer and the associated mechanisms. Adjacent normal and cancer tissues were collected from colon cancer patients, and their PCA3 expression was measured by ISH and RT-qPCR assays. The correlations of PCA3 with clinical pathology and prognosis were also analysed. In addition, PCA3 and si-PCA3 were transfected into colon cance",https://pubmed.ncbi.nlm.nih.gov/42540560/,PubMed
Role of Long Noncoding RNA H19 and its Target microRNA/mRNA Pathways in Acute Kidney Injury: A Comparative Study in 2-Dimensional and 3-Dimensional Cultured Proximal Tubule Cells Under Hypoxic Conditions.,"Özkızılcık Koçyiğit Aslı, Karahan Hatice İlayhan, Eldem Aslı",Experimental and clinical transplantation : official journal of the Middle East Society for Organ Transplantation,2026-08-02,"Hypoxia is a key regulator of renal epithelial cell function and contributes to the pathogenesis of kidney diseases. Although two-dimensional cell cultures are commonly used to study hypoxic responses, three -dimensional spheroid cultures better represent the in vivo microenvironment, including cell -cell and cell -matrix interactions. In this study, we compared hypoxia -induced gene expression in",https://pubmed.ncbi.nlm.nih.gov/42538683/,PubMed
Unveiling the molecular basis of gonadal development: Multi-omics uncovers sex-related genes and steroid pathways in Sinonovacula constricta.,"Yan Yuxiao, You Qiyi, Shi Heming","Comparative biochemistry and physiology. Part D, Genomics & proteomics",2026-08-02,"The razor clam Sinonovacula constricta is an economically important cultured mollusk in China, but the molecular mechanism of its gonadal development and sexual differentiation remains unclear. This study integrated gonadal transcriptomic, proteomic, and metabolomic analysis to identify key sex-related molecules. Transcriptome analysis identified 2795 DELs and 6497 DEGs between sexes, including th",https://pubmed.ncbi.nlm.nih.gov/42537271/,PubMed
"Potential therapeutic targets for obstructive sleep Apnea were identified through network pharmacology, WGCNA, machine learning, immune infiltration analysis, and ceRNA network.","Xie Fengwei, Zhu Dikun, Yang Zhitong",Integrative biology : quantitative biosciences from nano to macro,2026-08-02,"Our study aims to explore the early genomic diagnostic markers of OSA and the corresponding drug prediction targets using network pharmacology analysis, and to elucidate the etiology and pathogenesis of OSA from the genetic level. We selected OSA-related gene datasets (GSE135917 and GSE38792) from the Gene Expression Omnibus (GEO). Principal component analysis (PCA) was performed to remove outlier",https://pubmed.ncbi.nlm.nih.gov/42537010/,PubMed
Statement of Retraction: Long non-coding RNA MEG3 and its genetic variant rs941576 are associated with rheumatoid arthritis pathogenesis in Egyptian patients.,,Archives of physiology and biochemistry,2026-08-02,,https://pubmed.ncbi.nlm.nih.gov/42536995/,PubMed
LncRNA GSEC impedes the reprogramming of glucose metabolism in papillary thyroid carcinoma by inhibiting the IGF2BP2/GLUT1 axis.,"Ren Long, Zhang Kai, Yu Xiaotian",Archives of endocrinology and metabolism,2026-08-02,"To investigate the expression pattern of lncRNA GSEC in papillary thyroid carcinoma (PTC) and elucidate its functional role and molecular mechanism in regulating glycolytic metabolism and malignant progression. The expression levels of the GSEC gene in thyroid cancer were determined through bioinformatics analysis of the TCGA database, and potential downstream regulatory genes were predicted. GSEC",https://pubmed.ncbi.nlm.nih.gov/42536764/,PubMed
Integrative multi-omics and machine learning identify CHRNA1 putative circadian-immune hub in COPD.,"Zhang Lan, Li Zhifei, Xia Tiansheng",PloS one,2026-08-02,"Circadian rhythm disruption is increasingly recognized as a contributor to chronic inflammatory disorders; however, its specific significance and underlying mechanisms in chronic obstructive pulmonary disease (COPD) remain unclear. This study aimed to identify circadian rhythm-associated biomarkers in COPD and explore their diagnostic value, immune correlations, and therapeutic potential. This stu",https://pubmed.ncbi.nlm.nih.gov/42536689/,PubMed
Loss of lncRNA AK015322 increases sperm morphological abnormalities and impairs motility in mice.,"Zhu Qinran, Pan Shiyu, Li Xin",Molecular and cellular biochemistry,2026-08-02,"Infertility has long been a major health concern worldwide, with male infertility accounting for approximately half of all cases. In recent years, increasing evidence has shown that long non-coding RNAs (lncRNAs) are involved in the regulation of spermatogenesis. LncRNA AK015322 is a testis-specific lncRNA that is highly expressed in testicular tissue. Previous studies have demonstrated that lncRN",https://pubmed.ncbi.nlm.nih.gov/42536140/,PubMed
Multi-omic profiling of cardiomyocyte ageing and functional decline.,"Yucel Dogacan, Trembley Michael A, Ke Qingen",Cardiovascular research,2026-08-02,"Ageing is the strongest risk factor for heart failure, yet the molecular mechanisms underlying cardiomyocyte (CM) ageing remain unclear. We aimed to map the transcriptomic and epigenomic landscape of CM ageing and to test whether DNA hypermethylation is a causal driver of diastolic dysfunction. We performed single-nucleus multiomics (concurrent snRNA-seq and snATAC-seq) on 4- and 28-month-old vent",https://pubmed.ncbi.nlm.nih.gov/42535507/,PubMed
Exosomal lncRNA PVT1 promotes fibroblast activation and colon cancer progression via miR-23b-5p signaling.,"You Liuping, Liu Zhiqiang, Zhang Boyu",The Journal of pathology,2026-08-02,"Colon cancer progression is closely associated with the tumor microenvironment, where cancer-associated fibroblasts (CAFs) play a pivotal role. Exosomal long non-coding RNAs (lncRNAs) are known to modulate the tumor stroma, but the role of lncRNA PVT1 (plasmacytoma variant translocation 1) in exosome-mediated fibroblast activation in colon cancer remains poorly understood. This study demonstrated ",https://pubmed.ncbi.nlm.nih.gov/42535319/,PubMed
New insight into RNA biomarkers in neuropathic pain: a clinician-neuroscientist roadmap to translational testing and treatment monitoring a clinical review.,"Soin Amol, Khaira Massab, Soin Aviraj","Frontiers in pain research (Lausanne, Switzerland)",2026-08-02,"Neuropathic pain affects an estimated 7%-10% of the global population and imposes an annual economic burden exceeding $600 billion in the United States alone. It lacks robust objective biomarkers; current diagnosis relies heavily on subjective reporting and heterogeneous phenotypes. Currently utilized pain assessment tools include the brief pain inventory (BPI), numerical rating scales (0-10 pain ",https://pubmed.ncbi.nlm.nih.gov/42534835/,PubMed
Epigenetics in Atrial Fibrillation: Molecular Mechanisms and Therapeutic Avenues.,"Liu Xinyi, Yang Chaojun, Huang Yifan",Reviews in cardiovascular medicine,2026-08-02,"Atrial fibrillation (AF) represents the most common sustained cardiac arrhythmia in clinical practice and imposes a growing global disease burden. However, current therapeutic strategies remain considerably limited in efficacy, durability, and safety. Recently, the role of epigenetic mechanisms in the pathogenesis of AF, as key regulators of atrial structural and electrical remodeling, has garnere",https://pubmed.ncbi.nlm.nih.gov/42534251/,PubMed
[The role of lncRNA TERC in the malignant transformation of cells induced by long-term toxicity of hexavalent chromium by regulating the expression of MYNN and SERPINC1 genes].,"Pan S M, Xu B, Qian Q Q",Zhonghua lao dong wei sheng zhi ye bing za zhi = Zhonghua laodong weisheng zhiyebing zazhi = Chinese journal of industrial hygiene and occupational diseases,2026-08-02,,https://pubmed.ncbi.nlm.nih.gov/42533646/,PubMed
"Cross-stress memory in plants: mobile RNAs, extracellular vesicles, and local-to-systemic signal integration.","Zaman Wajid, Amin Adnan",Plant molecular biology,2026-08-02,"Plants rarely experience environmental stresses as isolated events. Instead, they are exposed to recurring, overlapping, or sequential challenges that require not only immediate local responses but also coordinated systemic adaptation and memory. Although plant stress memory has traditionally been discussed in terms of transcriptional, epigenetic, and metabolic reprogramming, accumulating evidence",https://pubmed.ncbi.nlm.nih.gov/42533174/,PubMed
LncRMRP drives bladder cancer invasion via a lactylation-driven positive feedback circuit.,"Gao Yuting, Chen Chen, Sun Ruixin",Oncogene,2026-08-02,"Muscle-invasive bladder cancer (MIBC) remains highly aggressive. We identified the long non-coding RNA RMRP as significantly upregulated in MIBC. Functional studies demonstrated that RMRP promotes invasive phenotypes and glycolytic reprogramming. Mechanistically, RMRP binds pyruvate dehydrogenase complex X component (PDHX) and weakens the PDHX-dihydrolipoamide dehydrogenase (DLD) interaction, ther",https://pubmed.ncbi.nlm.nih.gov/42533112/,PubMed
RiLinc6978-encoded P6978 interacts with ASR1 to regulate ROS homeostasis.,"Zhao Xiuming, Li Fujun, Ji Yue",Plant physiology,2026-08-02,"Tomato (Solanum lycopersicum) fruit ripening is tightly associated with dynamic changes in reactive oxygen species (ROS) homeostasis, yet the underlying regulatory mechanisms remain incompletely understood. Here, we identify a functional protein, P6978, encoded by the long non-coding RNA RiLinc6978, which contains a conserved 333-nucleotides short open reading frame (sORF) with high translational ",https://pubmed.ncbi.nlm.nih.gov/42531470/,PubMed
Culture-dependent decoupling of ,"Selenou Céline, Brioude Frédéric, Sudre Laure",Epigenetics,2026-08-02,"Genomic imprinting is an epigenetic mechanism leading to the monoallelic expression of a subset of genes, mainly regulated by DNA methylation at imprinting control regions (ICRs). Silver-Russell syndrome (SRS) is a paradigmatic imprinting disorder in which loss of methylation at the 11p15.5 ",https://pubmed.ncbi.nlm.nih.gov/42531143/,PubMed
Protocol for high-resolution mapping of RNA-associated chromatin using chromatin isolation by RNA purification-tag.,"Fu Ruishuang, Zhao Rongjie, Yang Huimin",STAR protocols,2026-08-02,"Mapping the genomic binding sites of long non-coding RNAs (lncRNAs) is essential for understanding their regulatory functions. Here, we present a protocol for integrating RNA hybridization with in situ tagmentation using chromatin isolation by RNA purification-tag (ChIRP-Tag). We describe steps for performing cell permeabilization, hybridization of biotinylated probes to target RNAs, and recruitin",https://pubmed.ncbi.nlm.nih.gov/42531122/,PubMed
An Evaluation on the Role of Non-Coding RNA in HIV Transcription and Latency: A Review,Xiangshuai Liu,arXiv,2026-08-02,"The existence of latent cellular reservoirs is recognized as the major barrier to an HIV cure. Reactivating and eliminating ""shock and kill"" or permanently silencing ""block and lock"" the latent HIV reservoir, as well as gene editing, remain promising approaches, but so far have proven to be only partially successful. Moreover, using latency reversing agents or ""block and lock"" drugs pose additiona",http://arxiv.org/abs/2502.06107v1,arXiv
"Blood-derived lncRNAs as potential biomarkers for early cancer diagnosis: The Good, the Bad and the Beauty","Cedric Badowski, Bing He, Lana X Garmire",arXiv,2026-08-02,Cancer ranks as one of the deadliest diseases worldwide. The high mortality rate associated with cancer is partially due to the lack of reliable early detection methods and/or inaccurate diagnostic tools such as certain protein biomarkers. Cell-free nucleic acids (cfNA) such as circulating long non-coding RNAs (lncRNAs) have recently been proposed as a new class of potential biomarkers that could ,http://arxiv.org/abs/2109.11746v1,arXiv
BPPart and BPMax: RNA-RNA Interaction Partition Function and Structure Prediction for the Base Pair Counting Model,"Ali Ebrahimpour-Boroojeny, Sanjay Rajopadhye, Hamidreza Chitsaz",arXiv,2026-08-02,"RNA-RNA interaction (RRI) is ubiquitous and has complex roles in the cellular functions. In human health studies, miRNA-target and lncRNAs are among an elite class of RRIs that have been extensively studied. Bacterial ncRNA-target and RNA interference are other classes of RRIs that have received significant attention. In recent studies, mRNA-mRNA interaction instances have been observed, where bot",http://arxiv.org/abs/1904.01235v2,arXiv
PARP7 Enhances Doxorubicin-Induced Cardiomyocyte Ferroptosis and Cardiotoxicity by ADP-Ribosylation-Dependent Suppression of GPX4 Activity.,"Lyu Yiting, Wang Lintao, Shi Xiaowen",Translational research : the journal of laboratory and clinical medicine,2026-08-02,"As the roles of poly-ADP-ribose polymerase 7 (PARP7) in tumor immune evasion become increasingly well defined, PARP7 inhibitors have emerged as a promising class of anticancer therapeutics. To date, phase I clinical trials of PARP7 inhibitors have reported no significant cardiovascular adverse events. However, PARP7's involvement in doxorubicin (DOX)-induced cardiotoxicity (DIC), a major clinical ",https://pubmed.ncbi.nlm.nih.gov/42542181/,PubMed
Niche-driven microbial architecture in mothers and newborns with minimal cohort influence across anatomically distinct sites.,"Dera Norbert, Żeber-Lubecka Natalia, Ziemska-Legiecka Joanna",Frontiers in immunology,2026-08-02,"The microbiota plays a crucial role in the functioning of the human body. Several theories have been proposed regarding the origin of the uterine microbiota, including both ascending pathways from the vagina and translocation from the gastrointestinal tract. Numerous studies suggest that, in preterm births, amniotic fluid may contain microbial DNA or signals associated with microorganisms ascendin",https://pubmed.ncbi.nlm.nih.gov/42539467/,PubMed
Post-loading ribonucleic acid into lipid nanoparticle carriers.,"Bizmark Navid, Amelemah David F, Nayagam Satya",bioRxiv : the preprint server for biology,2026-08-02,"Lipid nanoparticles (LNPs) are effective carriers for messenger ribonucleic acid (mRNA) delivery in vaccines; however, their reliance on extreme cold-chain storage limits global manufacturing and distribution. Conventional LNPs are formed by rapidly mixing four lipids with mRNA through electrostatic interactions between cationic ionizable lipids and negatively charged nucleic acids, facilitating n",https://pubmed.ncbi.nlm.nih.gov/42539106/,PubMed
FABP5 attenuates pulmonary fibrosis by regulating lipid metabolism in type II alveolar epithelial cells.,"Yin Hang, Lei Zhixiang, Mai Yuqi",International immunopharmacology,2026-08-02,"Idiopathic pulmonary fibrosis (IPF) is a chronic, progressive disease resulting from alveolar epithelial cell injury. Senescence and dysfunction of alveolar epithelial type II (AT2) cells are key drivers of IPF pathogenesis. Given that metabolism underpins cellular homeostasis and AT2 cell function critically depends on lipid metabolism, we investigated the role of fatty acid binding protein 5 (FA",https://pubmed.ncbi.nlm.nih.gov/42537352/,PubMed
Ultrasound-Responsive Piezo-Fenton-Like Microspheres for Modulating Mitochondrial Membrane Potential to Alleviate Intervertebral Disc Degeneration.,"Li Xiaohu, Wang Fan, Li Qianyi","Advanced materials (Deerfield Beach, Fla.)",2026-08-02,"The inability of stochastic pharmacological interventions to precisely recalibrate aberrant mitochondrial membrane potential (MMP) poses a challenge to degenerated intervertebral disc tissue repair. Based on the biological rationale provided by clinical single-cell RNA sequencing analysis, we developed an ultrasound-activated piezo-driven Fenton-like system (Fe-BTO) based microsphere (PF@MS). The ",https://pubmed.ncbi.nlm.nih.gov/42535354/,PubMed
A Modular Endogenous-Responsive DNA Nanosponge for Cancer-Selective RNA Demethylase Imaging and Concurrent Photodynamic Therapy.,"Han Yun, Tong Weijie, Ma Fei","Small (Weinheim an der Bergstrasse, Germany)",2026-08-02,RNA demethylase plays a crucial role in the dynamic regulation of m,https://pubmed.ncbi.nlm.nih.gov/42535305/,PubMed
Exosomal delivery of METTL3 promotes M1 macrophage polarization by inducing miR-155-5p maturation via m6A modification.,"Wu Xinyu, Gong Hongbo, Zhang Jie",Annals of medicine,2026-08-02,"Macrophage polarization and function are regulated by epigenetic mechanisms and microRNAs transported by exosomes; however, the specific mechanisms are not clear yet. The study aims to investigate whether exosomes regulate miR-155-5p maturation through methyltransferase-like 3 (METTL3)-mediated N6-methyladenosine (m6A) modification, thereby driving M1 macrophage polarization and providing potentia",https://pubmed.ncbi.nlm.nih.gov/42533620/,PubMed
Characterization of Short Production Cycle and Nongenotoxic mRNA-Based CAR-T Cells Targeting CD19-Positive and CD22-Positive Malignancies.,"Zhang Chenyun, Liu Haizhou, Sangani Hrithik",Journal of immunology research,2026-08-02,"The chimeric antigen receptor (CAR) T cell therapy targeting cluster of differentiation 19 (CD19)-positive malignancies has shown considerable efficacy in clinical settings. However, the potential genotoxicity of viral-based CAR-T therapy, their considerable manufacturing cycle and high costs, prompts questions about its safety and leads to limitations in clinical application. Aiming to explore a ",https://pubmed.ncbi.nlm.nih.gov/42533521/,PubMed
Molecular Restoration Through Replacement Therapies: Current Advances and Future Directions in Treating Diseases.,"Naderian Moslem, Davoudi Elham, Hafez Ghoran Salar",DNA and cell biology,2026-08-02,"Replacement therapy is an advanced therapeutic approach for diseases caused by molecular deficits. It aims to restore normal physiology by replacing deficient molecules such as enzymes, proteins, genes, or other molecules. Here, we discuss different modalities, including protein replacement, gene therapy, messenger RNA (mRNA) replacement, noncoding RNA (ncRNA) therapies, cell replacement, and gene",https://pubmed.ncbi.nlm.nih.gov/42533502/,PubMed
E-cigarette vaping is associated with pro-fibrotic gene expression in kidney and liver tissues.,"Gu Wanjun, Chang Howard, Saini Poorvi","Journal of molecular medicine (Berlin, Germany)",2026-08-02,"Conventional tobacco use causes a wealth of diseases and adversely affects cells and organ systems across the body. The long-term effects of e-cigarette vaping on the same remain unclear. Identifying early pathogenic signals at the organ level via animal models may shed light on potential downstream effects in humans. Here we investigate transcriptomic changes in the kidney and liver, organs known",https://pubmed.ncbi.nlm.nih.gov/42533045/,PubMed
A Ferrous-Supply-Regenerating Lipid Nanoparticle Integrating RNAi Induces Ferroptosis for Cancer Therapy.,"Hu Dun, Xu Yun-Hua, Peng Dan","Small (Weinheim an der Bergstrasse, Germany)",2026-08-02,"Targeting iron-dependent ferroptosis with siRNA has emerged as a promising strategy for cancer treatment. The concept of ferrous-supply regeneration, inspired by electro-Fenton technology, has also gained interest as a non-apoptotic approach to induce ferroptosis. However, integrating both strategies into a single lipid nanoparticle (LNP) remains challenging. To address this, we developed ALSF, a ",https://pubmed.ncbi.nlm.nih.gov/42528415/,PubMed
Localized delivery of coding nucleic acids into adherent cells by in situ electroporation: integrated impedance-based monitoring allows for loss-of-function or gain-of-function screening.,"Grimm Anne-Kathrin, Balk Sonja, Göpferich Achim",Scientific reports,2026-08-02,"Coding nucleic acids (NAs) like DNA, mRNA or siRNA hold endless potential to engineer cells with respect to their genome and proteome. However, minimally invasive delivery of NAs across an intact plasma membrane into the cytosol of living cells remains a technical challenge. Electroporation creates transient pores in the plasma membrane by applying well-defined electric fields for fractions of a s",https://pubmed.ncbi.nlm.nih.gov/42527443/,PubMed
Exosome-mediated delivery of 3-n-butylphthalide rescues microglial energy crisis and ameliorates neuroinflammation in ischemic stroke.,"Wang Bangyue, Xi Muchen, Lin Keyi",Neurotherapeutics : the journal of the American Society for Experimental NeuroTherapeutics,2026-08-02,"Stroke remains the second leading cause of death and the primary cause of long-term disability worldwide, with ischemic stroke accounting for the majority of cases. Ischemia triggers robust microglial activation, yet the precise regulatory mechanisms underlying microglial functional reprogramming remain incompletely understood. Here, we demonstrate that excessive mitophagy drives metabolic energy ",https://pubmed.ncbi.nlm.nih.gov/42526345/,PubMed
In vivo engineering of CAR immune cells by nonviral nanoparticles.,"Huang Ke, Wang Haomeng, Zhu Tao",Biomaterials,2026-08-02,"Chimeric antigen receptor (CAR) immune cell therapy has revolutionized the treatment of hematologic malignancies, yet conventional ex vivo manufacturing remains costly, complex, and logistically demanding. Emerging in vivo engineering strategies, especially those based on nonviral nanoparticles (NPs), offer a transformative alternative by enabling direct programming of immune cells within the body",https://pubmed.ncbi.nlm.nih.gov/42526199/,PubMed
Persistence of SARS-CoV-2 RNA Residues in Placenta Tissue Following Maternal COVID-19 Infection During Pregnancy.,"Gu Yang, Xu Jie, Gu Xin","American journal of reproductive immunology (New York, N.Y. : 1989)",2026-08-02,"Prolonged SARS-CoV-2 viral persistence was reported in extrapulmonary tissues in patients infected with COVID-19. SARS-CoV-2 can infect placental tissue. However, little is known about SARS-CoV-2 viral persistence in the placenta. This is a retrospective and IRB approved study. Placental tissue samples from 40 women infected with COVID-19 at various gestational age were analyzed. SARS-CoV-2 RNA ex",https://pubmed.ncbi.nlm.nih.gov/42525525/,PubMed
Plant RNA interference from antiviral silencing to multiplex trait engineering for climate-resilient crops.,Abdurakhmonov Ibrokhim Y,Frontiers in plant science,2026-08-02,"RNA interference (RNAi) in plants has evolved from an unexplained antiviral and transgene interference phenomenon into a general regulatory platform for sequence-guided gene suppression, chromatin control, systemic signaling, and phenotypic plasticity. This Review synthesizes six decades of plant RNAi, tracing its progression through conceptual bottlenecks and technological solutions. Early work e",https://pubmed.ncbi.nlm.nih.gov/42523892/,PubMed
Non-coding RNA in osteoarthritis: mechanistic insights and future perspectives.,"Jain Manali, Anuja Anamika Kumari, Yadav Soniya",Frontiers in endocrinology,2026-08-02,"Non-coding RNAs (ncRNAs) have emerged as critical regulators of osteoarthritis (OA) pathogenesis by modulating gene expression at the epigenetic, transcriptional, and post-transcriptional levels. Among the major ncRNA classes, microRNAs (miRNAs), long non-coding RNAs (lncRNAs), and circular RNAs (circRNAs) regulate key biological processes involved in OA progression, including extracellular matrix",https://pubmed.ncbi.nlm.nih.gov/42523837/,PubMed
Tissue nanotransfection-mediated induction of neurogenic programs promotes myoprotective responses in denervated skeletal muscle.,"Salazar-Puerta Ana I, Kheirkhah Sara, Moore Jordan T",bioRxiv : the preprint server for biology,2026-08-02,"Peripheral nerve injuries often result in prolonged skeletal muscle denervation, leading to progressive atrophy, fibrosis, neuromuscular instability, and loss of regenerative capacity before axons can reinnervate distal targets. Here, we developed a non-viral strategy using tissue nanotransfection (TNT) to deliver the neurogenic transcription factor cocktail ",https://pubmed.ncbi.nlm.nih.gov/42523414/,PubMed
Manganese-Functionalized GelMA Hydrogels for MRI-Guided Immunotheranostics in Precision Oncology,"Motahareh Nazari, Keyvan Alavi",arXiv,2026-08-02,"Precision oncology requires multifunctional platforms capable of integrating accurate tumor diagnosis, localized therapeutic delivery, immune modulation, and real-time monitoring of treatment response. Gelatin methacryloyl (GelMA) hydrogels have emerged as versatile biomaterials for biomedical engineering because of their biocompatibility, extracellular matrix-like structure, tunable mechanical pr",http://arxiv.org/abs/2606.29599v1,arXiv
Reinforcement-guided generative protein language models enable de novo design of highly diverse AAV capsids,"Lucas Ferraz, Ana F. Rodrigues, Pedro Giesteira Cotovio",arXiv,2026-08-02,"Adeno-associated viral (AAV) vectors are widely used delivery platforms in gene therapy, and the design of improved capsids is key to expanding their therapeutic potential. A central challenge in AAV bioengineering, as in protein design more broadly, is the vast sequence design space relative to the scale of feasible experimental screening. Machine-guided generative approaches provide a powerful m",http://arxiv.org/abs/2603.19473v1,arXiv
Predicting Early and Complete Drug Release from Long-Acting Injectables Using Explainable Machine Learning,"Karla N. Robles, Manar D. Samad",arXiv,2026-08-02,"Polymer-based long-acting injectables (LAIs) have transformed the treatment of chronic diseases by enabling controlled drug delivery, thus reducing dosing frequency and extending therapeutic duration. Achieving controlled drug release from LAIs requires extensive optimization of the complex underlying physicochemical properties. Machine learning (ML) can accelerate LAI development by modeling the ",http://arxiv.org/abs/2601.02265v1,arXiv
Wastewater antibody signatures reflect SARS-CoV-2 infection and immunization patterns in the population.,"Wannigama Dhammika Leshan, Amarasiri Mohan, Phattharapornjaroen Phatthranit",Water research,2026-08-02,"Wastewater-based epidemiology (WBE) has been widely used to track SARS-CoV-2 transmission using viral RNA, but its capacity to capture population immunity remains poorly defined. Although antibodies can be recovered from wastewater, the relationship between wastewater antibody signals, individual-level shedding dynamics, and community-wide infection and immunity patterns has not been systematicall",https://pubmed.ncbi.nlm.nih.gov/42542021/,PubMed
HIV-1 reservoir inducibility and immune phenotypes after prolonged analytical treatment interruption: a long-term follow-up study.,"Lungu Cynthia, Hossain Tanvir, Crespo Raquel",EBioMedicine,2026-08-02,"Despite effective suppression of HIV-1 replication by antiretroviral therapy (ART), persistent viral reservoirs prevent cure and necessitate lifelong treatment. While short-term dynamics of HIV-1 rebound following treatment interruption have been extensively studied, the longer-term consequences of immune perturbation and transient viraemia for reservoir quality and immune architecture remain inco",https://pubmed.ncbi.nlm.nih.gov/42541927/,PubMed
The 5'-Isobutyryl Ester Prodrug of 4'-Thiouridine Inhibits SARS-CoV‑2 Replication in Culture and in a Syrian Hamster Infection Model.,"Chen Zhe, Amblard Franck, Kasthuri Mahesh",ACS omega,2026-08-02,"Although the SARS-CoV-2 pandemic is now largely controlled through widespread vaccination and available therapeutics, emerging variants could undermine their overall effectiveness. 4'-Thiouridine (",https://pubmed.ncbi.nlm.nih.gov/42540126/,PubMed
"The establishment of prostate-specific, SKP2 humanized mice by CRISPR knock-in method reveals neoplastic initiation and microenvironmental reprogramming.","Song Liankun, Song Yurong, Nguyen Vyvyan",Oncogene,2026-08-02,"Genetic inactivation of SKP2 has been shown to effectively prevent cancer initiation and block tumorigenesis. However, direct in vivo evidence for SKP2 on cancer initiation and prostatic microenvironment is still lacking and a SKP2 humanized mouse model is critical for developing prostate cancer immunoprevention approaches through targeting SKP2. We therefore have established a prostate-specific h",https://pubmed.ncbi.nlm.nih.gov/42538409/,PubMed
Side-by-side evaluation of two Crimean-Congo hemorrhagic fever virus isolates in IFNAR,"Rohde Cornelius, Werner Anke-Dorothee, Gellhorn Serra Michelle",Npj viruses,2026-08-02,"Crimean-Congo hemorrhagic fever virus (CCHFV) is the causative agent of a severe hemorrhagic fever in humans, associated with case fatality rates up to 40%. Due to the lack of approved vaccines or specific antiviral treatments, CCHFV is classified as a biosafety level 4 (BSL4) pathogen in most countries and designated a priority pathogen by the World Health Organization. To facilitate the preclini",https://pubmed.ncbi.nlm.nih.gov/42538375/,PubMed
Efficient production of a self-amplifying RNA vaccine sequence with the single subunit RNA polymerase from Klebsiella phage 32 utilising the native AU initiating dinucleotide.,"Price Marcus A, Trubitsyna Maryia, Paget Jane E","RNA (New York, N.Y.)",2026-08-02,"RNA polymerase (RNAP) is the enzyme that produces RNA for an increasingly large variety of uses. The need for efficient industrial production of high quantities of mRNA was exemplified during the SARS-CoV-2 pandemic. While the RNAP from the T7 bacteriophage has been the gold standard for some time, it has certain limitations impeding efficient manufacturing of all RNA types, including production o",https://pubmed.ncbi.nlm.nih.gov/42538131/,PubMed
"The Changing Landscape of Hantavirus Infections: A Narrative Review of Epidemiology, Pathogenesis, and Countermeasures.","De Maria Francesco, Branda Francesco, Ceccarelli Giancarlo",Reviews in medical virology,2026-08-02,"Hantaviruses are emerging zoonotic pathogens of increasing global public health significance. Their epidemiological landscape is rapidly changing due to ecological disruption, climate variability, urbanisation, and evolving human-animal interfaces. This narrative review synthesises current knowledge on hantavirus virology, epidemiology, pathogenesis, clinical management, and emerging countermeasur",https://pubmed.ncbi.nlm.nih.gov/42536803/,PubMed
"Modeling the public health impact of vaccination with Pfizer-BioNTech COVID-19 vaccine, LP.8.1, 2025-2026 formula in the pediatric population aged 5-17 years at high risk of severe outcomes from COVID-19 in the United States.","Yehoshua Alon, Di Fusco Manuela, Rudolph Abby E",Expert review of vaccines,2026-08-02,"This study evaluated the potential public health impact of receiving Pfizer-BioNTech COVID-19 vaccine, LP.8.1, 2025-2026 formula, in the US pediatric population aged 5-17 years at high risk of severe outcomes from COVID-19. A previously published static decision-tree model was adapted to compare health outcomes with and without vaccination. Demographic, epidemiological, vaccine (effectiveness, vac",https://pubmed.ncbi.nlm.nih.gov/42535780/,PubMed
"The potential public health consequences of ""mRNA vaccine stigmatization"" in the US.",Motta Matthew,Politics and the life sciences : the journal of the Association for Politics and the Life Sciences,2026-08-02,"This piece documents how policymakers have stigmatized mRNA vaccination, in contrast to other forms of vaccine technology, following the COVID-19 pandemic. It further argues that, although it is presently unclear whether elites' efforts to stigmatize mRNA vaccines have spilled over to shape US public opinion, there is growing reason to believe that it might. Ultimately, mRNA vaccine stigmatization",https://pubmed.ncbi.nlm.nih.gov/42535297/,PubMed
Triad of Trust: Vaccine Decision-Making by Pregnant People During the COVID-19 Pandemic in British Columbia and Ontario.,"Krug-Mushey Alex, Mniszak Caroline, Vanstone Meredith",Journal of obstetrics and gynaecology Canada : JOGC = Journal d'obstetrique et gynecologie du Canada : JOGC,2026-08-02,"While challenges surrounding vaccine acceptance in pregnancy have long been prevalent in Canada, the COVID-19 pandemic introduced a new context for perinatal vaccine decision-making. Pregnant people had to weigh concerns about SARS-CoV-2 infection during pregnancy and the introduction of the new mRNA pandemic vaccines, with less access to in-person perinatal care and social support than usual. Thi",https://pubmed.ncbi.nlm.nih.gov/42532473/,PubMed
Pre-existing and Cross-Reactive Immunity to Avian Influenza H5N1 in Humans: Implications for Pandemic Risk and Vaccine Strategies.,"Sanz-Muñoz Iván, Ciria-Gil Carlos J, Hernandez Marta",The Journal of infection,2026-08-02,"Due to the continuous evolution of Influenza A viruses (IAVs), novel strains with efficient human-to-human transmission may emerge and cause future pandemics. Among these, highly pathogenic avian influenza (HPAI) H5N1 remains a major concern because of its impact on wildlife, livestock, and human health. The widespread circulation of H5N1 clade 2.3.4.4b, detected in hundreds of bird species and nu",https://pubmed.ncbi.nlm.nih.gov/42532224/,PubMed
Over-induction of innate immune responses suppresses T cell response to mRNA SARS-CoV-2 vaccination.,"Tay Carina J X, Koh Clara W T, Ooi Justin S G",Vaccine,2026-08-02,"SARS-CoV-2 mRNA vaccines elicit robust T cell responses in children, resulting in substantial protection against hospitalisation and severe disease. However, the underlying molecular mechanisms that drive this robust cellular immunogenicity of mRNA vaccines in children remains unknown. Here, 37 immunological naïve children underwent primary vaccination (age 6-10) with the SARS-CoV-2 mRNA vaccine a",https://pubmed.ncbi.nlm.nih.gov/42531983/,PubMed
"Immunogenicity, reactogenicity, and safety of an mRNA-based seasonal influenza and SARS-CoV-2 multicomponent vaccine, mRNA-1083, in adults aged ≥50 years in Japan.","Kostanyan Lusine, Fukase Hiroyuki, Rumyantsev Alexander",Vaccine,2026-08-02,"A multicomponent vaccine targeting seasonal influenza and coronavirus disease 2019 (COVID-19) may reduce disease burden by providing simultaneous protection in a single injection. We report findings from Part 1 (Japan) of a phase 3, Asia-Pacific, randomized, observer-blind study evaluating immunogenicity, reactogenicity, and safety of mRNA-based multicomponent vaccine mRNA-1083, combining influenz",https://pubmed.ncbi.nlm.nih.gov/42531981/,PubMed
Notch2 signaling instructs viral and bacterial TLR responsiveness in B cells.,"Londregan Jennifer, Rozich Isaiah, Gaudette Brian T",Cell reports,2026-08-02,"Marginal zone (MZ) B cells optimize protection against blood-borne bacteria by rapidly producing plasma cells in response to Toll-like receptor (TLR) ligands. Here, we demonstrate that Notch2 instructs this responsiveness for both the dsRNA sensor TLR3 and LPS sensor TLR4. Using mathematical modeling of cell trace time-course data, we reveal that constitutive Notch2 experience affords lipopolysacc",https://pubmed.ncbi.nlm.nih.gov/42531127/,PubMed
T cell immunity to SARS-CoV-2 vaccination in inflammatory bowel disease patients treated with anti-cytokine biologics.,"Cheung Michelle W, Choi Jenny D, Stempak Joanne M","Journal of immunology (Baltimore, Md. : 1950)",2026-08-02,"Anti-TNF and anti-IL-12/IL-23 are commonly used therapies for immune-mediated inflammatory diseases (IMIDs), including inflammatory bowel disease (IBD). Although several studies have shown intact T cell responses following 2 to 3 doses of severe acute respiratory syndrome coronavirus 2 (SARS-CoV-2) vaccines in biologics treated IMID patients, our group previously reported increased waning of T cel",https://pubmed.ncbi.nlm.nih.gov/42530982/,PubMed
Single-cell transcriptomic profiling of bronchial lymph nodes reveals mechanisms of PRRSV escape from host adaptive immunity.,"Guo Shu-Yuan, Wang Xuan, Zhu Jiaying",Frontiers in immunology,2026-08-02,"Porcine reproductive and respiratory syndrome (PRRS), caused by porcine reproductive and respiratory syndrome virus (PRRSV), is characterized by impaired adaptive immune responses, including persistent viremia, delayed neutralizing antibody (nAb) development, and defective T-cell responses. However, the mechanisms by which PRRSV subverts adaptive immunity remain incompletely understood. We perform",https://pubmed.ncbi.nlm.nih.gov/42529228/,PubMed
Capless self-amplifying mRNA vaccine induces dose-sparing protective immunity against HPAI clade 2.3.4.4 H5 virus in mice.,"Kim Beom Kyu, Park Ji-Hyun, Choi Won-Suk",Molecular therapy : the journal of the American Society of Gene Therapy,2026-08-02,"Self-amplifying mRNA (samRNA) vaccines can induce potent immune responses at lower doses than conventional non-replicating mRNA vaccines; however, large RNA size and manufacturing considerations associated with 5' capping remain important challenges. Here, we developed a capless samRNA (CLsamRNA) vaccine platform derived from a Coxsackievirus B5 replicon that uses IRES-mediated cap-independent tra",https://pubmed.ncbi.nlm.nih.gov/42528137/,PubMed
Transformer-Based Active Learning for Data-Efficient Vaccine Epitope Selection in PRRS,"Aspen Erlandsson Brisebois, Zahed Khatooni, Connor Burbridge",arXiv,2026-08-02,"High-fidelity molecular docking simulations can produce biologically relevant estimates of epitope-receptor binding affinity but are computationally expensive and therefore limit the number of candidates that can be screened for vaccine design. In this work, we evaluate machine learning (ML) approaches where variants of active learning are used to classify instances of high binding affinity betwee",http://arxiv.org/abs/2606.28659v1,arXiv
Exploring the Effects of Entanglement on Quantum Machine Learning of Pathogen Epitope-Receptor Binding,"Aspen Erlandsson Brisebois, Luis Pablo Gonzalez Dominguez, Shivansi Prajapati",arXiv,2026-08-02,"Parameterized quantum circuits (PQCs) provide a flexible substrate for hybrid quantum machine learning (QML), but their practical value on Noisy Intermediate-Scale Quantum (NISQ) devices remains an empirical question, especially because training depth and scale can introduce optimization challenges such as barren plateaus. Here we study how the number and topology of two-qubit entangling gates in ",http://arxiv.org/abs/2606.28655v1,arXiv
Asiaticoside attenuates endothelial cells senescence in diabetic retinopathy via CCND1-mediated mitophagy through the PI3K/AKT/mTOR pathway.,"Chen Zhouyang, Luo Yuxin, Lou Xueying",Journal of ethnopharmacology,2026-08-02,"Diabetic retinopathy (DR), a predominant microvascular complication of diabetes mellitus, is pathologically characterized by endothelial dysfunction and blood-retinal barrier (BRB) disruption. Asiaticoside (AC), a bioactive phytochemical constituent derived from traditional Chinese medicinal herbs, has shown promising therapeutic potential against a spectrum of diabetic complications. Nevertheless",https://pubmed.ncbi.nlm.nih.gov/42542263/,PubMed
Semaglutide ameliorates traumatic sepsis-induced cardiac injury by activating the March5-ACSL4 axis to suppress ferroptosis.,"Sun Baisheng, Liu Lingxin, Zhang He",Free radical biology & medicine,2026-08-02,"Post-traumatic septic myocardial dysfunction (PT-SIMD) is a life-threatening condition with high mortality and no specific treatment. Ferroptosis, an iron-dependent regulated cell death pathway driven by lipid peroxidation, has been implicated in septic cardiac injury, yet the endogenous mechanisms that counteract this process remain poorly understood. We aimed to identify novel cardioprotective r",https://pubmed.ncbi.nlm.nih.gov/42542232/,PubMed
The deficiency of CD14 weakens the biological function of miR-296-3p inhibitor in polycystic ovary syndrome granulosa cell by inhibiting NF-κB pathway.,"Pang Le, Wang Ai-Hui, Ni Ming",F&S science,2026-08-02,"Investigating the molecular mechanism of granulosa cell dysfunction is vital to understand the pathogenesis of polycystic ovary syndrome (PCOS). Based on bioinformatics analysis, we analyzed the differentially expressed genes and their enrichment pathways between PCOS patients and normal samples. We also analyzed the levels of CD14 and miR-296-3p in PCOS patients. Pearson correlation coefficient w",https://pubmed.ncbi.nlm.nih.gov/42542228/,PubMed
The Lnc_000151/microRNA-96-5p/insulin receptor substrate 1 axis mediates aluminum-induced neurotoxicity.,"He Chanting, Hu Qian, Chu Yafen",Ecotoxicology and environmental safety,2026-08-02,"Aluminum causes learning and memory impairments, and is an environmental and occupational toxicant. This in vivo and in vitro study assessed the implications of Lnc_000151 on aluminum-induced neurotoxicity through competitive binding to miR-96-5p. Fifty-six male SpragueDawley rats were randomly divided into eight groups: untreated, sham-operated, saline + sham-operated, Al(mal)₃ + sham-operated, s",https://pubmed.ncbi.nlm.nih.gov/42542101/,PubMed
Berberine inhibits inflammatory bone resorption via bitter taste receptors.,"Zhang Zhiying, Li Zixia, Liu Jiaxin",Phytomedicine : international journal of phytotherapy and phytopharmacology,2026-08-02,"Extra-gustatory bitter taste receptors (Tas2rs) have been identified as critical regulators of host inflammation and immune responses. Berberine, a bitter natural alkaloid, has demonstrated effectiveness against bone resorption. However, the potential involvement of Tas2rs-mediated signaling in the anti-resorptive effects of berberine remains to be investigated. This study aims to elucidate the me",https://pubmed.ncbi.nlm.nih.gov/42542055/,PubMed
GAPDH inhibition by oridonin integrates glycolytic inhibition and anti-inflammation to alleviate rheumatoid arthritis synovitis.,"Xiao Qingqing, Zhou Huan, Li Meichen",Phytomedicine : international journal of phytotherapy and phytopharmacology,2026-08-02,"Current therapeutic strategies for rheumatoid arthritis (RA) synovitis rely primarily on immunosuppression, with limited options targeting the diseased synovial fibroblasts (FLSs). Modulating the metabolic state of FLSs has been proposed as a potential approach to shift them toward an anti-inflammatory phenotype and alleviate synovitis. However, the molecular mechanisms that bridge FLS metabolism ",https://pubmed.ncbi.nlm.nih.gov/42542052/,PubMed
Perspectives of EGFR co-targeting with nanocarriers for anti-TNBC purposes.,"Białecki Piotr, Adamiak Miłosz, Pędziwiatr-Werbicka Elżbieta",Genes & diseases,2026-08-02,"Triple-negative breast cancer (TNBC) is a particularly aggressive and therapeutically challenging subtype of breast tumor, frequently marked by the relatively high expression of epidermal growth factor receptor (EGFR). As a tyrosine kinase, this enzyme plays a crucial role in driving tumor cell proliferation, progression, and metastases. This review describes the restricted clinical benefits of si",https://pubmed.ncbi.nlm.nih.gov/42541252/,PubMed
TP63 regulates pyroptosis via NF-κB/NLRP3/caspase-1 signaling in interstitial cystitis: insights from single-cell sequencing.,"Xue Wantong, Shi Minli, Pang Lei","Open medicine (Warsaw, Poland)",2026-08-02,"This study aims to explore the regulatory role of the TP63 gene in interstitial cystitis (IC) and its molecular mechanism of involvement in disease occurrence and development through the pyroptosis pathway through single-cell sequencing and bioinformatics analysis, and evaluate its potential as a therapeutic target and biomarker. A 6-8 week SPF grade female SD rat IC model was constructed by intra",https://pubmed.ncbi.nlm.nih.gov/42540086/,PubMed
CNOT11 depletion is associated with autophagy-related responses and IL-6-JAK-STAT signaling in cancer cells.,"Nishijima Saori, Suzuki Toru, Yamamoto Tadashi",Frontiers in cell and developmental biology,2026-08-02,"The CCR4-NOT complex is a central regulator of deadenylation-mediated mRNA decay, yet the role of its vertebrate-specific subunit CNOT11 remains unclear. We investigated the role of CNOT11 in cellular stress responses using siRNA-mediated knockdown, immunoblotting, immunoprecipitation, transcriptomic analysis, quantitative RT-PCR, ELISA, cycloheximide chase assays, actinomycin D treatment, and pol",https://pubmed.ncbi.nlm.nih.gov/42539973/,PubMed
Ribonucleotide Reductase Inhibition Overcomes FLT3 Inhibitor Resistance in Acute Myeloid Leukemia.,"Tian Zhen, Wei Xiaoyu, Chatla Srinivas",bioRxiv : the preprint server for biology,2026-08-02,Internal tandem duplication mutations in  Although FLT3 inhibitors (FLT3i) are an important therapeutic advance in ,https://pubmed.ncbi.nlm.nih.gov/42539318/,PubMed
Orthogonal CRISPR screens and human liver chimeric mice identify hepatitis B virus host factors.,"Freije Catherine A, Dangas Georgios, Athanasiadis Antonis",bioRxiv : the preprint server for biology,2026-08-02,"Hepatitis B virus (HBV) chronically infects approximately 250 million people worldwide, and reliable curative therapies are lacking. A broader understanding of viral-host interactions could accelerate efforts to find new host-centric therapeutic targets. However, inefficient cell culture systems and limited replication markers compatible with pooled screening have precluded the widespread use of g",https://pubmed.ncbi.nlm.nih.gov/42539305/,PubMed
"Targeted modulation of IGFBP5/IGF1, THPO, and P38 MAPK signaling are potent therapeutic strategies generalizable for mitochondrial respiratory chain disease and osteosarcoma.","Keith Kelsey, Peng Min, Remes Cristina",bioRxiv : the preprint server for biology,2026-08-02,"Primary mitochondrial diseases (PMD) have limited disease-modifying therapies, currently applicable to only 3 of over 400 discrete gene disorders. Cycloheximide (CHX) is a global cytosolic translation inhibitor we previously reported to rescue PMD preclinical models, although its toxicity precluded clinical development. To identify specific mediators underlying CHX treatment benefit in PMD, SOMAsc",https://pubmed.ncbi.nlm.nih.gov/42539297/,PubMed
Combination siRNA delivery as a therapeutic strategy for ADPKD.,"Giblin Joshua, Suzuki Isabella, Huang Yi",bioRxiv : the preprint server for biology,2026-08-02,"Autosomal dominant polycystic kidney disease (ADPKD) is the most common genetic kidney disease worldwide, characterized by progressive cyst growth and inflammation, yet effective targeted therapies remain limited. Here we show that TMEM16A and MCP-1, key mediators of cyst-lining epithelial expansion and inflammatory macrophage recruitment respectively, are consistently upregulated in cyst-lining c",https://pubmed.ncbi.nlm.nih.gov/42538939/,PubMed
"Potent and Sustained Lowering of Serum Uric Acid by YJH-012-D, a GalNAc-Conjugated siRNA Targeting Xanthine Dehydrogenase.","Tang Tingke, Li Qiuying, Zhang Chenguang",Pharmacology research & perspectives,2026-08-02,"Hyperuricemia (HUA) is primarily driven by hepatic overproduction of urate, mediated by xanthine dehydrogenase (XDH). This preclinical study evaluates YJH-012-D, a N-acetylgalactosamine (GalNAc)-conjugated small interfering RNA (siRNA) targeting hepatic XDH. Functional assays demonstrated that YJH-012-D potently suppressed both XDH mRNA and protein expression in primary hepatocytes. In mice, a sin",https://pubmed.ncbi.nlm.nih.gov/42538620/,PubMed
Systematic identification of germ granule proteins reveals specialized roles in RNAi and small RNA inheritance.,"Chen Shihui, Prescott Lucas H, Mello Craig C",Genes & development,2026-08-02,"Biomolecular condensates, such as germ granules, organize RNAi pathways critical for fertility and genome regulation. However, the protein composition and functional contributions of these condensates remain poorly defined. Here, we applied TurboID proximity labeling to the ",https://pubmed.ncbi.nlm.nih.gov/42538287/,PubMed
IRAK1BP1 negatively regulated innate immune response via NF-κB signal pathway in blunt snout bream (Megalobrama amblycephala).,"Sun Yuandong, Li Chunfang, Sun Hongyang",Fish & shellfish immunology,2026-08-02,"Interleukin receptor-associated kinase (IRAK)-1 binding protein 1 (IRAK1BP1) is a vital factor in preventing dangerous overproduction of proinflammatory cytokines by the innate immune system. The structure and function of IRAK1BP1 have been well investigated in mammals, yet the piscine IRAK1BP1 is poorly understood. In the present study, the first teleost fish IRAK1BP1 from blunt snout bream, maIR",https://pubmed.ncbi.nlm.nih.gov/42537826/,PubMed
Ginsenoside Rh,"Wang Yuheng, Hu Cong, Liu Yu",Neurotoxicology,2026-08-02,"The blood-brain barrier (BBB) is essential for maintaining central nervous system homeostasis, and its disruption is associated with numerous neurological disorders. Ginsenoside Rh",https://pubmed.ncbi.nlm.nih.gov/42537812/,PubMed
RNA sequencing reveals that TSP-4/STAT3 signaling reduces odontoblast apoptosis.,"Jiang Ruoxia, Li Wanhua, Qiao Weiwei",Journal of endodontics,2026-08-02,"Bacteria from dental caries and their toxic products can induce apoptosis of odontoblasts via sustained and intense stimulation. In this study, we profiled the transcriptomes of healthy and carious human odontoblastic layer and investigated the role of thrombospondin-4 (TSP-4) in reducing odontoblast apoptosis under inflammatory conditions. In the human clinical model, odontoblastic layers isolate",https://pubmed.ncbi.nlm.nih.gov/42537787/,PubMed
Betaine protects bovine granulosa cells from oxidative stress involving STAT3-associated regulation of GSTA5.,"Cheng Yuanweilu, Pang Yang, Jiang Bowen",Theriogenology,2026-08-02,"Oxidative stress (OS) within the follicular microenvironment compromises bovine fertility largely by damaging granulosa cells (GCs), thereby impairing oocyte developmental competence. Betaine has been implicated in redox regulation, yet its direct actions and molecular mechanisms in bovine GCs remain insufficiently defined. In this study, primary bovine GCs were exposed to an H",https://pubmed.ncbi.nlm.nih.gov/42537487/,PubMed
DeepSilencer: A Novel Deep Learning Model for Predicting siRNA Knockdown Efficiency,"Wangdan Liao, Weidong Wang",arXiv,2026-08-02,"Background: Small interfering RNA (siRNA) is a promising therapeutic agent due to its ability to silence disease-related genes via RNA interference. While traditional machine learning and early deep learning methods have made progress in predicting siRNA efficacy, there remains significant room for improvement. Advanced deep learning techniques can enhance prediction accuracy, reducing the relianc",http://arxiv.org/abs/2503.04200v1,arXiv
Maturation of siRNA by strand separation: Steered Molecular dynamics study,"Rakesh K Mishra, Sanchita Mukherjee, Dhananjay Bhattacharyya",arXiv,2026-08-02,"RNA interference, particularly siRNA induced gene silencing is becoming an important avenue of modern therapeutics. The siRNA is delivered to the cells as short double helical RNA which becomes single stranded for forming the RISC complex. Significant experimental evidence is available for most of the steps except the process of the separation of the two strands. We have attempted to understand th",http://arxiv.org/abs/1910.03778v1,arXiv
Using a hydrogen-bond index to predict the gene-silencing efficiency of siRNA based on the local structure of mRNA,"Kathy Q. Luo, Donald C. Chang",arXiv,2026-08-02,The gene silencing effect of short interfering RNA (siRNA) is known to vary strongly with the targeted position of the mRNA. A number of hypotheses have been suggested to explain this phenomenon. We would like to test if this positional effect is mainly due to the secondary structure of the mRNA at the target site. We proposed that this structural factor can be characterized by a single parameter ,http://arxiv.org/abs/1710.07413v1,arXiv
Unraveling siRNA Unzipping Kinetics with Graphene,"Santosh Mogurampelly, Swati Panigrahi, Dhananjay Bhattacharyya",arXiv,2026-08-02,"Using all atom molecular dynamics simulations, we report spontaneous unzipping and strong binding of small interfering RNA (siRNA) on graphene. Our dispersion corrected density functional theory based calculations suggest that nucleosides of RNA have stronger attractive interactions with graphene as compared to DNA residues. These stronger interactions force the double stranded siRNA to spontaneou",http://arxiv.org/abs/1207.4569v1,arXiv
Unzipping and binding of small interfering RNA with single walled Carbon Nanotube: a platform for small interfering RNA delivery,"Mogurampelly Santosh, Swati Panigrahi, Dhananjay Bhattacharyya",arXiv,2026-08-02,"In an effort to design efficient platform for siRNA delivery, we combine all atom classical and quantum simulations to study the binding of small interfering RNA (siRNA) by pristine single wall carbon nanotube (SWCNT). Our results show that siRNA strongly binds to SWCNT surface via unzipping its base-pairs and the propensity of unzipping increases with the increase in the diameter of the SWCNTs. T",http://arxiv.org/abs/1203.2409v1,arXiv
Nanodiamond as a vector for siRNA delivery to Ewing sarcoma cells,"Anna Alhaddad, Marie-Pierre Adam, Jacques Botsoa",arXiv,2026-08-02,"We investigated the ability of diamond nanoparticles (nanodiamonds, NDs) to deliver small interfering RNA (siRNA) in Ewing sarcoma cells, in the perspective of in vivo anti-cancer nucleic acid drug delivery. siRNA was adsorbed onto NDs previously coated with cationic polymer. Cell uptake of NDs has been demonstrated by taking advantage of NDs intrinsic fluorescence coming from embedded color cente",http://arxiv.org/abs/1106.2252v2,arXiv
Target prediction and a statistical sampling algorithm for RNA-RNA interaction,"F. W. D. Huang, J. Qin, C. M. Reidys",arXiv,2026-08-02,"It has been proven that the accessibility of the target sites has a critical influence for miRNA and siRNA. In this paper, we present a program, rip2.0, not only the energetically most favorable targets site based on the hybrid-probability, but also a statistical sampling structure to illustrate the statistical characterization and representation of the Boltzmann ensemble of RNA-RNA interaction st",http://arxiv.org/abs/0908.0597v1,arXiv
In silico evidence of the relationship between miRNAs and siRNAs,"Ludovica Montanucci, Piero Fariselli, Pier Luigi Martelli",arXiv,2026-08-02,"Both short interfering RNAs (siRNAs) and microRNAs (miRNAs) mediate the repression of specific sequences of mRNA through the RNA interference pathway. In the last years several experiments have supported the hypothesis that siRNAs and miRNAs may be functionally interchangeable, at least in cultured cells. In this work we verify that this hypothesis is also supported by a computational evidence. We",http://arxiv.org/abs/0705.2355v1,arXiv
