title,authors,journal,date,abstract,link,source
An oxidative stress - and immunotherapy-related six-gene signature defines immune subtypes and predicts prognosis and immunotherapy response in hepatocellular carcinoma.,"Liang Yuxin, Chen Xing, Su Yuhao",Gene,2026-08-08,"Oxidative stress and the tumor immune microenvironment jointly shape hepatocellular carcinoma (HCC) progression and response to immunotherapy, yet integrated biomarkers linking these processes are lacking. Transcriptomic and clinical data from The Cancer Genome Atlas (TCGA) and Gene Expression Omnibus (GEO) datasets were used to identify oxidative stress- and immunotherapyrelated differentially ex",https://pubmed.ncbi.nlm.nih.gov/42551718/,PubMed
Exposure to environmentally relevant concentrations of zearalenone disrupts blood-testis barrier via inositol-requiring enzyme 1α-dependent GA binding protein transcription factor α mRNA decay.,"Chen Chen, Ren Yutong, Wang Rong",Chemico-biological interactions,2026-08-08,"Male infertility is a growing global health issue, with declining sperm quality being a major contributing factor. Zearalenone (ZEA), a widespread mycotoxin, is frequently detected in human populations through contaminated food and water. Here, we investigated the mechanism by which environmentally relevant concentrations of ZEA disrupt the blood-testis barrier (BTB) and impair sperm quality. We f",https://pubmed.ncbi.nlm.nih.gov/42551538/,PubMed
A Multifunctional Nanozyme-Based mRNA Delivery Platform Restores Neurovascular and Sudomotor Function in Diabetic Neuropathy.,"Guo Xu, Guo Kangli, Zhang Chao",Advanced healthcare materials,2026-08-08,"Diabetic sudomotor dysfunction, one of the most prevalent complications of diabetic neuropathy (DN), is characterized by impaired sweating due to degenerative changes in sweat glands (SGs) and associated neurovascular networks. Despite its clinical significance, effective treatments remain elusive. Here, we present a multifunctional nanozyme-based platform, Au@Pt coated with ethanolamine-functiona",https://pubmed.ncbi.nlm.nih.gov/42568040/,PubMed
The mitochondria enzyme OGDH defends against disulfidptosis by licensing METTL3-regulated NRF2 translation.,"Chen Xiao-Yan, Xu Ke-Jun, Zhou Jia-Xin",Nature cell biology,2026-08-08,"Disulfidptosis is a form of regulated cell death triggered by disulfide stress resulting from glucose starvation. The capacity to evade disulfidptosis is crucial for tumour cells to withstand glucose-limited environments. Here we demonstrate that OGDH, a rate-limiting enzyme in citric acid cycle, is critical for conferring resistance to disulfidptosis. High expression of HSPA9 in melanoma protects",https://pubmed.ncbi.nlm.nih.gov/42567988/,PubMed
Vitamin B,"Kölschbach Jonathan, Dafsari Hormos S, Baum Emily",Nature communications,2026-08-08,"mRNA splicing represents a fundamental level of gene regulation that alters proteomic diversity and cellular state. Its dysfunction can profoundly rewire metabolism, yet underlying mechanisms remain elusive. Here, we investigate Verheij syndrome, caused by mutations in core splicing factor PUF60, using a Caenorhabditis elegans model, human cell lines, and patient-derived samples. We demonstrate th",https://pubmed.ncbi.nlm.nih.gov/42567856/,PubMed
Heat stress promotes pre-tRNA capping to modulate cap-dependent translation in Saccharomyces cerevisiae.,"Kikuchi Ittoku, Ohira Takayuki, Nakatsuka Taichi",Nature communications,2026-08-08,"Methylguanosine capping, a post-transcriptional modification of the 5' terminus of RNA polymerase II transcripts, influences RNA function, stability, and protein synthesis. Previously, we identified the cap modification in specific transfer RNA (tRNA) precursors (pre-tRNAs) transcribed by RNA polymerase III in Saccharomyces cerevisiae, and demonstrated that pre-tRNA capping prevents 5' exonucleoly",https://pubmed.ncbi.nlm.nih.gov/42567854/,PubMed
"Triclosan Induces Oxidative Stress, Gene Expression Changes, and Cardiomyocyte Dysfunction in Magallana bilineata Heart Cell Cultures.","Balakrishnan Soumya, Sajeevan Ambadi Kannan Maliyekkal, Singh Isaac Sarojini Bright",Environmental toxicology,2026-08-08,"Triclosan (TCS) is an antimicrobial compound widely used in pharmaceutical and personal care products (PPCPs). It is classified as a contaminant of emerging concern (CEC) due to its environmental health implications. However, significant knowledge gaps remain regarding the toxic effects of environmentally relevant concentrations of TCS in coastal and marine species, such as bivalves. In this study",https://pubmed.ncbi.nlm.nih.gov/42567705/,PubMed
RBM39 modulates UPR signaling through alternative splicing of IRE1α/,"Kim Jeongjin J, Behera Amit K, Damodaran Arun Prasath",Genes & development,2026-08-08,"The unfolded protein response (UPR) preserves endoplasmic reticulum proteostasis through coordinated signaling pathways, including the IRE1α-XBP1 axis, which promotes adaptive transcriptional programs via noncanonical XBP1 mRNA splicing. However, upstream mechanisms regulating this pathway remain incompletely defined. Here, we apply CRASP-seq, a scalable RNA-coupled CRISPR screening platform, to s",https://pubmed.ncbi.nlm.nih.gov/42567675/,PubMed
Fauci's Senate hearing riled up the MAGA base-but at the cost of damaging public health.,"Yamey Gavin, Titanji Boghuma K",BMJ (Clinical research ed.),2026-08-08,,https://pubmed.ncbi.nlm.nih.gov/42567554/,PubMed
Circadian proteolysis by the E3 ubiquitin ligase gp78 controls CYP3A4 activity in human hepatocytes.,"Okawa Maseri, Omata Yuji, Yamauchi Tomoaki",Biochemical pharmacology,2026-08-08,"The pharmacokinetics and pharmacodynamics of many drugs vary with the time of administration, reflecting circadian rhythms in drug-target sensitivity and in drug concentrations at target sites. Cytochrome P450 3A4 (CYP3A4), which metabolizes approximately half of all clinically used drugs, exhibits circadian oscillations in expression and activity driven in part by transcriptional regulation via t",https://pubmed.ncbi.nlm.nih.gov/42567488/,PubMed
MDM2 deletion and its associated p53 activation in subcutaneous white adipose tissue induce hepatic fibrosis via galectin-3 in a mouse model.,"Liu Pujie, Long KeKao, Wang Yi",Metabolism: clinical and experimental,2026-08-08,"White adipose tissue (WAT) communicates with distal metabolic organs and regulates their functions by secreting adipokines. Subcutaneous WAT (sWAT) is thought to be metabolically protective but prone to dysfunction with aging and obesity. Chronic activation of p53 is commonly observed in dysfunctional WAT at different anatomical locations in metabolic diseases. However, the impact of MDM2 deletion",https://pubmed.ncbi.nlm.nih.gov/42567474/,PubMed
An Explanatory Deep Learning Pipeline for the Prediction and Visualization of Spatially Resolved Biomarker Expression in Triple-Negative Breast Cancer.,"Rao Vibha R, Sadanandappa Madhumala K, Black Candice C",The American journal of pathology,2026-08-08,"Histopathologic evaluation remains central to cancer diagnosis and treatment planning, yet the molecular programs underlying distinct tissue morphologies aren't routinely accessible in clinical workflows. Spatial transcriptomic/proteomic platforms provide region-specific molecular measurements but are limited by cost, throughput, and scalability. Most computational pathology models rely on either ",https://pubmed.ncbi.nlm.nih.gov/42567444/,PubMed
Lactiplantibacillus plantarum WY2401 promotes myogenesis via riboflavin-mediated modulation of METTL3-dependent mRNA m,"Liu Jiaqi, Yang Tongyudan, Lou Fangfang",Journal of advanced research,2026-08-08,"Lactiplantibacillus plantarum (L. plantarum) is a well-characterized probiotic with a long history of safe application, exhibiting prominent potential in improving skeletal muscle function. As the most prevalent and plentiful mRNA modification in eukaryotes, extensive research has highlighted the non-negligible role of N To explore the microbe-host regulatory axis through which L. plantarum promot",https://pubmed.ncbi.nlm.nih.gov/42567348/,PubMed
Regulation of the rainbow trout spleen corticotropin-releasing factor system in response to inflammatory challenges: roles of NF-κB and cortisol.,"Culbert Brett M, Grosman Leah, Rodríguez-Ramos Tania",Molecular and cellular endocrinology,2026-08-08,"The corticotropin-releasing factor (CRF) system bidirectionally interacts with cytokines and other immune-related components in mammals. However, the nature of these interactions remains poorly characterized in other vertebrates, including teleost fishes. To gain insight into the relationship between immune responses and the CRF system in teleosts, we explored how CRF system components were regula",https://pubmed.ncbi.nlm.nih.gov/42567302/,PubMed
Effects of Normal butanol fraction of flavonoids from Polygonum hydropiper L. on PRV-Induced Oxidative Stress and Prediction of lncRNA Regulatory Targets in 3D4/2 Cells.,"Zhao Wen, Wang Yaqi, Wei Yuheng",Microbial pathogenesis,2026-08-08,"Infection with Pseudorabies virus (PRV) triggers a state of oxidative distress in host cells, which consequently results in cellular damage. Although the normal butanol fraction of flavonoids derived from Polygonum hydropiper L. (FNB) is recognized for its strong antioxidant properties, it remains unclear whether FNB can mitigate PRV-induced oxidative damage and whether this protective effect invo",https://pubmed.ncbi.nlm.nih.gov/42567234/,PubMed
From PEG to randomized PEG: a macromolecular strategy tackling PEG immunogenicity.,"Schmidt Julian, Bockhard Caroline, Simon Lea",Advanced drug delivery reviews,2026-08-08,"PEGylation is a crucial strategy in modern nanomedicine, offering effective and safer therapeutics. However, the growing prevalence of anti-PEG antibodies (APAs) in patients has raised critical concerns, with multiple studies demonstrating reduced clinical efficacy and safety risks associated with APA formation. This has generated broad consensus on the need for next-generation nanomedicine soluti",https://pubmed.ncbi.nlm.nih.gov/42567204/,PubMed
A thermoregulatory module for timekeeping in Arabidopsis.,"He Yuqing, Wang Xiling, Su Chen",Developmental cell,2026-08-08,"Circadian clocks enable plants to predict temperature changes and adapt to the living climate, known as temperature entrainment and temperature compensation (TC), with largely unrevealed mechanisms. Here, we proposed that the circadian component PRR9 (PSEUDO-RESPONSE REGULATOR 9) has evolved for thermal adaptation by acting as a hub factor in transmitting temperature input and maintaining TC. High",https://pubmed.ncbi.nlm.nih.gov/42567168/,PubMed
HER2DX in early-stage HER2-positive breast cancer: a review of clinical utility.,"Tolaney S M, Tung N, Wolff A C",ESMO open,2026-08-08,"Therapies targeting human epidermal growth factor receptor 2 (HER2)-positive breast cancer have substantially improved outcomes. Nevertheless, marked biological and clinical heterogeneity continue to drive variability in prognosis and treatment sensitivity in early-stage disease. While contemporary guidelines provide broad management frameworks, uncertainty remains when tailoring treatment intensi",https://pubmed.ncbi.nlm.nih.gov/42567017/,PubMed
Ribosomal protein bL27 protects translating ribosomes from tmRNA-SmpB.,"Seerpatham Divyasorubini, Wanes George, Pathirage Chathuri",Science advances,2026-08-08,"Bacterial ribosomal protein bL27 is universally conserved, and its amino terminus is adjacent to the peptidyl transfer center, yet its roles in translation remain unclear. Combining genetics, biochemistry, and molecular dynamics, we show that bL27 has an unexpected role in preventing transfer-messenger RNA (tmRNA)-small protein B (SmpB), molecules involved in the trans-translation bacterial riboso",https://pubmed.ncbi.nlm.nih.gov/42566540/,PubMed
High-resolution mapping of embryonic genome activation unveils a decoupling of transcription activation from precocious H3K4me3 removal.,"Al-Mousawi Jasmina, Michetti Luca, Castaldi Laura",Science advances,2026-08-08,"The lack of temporal resolution in transcriptomic data during mammalian embryonic genome activation (EGA) has precluded the comprehensive understanding of the functional relationships between the various gene regulatory mechanisms governing this process. Here, we finely dissect the transcriptional dynamics of mouse EGA using precision in vitro fertilization (IVF) coupled with single-embryo RNA seq",https://pubmed.ncbi.nlm.nih.gov/42566531/,PubMed
Energy-efficient codon optimization on thermodynamic hardware,"Andraz Jelincic, Ross C. Walker",arXiv,2026-08-08,"The growing energy demand for computation is becoming increasingly unsustainable. Thermodynamic computing, which harnesses physical thermal fluctuations as a computational resource rather than suppressing them, offers orders-of-magnitude energy savings for probabilistic and combinatorial tasks. Pharmaceutical R&D, heavily reliant on computational optimization and sampling, is a natural application",http://arxiv.org/abs/2606.17327v1,arXiv
mRNAutilus: Multi-Objective-Guided Discrete Generation of mRNA with Optimized Therapeutic Properties,"Sawan Patel, Sophia Tang, Yesol Kim",arXiv,2026-08-08,"Therapeutic mRNA design requires coordinating multiple interacting sequence features across the full transcript, where codon usage, untranslated regions (UTRs), and their coupling jointly determine stability, translation efficiency, and protein expression. Here, we present mRNA generation via unrolled trajectories and informed latent updates (mRNAutilus), a framework for simultaneous codon optimiz",http://arxiv.org/abs/2605.31296v1,arXiv
Sampling-based Continuous Optimization for Messenger RNA Design,"Feipeng Yue, Ning Dai, Wei Yu Tang",arXiv,2026-08-08,"Designing messenger RNA (mRNA) sequences for a fixed target protein requires searching an exponentially large synonymous space while optimizing properties that affect stability and downstream performance. This is challenging because practical mRNA design involves multiple coupled objectives beyond classical folding criteria, and different applications prefer different trade-offs. We propose a gene",http://arxiv.org/abs/2603.06559v1,arXiv
Drug-like antibodies with low immunogenicity in human panels designed with Latent-X2," Latent Labs Team, Henry Kenlay, Daniella Pretorius",arXiv,2026-08-08,"Drug discovery has long sought computational systems capable of designing drug-like molecules directly: developable and non-immunogenic from the start. Here we introduce Latent-X2, a frontier generative model that achieves this goal through zero-shot design of antibodies with strong binding affinities, drug-like properties, and, for the first time for any de novo generated antibody, confirmed low ",http://arxiv.org/abs/2512.20263v1,arXiv
"RNAGenScape: Property-Guided, Optimized Generation of mRNA Sequences with Manifold Langevin Dynamics","Danqi Liao, Chen Liu, Xingzhi Sun",arXiv,2026-08-08,"Generating property-optimized mRNA sequences is central to applications such as vaccine design and protein replacement therapy, but remains challenging due to limited data, complex sequence-function relationships, and the narrow space of biologically viable sequences. Generative methods that drift away from the data manifold can yield sequences that fail to fold, translate poorly, or are otherwise",http://arxiv.org/abs/2510.24736v3,arXiv
The proportional scaling of mRNA and ribosome concentrations controls eukaryotic cell growth,"Xin Gao, Michael Lanz, Rosslyn Grosely",arXiv,2026-08-08,"Cell growth underlies nearly all eukaryotic physiology, yet its quantitative principles remain unclear. Using single-molecule ribosome tracking, spike-in RNA sequencing, and quantitative proteomics across 15 nutrient-limited conditions in budding yeast, we define how growth is controlled in the budding yeast Saccharomyces cerevisiae. Ribosome concentration scales linearly with growth rate, while p",http://arxiv.org/abs/2508.14997v2,arXiv
mRNA Folding Algorithms for Structure and Codon Optimization,"Max Ward, Mary Richardson, Mihir Metkar",arXiv,2026-08-08,"mRNA technology has revolutionized vaccine development, protein replacement therapies, and cancer immunotherapies, offering rapid production and precise control over sequence and efficacy. However, the inherent instability of mRNA poses significant challenges for drug storage and distribution, particularly in resource-limited regions. Co-optimizing RNA structure and codon choice has emerged as a p",http://arxiv.org/abs/2503.19273v1,arXiv
Generative Model for Synthesizing Ionizable Lipids: A Monte Carlo Tree Search Approach,"Jingyi Zhao, Yuxuan Ou, Austin Tripp",arXiv,2026-08-08,"Ionizable lipids are essential in developing lipid nanoparticles (LNPs) for effective messenger RNA (mRNA) delivery. While traditional methods for designing new ionizable lipids are typically time-consuming, deep generative models have emerged as a powerful solution, significantly accelerating the molecular discovery process. However, a practical challenge arises as the molecular structures genera",http://arxiv.org/abs/2412.00807v1,arXiv
Machine learning framework to predict the performance of lipid nanoparticles for nucleic acid delivery,"Gaurav Kumar, Arezoo M. Ardekani",arXiv,2026-08-08,"Lipid nanoparticles (LNPs) are highly effective carriers for gene therapies, including mRNA and siRNA delivery, due to their ability to transport nucleic acids across biological membranes, low cytotoxicity, improved pharmacokinetics, and scalability. A typical approach to formulate LNPs is to establish a quantitative structure-activity relationship (QSAR) between their compositions and in vitro/in",http://arxiv.org/abs/2411.14293v1,arXiv
Joint Design of 5' Untranslated Region and Coding Sequence of mRNA,"Yang Liu, Jie Gao, Xiaonan Zhang",arXiv,2026-08-08,"Messenger RNA (mRNA) vaccines and therapeutics are emerging as powerful tools against a variety of diseases, including infectious diseases and cancer. The design of mRNA molecules, particularly the untranslated region (UTR) and coding sequence (CDS) is crucial for optimizing translation efficiency and stability. Current design approaches generally focus solely on either the 5' UTR or the CDS, whic",http://arxiv.org/abs/2410.20781v1,arXiv
Bacterial stress granule protects mRNA through ribonucleases exclusion,"Linsen Pei, Yujia Xian, Xiaodan Yan",arXiv,2026-08-08,"Membraneless droplets formed through liquid-liquid phase separation (LLPS) play a crucial role in mRNA storage, enabling organisms to swiftly respond to environmental changes. However, the mechanisms underlying mRNA integration and protection within droplets remain unclear. Here, we unravel the role of bacterial aggresomes as stress granules (SGs) in safeguarding mRNA during stress. We discovered ",http://arxiv.org/abs/2404.17873v2,arXiv
"Hypolipidemic effect of brown seaweed (Sargassum crassifolium) extract in vivo (Study of histopathology, mRNA expression, and immunohistochemistry (IHC) with VCAM-1, ICAM-1, and MCP-1 parameters)","Sarah Zaidan, Syamsudin Abdillah, Nur Arfian",arXiv,2026-08-08,The purpose of this study was to obtain natural drugs from brown seaweed (Sargassum crassifolium) as antiatherosclerosis candidates through the study of hypolipidemic mechanisms of action. Modeling of dyslipidemia rats was carried out by feeding high-fat (HFF) and doses of crude fucoidan 100. 200. 400mg / KgBB. in both treatments measured blood lipid profile levels taken from the orbital sinuses. ,http://arxiv.org/abs/2402.07497v1,arXiv
Machine Learning Modeling Of SiRNA Structure-Potency Relationship With Applications Against Sars-Cov-2 Spike Gene,Damilola Oshunyinka,arXiv,2026-08-08,"The pharmaceutical Research and development (R&D) process is lengthy and costly, taking nearly a decade to bring a new drug to the market. However, advancements in biotechnology, computational methods, and machine learning algorithms have the potential to revolutionize drug discovery, speeding up the process and improving patient outcomes. The COVID-19 pandemic has further accelerated and deepened",http://arxiv.org/abs/2401.12232v1,arXiv
Messenger RNA Design via Expected Partition Function and Continuous Optimization,"Ning Dai, Wei Yu Tang, Tianshuo Zhou",arXiv,2026-08-08,"The tasks of designing RNAs are discrete optimization problems, and several versions of these problems are NP-hard. As an alternative to commonly used local search methods, we formulate these problems as continuous optimization and develop a general framework for this optimization based on a generalization of classical partition function which we call ""expected partition function"". The basic idea ",http://arxiv.org/abs/2401.00037v2,arXiv
Machine Learning-guided Lipid Nanoparticle Design for mRNA Delivery,"Daisy Yi Ding, Yuhui Zhang, Yuan Jia",arXiv,2026-08-08,"While RNA technologies hold immense therapeutic potential in a range of applications from vaccination to gene editing, the broad implementation of these technologies is hindered by the challenge of delivering these agents effectively. Lipid nanoparticles have emerged as one of the most widely used delivery agents, but their design optimization relies on laborious and costly experimental methods. W",http://arxiv.org/abs/2308.01402v2,arXiv
Corrected Hill Function in Stochastic Gene Regulatory Networks,"Manuel Eduardo Hernández-García, Jorge Velázquez-Castro",arXiv,2026-08-08,"Describing reaction rates in stochastic bio-circuits is commonly done by directly introducing the deterministically deduced Hill function into the master equation. However, when fluctuations in enzymatic reaction rates are not neglectable, the Hill function must be derived, considering all the involved stochastic reactions. In this work, we derived the stochastic version of the Hill function from ",http://arxiv.org/abs/2307.03057v4,arXiv
Stochastic dynamics and ribosome-RNAP interactions in Transcription-Translation Coupling,"Xiangting Li, Tom Chou",arXiv,2026-08-08,"Under certain cellular conditions, transcription and mRNA translation in prokaryotes appear to be ""coupled,"" in which the formation of mRNA transcript and production of its associated protein are temporally correlated. Such transcription-translation coupling (TTC) has been evoked as a mechanism that speeds up the overall process, provides protection during the transcription, and/or regulates the t",http://arxiv.org/abs/2207.04568v1,arXiv
Coronavirus RNA Sensor Using Single-Stranded DNA Bonded to Sub-Percolated Gold Films on Monolayer Graphene Field-Effect Transistors,"Nicholas E. Fuhr, Mohamed Azize, David J. Bishop",arXiv,2026-08-08,"Electrical detection of messenger ribonucleic acid (mRNA) is a promising approach to enhancing transcriptomics and disease diagnostics because of its sensitivity, rapidity, and modularity. Reported here is a fast SARS-CoV-2 mRNA biosensor (<1 minute) with a limit of detection of 1 aM, and dynamic range of 4 orders of magnitude and a linear sensitivity of 22 mV per molar decade. These figures of me",http://arxiv.org/abs/2205.05143v1,arXiv
Deep learning models for predicting RNA degradation via dual crowdsourcing,"Hannah K. Wayment-Steele, Wipapat Kladwang, Andrew M. Watkins",arXiv,2026-08-08,"Messenger RNA-based medicines hold immense potential, as evidenced by their rapid deployment as COVID-19 vaccines. However, worldwide distribution of mRNA molecules has been limited by their thermostability, which is fundamentally limited by the intrinsic instability of RNA molecules to a chemical degradation reaction called in-line hydrolysis. Predicting the degradation of an RNA molecule is a ke",http://arxiv.org/abs/2110.07531v2,arXiv
Coagulapathies after vaccination against SARS-CoV-2 may be derived from a combination effect of SARS-CoV-2 spike protein and adenovirus vector-triggered signaling pathways,Ralf Kircheis,arXiv,2026-08-08,"The novel coronavirus SARS-CoV-2 has resulted in a global pandemic with worldwide 6-digital infection rates and thousands death tolls daily. Enormeous effords are undertaken to achieve high coverage of immunization in order to reach herd immunity to stop spreading of SARS-CoV-2 infection. Several SARS-CoV-2 vaccines, based either on mRNA, viral vectors, or inactivated SARS-CoV-2 virus have been ap",http://arxiv.org/abs/2109.00089v1,arXiv
Driven magnetic 3D DNA walker coupled with CHA based on light-activatable hairpin: A dual-amplification strategy for ultrasensitive hantavirus RNA sensing.,"Lin Haimei, Wang Ziyi, Liu Shiwen",Analytica chimica acta,2026-08-08,Orthohantavirus dabieshanense (DBSV) is a newly emerging hantavirus and poses a potential threat to human health. Current detection methods based on polymerase chain reaction (PCR) assays for other hantaviruses such as Hantaan virus (HTNV) and Seoul virus (SEOV) may carry the risk of false negatives. This study aims to address the technical bottlenecks of low accuracy and insufficient sensitivity ,https://pubmed.ncbi.nlm.nih.gov/42567601/,PubMed
SOX12 and DELTA mediate ecdysone-driven adult neural cell proliferation during metamorphosis.,"Wang Lin, Liang Li-Qiang, Feng Pei-Yao",The Journal of biological chemistry,2026-08-08,"During metamorphic development from larva to adult, insect brains exhibit cell proliferation; however, the molecular mechanisms governing this process remain poorly understood. Employing the lepidopteran insect Helicoverpa armigera (cotton bollworm), an agricultural pest, as a model system, this study demonstrates that the steroid hormone 20-hydroxyecdysone (20E) regulates neural cell proliferatio",https://pubmed.ncbi.nlm.nih.gov/42567507/,PubMed
Envisaging the role of plant Small RNAs: A comprehensive review on antiviral defense mechanisms.,"Bharathi S Kavi, S Harish, G Karthikeyan",Molecular biology reports,2026-08-08,"Plant viruses continue to impose severe constraints on global agriculture, often leading to substantial yield and economic losses. Conventional management strategies such as vector control and resistance breeding frequently fail to provide durable and broad-spectrum protection due to rapid evolution of virus, their dependence on host cellular machinery and the lack of effective antiviral compounds",https://pubmed.ncbi.nlm.nih.gov/42565907/,PubMed
Heterochromatin protein 1 (HP1) dysfunction drives male-biased sex ratio in Trichogramma dendrolimi (Hymenoptera: Trichogrammatidae) via paternal genome elimination during mitosis.,"Jia Zhi-Chao, Liang Hong-Yu, Xu Yu-Han","Chromosome research : an international journal on the molecular, supramolecular and evolutionary aspects of chromosome biology",2026-08-08,"A male-biased sex ratio (MBS) is a widespread phenomenon in nature, which contributes to inbreeding avoidance, more efficient resource allocation, and the regulation of population dynamics. The factors driving MBS primarily involve genetic and chromosomal mechanisms, environmental conditions, and the influence of endosymbiotic microorganisms. However, the underlying molecular mechanism remains lar",https://pubmed.ncbi.nlm.nih.gov/42565859/,PubMed
Targeting ,"Lin Zili, Luo Hao, Li Xiangyao",Zhong nan da xue xue bao. Yi xue ban = Journal of Central South University. Medical sciences,2026-08-08,"Osteosarcoma (OS) is a malignant bone tumor that predominantly affects adolescents. Due to its early metastatic tendency and chemoresistance, long-term survival rates in patients have not shown significant improvement over time, highlighting the urgent need for novel molecular targets and therapeutic strategies. Ferroptosis, a form of programmed cell death driven by iron-dependent lipid peroxidati",https://pubmed.ncbi.nlm.nih.gov/42565568/,PubMed
Editorial: Non-chemical strategies for managing plant diseases and abiotic stresses.,"Adkar-Purushothama Charith Raj, Vemanna Ramu S, Mysore Kirankumar S",Frontiers in plant science,2026-08-08,,https://pubmed.ncbi.nlm.nih.gov/42564903/,PubMed
RNAi-mediated knockdown of vitellogenin genes disrupts ovary development and alters ovarian bacterial composition in Zeugodacus tau (Diptera: Tephritidae).,"Xu Cuikang, Xie Qingxiu, Li Xiaozhen",Journal of economic entomology,2026-08-08,"Zeugodacus tau Walker (Diptera: Tephritidae) is an invasive pest of global significance that inflicts substantial losses to the fruit and vegetable production sectors annually. Despite the availability of the Z. tau genome in public database, functional characterization of key genes remained limited. Vitellogenin (Vg) functions as a key precursor of yolk protein and exerts a pivotal part in the in",https://pubmed.ncbi.nlm.nih.gov/42562772/,PubMed
"The trypanosome flagellum as model for parasitology, cell biology and ciliopathies.","Hecquet Amandine, Bonnefoy Serge, Bastin Philippe",Seminars in cell & developmental biology,2026-08-08,"Cilia and flagella exhibit widely conserved structures and functions across species. In humans, defects in these organelles are responsible for diseases called ciliopathies and many model organisms are used to study them. In this review, we will discuss one of them, the parasite Trypanosoma brucei, which is particularly well-suited to investigate general aspects of cilia and flagella, such as cons",https://pubmed.ncbi.nlm.nih.gov/42561750/,PubMed
Patient-centered and coordinated therapy with RNA interference-based givosiran for acute hepatic porphyria: real-life experience for an ultra-rare disease from Romania.,"Bancos Anamaria, Jitaru Ciprian, Uhl Andrada","Blood science (Baltimore, Md.)",2026-08-08,,https://pubmed.ncbi.nlm.nih.gov/42559628/,PubMed
"Effects of RNAi of Ribophorin 1, Eukaryotic translation initiation factor 2 beta and Peptidylprolyl isomerase A in ","Kennemer Brandon, Balthazor James R",Biochemistry & molecular biology journal,2026-08-08,"Three genes found in the Unfolded protein response, Ribophorin 1, Eukaryotic translation initiation factor 2 beta and peptidylprolyl isomerase a are thought to be potential targets for RNA interference (RNAi) in ",https://pubmed.ncbi.nlm.nih.gov/42559194/,PubMed
Mitochondrial dysfunction and lipid droplet dynamics in MASH: HSD17B13 as a therapeutic target.,"Noor Shanzab, Tian Yuan, Su Wen",Frontiers in cell and developmental biology,2026-08-08,"Metabolic dysfunction-associated steatohepatitis (MASH) is increasingly recognized as a disorder of inter-organelle communication, in which the lipid droplet (LD)-mitochondria interface serves as a central metabolic hub. Under physiological conditions, this interface couples LD lipolysis to mitochondrial β-oxidation, ensuring that fatty-acid release matches energy demand. In MASH, chronic nutrient",https://pubmed.ncbi.nlm.nih.gov/42559078/,PubMed
tRNA-derived fragment tRF-17-8SPOL52 induces resistance to bortezomib in multiple myeloma via autophagy activation.,"Fu Yunfeng, Qiao Zhenrong, Xiao Yulian",Biochimica et biophysica acta. Molecular basis of disease,2026-08-08,"Drug resistance limits the long-term survival of patients with multiple myeloma. The role of tRNA-derived fragments (tsRNAs) in bortezomib resistance in myeloma remains unknown. In this study, the most significantly upregulated tsRNA in relapsed/refractory myeloma was screened. RNA interference was used to explore the function of this tsRNA. The mechanism of the tsRNA-mediated resistance was explo",https://pubmed.ncbi.nlm.nih.gov/42551544/,PubMed
CRISPR-Cas systems as precision antimicrobials: Reversing the tide of antimicrobial resistance.,"Khosrojerdi Mahsa, Hashemi Seyed Ahmad, Besharati Reza",Virus research,2026-08-08,"Antimicrobial resistance (AMR) has escalated into a global health crisis, with resistant pathogens causing over 1.2 million direct deaths annually and threatening to render modern medicine unsustainable. This review provides a comprehensive and updated synthesis of CRISPR-Cas-based antimicrobial strategies with a unique focus on: (i) critical comparison with conventional antibiotics and emerging a",https://pubmed.ncbi.nlm.nih.gov/42551559/,PubMed
"Genome-wide association studies revealed association between LePC4 gene and crude protein content in shiitake mushroom, Lentinula edodes.","Xu Chenjie, Zheng Wei, Huang Tianji",World journal of microbiology & biotechnology,2026-08-08,"Lentinula edodes, the most widely cultivated edible mushroom worldwide, is of considerable significance for nutritional health and commercial applications owing to its relatively high crude protein content (CPC). However, the genetic mechanisms underlying the regulation of CPC in edible mushrooms remain poorly understood. In this study, genome-wide association studies (GWAS) identified twenty sing",https://pubmed.ncbi.nlm.nih.gov/42550403/,PubMed
A matrix-adapted RNA extraction strategy for targeted RT-qPCR analysis of periodontal ligament fibroblasts cultured on human amniotic membrane scaffolds.,"Humayara Feiroz, Taib Haslina, Berahim Zurairah",Regenerative therapy,2026-08-08,"Human amniotic membrane (HAM) is a promising scaffold for periodontal tissue engineering, supporting favorable cellular responses of human periodontal ligament fibroblasts (HPDLFs). However, molecular characterization of cells cultured on HAM is frequently hindered by extracellular matrix-derived contaminants, leading to poor RNA yield and compromised purity that limit downstream gene expression a",https://pubmed.ncbi.nlm.nih.gov/42548905/,PubMed
The MagMa Study: Quantum Magnetocardiography in Cardiomyopathy.,"Suwalski Phillip, Wilke Finn, Latinova Ekaterina",JACC. Heart failure,2026-08-08,Rapid diagnostic screening is an unmet need in patients with suspected cardiomyopathy (CM). The authors recently demonstrated in a retrospective study that magnetocardiography (MCG) may be a suitable tool to detect CM. This study aims to prospectively evaluate the accuracy of MCG as a screening tool in patients with suspected CM. MCG uses a superconducting quantum interference device to detect the,https://pubmed.ncbi.nlm.nih.gov/42547165/,PubMed
Gene regulatory network approach to decipher key transcriptional dynamics driving differentiation of induced pluripotent stem cells to neural lineage.,"Gupta Ayushi, Singh Sangeeta",Computational biology and chemistry,2026-08-08,"Stem cell based approaches are increasingly studied as models for understanding neurodegenerative diseases. Despite progress, a unified mechanistic understanding of human iPSCs to neural commitment remains incomplete, due to variability in methodologies and experimental conditions, highlighting the need for a more standardized mechanistic framework. This study investigates the transcriptional land",https://pubmed.ncbi.nlm.nih.gov/42546633/,PubMed
4'-ThioRNA Substitution and Sense-Strand Segmentation for the Design of Functional Fully Modified siRNAs Targeting SARS-CoV-2.,"Nogi Yuhei, Tsukimoto Jun, Saito-Tarashima Noriko","Chemistry (Weinheim an der Bergstrasse, Germany)",2026-08-08,"Chemically modified small interfering RNAs (siRNAs) are proving to be highly effective as therapeutic agents, but the extent and positioning of chemical modifications must be carefully tuned because the RNA interference (RNAi) machinery imposes intrinsic constraints on siRNA architecture. Here, using a SARS-CoV-2-targeting siRNA as a model, we have systematically investigated the positional and ex",https://pubmed.ncbi.nlm.nih.gov/42544823/,PubMed
Clinical outcomes with vutrisiran in transthyretin amyloidosis: a systematic review and meta-analysis of randomized trials.,"Ahmed Faizan, Haider Faseeh, Zulfiqar Ayesha",Global cardiology science & practice,2026-08-08,,https://pubmed.ncbi.nlm.nih.gov/42544292/,PubMed
siRNA-Based Nanodrug Delivery Systems in the Treatment of Autoimmune Diseases.,"Liu Yi, Feng Zhihui, Zhang Biao",Journal of immunology research,2026-08-08,"Autoimmune diseases are chronic disorders with complex pathogenesis. Immune homeostasis disruption is closely associated with disease initiation and progression. Despite extensive research, the precise mechanisms underlying these diseases remain elusive. Conventional therapeutic approaches for autoimmune diseases primarily involve the administration of immunosuppressants, glucocorticoids, and mono",https://pubmed.ncbi.nlm.nih.gov/42543919/,PubMed
Evolutionary Curriculum Learning Improves Biological Sequence Modeling,"Richard Zhu, Kento Nishi",arXiv,2026-08-08,"Variational autoencoders (VAEs) trained on multiple sequence alignments (MSAs) have emerged as powerful generative models for biological sequences, with applications ranging from disease variant prediction to functional RNA design. However, standard biological VAE training treats all sequences as exchangeable, ignoring the rich evolutionary structure that organizes homologous sequences from evolut",http://arxiv.org/abs/2608.00697v1,arXiv
Engineering T7 RNA Polymerase for High-Purity In Vitro Transcription,"Pauline Hermans, Youlia Serikova, José Castillo",arXiv,2026-08-08,"In vitro transcription using bacteriophage T7 RNA polymerase (T7 RNAP) is the gold-standard platform for RNA production in both research and therapeutic applications. Despite its high processivity and promoter specificity, T7 RNAP generates multiple RNA by-products, including double-stranded RNA, 3'-extended transcripts, abortive RNAs, and prematurely terminated products. These impurities reduce R",http://arxiv.org/abs/2607.18468v1,arXiv
Enhanced sampling and cryo-EM data resolve magnesium binding to RNA,"Olivier Languin-Cattoën, Elisa Posani, Giovanni Bussi",arXiv,2026-08-08,"Magnesium ions are essential for RNA structure but difficult to model due to slow binding kinetics and experimental limitations. We present an enhanced-sampling strategy that accelerates Mg$^{2+}$ inner-shell binding by orders of magnitude, enabling quantitative exploration of ion-binding motifs in a large ribozyme. The method combines a barrier-flattening bias with Hamiltonian replica exchange to",http://arxiv.org/abs/2607.07186v1,arXiv
Bayesian Sampling of Structural Ensembles: The Role of Ensemble-Counting Measures,"Ivan Gilardoni, Giovanni Bussi",arXiv,2026-08-08,"Structural ensemble refinement is widely used to integrate molecular simulations with experimental measurements. While most applications focus on the maximum-a-posteriori (MAP) ensemble, Bayesian sampling of the posterior distribution can provide uncertainty estimates and posterior averages for arbitrary observables. A notable step in this direction was introduced by the Bayesian Energy Landscape ",http://arxiv.org/abs/2606.18495v1,arXiv
MultiMolecule: a modular ecosystem for biomolecular sequence-model workflows,Zhiyuan Chen,arXiv,2026-08-08,"Biomolecular sequence models are increasingly reused outside the studies in which they were introduced, but public checkpoints rarely preserve the execution context needed to inspect source-defined behavior, adapt models to new assays, compare models under shared task definitions or deploy biological predictions. MultiMolecule is an open-source Python ecosystem that turns heterogeneous RNA, DNA an",http://arxiv.org/abs/2606.16540v1,arXiv
The Montparnasse Algorithm for RNA Design,Tristan Cazenave,arXiv,2026-08-08,"RNA design consists of discovering a nucleotide sequence that optimizes predefined criteria, such as secondary structure. It is useful for synthetic biology, medicine, and nanotechnology. We propose Montparnasse, a Monte Carlo search framework based on Generalized Nested Rollout Policy Adaptation, augmented with a problem-specific prior, slow and long adaptation at level 1, and a lexicographic mul",http://arxiv.org/abs/2606.07562v1,arXiv
Multimodal Alignment and Preference Optimization for Zero-Shot Conditional RNA Generation,"Roman Klypa, Alberto Bietti, Sergei Grudinin",arXiv,2026-08-08,"The design of RNA molecules that interact with specific proteins is a critical challenge in experimental and computational biology. Despite recent progress in natural language modeling and deep learning-based protein design, there remains significant room to improve the frequency of successful interactions and the authenticity of generated sequences for functional applications. In this work, we fr",http://arxiv.org/abs/2605.23961v1,arXiv
"GoForth: Language Models for RNA Design under Structure, Sequence, and Coding Constraints",Michael Lindsey,arXiv,2026-08-08,"RNA inverse sequence design has broad biological and engineering applications, but computational methods for practical design queries remain limited. Such queries may impose several constraints at once, including target folds or motifs, fixed bases, and coding restrictions, while leaving arbitrary sequence and structure in unspecified regions. Because these constraints may permit many acceptable s",http://arxiv.org/abs/2605.07608v1,arXiv
Bayesian Rate Inference for Sequence Motif Dynamics in Systems of Reactive Nucleic Acids,"Johannes Harth-Kitzerow, Ulrich Gerland, Torsten A. Enßlin",arXiv,2026-08-08,"The RNA world hypothesis suggests a pathway of how life emerged on early earth. It assumes that life started with RNA based systems, capable of storing, transmitting and replicating information, envisioning that monomers and short RNA oligomers interact to form longer strands, eventually becoming catalytically active ribozymes. Key reactions in RNA pools are hybridization, dehybridization, templat",http://arxiv.org/abs/2604.25701v2,arXiv
VARIANT: Web Server for Decoding and Analyzing Viral Mutations at Genome and Protein Levels,"Rui Wang, Xuhang Dai, Xin Cao",arXiv,2026-08-08,"A comprehensive analysis of viral mutations is essential for understanding viral evolution, disease epidemiology, diagnosis, drug resistance, etc. However, challenges remain in capturing complex mutation patterns and supporting diverse viral families with varying genome architectures. To address these needs, we present VARIANT, an web server for mutational analysis of RNA viral genomes and associa",http://arxiv.org/abs/2604.20942v1,arXiv
Interfacial Potential Transduction for Diagnostics,"Hyun-June Jang, Peuli Nath, Yuqin Wang",arXiv,2026-08-08,"A major barrier to decentralized, near-patient diagnostics is the lack of a signal transduction modality that is both analytically precise and accessible at the point of care. Optical readouts remain instrument-dependent and difficult to miniaturize, while compact electrochemical readouts are prone to matrix-derived signal distortion, limiting their biomarker coverage in real clinical settings. He",http://arxiv.org/abs/2603.23775v1,arXiv
ZeroFold: Protein-RNA Binding Affinity Predictions from Pre-Structural Embeddings,"Josef Hanke, Sebastian Pujalte Ojeda, Shengyu Zhang",arXiv,2026-08-08,"The accurate prediction of protein-RNA binding affinity remains an unsolved problem in structural biology, limiting opportunities in understanding gene regulation and designing RNA-targeting therapeutics. A central obstacle is the structural flexibility of RNA, as, unlike proteins, RNA molecules exist as dynamic conformational ensembles. Thus, committing to a single predicted structure discards in",http://arxiv.org/abs/2603.23583v1,arXiv
Computational modeling of RNA-protein binding interactions under an external force,"Danielle Wampler, Ralf Bundschuh",arXiv,2026-08-08,"RNA binding proteins play a crucial role in post-transcriptional gene regulation by controlling the transport, processing, and translation of their target RNAs. Post-transcriptional gene regulation leads to the differential expression of genetic material and loss of regulation or over-regulation relates to a large range of cancers and diseases - many of which have directly been associated with RNA",http://arxiv.org/abs/2603.22269v1,arXiv
Fair splits flip the leaderboard: CHANRG reveals limited generalization in RNA secondary-structure prediction,"Zhiyuan Chen, Zhenfeng Deng, Pan Deng",arXiv,2026-08-08,"Accurate prediction of RNA secondary structure underpins transcriptome annotation, mechanistic analysis of non-coding RNAs, and RNA therapeutic design. Recent gains from deep learning and RNA foundation models are difficult to interpret because current benchmarks may overestimate generalization across RNA families. We present the Comprehensive Hierarchical Annotation of Non-coding RNA Groups (CHAN",http://arxiv.org/abs/2603.22330v1,arXiv
Reverse Distillation: Consistently Scaling Protein Language Model Representations,"Darius Catrina, Christian Bepler, Samuel Sledzieski",arXiv,2026-08-08,"Unlike the predictable scaling laws in natural language processing and computer vision, protein language models (PLMs) scale poorly: for many tasks, models within the same family plateau or even decrease in performance, with mid-sized models often outperforming the largest in the family. We introduce Reverse Distillation, a principled framework that decomposes large PLM representations into orthog",http://arxiv.org/abs/2603.07710v1,arXiv
Fast and Versatile RNA Design via Motif-level Divide-and-Conquer and Structure-level Rival Search,"Tianshuo Zhou, David H. Mathews, Liang Huang",arXiv,2026-08-08,"RNA design aims to identify RNA sequences that fold into a target secondary structure. This task is challenging in terms of computational efficiency. Most existing methods focus on either minimum free energy (MFE)-based or ensemble-based metrics, leaving a gap for a unified approach that performs well across both. We introduce a fast and versatile RNA design algorithm inspired by our previous work",http://arxiv.org/abs/2603.02283v1,arXiv
CryoNet.Refine: A One-step Diffusion Model for Rapid Refinement of Structural Models with Cryo-EM Density Map Restraints,"Fuyao Huang, Xiaozhu Yu, Kui Xu",arXiv,2026-08-08,"High-resolution structure determination by cryo-electron microscopy (cryo-EM) requires the accurate fitting of an atomic model into an experimental density map. Traditional refinement pipelines such as Phenix.real_space_refine and Rosetta are computationally expensive, demand extensive manual tuning, and present a significant bottleneck for researchers. We present CryoNet.Refine, an end-to-end dee",http://arxiv.org/abs/2602.22263v2,arXiv
CPTCs Drive Somatic-Visceral Communication via the Wnt Axis in Somatic Mechanotherapy: A Single-Cell Deep Learning Study,"Haixiang Huang, Zhenwei Zhang, BingBing Shen",arXiv,2026-08-08,"Somatic mechanical stimulation (e.g., acupuncture) exerts systemic immunomodulatory effects, yet the cellular bridge translating peripheral physical force into visceral repair remains elusive. Here, employing a custom interpretable deep learning framework (CARSS) on single-cell RNA sequencing data, we identify CD34$^{+}$PDGFR$α$$^{+}$ telocytes (CPTCs) as the primary mechanosensors in both fascia ",http://arxiv.org/abs/2602.05451v2,arXiv
Tensor-DTI: Enhancing Biomolecular Interaction Prediction with Contrastive Embedding Learning,"Manel Gil-Sorribes, Júlia Vilalta-Mor, Isaac Filella-Mercè",arXiv,2026-08-08,"Accurate drug-target interaction (DTI) prediction is essential for computational drug discovery, yet existing models often rely on single-modality predefined molecular descriptors or sequence-based embeddings with limited representativeness. We propose Tensor-DTI, a contrastive learning framework that integrates multimodal embeddings from molecular graphs, protein language models, and binding-site",http://arxiv.org/abs/2601.05792v1,arXiv
A ruminant lncRNA atlas uncovers association with epithelial development and barrier integrity.,"Han Ge, Tian Junru, Zhang Fenglei",Journal of genetics and genomics = Yi chuan xue bao,2026-08-08,,https://pubmed.ncbi.nlm.nih.gov/42567439/,PubMed
Unravelling the Epigenetic Roles of Long Non-Coding RNAs in Plant Drought Resistance.,"Bashir Saika, Showkat Mansoor, Verma Anjali",Plant science : an international journal of experimental plant biology,2026-08-08,"Drought stress is one of the most severe abiotic constraints limiting plant growth, productivity, and global food security, with its impact intensifying under climate change. Plants adapt to drought through complex physiological, transcriptional, and epigenetic regulatory networks. Among these, long non-coding RNAs (lncRNAs) have emerged as critical regulators that integrate transcriptional contro",https://pubmed.ncbi.nlm.nih.gov/42567413/,PubMed
GPR75 mediates hyperuricemia-induced endothelial inflammatory injury via a HOTAIR/miR-141-3p regulatory network.,"Fu Jiawu, He Junbing, Li Keshen",Molecular biology reports,2026-08-08,"Hyperuricemia-related vascular endothelial injury is closely associated with hypertension, atherosclerosis, and other cardiovascular diseases. Although GPR75 has been implicated in vascular inflammation and hypertension, whether it mediates hyperuricemia-induced endothelial dysfunction and how it is regulated upstream remain unknown. Human umbilical vein endothelial cells were exposed to uric acid",https://pubmed.ncbi.nlm.nih.gov/42566130/,PubMed
In-depth analysis of retinal RNA transcriptome sequencing in a rat model of hypertensive retinopathy.,"Shi Wen, Xiao Shiyuan, Bu Bing",Zhong nan da xue xue bao. Yi xue ban = Journal of Central South University. Medical sciences,2026-08-08,"Hypertensive retinopathy is a microvascular complication caused by systemic hypertension and can lead to severe visual impairment. At present, the molecular mechanisms of this disease remain incompletely understood, particularly the global expression profiles and regulatory networks of non-coding RNA (ncRNA). This study aims to comprehensively analyze the genome-wide differential expression profil",https://pubmed.ncbi.nlm.nih.gov/42565562/,PubMed
Retraction: Long noncoding RNA OIP5-AS1 targets Wnt-7b to affect glioma progression via modulation of miR-410.,"Sun Wei-Li, Kang Tian, Wang Yuan-Yu",Bioscience reports,2026-08-08,,https://pubmed.ncbi.nlm.nih.gov/42565214/,PubMed
RETRACTION: LncRNA AATBC Regulates Pinin to Promote Metastasis in Nasopharyngeal Carcinoma.,,Molecular oncology,2026-08-08,"T. Tang, L. Yang, Y. Cao, M. Wang, S. Zhang, Z. Gong, F. Xiong, Y. He, Y. Zhou, Q. Liao, B. Xiang, M. Zhou, C. Guo, X. Li, Y. Li, W. Xiong, G. Li, and Z. Zeng, ""LncRNA AATBC Regulates Pinin to Promote Metastasis in Nasopharyngeal Carcinoma,"" Molecular Oncology 14, no. 9 (2020): 2251-2270, https://doi.org/10.1002/1878-0261.12703. The above article, published online on 4 May 2020 in Wiley Online Lib",https://pubmed.ncbi.nlm.nih.gov/42563564/,PubMed
An explicative review on Diabetic Cardiac Autonomic Neuropathy: From pathophysiology to the era of gene therapy.,"Chakravarti Rudra, Bankar Payal Ramesh, Chigilipalli Jhanshi",Vascular pharmacology,2026-08-08,"Diabetic Cardiac Autonomic Neuropathy (DCAN) is a prevalent and severe yet underdiagnosed complication of diabetes characterized by progressive injury to autonomic nerve fibers that regulate cardiovascular functions. This multifactorial disorder contributes significantly to morbidity and mortality due to arrhythmias, silent myocardial ischemia, and sudden cardiac death. DCAN onset is often insidio",https://pubmed.ncbi.nlm.nih.gov/42562037/,PubMed
Statement of Retraction: Long non-coding RNA PMS2L2 is down-regulated in osteoarthritis and inhibits chondrocyte proliferation by up-regulating miR-34a.,,Journal of immunotoxicology,2026-08-08,,https://pubmed.ncbi.nlm.nih.gov/42561169/,PubMed
"Guazuma ulmifolia butanol extract protects against cadmium-induced hepatotoxicity via HO-1/Sirt-1 activation, miRNA-lncRNA modulation, and metabolic reprogramming.","Elsabagh Osama Ahmed, Elgamal Abdelbaset M, Hassan Heba A",PloS one,2026-08-08,"Guazuma ulmifolia is traditionally used for liver disorders, but its protective mechanisms against heavy metal toxicity are poorly defined. This study evaluated the phytochemical profile and hepatoprotective mechanisms of G. ulmifolia butanol extract (Gul-BuOH) against cadmium-induced liver injury. Gul-BuOH was chemically profiled by UPLC-PDA-ESI-qTOF-MS/MS. Cadmium hepatotoxicity was induced in r",https://pubmed.ncbi.nlm.nih.gov/42560997/,PubMed
Long non-coding RNA LOC101926915-encoded micropeptide carboplatin-induced upregulation factor confers carboplatin resistance in ovarian cancer.,"Li Man, Xu YingRu, Mai ZhiBiao",CytoJournal,2026-08-08,"While carboplatin remains a cornerstone chemotherapeutic agent for ovarian carcinoma, the emergence of resistance constitutes a major contributor to therapeutic failure and compromised clinical outcomes. This study elucidates molecular mechanisms driving carboplatin resistance and identifies novel therapeutic targets for carboplatin-refractory malignancies through characterization of a long non-co",https://pubmed.ncbi.nlm.nih.gov/42559605/,PubMed
Mechanistic insights into the lncRNA-Notch signaling axis in tumors.,"Shi Qingmiao, Lou Na, Xing Huiwu",Frontiers in cell and developmental biology,2026-08-08,"Cancer remains a major global health burden, with its incidence and mortality rates persistently high despite advances in treatment. Despite therapeutic innovations, malignant tumors continue to pose a formidable challenge to global health. Against this backdrop, the crosstalk between long non-coding RNAs (lncRNAs) and the Notch signaling pathway has emerged as a pivotal driver of tumorigenesis an",https://pubmed.ncbi.nlm.nih.gov/42558631/,PubMed
Non-coding RNA-driven cardiovascular immunometabolic reprogramming: from inflammatory endotypes to therapeutic opportunities.,"Sheng Yang, Yao Yao, Wang Hengcang",Frontiers in cell and developmental biology,2026-08-08,"Cardiovascular disease is increasingly recognized as a heterogeneous immunometabolic disorder shaped by inflammation, metabolic rewiring, endothelial dysfunction, mitochondrial stress, and tissue remodeling across diverse cell types. This review provides a hypothesis-generating conceptual synthesis of non-coding RNA-driven cardiovascular immunometabolic reprogramming from an inflammatory endotype-",https://pubmed.ncbi.nlm.nih.gov/42558611/,PubMed
scLncR: An Integrated and Flexible Pipeline for lncRNA Analysis in Single-Cell RNA Sequencing Data.,"Yin Shuwei, Lu Yi, Yan Wenyu",Annals of botany,2026-08-08,"Long non-coding RNAs (lncRNAs) are important regulators of cellular processes, but their analysis at single-cell resolution remains challenging because lncRNA prediction, quantification, cell-type-specific characterization and downstream functional interpretation are often performed using separate tools. Although single-cell RNA sequencing (scRNA-seq) and single-nucleus RNA sequencing (snRNA-seq) ",https://pubmed.ncbi.nlm.nih.gov/42557881/,PubMed
Bombyx mori lncRNA Unc-89-AS1 contributes to viral proliferation through modulating cell apoptosis.,"Jia Xinyue, Cai Min, Xiao Yu",Journal of invertebrate pathology,2026-08-08,"Long noncoding RNAs (lncRNAs) have been demonstrated to participate in apoptosis and host-virus interactions. Apoptosis is a host mechanism for defending against virus invasion. Bombyx mori nucleopolyhedrovirus (BmNPV) is one of the primary pathogens infecting the silkworm. However, little is known concerning whether the silkworm body activates apoptotic programs against BmNPV infection via lncRNA",https://pubmed.ncbi.nlm.nih.gov/42556707/,PubMed
Extracellular vesicle-mediated immune regulation in central nervous system diseases: Mechanistic insights and exercise interventions.,"Tang Shaokai, Lin Qinqin, Tang Yanxia",Brain research bulletin,2026-08-08,"Central nervous system (CNS) diseases are major contributors to long-term disability and cognitive impairment, with neuroinflammation and immune dysregulation closely implicated in their pathogenesis. Extracellular vesicles (EVs) are phospholipid bilayer-enclosed membrane vesicles secreted by diverse cell types that mediate communication between the periphery and CNS through the delivery of variou",https://pubmed.ncbi.nlm.nih.gov/42556435/,PubMed
Pan-cancer multi-omics machine learning defines a lactylation-associated immune-excluded tumor state with proteomic and experimental corroboration.,"Bo Zhihao, Zhang Shiyue, Zheng Zhiyuan",Computational biology and chemistry,2026-08-08,"Histone lactylation links lactate metabolism to chromatin regulation, but whether lactylation-program-associated transcriptional patterns delineate recurrent pan-cancer tumor states remains unclear. We integrated mRNA, lncRNA, and miRNA profiles from 9712 TCGA tumors across 33 cancer types with GTEx references, six GEO cohorts, IMvigor210, and an institutional clear-cell renal cell carcinoma (ccRC",https://pubmed.ncbi.nlm.nih.gov/42556016/,PubMed
Long non-coding RNAs and mRNAs interaction networks in maize roots treated with biostimulants.,"de Oliveira Silva Leandro, Vieira Lucas Maciel, Walter Maria Emilia M T",Computational biology and chemistry,2026-08-08,"Long non-coding RNAs (lncRNAs) constitute a class of non-coding RNAs (ncRNAs) responsible for playing critical regulatory roles at different stages of development and in plants subjected to diverse types of biotic and abiotic stress. Research with plants subjected to biostimulants (e.g., plant growth-promoting bacteria and humic acid) has shown promising results regarding increased productivity an",https://pubmed.ncbi.nlm.nih.gov/42556015/,PubMed
Exercise-Induced Regulation of LncRNAs: Mechanistic Insights and Clinical Translation in Cardiovascular Health.,"Gao Tao, Yu Li-Hua",Journal of cardiovascular translational research,2026-08-08,"While exercise training is an established cornerstone for the prevention and treatment of cardiovascular diseases (CVDs), the underlying molecular mechanisms remain incompletely understood. Recent studies have identified long non-coding RNAs (lncRNAs) as critical epigenetic modulators that dynamically respond to physical activity and drive cardiovascular adaptation. This review provides a comprehe",https://pubmed.ncbi.nlm.nih.gov/42554894/,PubMed
Long Noncoding RNA PCALRx Interacts with Pyruvate Carboxylase to Drive Multi-Organ Developmental Toxicity in Zebrafish Embryos Exposed to Amoxicillin.,"Yao Yixue, Jiang Ping, Zhou Xinli","Advanced science (Weinheim, Baden-Wurttemberg, Germany)",2026-08-08,"Amoxicillin is widely used in human and veterinary medicine and is increasingly detected in aquatic systems, raising concerns regarding its potential adverse effects on sensitive developmental stages. Here, a zebrafish embryonic amoxicillin exposure (EAE) model was used to quantify dose- and time-dependent developmental outcomes and to elucidate underlying metabolic-epigenetic mechanisms. EAE indu",https://pubmed.ncbi.nlm.nih.gov/42554517/,PubMed
An Evaluation on the Role of Non-Coding RNA in HIV Transcription and Latency: A Review,Xiangshuai Liu,arXiv,2026-08-08,"The existence of latent cellular reservoirs is recognized as the major barrier to an HIV cure. Reactivating and eliminating ""shock and kill"" or permanently silencing ""block and lock"" the latent HIV reservoir, as well as gene editing, remain promising approaches, but so far have proven to be only partially successful. Moreover, using latency reversing agents or ""block and lock"" drugs pose additiona",http://arxiv.org/abs/2502.06107v1,arXiv
"Blood-derived lncRNAs as potential biomarkers for early cancer diagnosis: The Good, the Bad and the Beauty","Cedric Badowski, Bing He, Lana X Garmire",arXiv,2026-08-08,Cancer ranks as one of the deadliest diseases worldwide. The high mortality rate associated with cancer is partially due to the lack of reliable early detection methods and/or inaccurate diagnostic tools such as certain protein biomarkers. Cell-free nucleic acids (cfNA) such as circulating long non-coding RNAs (lncRNAs) have recently been proposed as a new class of potential biomarkers that could ,http://arxiv.org/abs/2109.11746v1,arXiv
BPPart and BPMax: RNA-RNA Interaction Partition Function and Structure Prediction for the Base Pair Counting Model,"Ali Ebrahimpour-Boroojeny, Sanjay Rajopadhye, Hamidreza Chitsaz",arXiv,2026-08-08,"RNA-RNA interaction (RRI) is ubiquitous and has complex roles in the cellular functions. In human health studies, miRNA-target and lncRNAs are among an elite class of RRIs that have been extensively studied. Bacterial ncRNA-target and RNA interference are other classes of RRIs that have received significant attention. In recent studies, mRNA-mRNA interaction instances have been observed, where bot",http://arxiv.org/abs/1904.01235v2,arXiv
Targeting the non-coding RNA-PANoptosis axis: a novel frontier in disease diagnosis and therapy.,"Wang Shaocong, Feng Chenxi, Chen Xinzhe",Apoptosis : an international journal on programmed cell death,2026-08-08,"Programmed cell death represents a fundamental process in maintaining organismal homeostasis and responding to pathological challenges. The traditional view considered apoptosis, pyroptosis, and necroptosis as independent death pathways. However, recent research has revealed extensive interactions and synergies among these pathways, leading to the emergence of a novel form of cell death termed ""PA",https://pubmed.ncbi.nlm.nih.gov/42568010/,PubMed
TL1A(TNFSF15)-ENO1 axis promotes osteoarthritis by disrupting redox homeostasis via the PI3K/AKT pathway.,"Gao Xiang, Li Juntan, Yin Changyu",Osteoarthritis and cartilage,2026-08-08,"Osteoarthritis (OA) is characterized by cartilage degeneration, oxidative stress, and chondrocyte senescence. This study investigated whether TL1A promotes OA through ENO1-associated redox, senescence and PI3K-AKT signaling mechanisms. Human paired OA cartilage, primary chondrocytes, and mouse age-associated and destabilization of the medial meniscus (DMM)-induced OA models were used. TL1A and ENO",https://pubmed.ncbi.nlm.nih.gov/42567404/,PubMed
miR149-5p: A hepatocyte EXOmotif sequence containing microRNA that attenuates liver fibrosis by specifically targeting PDGFRB in HSCs.,"Zhou Ji-Chao, Xu An-Jian, Miao Jing",Journal of advanced research,2026-08-08,"Liver fibrosis is a progressive pathological process driven by liver injury, including viral hepatitis and metabolic dysfunction-associated steatohepatitis (MASH), and can progress to cirrhosis, liver failure, and hepatocellular carcinoma (HCC). Hepatocyte-hepatic stellate cell (HSC) crosstalk plays a central role in disease progression, but its regulatory mechanisms remain incompletely understood",https://pubmed.ncbi.nlm.nih.gov/42567345/,PubMed
Survivin mRNA lipid nanoparticles and CTLA-4 inhibitor co-delivery activates anti-tumor cytotoxic T-lymphocytes for oral cancer immunotherapy.,"Krishna Vandana, Goyal Srashti Gopal, Venuganti Venkata Vamsi Krishna","Medical oncology (Northwood, London, England)",2026-08-08,"Oral carcinoma is the sixth most prevalent cancer type with a poor 5-year survival rate. mRNA-lipid nanoparticle-based immunotherapy can overcome the challenges associated with conventional treatment options. Here, we investigated the immunogenicity and antitumor efficacy of survivin antigen encoded mRNA lipid nanoparticles (LNPs) in combination with anti-CTLA-4 immune checkpoint inhibitor. Surviv",https://pubmed.ncbi.nlm.nih.gov/42566150/,PubMed
Harnessing the endosomal escape compartment as a strategy to enhance RNA delivery via lipid nanoparticles.,"Bourguignon Tom, Sharma Preeti, Hazan-Halevy Inbal",Molecular therapy. Nucleic acids,2026-08-08,,https://pubmed.ncbi.nlm.nih.gov/42564942/,PubMed
An infection-responsive multifunctional hydrogel enables potent activity against methicillin-resistant ,"Fu Chuanliang, Zhang Wenjing, Wang Renyuan",Materials today. Bio,2026-08-08,"Infected wounds remain a significant clinical challenge due to bacterial resistance and impaired healing. Therefore, developing effective antibacterial agents and precise delivery systems is crucial for rapid wound repair. To address this, we constructed zeolitic imidazolate framework-8 (ZIF-8) nanoparticles loaded with the host defense peptide-mimicking glycine-poly(2-oxazoline) (Gly-POX) and inc",https://pubmed.ncbi.nlm.nih.gov/42564764/,PubMed
Decoding miRNA‑146a: Mechanisms of action in cardiovascular diseases and endocrine metabolic disorders (Review).,"Yang Xiu, Li Pengcheng, Zhao Hao",International journal of molecular medicine,2026-08-08,"MicroRNA‑146a (miR‑146a) has emerged as a core regulatory molecule in inflammation and metabolism in recent years, and the present review systematically elucidates its critical role and regulatory mechanisms in cardiovascular diseases as well as endocrine and metabolic disorders. Evidence indicates that miR‑146a negatively regulates the nuclear factor‑κB inflammatory signaling pathway by targeting",https://pubmed.ncbi.nlm.nih.gov/42563692/,PubMed
Precise nanodelivery of screened compounds alleviates sepsis-associated encephalopathy by targeting microglial ANXA2.,"Lin Daoyi, Huang Yuan, Wu Shuyan",Science bulletin,2026-08-08,"Sepsis frequently induces sepsis-associated encephalopathy (SAE), which lacks targeted therapies and often results in persistent neurobehavioral deficits. Here, we developed a translational pipeline integrating target discovery, small-molecule screening, formulation engineering, targeted delivery, and in vivo mechanistic validation to establish a microglial neuroinflammation-centered SAE intervent",https://pubmed.ncbi.nlm.nih.gov/42562700/,PubMed
Stabilized phospholipid-topotecan prodrug particles increase vascular permeability and ultrasound-enhanced neuroblastoma delivery.,"Marquez Mendi, Flores-Guzman Fernando, Iwanicki Isabella",International journal of pharmaceutics,2026-08-08,"Neuroblastoma (NB) accounts for 15% of pediatric cancer deaths, with high-risk patients having < 50% 5-year survival despite intensive treatment. Topotecan (TPT), a topoisomerase I inhibitor in standard therapy, has limited efficacy due to its short plasma half-life of 30 min. We synthesized a phospholipid-topotecan prodrug (2 T-T) and incorporated it into liposomes (L-2TT) to enhance drug loading",https://pubmed.ncbi.nlm.nih.gov/42562131/,PubMed
Nanoengineered RNA delivery systems for gene therapy in intestinal fibrosis.,"Ferreira Bárbara, Teixeira Natália, Sarmento Bruno",Journal of controlled release : official journal of the Controlled Release Society,2026-08-08,"Intestinal fibrosis is a major complication of inflammatory bowel disease, particularly Crohn's disease, leading to strictures, luminal narrowing, and tissue remodeling. Despite advances in anti-inflammatory therapies, no approved pharmacological treatments are available to prevent or reverse established fibrosis, highlighting an urgent unmet clinical need. Fibrogenesis is driven by interconnected",https://pubmed.ncbi.nlm.nih.gov/42562062/,PubMed
Twenty-four-month evaluation of the glycemia risk index in adults with type 1 diabetes using advanced hybrid closed-loop systems.,"Nigi Laura, Distefano Leonardo, Grieco Giuseppina Emanuela",Endocrine,2026-08-08,"The Glycemia Risk Index (GRI) is a recently introduced continuous glucose monitoring (CGM)-derived metric that has been evaluated to date in a limited number of studies involving type 1 diabetic adult users of Advanced Hybrid Closed-Loop (AHCL) systems. To further characterize its clinical utility and to investigate its correlations with CGM-derived metrics, particularly Time in Tight Range (TITR)",https://pubmed.ncbi.nlm.nih.gov/42560625/,PubMed
Ionizable Lipid-Dependent Optimization of Steroid Lipid Nanoparticles With Tunable Immunomodulatory Properties.,"Thatte Ajay S, Nachod Benjamin E, Baena Julia","Advanced materials (Deerfield Beach, Fla.)",2026-08-08,"Lipid nanoparticles (LNPs) are a leading platform for nucleic acid delivery, yet their intrinsic adjuvanticity poses a significant materials design challenge for applications requiring immunological quiescence. Here, we report a modular engineering strategy that incorporates FDA-approved corticosteroids into LNP formulations, creating a new class of steroid LNPs with tunable anti-inflammatory prop",https://pubmed.ncbi.nlm.nih.gov/42559754/,PubMed
Programmable transcriptional condensates for enhanced CRISPR-based gene regulation.,"Li Aolin, Cao Congcong, Yang Chunyan",Theranostics,2026-08-08,"Efficient gene activation or repression through programmable CRISPR-Cas9 has revolutionized molecular biology and drug development. Nonetheless, the currently available CRISPRa/i approaches are modestly potent and require multi-component delivery, which hampers the wide use of the technology in both research and therapy. We developed a modular CRISPR-condensate platform by appending a multivalent ",https://pubmed.ncbi.nlm.nih.gov/42559426/,PubMed
Reshaping immune cell distribution with mRNA noncationic lipid nanoparticles for overcoming neoadjuvant chemo-immunotherapy resistance.,"Liu Yiwen, Chang Rui, Chen Kenan",Theranostics,2026-08-08,"Fusobacterium nucleatum (Fn) is associated with resistance to neoadjuvant chemo-immunotherapy in esophageal squamous cell carcinoma (ESCC), but the underlying mechanism is unclear. We identified Fn-induced SPP1⁺ macrophages as key drivers of a cancer-associated fibroblast (CAF)-mediated spatial immune barrier that restricts CD8⁺ T-cell infiltration. Mannose-modified non-cationic thiourea lipid nan",https://pubmed.ncbi.nlm.nih.gov/42559341/,PubMed
Calcium Phosphate Nanoparticle Delivery of si,"Wu Yinqiu, Song Jixin, He Sheng",International journal of nanomedicine,2026-08-08,"TRIB3 is upregulated in non-small cell lung cancer (NSCLC) and associates with worse survival, yet targeted therapeutics remain lacking. Calcium phosphate (CaP) nanoparticles offer biocompatible, serum-stable delivery for siRNA therapy. Here, we developed CaP nanoparticles loading siRNA targeting TRIB3 (NP NP TRIB3 was significantly upregulated in NSCLC tissues compared with normal lung tissues an",https://pubmed.ncbi.nlm.nih.gov/42559326/,PubMed
Magnetofection-mediated siRNA delivery ameliorates cartilage damage in Kashin-Beck disease ,"Chen Yangmengfan, Wang Duan, Zhang Yao",Theranostics,2026-08-08,"Kashin-Beck disease (KBD) is an endemic osteochondropathy caused by T-2 toxin, however, the molecular mechanism underlying T-2 toxin-induced chondrocyte damage remains unclear. This study aimed to elucidate the pathogenic role of T-2 toxin in KBD and develop an EMF-augmented nanotherapy for KBD-related cartilage damage. This study investigated T-2 toxin-induced chondrocyte damage by evaluating pro",https://pubmed.ncbi.nlm.nih.gov/42559309/,PubMed
Targeting microglial MyD88 reprograms injury-activated microglia and promotes spinal cord repair via TGF-β signaling and biomimetic nanodelivery.,"Liu Jintao, Yu Beibei, Cao Wanjun",Theranostics,2026-08-08,"Following spinal cord injury (SCI), activated microglia sustain neuroinflammation and drive secondary tissue damage, and this limits functional recovery. Myeloid differentiation primary response 88 (MyD88) is a central adaptor of innate immune signaling, but whether and how microglial MyD88 regulates state transition after SCI remains unclear. This study aims to explore the impact of microglial My",https://pubmed.ncbi.nlm.nih.gov/42559269/,PubMed
"Research progress on the mechanism, diagnosis, and treatment of exosomal miRNA in chronic prostatitis.","Shen Yihang, Ju Baojun",Frontiers in immunology,2026-08-08,"Chronic prostatitis/chronic pelvic pain syndrome (CP/CPPS) is a common condition that significantly impairs men's quality of life. Its pathogenesis remains incompletely understood, and there is a lack of specific diagnostic methods. As important signaling molecules in intercellular communication, microRNAs (miRNAs) in exosomes play a key role in the pathological progression of CP/CPPS. This review",https://pubmed.ncbi.nlm.nih.gov/42559140/,PubMed
Manganese-Functionalized GelMA Hydrogels for MRI-Guided Immunotheranostics in Precision Oncology,"Motahareh Nazari, Keyvan Alavi",arXiv,2026-08-08,"Precision oncology requires multifunctional platforms capable of integrating accurate tumor diagnosis, localized therapeutic delivery, immune modulation, and real-time monitoring of treatment response. Gelatin methacryloyl (GelMA) hydrogels have emerged as versatile biomaterials for biomedical engineering because of their biocompatibility, extracellular matrix-like structure, tunable mechanical pr",http://arxiv.org/abs/2606.29599v1,arXiv
Reinforcement-guided generative protein language models enable de novo design of highly diverse AAV capsids,"Lucas Ferraz, Ana F. Rodrigues, Pedro Giesteira Cotovio",arXiv,2026-08-08,"Adeno-associated viral (AAV) vectors are widely used delivery platforms in gene therapy, and the design of improved capsids is key to expanding their therapeutic potential. A central challenge in AAV bioengineering, as in protein design more broadly, is the vast sequence design space relative to the scale of feasible experimental screening. Machine-guided generative approaches provide a powerful m",http://arxiv.org/abs/2603.19473v1,arXiv
Molecular Epidemiology of Peste des Petits Ruminants Virus Circulating in Fat-Tailed Sheep in Bangladesh.,"Khan Md Arif, Dutta Pronesh, Rahman Md Kaisar",Veterinary medicine and science,2026-08-08,"Peste des petits ruminants (PPR) is a highly contagious viral disease of sheep and goats that causes substantial economic losses through high morbidity, mortality and rapid transmission among small ruminants. Molecular epidemiological data on circulating PPR virus (PPRV) strains in Bangladesh remain limited. To investigate the molecular epidemiology and phylogenetic characteristics of PPRV among f",https://pubmed.ncbi.nlm.nih.gov/42566189/,PubMed
Live-attenuated ,"Yang Zhenke, Wang Jinghui, Wu Junru",Virulence,2026-08-08,,https://pubmed.ncbi.nlm.nih.gov/42565651/,PubMed
Beyond the genetic code: orchestrating epigenetic and immune landscapes with multivalent mRNA-exosome vaccines.,"Bian Huiqin, Tse William, Huang Gang",Precision clinical medicine,2026-08-08,"mRNA therapeutics are transitioning from transient anti-viral vaccines into precise cancer immunotherapies capable of orchestrating potent antigen-specific T-cell and humoral responses. However, therapeutic resistance within immunologically ""cold"" tumors remains a formidable barrier, necessitating multiaxial optimization across transcript architecture, neoantigen selection, delivery vector enginee",https://pubmed.ncbi.nlm.nih.gov/42565117/,PubMed
Effects of immunosuppression on tracheal mucosal responses after infection with ,"Kulappu Arachchige Sathya N, Kanci Condello Anna, Noormohammadi Amir H",Frontiers in immunology,2026-08-08,"Vaccination is the most common method used to control infection caused by  This study investigated the effect of immunosuppression induced by either chicken anaemia virus (CAV) or infectious bursal disease virus (IBDV), administered prior to or following vaccination with the  Immunosuppression resulted in significant differences in tracheal transcriptional responses compared to immunocompetent gro",https://pubmed.ncbi.nlm.nih.gov/42564117/,PubMed
Immunogenicity and post-challenge virological outcomes of a multivalent subunit vaccine in sheep challenged with cytopathic BVDV-1a.,"Shao Zhiran, Yuan Jing, Li Yuhao",Veterinary microbiology,2026-08-08,"Bovine viral diarrhea virus (BVDV) continues to threaten the global cattle industry and can also infect other ruminants, including sheep. Currently available vaccines still have limitations in terms of safety, durability of immunity, and protective efficacy. To investigate a candidate multivalent BVDV subunit vaccine, four recombinant BVDV proteins (NS5A, E0, E2, and mE2T) were formulated as monov",https://pubmed.ncbi.nlm.nih.gov/42561832/,PubMed
Cross-serotype immunity elicited by a consensus dengue NS1 mRNA vaccine in mice.,"Tharakhet Kittipan, Prompetchara Eakachai, Khawsang Chirayus",PloS one,2026-08-08,"Dengue virus (DENV) remains a major global health burden, with four antigenically distinct serotypes (DENV-1-4) posing a significant challenge for vaccine development. Dengue non-structural protein 1 (NS1) has been associated with additional protection and reduced disease severity, supporting its inclusion in vaccine design. In this study, we designed a consensus NS1 (cNS1) antigen by integrating ",https://pubmed.ncbi.nlm.nih.gov/42561029/,PubMed
T cell antigenic recognition sequencing (TAR-seq) enables precise characterization of vaccine-elicited cellular immunity ex vivo and ,"Chaunzwa Morgan, McElfresh G W, Morrow David",Frontiers in immunology,2026-08-08,"The functional responses of antigen (Ag) specific T cells are complex, clonotype-specific, context-dependent, and incompletely captured by dominant analytic approaches. Here we present T Cell Antigenic Recognition Sequencing (TAR-seq), a two-part process that uses single-cell RNA + T cell receptor sequencing (scRNA/TCR-seq) to provide a precise and comprehensive characterization of the differentia",https://pubmed.ncbi.nlm.nih.gov/42558731/,PubMed
Innate Immune Response of Lumpfish (Cyclopterus lumpus) to Oil-Based and Water-Soluble Adjuvants.,"Joy Chukwu-Osazuwa, Valderrama Katherine, Cao Trung",Developmental and comparative immunology,2026-08-08,"Adjuvants play a key role in boosting vaccine effectiveness. Adjuvant type and composition influence immune response, which can vary across fish species and populations. This study investigates the innate immune response of lumpfish (Cyclopterus lumpus) individuals collected from Newfoundland (NL), Canada, and Iceland (IC) to oil-based and water-soluble adjuvants, respectively. Fish were intraperi",https://pubmed.ncbi.nlm.nih.gov/42556659/,PubMed
mRNA vaccines targeting HPV E6/E7: A new frontier in cervical cancer immunotherapy.,"Aftabsavad Somayeh, Arashkia Arash, Shokrgozar Mohammad Ali",Critical reviews in oncology/hematology,2026-08-08,"Human papillomavirus (HPV) infections, particularly high-risk types 16 and 18, are responsible for approximately 70% of cervical cancer cases worldwide. Despite the availability of effective prophylactic vaccines, therapeutic interventions for established HPV-associated malignancies remain limited. This mini-review synthesizes recent advances (2020-2026) in mRNA-LNP vaccine development targeting t",https://pubmed.ncbi.nlm.nih.gov/42556594/,PubMed
Effectiveness and waning of the fourth dose mRNA COVID-19 vaccines for the prevention of SARS-CoV2 infection related hospitalisations and deaths.,"Li Xintong, Mercade-Besora Nuria, Lam Amy Shuk-Man",The Journal of infection,2026-08-08,"Real-world data studies suggest that the vaccine effectiveness (VE) of a fourth mRNA vaccine dose against SARS-CoV2 infection related hospitalisation wanes after a few months, potentially warranting consideration of additional booster doses. A multi-database cohort study was conducted through the Data Analysis and Real World Interrogation Network (DARWIN EU®) using routinely collected electronic h",https://pubmed.ncbi.nlm.nih.gov/42556476/,PubMed
An ER stress-responsive RNA rheostat for programmable gene and mRNA therapies.,"Ogurlu Roza, Sanchez Eliya B, Hull Joshua A",Cell chemical biology,2026-08-08,"Therapeutic protein overexpression can overwhelm endoplasmic reticulum (ER) folding capacity, trigger unfolded protein response (UPR) signaling, and compromise the safety of gene and mRNA therapies. Here, we engineer stress-responsive RNA rheostats that couple transgene expression to endogenous ER stress sensing. Short RNA elements derived from X-box-binding protein 1 (XBP1) mRNA undergo inositol-",https://pubmed.ncbi.nlm.nih.gov/42556338/,PubMed
Bridging the monitoring gap in resource-limited settings: A head-to-head evaluation of two Chinese HIV-1 RNA quantification assays and Roche TaqMan.,"Zhang Jiafeng, Ding Xiaobei, Fan Qin",PloS one,2026-08-08,"HIV-1 RNA quantification assays are essential for evaluating antiretroviral therapy (ART) efficacy and diagnosing HIV infection, playing a pivotal role in HIV/AIDS management and treatment. This study compares two Chinese-manufactured HIV-1 RNA quantification assays (Livzon, SymBio) with the Roche COBAS AmpliPrep/COBAS TaqMan HIV-1 Test v2.0 (reference assay) using plasma samples from 279 HIV-infe",https://pubmed.ncbi.nlm.nih.gov/42555609/,PubMed
Respiratory syncytial virus inhibits type I interferon signaling to maintain HLA-DM expression in CD1c,"Ong Weiyee, Hopkins Richard Anthony, Yang Enjun",iScience,2026-08-08,"Respiratory syncytial virus (RSV) infection often elicits ineffective long-term immune responses due to inefficient immune priming, complicating disease management and vaccine development. Dendritic cells (DCs) are central regulators of antiviral immunity and antigen presentation; yet, the direct impact of RSV on these pathways remains poorly understood. In this study, we identify sustained HLA-DM",https://pubmed.ncbi.nlm.nih.gov/42555398/,PubMed
Identification and computational analysis of B-cell epitopes on the hemagglutinin protein of the H3N2 influenza virus.,"Guo Mengyuan, Wang Xue, Zhou Jingming",Archives of microbiology,2026-08-08,"Influenza A virus (IAV) is a highly infectious enveloped RNA virus that primarily causes respiratory disease. Continuous antigenic variation in influenza virus hemagglutinin (HA) is a major driver of influenza pandemics. Therefore, precise identification of B-cell epitopes within HA is essential for developing diagnostic tools and vaccine candidates that can help limit further influenza spread. In",https://pubmed.ncbi.nlm.nih.gov/42554770/,PubMed
"Vaccines, Bias, and the Perils of Non-peer-reviewed Studies: Fueling Misinformation and Vaccine Hesitancy.","Munblit Daniel, Buonsenso Danilo, Olliaro Piero L",Clinical infectious diseases : an official publication of the Infectious Diseases Society of America,2026-08-08,"Unvetted scientific claims about vaccines can spread rapidly and undermine decades of progress in immunization and public trust. A recent non-peer-reviewed analysis, promoted at political hearings, in the documentary ""An Inconvenient Study,"" and on social media, has been used to suggest that vaccinated children experience higher rates of chronic illness than unvaccinated peers. Despite standard re",https://pubmed.ncbi.nlm.nih.gov/42554662/,PubMed
Humoral and cellular responses to SARS-CoV-2 variants after ancestral COVID-19 vaccines in people with HIV and lung transplant recipients.,"Griffin David Wj, Gill Paul A, Boo Irene",Clinical & translational immunology,2026-08-08,"Immunocompromised hosts have reduced immune responses to COVID-19 vaccination, and more severe disease. Antibody responses correlate with protection but markers of immunity vary across a spectrum of immunocompromise. We compared serologic and cellular responses following Ancestral COVID-19 vaccines in healthy controls (HC), people with HIV (PWH) and lung transplant (LTx) recipients. Anti-spike rec",https://pubmed.ncbi.nlm.nih.gov/42553076/,PubMed
Comparative immunogenicity of mRNA-1273 and BNT162b2 SARS-CoV-2 bivalent booster vaccines in US nursing home residents.,"Olagunju Olajide J, Oyebanji Oladayo A, Keresztesy Debbie",Human vaccines & immunotherapeutics,2026-08-08,"Nursing home residents (NHRs) remain among the most vulnerable to severe outcomes from SARS-CoV-2 infection. While mRNA-1273 (Spikevax, Moderna) and BNT162b2 (Comirnaty, Pfizer-BioNTech) vaccines are widely used in this population, comparative data on their immunogenicity, particularly after bivalent boosters, remain limited. We conducted a longitudinal immunologic evaluation of U.S. NHRs who rece",https://pubmed.ncbi.nlm.nih.gov/42551467/,PubMed
Signal peptide-mediated endoplasmic reticulum targeting enhances antigen expression and secretion to improve mRNA vaccine efficacy.,"Guo Zijia, Ran Luna, Fu Jiayan",Acta biochimica et biophysica Sinica,2026-08-08,"The expression and secretion levels of antigenic proteins are critical determinants of mRNA vaccine efficacy. Signal peptides, which direct protein translocation into the endoplasmic reticulum (ER), have the potential to significantly enhance protein expression and immunogenicity, highlighting their value as engineering tools for mRNA vaccine design. This study adopts the SARS-CoV-2 RBD as a model",https://pubmed.ncbi.nlm.nih.gov/42550669/,PubMed
Indirect comparison of mRNA-1010 versus enhanced influenza vaccines in adults aged 65 years and older during the 2024-2025 US influenza season.,"Joshi Keya, Situ Aaron, Mehta Darshan",Journal of medical economics,2026-08-08,"Seasonal influenza continues to cause severe disease among older adults in the United States despite enhanced vaccine recommendations, driven by immunosenescence and vaccine mismatch with circulating influenza viruses. mRNA-based influenza vaccines (mRNA-1010), addressing some of these challenges, have been developed for this population. A previous trial found mRNA-1010 demonstrated superior immun",https://pubmed.ncbi.nlm.nih.gov/42550058/,PubMed
Live Respiratory Syncytial Virus Vaccine D46/cp/ΔM2-2 Is Overattenuated in RSV-Seronegative Children.,"Karron Ruth A, Woods Suzanne, Wanionek Kimberli",Open forum infectious diseases,2026-08-08,The intranasal respiratory syncytial virus (RSV) vaccine D46/cp/ΔM2-2 is attenuated by deletion of the RSV RNA synthesis factor M2-2 and 5 cold-passage amino acid mutations. D46/cp/ΔM2-2 was safe but overattenuated in 12- to 59-month-old RSV-seropositive children (dose: 10,https://pubmed.ncbi.nlm.nih.gov/42549136/,PubMed
Transformer-Based Active Learning for Data-Efficient Vaccine Epitope Selection in PRRS,"Aspen Erlandsson Brisebois, Zahed Khatooni, Connor Burbridge",arXiv,2026-08-08,"High-fidelity molecular docking simulations can produce biologically relevant estimates of epitope-receptor binding affinity but are computationally expensive and therefore limit the number of candidates that can be screened for vaccine design. In this work, we evaluate machine learning (ML) approaches where variants of active learning are used to classify instances of high binding affinity betwee",http://arxiv.org/abs/2606.28659v1,arXiv
Exploring the Effects of Entanglement on Quantum Machine Learning of Pathogen Epitope-Receptor Binding,"Aspen Erlandsson Brisebois, Luis Pablo Gonzalez Dominguez, Shivansi Prajapati",arXiv,2026-08-08,"Parameterized quantum circuits (PQCs) provide a flexible substrate for hybrid quantum machine learning (QML), but their practical value on Noisy Intermediate-Scale Quantum (NISQ) devices remains an empirical question, especially because training depth and scale can introduce optimization challenges such as barren plateaus. Here we study how the number and topology of two-qubit entangling gates in ",http://arxiv.org/abs/2606.28655v1,arXiv
IGF2BP3-mediated regulation of the RNA isoform and modification landscape in pancreatic cancer.,"Margielewska-Davies Sandra, Croft Wayne, Pearce Hayden",Oncogene,2026-08-08,The incidence of pancreatic ductal adenocarcinoma (PDAC) is increasing but clinical outcomes remain poor and new treatments are required. IGF2BP3 is an oncofetal m6A-reading RNA regulatory protein whose expression is commonly observed in PDAC and which may represent an important therapeutic target. IGF2BP3 protein is expressed in >95% of primary tumours whilst RNA expression ranges from 3 to 3000-,https://pubmed.ncbi.nlm.nih.gov/42567885/,PubMed
Real-world assessment of adherence to inclisiran dosing schedule and LDL-C reduction in patients with hypercholesterolemia in Austria.,"Pätzold Dieter, Vonbank Alexander, Clodi Martin",Journal of clinical lipidology,2026-08-08,"Inclisiran is a small interfering RNA that safely and effectively lowers low-density lipoprotein cholesterol (LDL-C) with twice-yearly dosing (after the initial and 3-month doses). However, data on real-world inclisiran use are limited. This descriptive, noninterventional, retrospective chart review aimed to assess dosing schedule adherence, patient profiles, and LDL-C change in participants presc",https://pubmed.ncbi.nlm.nih.gov/42567787/,PubMed
Calpain-2 inhibition prevents pressure overload-induced lysosomal cathepsin release and cardiac hypertrophy.,"Martí-Boltaina Anna, Aluja David, Delgado-Tomás Sara",Life sciences,2026-08-08,"Dysregulated calpains and cathepsins contribute to adverse cardiac remodeling following chronic pathological stress, but their interplay and the specific contributions of the classical calpain isoforms remain undefined. Here, we tested whether calpain-2 initiates a lysosome-cathepsin proteolytic axis that promotes pathological hypertrophy through mTORC1-dependent signaling. Calpain expression was ",https://pubmed.ncbi.nlm.nih.gov/42567498/,PubMed
"HPS-4/TIMI 65/ORION-4: A double-blind randomized placebo-controlled trial assessing the effects of inclisiran on clinical outcomes among people with atherosclerotic cardiovascular disease: Trial design, recruitment, and baseline characteristics.","Mafham M, Zayed M, Collins R",American heart journal,2026-08-08,"Despite widespread statin use, atherosclerotic cardiovascular disease remains a leading cause of morbidity and mortality worldwide. Monoclonal antibodies targeting circulating proprotein convertase subtilisin-kexin type 9 (PCSK9) substantially reduce low-density lipoprotein cholesterol (LDL-C) levels and cardiovascular events. However, the requirement for self-administration every 2-4 weeks may li",https://pubmed.ncbi.nlm.nih.gov/42567431/,PubMed
Polymeric mesoscale nanoparticles exhibit dynamin- and macropinocytosis-dependent endocytosis.,"Arnaout Adnan, Venugopal Poojaa Jayanthi, Ghosh Pratyusha","Nanomedicine : nanotechnology, biology, and medicine",2026-08-08,"Polymeric mesoscale nanoparticles (MNPs) are 300 to 500 nm in diameter with a PEGylated surface that exhibit unique renal tropism as a function of that size range, as described in our prior work, with selectivity toward renal tubular epithelial cells. Despite their well-described therapeutic applications, we do not yet fully understand whether they maintain the unique mesoscale size range under va",https://pubmed.ncbi.nlm.nih.gov/42567297/,PubMed
Nephronectin promotes ameloblast differentiation through its RGD motif.,"Mizuta Kanji, Chiba Yuta, Tian Tian",Biochemical and biophysical research communications,2026-08-08,"Nephronectin (Npnt) is a multifunctional basement membrane protein containing EGF-like repeats and an RGD motif. While we previously reported that Npnt regulates dental epithelial stem cell proliferation via its EGF-like repeats, the specific role of its RGD motif in ameloblast differentiation remained to be elucidated. In this study, we investigated the domain-specific functions of Npnt and ident",https://pubmed.ncbi.nlm.nih.gov/42566994/,PubMed
Induction of osteogenic differentiation of MSCs by GSK3β knockdown through GSK3β siRNAs transfection.,"Galitsyna Elena V, Buianova Anastasiia A, Bukharova Tatiana B",PloS one,2026-08-08,"The development of effective strategies for treating bone defects can be based on gene therapy methods aimed at regulating the differentiation of osteoprogenitor cells. One of the approaches is to use siRNA molecules in knockdown systems for genes inhibiting osteogenic cell differentiation. In this work, we aimed at developingapproaches to induce osteogenic differentiation of mesenchymal stem cell",https://pubmed.ncbi.nlm.nih.gov/42566415/,PubMed
Epigenetic Modulation of Thyroid-Stimulating Hormone Receptor Expression in Orbital Fibroblasts From Graves' Ophthalmopathy: Target for Treatment.,"Chompoowong Rajit, Phankeaw Pimchanok, Suwannavong Apinya",Investigative ophthalmology & visual science,2026-08-08,"This study aims to investigate the expression and function of DNA methyltransferases (DNMTs) and histone methyltransferase EZH2 in regulating the expression of thyroid-stimulating hormone receptor (TSHR) and fibrotic markers by orbital fibroblasts from Graves' ophthalmopathy (GO) patients. DNMTs mRNA levels were measured in orbital fibroblasts from healthy controls (control orbital fibroblasts), a",https://pubmed.ncbi.nlm.nih.gov/42565655/,PubMed
AMPKα Silencing Prevents Kanamycin-Induced Ototoxicity in an Acute Mouse Model.,"Zou Shengyu, Wu Fan, Fang Qiaojun",Sensory neuroscience,2026-08-08,"Kanamycin (KM), a widely used aminoglycoside antibiotic, is limited by its ototoxic side effects, primarily targeting cochlear outer hair cells (OHCs) and leading to irreversible sensorineural hearing loss. Our previous work showed that silencing AMP-activated protein kinase alpha 1 (AMPKα1) prevents noise-induced hearing loss through a redox-sensitive regulatory mechanism. Given that both noise-i",https://pubmed.ncbi.nlm.nih.gov/42564893/,PubMed
Post-transcriptional regulation via alternative polyadenylation and piRNA shapes macrophage responses in psoriasis.,"Lin Benfan, Du Xiwang, Lu Leihong",Frontiers in immunology,2026-08-08,"Post-transcriptional regulatory mechanisms underlying autoimmune diseases remain poorly understood. Here, we employed integrated multi-omics approaches to systematically dissect the role of alternative polyadenylation (APA) and piRNA-mediated regulation in psoriasis pathogenesis. We performed transcriptome-wide association studies (TWAS) combined with Mendelian randomization to identify causal sus",https://pubmed.ncbi.nlm.nih.gov/42564021/,PubMed
STC1 promotes osteogenic differentiation and represses inflammation via inhibition of NF‑κB signaling in mesenchymal stromal cells.,"Yang Chen, Li Xin, Wang Peng",Molecular medicine reports,2026-08-08,"The aging of mesenchymal stromal cells (MSCs) is characterized by impaired osteogenic differentiation and enhanced adipogenic differentiation. Studies have identified stanniocalcin‑1 (STC1) as a core component of the senescence‑associated secretory phenotype and a regulator of osteoblast maturation; however, its role in MSC biology remains poorly understood. In the present study, bone marrow‑deriv",https://pubmed.ncbi.nlm.nih.gov/42563690/,PubMed
Bone Marrow Stem Cell Exosomes Protect Lung Cells from Oxygen Damage by Regulating miR-23a-3p/Slc7a2 Pathway.,"He Qifei, Zheng Huaiwu, Xiong Junhao",The journal of gene medicine,2026-08-08,"Mesenchymal stem cell exosomes (MSC-Exos) play crucial regulatory roles in the processes of alveolar epithelial cell development, proliferation, apoptosis and differentiation. The aim of this project was to explore the regulatory mechanism of the miR-23a-3p/Slc7a2 axis mediated by bone marrow MSC-derived exosomes in hyperoxia-induced injury to alveolar epithelial type II cells (AECIIs) in neonatal",https://pubmed.ncbi.nlm.nih.gov/42562791/,PubMed
The EPAC inhibitor ESI-09 attenuates NF-κB signalling in vascular cells.,"Wiejak Jolanta, Powell Frederick G, Burgoyne Paul",Biochimica et biophysica acta. Molecular cell research,2026-08-08,"Vascular smooth muscle cells (VSMCs) and human coronary artery endothelial cells (HCAECs) are central mediators of vascular inflammation through NF-κB-dependent transcriptional responses, but the role of the cAMP effector exchange protein directly activated by cAMP 1 (EPAC1) remains unresolved. Here, we combined pharmacological modulation, EPAC1 knockdown, Rap1 activation assays, macrophage-contai",https://pubmed.ncbi.nlm.nih.gov/42562185/,PubMed
Development and validation of LC-MS-based bioanalytical methods for oligonucleotide therapeutics: points to consider.,"Sun Yuchen, Saito Kosuke, Nitta Shin-Ichiro",Drug metabolism and pharmacokinetics,2026-08-08,"The analysis of oligonucleotide therapeutics, including antisense oligonucleotides and siRNAs, using existing bioanalytical methods presents unique analytical challenges owing to their distinctive physicochemical properties. Although the ICH M10 guideline provides general bioanalytical validation frameworks, specific considerations for oligonucleotide therapeutics remain undefined, highlighting an",https://pubmed.ncbi.nlm.nih.gov/42561867/,PubMed
Jiawei Taohe Chengqi decoction alleviates angiogenesis associated with LECT2/CD209-mediated macrophage reprogramming in hepatic fibrosis.,"He Yi, Huang Jiaxin, Liang Xiaofan",Phytomedicine : international journal of phytotherapy and phytopharmacology,2026-08-08,"Hepatic fibrosis (HF) is a key pathological process in the progression of chronic liver diseases to cirrhosis and hepatocellular carcinoma (HCC), accompanied by abnormal remodeling of the intrahepatic vascular network. Evidence suggests that hepatocyte cytokine leukocyte cell-derived chemotaxin 2 (LECT2) and macrophage reprogramming exert crucial effects in angiogenesis. Jiawei Taohe Chengqi Decoc",https://pubmed.ncbi.nlm.nih.gov/42561507/,PubMed
The potential regulatory relationship between hsa_circ_0000973 and MBOAT2 in hypertriglyceridemia with abnormal glucose metabolism.,"Wang Fengdan, Yang Yixue, Li Xiaotong",Human molecular genetics,2026-08-08,"Hypertriglyceridemia (HTG) frequently occurs in population with abnormal glucose metabolism (AGM), exacerbating risk. In our preliminary researches, we have screened hsa_circ_0000973 and MBOAT2 as the possible regulatory elements of HTG in AGM patients. This study enrolled 142 AGM subjects (71 with HTG, 71 with normal triglycerides) to investigate the role and mechanism of the hsa_circ_0000973 and",https://pubmed.ncbi.nlm.nih.gov/42561135/,PubMed
DeepSilencer: A Novel Deep Learning Model for Predicting siRNA Knockdown Efficiency,"Wangdan Liao, Weidong Wang",arXiv,2026-08-08,"Background: Small interfering RNA (siRNA) is a promising therapeutic agent due to its ability to silence disease-related genes via RNA interference. While traditional machine learning and early deep learning methods have made progress in predicting siRNA efficacy, there remains significant room for improvement. Advanced deep learning techniques can enhance prediction accuracy, reducing the relianc",http://arxiv.org/abs/2503.04200v1,arXiv
Maturation of siRNA by strand separation: Steered Molecular dynamics study,"Rakesh K Mishra, Sanchita Mukherjee, Dhananjay Bhattacharyya",arXiv,2026-08-08,"RNA interference, particularly siRNA induced gene silencing is becoming an important avenue of modern therapeutics. The siRNA is delivered to the cells as short double helical RNA which becomes single stranded for forming the RISC complex. Significant experimental evidence is available for most of the steps except the process of the separation of the two strands. We have attempted to understand th",http://arxiv.org/abs/1910.03778v1,arXiv
Using a hydrogen-bond index to predict the gene-silencing efficiency of siRNA based on the local structure of mRNA,"Kathy Q. Luo, Donald C. Chang",arXiv,2026-08-08,The gene silencing effect of short interfering RNA (siRNA) is known to vary strongly with the targeted position of the mRNA. A number of hypotheses have been suggested to explain this phenomenon. We would like to test if this positional effect is mainly due to the secondary structure of the mRNA at the target site. We proposed that this structural factor can be characterized by a single parameter ,http://arxiv.org/abs/1710.07413v1,arXiv
Unraveling siRNA Unzipping Kinetics with Graphene,"Santosh Mogurampelly, Swati Panigrahi, Dhananjay Bhattacharyya",arXiv,2026-08-08,"Using all atom molecular dynamics simulations, we report spontaneous unzipping and strong binding of small interfering RNA (siRNA) on graphene. Our dispersion corrected density functional theory based calculations suggest that nucleosides of RNA have stronger attractive interactions with graphene as compared to DNA residues. These stronger interactions force the double stranded siRNA to spontaneou",http://arxiv.org/abs/1207.4569v1,arXiv
Unzipping and binding of small interfering RNA with single walled Carbon Nanotube: a platform for small interfering RNA delivery,"Mogurampelly Santosh, Swati Panigrahi, Dhananjay Bhattacharyya",arXiv,2026-08-08,"In an effort to design efficient platform for siRNA delivery, we combine all atom classical and quantum simulations to study the binding of small interfering RNA (siRNA) by pristine single wall carbon nanotube (SWCNT). Our results show that siRNA strongly binds to SWCNT surface via unzipping its base-pairs and the propensity of unzipping increases with the increase in the diameter of the SWCNTs. T",http://arxiv.org/abs/1203.2409v1,arXiv
Nanodiamond as a vector for siRNA delivery to Ewing sarcoma cells,"Anna Alhaddad, Marie-Pierre Adam, Jacques Botsoa",arXiv,2026-08-08,"We investigated the ability of diamond nanoparticles (nanodiamonds, NDs) to deliver small interfering RNA (siRNA) in Ewing sarcoma cells, in the perspective of in vivo anti-cancer nucleic acid drug delivery. siRNA was adsorbed onto NDs previously coated with cationic polymer. Cell uptake of NDs has been demonstrated by taking advantage of NDs intrinsic fluorescence coming from embedded color cente",http://arxiv.org/abs/1106.2252v2,arXiv
Target prediction and a statistical sampling algorithm for RNA-RNA interaction,"F. W. D. Huang, J. Qin, C. M. Reidys",arXiv,2026-08-08,"It has been proven that the accessibility of the target sites has a critical influence for miRNA and siRNA. In this paper, we present a program, rip2.0, not only the energetically most favorable targets site based on the hybrid-probability, but also a statistical sampling structure to illustrate the statistical characterization and representation of the Boltzmann ensemble of RNA-RNA interaction st",http://arxiv.org/abs/0908.0597v1,arXiv
In silico evidence of the relationship between miRNAs and siRNAs,"Ludovica Montanucci, Piero Fariselli, Pier Luigi Martelli",arXiv,2026-08-08,"Both short interfering RNAs (siRNAs) and microRNAs (miRNAs) mediate the repression of specific sequences of mRNA through the RNA interference pathway. In the last years several experiments have supported the hypothesis that siRNAs and miRNAs may be functionally interchangeable, at least in cultured cells. In this work we verify that this hypothesis is also supported by a computational evidence. We",http://arxiv.org/abs/0705.2355v1,arXiv
