title,authors,journal,date,abstract,link,source
De novo whole transcriptome sequencing reveals differentially expressed messenger RNA and MicroRNA in hepatopancreas of ,"Lee Du Hyeong, Kim Woo Ryung, Shin Hae Jin",Animal cells and systems,2026-08-05,,https://pubmed.ncbi.nlm.nih.gov/42553694/,PubMed
Humoral and cellular responses to SARS-CoV-2 variants after ancestral COVID-19 vaccines in people with HIV and lung transplant recipients.,"Griffin David Wj, Gill Paul A, Boo Irene",Clinical & translational immunology,2026-08-05,"Immunocompromised hosts have reduced immune responses to COVID-19 vaccination, and more severe disease. Antibody responses correlate with protection but markers of immunity vary across a spectrum of immunocompromise. We compared serologic and cellular responses following Ancestral COVID-19 vaccines in healthy controls (HC), people with HIV (PWH) and lung transplant (LTx) recipients. Anti-spike rec",https://pubmed.ncbi.nlm.nih.gov/42553076/,PubMed
Intermittent Hypoxia Exacerbates Lipopolysaccharide-Induced Neurobehavioral Abnormalities: The Role of Neuroinflammation and Synaptic-Related Proteins.,"Ding Yi-Zhu, Wang Zong-Fang, Dai Chen",Brain and behavior,2026-08-05,"Sepsis is a common systemic inflammatory disease clinically observed in patients with severe trauma or infectious diseases. Lipopolysaccharide (LPS) serves as a classic tool for studying infection-related neuroinflammation and behavioral changes. Research indicates that LPS can induce peripheral inflammation and neuroinflammation, leading to synaptic dysfunction and neurobehavioral abnormalities. ",https://pubmed.ncbi.nlm.nih.gov/42553001/,PubMed
Indoxyl sulfate exacerbates chronic inflammation and susceptibility to severe infection via modulating T-cell CD73/adenosine signaling in chronic kidney disease.,"Cao JiLai, Nie Yuxin, Cao Xuesen",Renal failure,2026-08-05,"Chronic kidney disease (CKD) is a major global health issue. Cardiovascular events and infections drive mortality in end-stage renal disease via immune dysregulation. The role of T-cell purinergic signaling and its modulation by indoxyl sulfate (IS) in CKD remains unclear. Male Sprague-Dawley rats underwent 5/6 nephrectomy. The CKD + IS group received daily IS (100 μg/kg, intraperitoneally) for 24",https://pubmed.ncbi.nlm.nih.gov/42552963/,PubMed
HIF-1α and HIF-2α Are Upregulated in the Hippocampus but Not in the Medial Prefrontal Cortex in Experimental PTSD.,"Porkhalo Denys, Pashevin Denis, Naumenko Yana",Brain and behavior,2026-08-05,"Post-traumatic stress disorder (PTSD) is a psychiatric disorder characterized by anxiety, abnormal stress responses, and pathological memory formation. Research indicates that hypoxia-inducible pathways might influence the neurobiology of PTSD. However, the specific relationship between hypoxia-inducible factors (HIFs), neuropeptides, and brain regions remains unclear. This study investigated beha",https://pubmed.ncbi.nlm.nih.gov/42552943/,PubMed
Suppression of AAV-Delivered Transgene Expression Using Artificial MicroRNAs Delivered by an Alternative AAV Serotype.,"de Mulder Rougvie Miguel, Kebret Mara R, Wu Youjun",Human gene therapy,2026-08-05,"Adeno-associated virus (AAV) gene transfer vectors mediate long-term expression in nondividing cells, an advantage for treating chronic disorders. However, current platforms lack a way to selectively shut down transgene expression if adverse effects arise. To create an ""off switch,"" we hypothesized that incorporating unique artificial microRNA (amiRNA) target sequences into an AAV expression casse",https://pubmed.ncbi.nlm.nih.gov/42552862/,PubMed
Exploring the boundaries between epigenetics and religiosity/spirituality: a systematic review.,"Salatino-Oliveira Angélica, Celeste Joana Carmona Neuwald, Sturmer Carolina Moronte",Epigenomics,2026-08-05,"Associations between religiosity/spirituality (R/S) and health are well documented, but underlying mechanisms remain poorly understood. This review examined epigenetic and related molecular pathways that may underlie these associations. EMBASE, PubMed, Web of Science, and Scopus were searched through 8 January 2025. Eligible studies assessed at least one R/S variable, construct, or intervention an",https://pubmed.ncbi.nlm.nih.gov/42552725/,PubMed
Alcohol Exposure Alters the Ghrelin System: In Vitro Mechanistic Insights Into Impaired Glucose Sensing and Enhanced Ghrelin Secretion.,"Mahalingam Sundararajan, Bellamkonda Ramesh, Kharbanda Kusum K","Alcohol, clinical & experimental research",2026-08-05,"Ghrelin, a stomach-derived orexigenic peptide, typically rises during fasting to stimulate food intake. Chronic alcohol consumption elevates circulating ghrelin, which induces alcohol craving and increases intake in clinical and preclinical models. By increasing alcohol drive, ghrelin contributes to alcohol use disorder (AUD) and accelerates alcohol-associated liver disease (ALD) by inhibiting ins",https://pubmed.ncbi.nlm.nih.gov/42552663/,PubMed
N6-Methyladenosine Demethylase FTO Mitigates Cerebral Ischemia-Reperfusion Injury by Suppressing AQP4 Expression.,"Chen Wei, Cao Luyuan, Zheng Xiaoxiao",CNS neuroscience & therapeutics,2026-08-05,"In patients with acute ischemic stroke, reperfusion therapy can compromise the blood-brain barrier, resulting in secondary cerebral ischemia-reperfusion injury (CIRI). This study investigated the involvement of the N6-methyladenosine (m6A) demethylase FTO in the pathogenesis of CIRI and explored the underlying molecular mechanisms. We established a middle cerebral artery occlusion (MCAO) mouse mod",https://pubmed.ncbi.nlm.nih.gov/42552599/,PubMed
"p-Coumaric Acid Attenuates Lead Acetate-induced Neurotoxicity in Rats by Improving Behavioral Dysfunction and Suppressing Oxidative Stress, Neuroinflammation, Apoptosis, and Plasticity-related Molecular Alterations.","Karaarslan Tuba, Bolat Merve, Bolat İsmail",Biological trace element research,2026-08-05,"This study evaluated the neuroprotective effects of p-coumaric acid (p-CA) against lead acetate (PbAc)-induced neurotoxicity in rats by focusing on oxidative stress, neuroinflammation, apoptosis, and neuronal plasticity. 35 male rats were randomly assigned to five groups: Control, p-CA (100 mg/kg), PbAc (30 mg/kg), PbAc + p-CA (50 mg/kg), and PbAc + p-CA (100 mg/kg). Treatments were administered o",https://pubmed.ncbi.nlm.nih.gov/42552489/,PubMed
miR-203 improves pressure overload-induced heart failure by targeting the IGFBP5/PI3K/AKT axis.,"Tang Ping-Ping, Xu Run, Wang Song",Acta pharmacologica Sinica,2026-08-05,"Heart failure (HF) represents the final stage of cardiovascular disease progression, characterized by high morbidity and mortality. Pressure overload in HF activates the PI3K/AKT pathway, and prolonged activation leads to pathological cardiac hypertrophy. However, the mechanism underlying sustained PI3K/AKT activation in pressure overload-induced HF remains unclear. In this study, we demonstrate t",https://pubmed.ncbi.nlm.nih.gov/42552463/,PubMed
Exonisation of an Alu element in the 3'-UTR contributes to SRD5A2 deficiency.,"Werner Ralf, Basina Anna, Künstner Axel",Scientific reports,2026-08-05,"Steroid 5α-reductase deficiency is a rare autosomal recessive condition caused by mutations in the SRD5A2 gene that leads to a severe virilisation deficit of the external genitalia in individuals with a 46,XY karyotype. Here we report an adult 46,XY person with clinically confirmed steroid 5α-reductase deficiency. Sanger sequencing revealed a compound heterozygous, maternal, pathogenic c.692A > G;",https://pubmed.ncbi.nlm.nih.gov/42552333/,PubMed
Tubular epithelial cells promote macrophage pyroptosis through PANX1-extracellular ATP-P2X7 signaling in aldosterone-dependent renal injury.,"Wang Chongjian, Ma Hongkun, Xu Jing",Cell death & disease,2026-08-05,"Tubular epithelial cell (TEC)-macrophage crosstalk contributes to aldosterone (Aldo)-dependent renal fibrosis in hypertension. Extracellular ATP (eATP) can act as a mediator of TEC-macrophage crosstalk. However, whether and how eATP functions in Aldo-induced renal injury remain unknown. A deoxycorticosterone acetate (DOCA)-salt-induced hypertensive mouse model and a primary mouse renal tubular epi",https://pubmed.ncbi.nlm.nih.gov/42552307/,PubMed
Human growth plates house resting zone sub-populations with features of quiescent stem cells.,"Avijgan Mahtab, López-Pérez Ana R, Galicia Leire Alonso",Bone research,2026-08-05,"Maintaining postnatal bone growth is crucial for humans to reach their final height. To determine transcriptional networks coordinating this process, we applied spatially resolved transcriptomics to growth plate biopsies obtained from healthy adolescents who underwent epiphysiodesis surgery for idiopathic tall stature. Spatial profiling revealed new markers for each zone of the human growth plate ",https://pubmed.ncbi.nlm.nih.gov/42552306/,PubMed
Clinical Utility of Molecular Testing in Ameloblastoma: A Systematic Review with Functional Meta-synthesis and Exploratory Meta-analysis.,"Ardila Carlos M, Pineda-Vélez Eliana, Díaz-Laclaustra Alejandro I",Head and neck pathology,2026-08-05,"This systematic review with functional meta-synthesis and exploratory meta-analysis evaluated the clinical utility of molecular testing in ameloblastoma, focusing on diagnostic, genotype-phenotype, prognostic, liquid-biopsy, and precision-therapy implications. PubMed/MEDLINE, Scopus, and Embase were searched from inception to April 2026. Eligible studies were full original articles evaluating dire",https://pubmed.ncbi.nlm.nih.gov/42552286/,PubMed
"Retraction notice to ""mRNA expression profile and prognostic values of the CDHR family genes in lung adenocarcinoma"" [Int. J. Biol. Macromol. 281 (2024) 136642].","Wang Hong, Zhang Shuai, Yuan Xi",International journal of biological macromolecules,2026-08-05,,https://pubmed.ncbi.nlm.nih.gov/42552206/,PubMed
Retrospective assessment of TCF12 expression in early invasive breast cancer and ovarian cancer: prognostic implications and biological insights.,"Polchai Nuanphan, Ndeke Denys, Alshammari Khalid",Pathology,2026-08-05,"Transcription factor 12 (TCF12) is a basic helix-loop-helix transcription factor implicated in tissue differentiation and pathogenesis in many types of cancer. Its role in breast and ovarian cancer remains poorly understood. TCF12 protein expression was assessed by immunohistochemistry in 1,514 primary breast tumours and 423 ovarian tumours. TCF12 mRNA expression was analysed in the Molecular Taxo",https://pubmed.ncbi.nlm.nih.gov/42552187/,PubMed
Identification of the Novel HLA-C*04:03:01:07 Allele in a North Indian Individual From a Yadav Family.,"Tambe Manisha, Das Doli, Firfire Alfiya",HLA,2026-08-05,The novel HLA-C*04:03:01:07 allele differs from HLA-C*04:03:01:01 at position gDNA 175 (G > C) in intron 1.,https://pubmed.ncbi.nlm.nih.gov/42552105/,PubMed
Bruno 1 remodels P-bodies to protect select mRNAs during the early ER stress response.,"Milano Samantha N, Bayer Livia V, Ko Julie J",Life science alliance,2026-08-05,"P-bodies are cytoplasmic membraneless organelles involved in mRNA storage, yet their role in cellular stress responses remains unresolved. Here, we demonstrate that P-bodies are remodeled during the early response to ER stress throughout ",https://pubmed.ncbi.nlm.nih.gov/42552091/,PubMed
An antisense antidote to oncogenic poison exons.,"Arvola René M, Singh Guramrit",Genes & development,2026-08-05,"Splicing factors are frequently mutated in myeloid cancers, causing splicing aberrations that derail the expression of tumor suppressor genes. In SRSF2 mutated cancers, a key oncogenic splicing event is the inclusion of a ""poison"" exon that introduces an early stop codon in ",https://pubmed.ncbi.nlm.nih.gov/42552079/,PubMed
Energy-efficient codon optimization on thermodynamic hardware,"Andraz Jelincic, Ross C. Walker",arXiv,2026-08-05,"The growing energy demand for computation is becoming increasingly unsustainable. Thermodynamic computing, which harnesses physical thermal fluctuations as a computational resource rather than suppressing them, offers orders-of-magnitude energy savings for probabilistic and combinatorial tasks. Pharmaceutical R&D, heavily reliant on computational optimization and sampling, is a natural application",http://arxiv.org/abs/2606.17327v1,arXiv
mRNAutilus: Multi-Objective-Guided Discrete Generation of mRNA with Optimized Therapeutic Properties,"Sawan Patel, Sophia Tang, Yesol Kim",arXiv,2026-08-05,"Therapeutic mRNA design requires coordinating multiple interacting sequence features across the full transcript, where codon usage, untranslated regions (UTRs), and their coupling jointly determine stability, translation efficiency, and protein expression. Here, we present mRNA generation via unrolled trajectories and informed latent updates (mRNAutilus), a framework for simultaneous codon optimiz",http://arxiv.org/abs/2605.31296v1,arXiv
Sampling-based Continuous Optimization for Messenger RNA Design,"Feipeng Yue, Ning Dai, Wei Yu Tang",arXiv,2026-08-05,"Designing messenger RNA (mRNA) sequences for a fixed target protein requires searching an exponentially large synonymous space while optimizing properties that affect stability and downstream performance. This is challenging because practical mRNA design involves multiple coupled objectives beyond classical folding criteria, and different applications prefer different trade-offs. We propose a gene",http://arxiv.org/abs/2603.06559v1,arXiv
Drug-like antibodies with low immunogenicity in human panels designed with Latent-X2," Latent Labs Team, Henry Kenlay, Daniella Pretorius",arXiv,2026-08-05,"Drug discovery has long sought computational systems capable of designing drug-like molecules directly: developable and non-immunogenic from the start. Here we introduce Latent-X2, a frontier generative model that achieves this goal through zero-shot design of antibodies with strong binding affinities, drug-like properties, and, for the first time for any de novo generated antibody, confirmed low ",http://arxiv.org/abs/2512.20263v1,arXiv
"RNAGenScape: Property-Guided, Optimized Generation of mRNA Sequences with Manifold Langevin Dynamics","Danqi Liao, Chen Liu, Xingzhi Sun",arXiv,2026-08-05,"Generating property-optimized mRNA sequences is central to applications such as vaccine design and protein replacement therapy, but remains challenging due to limited data, complex sequence-function relationships, and the narrow space of biologically viable sequences. Generative methods that drift away from the data manifold can yield sequences that fail to fold, translate poorly, or are otherwise",http://arxiv.org/abs/2510.24736v3,arXiv
The proportional scaling of mRNA and ribosome concentrations controls eukaryotic cell growth,"Xin Gao, Michael Lanz, Rosslyn Grosely",arXiv,2026-08-05,"Cell growth underlies nearly all eukaryotic physiology, yet its quantitative principles remain unclear. Using single-molecule ribosome tracking, spike-in RNA sequencing, and quantitative proteomics across 15 nutrient-limited conditions in budding yeast, we define how growth is controlled in the budding yeast Saccharomyces cerevisiae. Ribosome concentration scales linearly with growth rate, while p",http://arxiv.org/abs/2508.14997v2,arXiv
mRNA Folding Algorithms for Structure and Codon Optimization,"Max Ward, Mary Richardson, Mihir Metkar",arXiv,2026-08-05,"mRNA technology has revolutionized vaccine development, protein replacement therapies, and cancer immunotherapies, offering rapid production and precise control over sequence and efficacy. However, the inherent instability of mRNA poses significant challenges for drug storage and distribution, particularly in resource-limited regions. Co-optimizing RNA structure and codon choice has emerged as a p",http://arxiv.org/abs/2503.19273v1,arXiv
Generative Model for Synthesizing Ionizable Lipids: A Monte Carlo Tree Search Approach,"Jingyi Zhao, Yuxuan Ou, Austin Tripp",arXiv,2026-08-05,"Ionizable lipids are essential in developing lipid nanoparticles (LNPs) for effective messenger RNA (mRNA) delivery. While traditional methods for designing new ionizable lipids are typically time-consuming, deep generative models have emerged as a powerful solution, significantly accelerating the molecular discovery process. However, a practical challenge arises as the molecular structures genera",http://arxiv.org/abs/2412.00807v1,arXiv
Machine learning framework to predict the performance of lipid nanoparticles for nucleic acid delivery,"Gaurav Kumar, Arezoo M. Ardekani",arXiv,2026-08-05,"Lipid nanoparticles (LNPs) are highly effective carriers for gene therapies, including mRNA and siRNA delivery, due to their ability to transport nucleic acids across biological membranes, low cytotoxicity, improved pharmacokinetics, and scalability. A typical approach to formulate LNPs is to establish a quantitative structure-activity relationship (QSAR) between their compositions and in vitro/in",http://arxiv.org/abs/2411.14293v1,arXiv
Joint Design of 5' Untranslated Region and Coding Sequence of mRNA,"Yang Liu, Jie Gao, Xiaonan Zhang",arXiv,2026-08-05,"Messenger RNA (mRNA) vaccines and therapeutics are emerging as powerful tools against a variety of diseases, including infectious diseases and cancer. The design of mRNA molecules, particularly the untranslated region (UTR) and coding sequence (CDS) is crucial for optimizing translation efficiency and stability. Current design approaches generally focus solely on either the 5' UTR or the CDS, whic",http://arxiv.org/abs/2410.20781v1,arXiv
Bacterial stress granule protects mRNA through ribonucleases exclusion,"Linsen Pei, Yujia Xian, Xiaodan Yan",arXiv,2026-08-05,"Membraneless droplets formed through liquid-liquid phase separation (LLPS) play a crucial role in mRNA storage, enabling organisms to swiftly respond to environmental changes. However, the mechanisms underlying mRNA integration and protection within droplets remain unclear. Here, we unravel the role of bacterial aggresomes as stress granules (SGs) in safeguarding mRNA during stress. We discovered ",http://arxiv.org/abs/2404.17873v2,arXiv
"Hypolipidemic effect of brown seaweed (Sargassum crassifolium) extract in vivo (Study of histopathology, mRNA expression, and immunohistochemistry (IHC) with VCAM-1, ICAM-1, and MCP-1 parameters)","Sarah Zaidan, Syamsudin Abdillah, Nur Arfian",arXiv,2026-08-05,The purpose of this study was to obtain natural drugs from brown seaweed (Sargassum crassifolium) as antiatherosclerosis candidates through the study of hypolipidemic mechanisms of action. Modeling of dyslipidemia rats was carried out by feeding high-fat (HFF) and doses of crude fucoidan 100. 200. 400mg / KgBB. in both treatments measured blood lipid profile levels taken from the orbital sinuses. ,http://arxiv.org/abs/2402.07497v1,arXiv
Machine Learning Modeling Of SiRNA Structure-Potency Relationship With Applications Against Sars-Cov-2 Spike Gene,Damilola Oshunyinka,arXiv,2026-08-05,"The pharmaceutical Research and development (R&D) process is lengthy and costly, taking nearly a decade to bring a new drug to the market. However, advancements in biotechnology, computational methods, and machine learning algorithms have the potential to revolutionize drug discovery, speeding up the process and improving patient outcomes. The COVID-19 pandemic has further accelerated and deepened",http://arxiv.org/abs/2401.12232v1,arXiv
Messenger RNA Design via Expected Partition Function and Continuous Optimization,"Ning Dai, Wei Yu Tang, Tianshuo Zhou",arXiv,2026-08-05,"The tasks of designing RNAs are discrete optimization problems, and several versions of these problems are NP-hard. As an alternative to commonly used local search methods, we formulate these problems as continuous optimization and develop a general framework for this optimization based on a generalization of classical partition function which we call ""expected partition function"". The basic idea ",http://arxiv.org/abs/2401.00037v2,arXiv
Machine Learning-guided Lipid Nanoparticle Design for mRNA Delivery,"Daisy Yi Ding, Yuhui Zhang, Yuan Jia",arXiv,2026-08-05,"While RNA technologies hold immense therapeutic potential in a range of applications from vaccination to gene editing, the broad implementation of these technologies is hindered by the challenge of delivering these agents effectively. Lipid nanoparticles have emerged as one of the most widely used delivery agents, but their design optimization relies on laborious and costly experimental methods. W",http://arxiv.org/abs/2308.01402v2,arXiv
Corrected Hill Function in Stochastic Gene Regulatory Networks,"Manuel Eduardo Hernández-García, Jorge Velázquez-Castro",arXiv,2026-08-05,"Describing reaction rates in stochastic bio-circuits is commonly done by directly introducing the deterministically deduced Hill function into the master equation. However, when fluctuations in enzymatic reaction rates are not neglectable, the Hill function must be derived, considering all the involved stochastic reactions. In this work, we derived the stochastic version of the Hill function from ",http://arxiv.org/abs/2307.03057v4,arXiv
Stochastic dynamics and ribosome-RNAP interactions in Transcription-Translation Coupling,"Xiangting Li, Tom Chou",arXiv,2026-08-05,"Under certain cellular conditions, transcription and mRNA translation in prokaryotes appear to be ""coupled,"" in which the formation of mRNA transcript and production of its associated protein are temporally correlated. Such transcription-translation coupling (TTC) has been evoked as a mechanism that speeds up the overall process, provides protection during the transcription, and/or regulates the t",http://arxiv.org/abs/2207.04568v1,arXiv
Coronavirus RNA Sensor Using Single-Stranded DNA Bonded to Sub-Percolated Gold Films on Monolayer Graphene Field-Effect Transistors,"Nicholas E. Fuhr, Mohamed Azize, David J. Bishop",arXiv,2026-08-05,"Electrical detection of messenger ribonucleic acid (mRNA) is a promising approach to enhancing transcriptomics and disease diagnostics because of its sensitivity, rapidity, and modularity. Reported here is a fast SARS-CoV-2 mRNA biosensor (<1 minute) with a limit of detection of 1 aM, and dynamic range of 4 orders of magnitude and a linear sensitivity of 22 mV per molar decade. These figures of me",http://arxiv.org/abs/2205.05143v1,arXiv
Deep learning models for predicting RNA degradation via dual crowdsourcing,"Hannah K. Wayment-Steele, Wipapat Kladwang, Andrew M. Watkins",arXiv,2026-08-05,"Messenger RNA-based medicines hold immense potential, as evidenced by their rapid deployment as COVID-19 vaccines. However, worldwide distribution of mRNA molecules has been limited by their thermostability, which is fundamentally limited by the intrinsic instability of RNA molecules to a chemical degradation reaction called in-line hydrolysis. Predicting the degradation of an RNA molecule is a ke",http://arxiv.org/abs/2110.07531v2,arXiv
Coagulapathies after vaccination against SARS-CoV-2 may be derived from a combination effect of SARS-CoV-2 spike protein and adenovirus vector-triggered signaling pathways,Ralf Kircheis,arXiv,2026-08-05,"The novel coronavirus SARS-CoV-2 has resulted in a global pandemic with worldwide 6-digital infection rates and thousands death tolls daily. Enormeous effords are undertaken to achieve high coverage of immunization in order to reach herd immunity to stop spreading of SARS-CoV-2 infection. Several SARS-CoV-2 vaccines, based either on mRNA, viral vectors, or inactivated SARS-CoV-2 virus have been ap",http://arxiv.org/abs/2109.00089v1,arXiv
CRISPR-Cas Systems as Precision Antimicrobials: Reversing the Tide of Antimicrobial Resistance.,"Khosrojerdi Mahsa, Hashemi Seyed Ahmad, Besharati Reza",Virus research,2026-08-05,"Antimicrobial resistance (AMR) has escalated into a global health crisis, with resistant pathogens causing over 1.2 million direct deaths annually and threatening to render modern medicine unsustainable. This review provides a comprehensive and updated synthesis of CRISPR-Cas-based antimicrobial strategies with a unique focus on: (i) critical comparison with conventional antibiotics and emerging a",https://pubmed.ncbi.nlm.nih.gov/42551559/,PubMed
tRNA-derived fragment tRF-17-8SPOL52 induces resistance to bortezomib in multiple myeloma via autophagy activation.,"Fu Yunfeng, Qiao Zhenrong, Xiao Yulian",Biochimica et biophysica acta. Molecular basis of disease,2026-08-05,"Drug resistance limits the long-term survival of patients with multiple myeloma. The role of tRNA-derived fragments (tsRNAs) in bortezomib resistance in myeloma remains unknown. In this study, the most significantly upregulated tsRNA in relapsed/refractory myeloma was screened. RNA interference was used to explore the function of this tsRNA. The mechanism of the tsRNA-mediated resistance was explo",https://pubmed.ncbi.nlm.nih.gov/42551544/,PubMed
"Genome-wide association studies revealed association between LePC4 gene and crude protein content in shiitake mushroom, Lentinula edodes.","Xu Chenjie, Zheng Wei, Huang Tianji",World journal of microbiology & biotechnology,2026-08-05,"Lentinula edodes, the most widely cultivated edible mushroom worldwide, is of considerable significance for nutritional health and commercial applications owing to its relatively high crude protein content (CPC). However, the genetic mechanisms underlying the regulation of CPC in edible mushrooms remain poorly understood. In this study, genome-wide association studies (GWAS) identified twenty sing",https://pubmed.ncbi.nlm.nih.gov/42550403/,PubMed
A matrix-adapted RNA extraction strategy for targeted RT-qPCR analysis of periodontal ligament fibroblasts cultured on human amniotic membrane scaffolds.,"Humayara Feiroz, Taib Haslina, Berahim Zurairah",Regenerative therapy,2026-08-05,"Human amniotic membrane (HAM) is a promising scaffold for periodontal tissue engineering, supporting favorable cellular responses of human periodontal ligament fibroblasts (HPDLFs). However, molecular characterization of cells cultured on HAM is frequently hindered by extracellular matrix-derived contaminants, leading to poor RNA yield and compromised purity that limit downstream gene expression a",https://pubmed.ncbi.nlm.nih.gov/42548905/,PubMed
The MagMa Study: Quantum Magnetocardiography in Cardiomyopathy.,"Suwalski Phillip, Wilke Finn, Latinova Ekaterina",JACC. Heart failure,2026-08-05,Rapid diagnostic screening is an unmet need in patients with suspected cardiomyopathy (CM). The authors recently demonstrated in a retrospective study that magnetocardiography (MCG) may be a suitable tool to detect CM. This study aims to prospectively evaluate the accuracy of MCG as a screening tool in patients with suspected CM. MCG uses a superconducting quantum interference device to detect the,https://pubmed.ncbi.nlm.nih.gov/42547165/,PubMed
Gene regulatory network approach to decipher key transcriptional dynamics driving differentiation of induced pluripotent stem cells to neural lineage.,"Gupta Ayushi, Singh Sangeeta",Computational biology and chemistry,2026-08-05,"Stem cell based approaches are increasingly studied as models for understanding neurodegenerative diseases. Despite progress, a unified mechanistic understanding of human iPSCs to neural commitment remains incomplete, due to variability in methodologies and experimental conditions, highlighting the need for a more standardized mechanistic framework. This study investigates the transcriptional land",https://pubmed.ncbi.nlm.nih.gov/42546633/,PubMed
4'-ThioRNA Substitution and Sense-Strand Segmentation for the Design of Functional Fully Modified siRNAs Targeting SARS-CoV-2.,"Nogi Yuhei, Tsukimoto Jun, Saito-Tarashima Noriko","Chemistry (Weinheim an der Bergstrasse, Germany)",2026-08-05,"Chemically modified small interfering RNAs (siRNAs) are proving to be highly effective as therapeutic agents, but the extent and positioning of chemical modifications must be carefully tuned because the RNA interference (RNAi) machinery imposes intrinsic constraints on siRNA architecture. Here, using a SARS-CoV-2-targeting siRNA as a model, we have systematically investigated the positional and ex",https://pubmed.ncbi.nlm.nih.gov/42544823/,PubMed
Clinical outcomes with vutrisiran in transthyretin amyloidosis: a systematic review and meta-analysis of randomized trials.,"Ahmed Faizan, Haider Faseeh, Zulfiqar Ayesha",Global cardiology science & practice,2026-08-05,,https://pubmed.ncbi.nlm.nih.gov/42544292/,PubMed
siRNA-Based Nanodrug Delivery Systems in the Treatment of Autoimmune Diseases.,"Liu Yi, Feng Zhihui, Zhang Biao",Journal of immunology research,2026-08-05,"Autoimmune diseases are chronic disorders with complex pathogenesis. Immune homeostasis disruption is closely associated with disease initiation and progression. Despite extensive research, the precise mechanisms underlying these diseases remain elusive. Conventional therapeutic approaches for autoimmune diseases primarily involve the administration of immunosuppressants, glucocorticoids, and mono",https://pubmed.ncbi.nlm.nih.gov/42543919/,PubMed
[Mechanism of total flavonoids from Smilacis Glabrae Rhizoma against obesity-associated colorectal cancer via regulation of fatty acid oxidation].,"Xu Jian-Qin, Cai Zhao-Wei, Pang Zi-Yao",Zhongguo Zhong yao za zhi = Zhongguo zhongyao zazhi = China journal of Chinese materia medica,2026-08-05,"This study aimed to investigate the mechanism of total flavonoids from Smilacis Glabrae Rhizoma(SGF) against obesity-associated colorectal cancer(CRC) via regulation of fatty acid oxidation(FAO). In vivo, syngeneic subcutaneous and orthotopic xenograft models of CRC cells MC38 were established in obese mice induced by high fat diet(HFD), which was followed by the administration with SGF. The tumor",https://pubmed.ncbi.nlm.nih.gov/42543372/,PubMed
Structure and functional analysis of two insulin superfamily members in the Pacific white shrimp Litopenaeus vannamei.,"Liu Peiling, Zhang Xiaojun, Yuan Jianbo",Biochemical and biophysical research communications,2026-08-05,"The insulin superfamily constitutes a phylogenetically conserved hormonal system that critically regulates growth, metabolism, and reproduction in Metazoa. However, the functional diversification and the architecture of its regulatory networks of this superfamily remains poorly characterized in crustaceans. Here, we identify and characterize two little-studied insulin superfamily genes in the Paci",https://pubmed.ncbi.nlm.nih.gov/42543057/,PubMed
LncRNA6470/ace-miR-750-y axis modulates ,"Fan Xiaoxue, Zhang Kaiyao, Yang Yunzhen",Virulence,2026-08-05,"Chalkbrood, a destructive larval disease caused by the fungal pathogen ",https://pubmed.ncbi.nlm.nih.gov/42543037/,PubMed
Evolution of peptide-mediated siRNA delivery - from early design to next generation platform.,"Chow Michael Y T, Lam Jenny K W","Nanomedicine (London, England)",2026-08-05,"Small interfering RNA (siRNA) therapeutics has huge potential for treating many diseases, including those incurable or undruggable by small molecules or antibodies, by harnessing RNA interference (RNAi) to achieve specific silencing of disease-associated genes. To date, all approved siRNA drugs are limited to liver targeting, largely due to delivery challenges. The two siRNA delivery platforms use",https://pubmed.ncbi.nlm.nih.gov/42541443/,PubMed
Ultrasonic-activated La,"Duan Bingbing, Zhang Kexin, Zhao Tao",Fundamental research,2026-08-05,"A promising strategy for improving calcium-based therapy efficacy involves precisely circumventing off-target toxicity, directly intensifying calcium storm, amplifying immune responses, and minimizing hypercalcemia risk. Inspired by the unique lanthanide contraction and the profound (≈15,000-fold) extracellular-to-intracellular Ca",https://pubmed.ncbi.nlm.nih.gov/42539898/,PubMed
An Optimized Workflow for ,"Wang Xin, Trypsteen Wim, Anckaert Jasper",The CRISPR journal,2026-08-05,CRISPR interference (CRISPRi) often uses single guide RNAs (sgRNAs) generated by ,https://pubmed.ncbi.nlm.nih.gov/42538871/,PubMed
Epigenetic Mechanisms of Pulmonary Toxicity Induced by Nanomaterials.,"Han Yutong, Zhang Jiahao, Zhang Dan",Journal of applied toxicology : JAT,2026-08-05,"The widespread application of nanomaterials raises increasing concerns about their inhalation-induced pulmonary toxicity. Emerging evidence highlights that epigenetic regulation plays a critical role in mediating these effects. This review synthesizes key epigenetic mechanisms involved, including DNA methylation, histone acetylation, and noncoding RNA regulation. Nanomaterials induce bidirectional",https://pubmed.ncbi.nlm.nih.gov/42538766/,PubMed
Role of GPCR41 silencing in conjugated linoleic acid-induced adipogenesis of bovine intramuscular preadipocytes.,"Wan Rong, Zhang Chuanfang, Meng Qingxiang",In vitro cellular & developmental biology. Animal,2026-08-05,"The present study examined the impact of conjugated linoleic acid (CLA) on the differentiation and proliferation of bovine intramuscular preadipocyte (BIP) cells, specifically exploring the role of G protein-coupled receptor 41 (GPCR41). Cells were exposed to CLA at various concentrations ranging from 50 to 150 μmol/L. Flow cytometry revealed that treatment with 100 μmol/L CLA led to a significant",https://pubmed.ncbi.nlm.nih.gov/42538491/,PubMed
Maternal juvenile hormone transfer is associated with diapause fate determination in the parasitoid wasp Nasonia vitripennis.,"Mukai Ayumu, Ikeda Suguru, Shimizu Yuta",Journal of insect physiology,2026-08-05,"Insects inhabiting temperate regions use photoperiodic cues to predict seasonal changes and regulate diapause. In some species, maternal photoperiodic experience determines offspring diapause fate. However, the physiological mechanisms underlying transgenerational transmission of seasonal information remain poorly understood. In the parasitoid jewel wasp Nasonia vitripennis, females exposed to lon",https://pubmed.ncbi.nlm.nih.gov/42537981/,PubMed
Development of green nematicides targeting a repressor of gonad mitosis in Bursaphelenchus xylophilus.,"Hu Wenxin, Su Miao, Shao Hudie",Gene,2026-08-05,"Bursaphelenchus xylophilus is a worldwide quarantine pest that causes serious damage to the ecological security of pine trees worldwide. However, the mechanisms involved in mitosis and gamete formation of B. xylophilus have not been reported. The expression of Bxy-fbf was determined by qRT-PCR and in situ hybridization. RNA interference technology is used to elucidate the biological function of Bx",https://pubmed.ncbi.nlm.nih.gov/42537887/,PubMed
Genome-wide identification and characterization of ABC transporters and their expression in response to saline-alkaline stress and WSSV infection in Fenneropenaeus chinensis.,"Li Zhaoxia, Jia Chuanshi, Li Yalun",Fish & shellfish immunology,2026-08-05,"ATP-binding cassette (ABC) transporters play crucial roles in stress responses across organisms, yet their functions in Fenneropenaeus chinensis remain largely unknown. In this study, we identified 42 FcABC genes (FcABCs) in the F. chinensis genome and analyzed their phylogenetic relationships, gene structures, and chromosomal distributions. Phylogenetic analysis grouped the FcABCs into eight subf",https://pubmed.ncbi.nlm.nih.gov/42537827/,PubMed
Evolutionary Curriculum Learning Improves Biological Sequence Modeling,"Richard Zhu, Kento Nishi",arXiv,2026-08-05,"Variational autoencoders (VAEs) trained on multiple sequence alignments (MSAs) have emerged as powerful generative models for biological sequences, with applications ranging from disease variant prediction to functional RNA design. However, standard biological VAE training treats all sequences as exchangeable, ignoring the rich evolutionary structure that organizes homologous sequences from evolut",http://arxiv.org/abs/2608.00697v1,arXiv
Engineering T7 RNA Polymerase for High-Purity In Vitro Transcription,"Pauline Hermans, Youlia Serikova, José Castillo",arXiv,2026-08-05,"In vitro transcription using bacteriophage T7 RNA polymerase (T7 RNAP) is the gold-standard platform for RNA production in both research and therapeutic applications. Despite its high processivity and promoter specificity, T7 RNAP generates multiple RNA by-products, including double-stranded RNA, 3'-extended transcripts, abortive RNAs, and prematurely terminated products. These impurities reduce R",http://arxiv.org/abs/2607.18468v1,arXiv
Enhanced sampling and cryo-EM data resolve magnesium binding to RNA,"Olivier Languin-Cattoën, Elisa Posani, Giovanni Bussi",arXiv,2026-08-05,"Magnesium ions are essential for RNA structure but difficult to model due to slow binding kinetics and experimental limitations. We present an enhanced-sampling strategy that accelerates Mg$^{2+}$ inner-shell binding by orders of magnitude, enabling quantitative exploration of ion-binding motifs in a large ribozyme. The method combines a barrier-flattening bias with Hamiltonian replica exchange to",http://arxiv.org/abs/2607.07186v1,arXiv
Bayesian Sampling of Structural Ensembles: The Role of Ensemble-Counting Measures,"Ivan Gilardoni, Giovanni Bussi",arXiv,2026-08-05,"Structural ensemble refinement is widely used to integrate molecular simulations with experimental measurements. While most applications focus on the maximum-a-posteriori (MAP) ensemble, Bayesian sampling of the posterior distribution can provide uncertainty estimates and posterior averages for arbitrary observables. A notable step in this direction was introduced by the Bayesian Energy Landscape ",http://arxiv.org/abs/2606.18495v1,arXiv
MultiMolecule: a modular ecosystem for biomolecular sequence-model workflows,Zhiyuan Chen,arXiv,2026-08-05,"Biomolecular sequence models are increasingly reused outside the studies in which they were introduced, but public checkpoints rarely preserve the execution context needed to inspect source-defined behavior, adapt models to new assays, compare models under shared task definitions or deploy biological predictions. MultiMolecule is an open-source Python ecosystem that turns heterogeneous RNA, DNA an",http://arxiv.org/abs/2606.16540v1,arXiv
The Montparnasse Algorithm for RNA Design,Tristan Cazenave,arXiv,2026-08-05,"RNA design consists of discovering a nucleotide sequence that optimizes predefined criteria, such as secondary structure. It is useful for synthetic biology, medicine, and nanotechnology. We propose Montparnasse, a Monte Carlo search framework based on Generalized Nested Rollout Policy Adaptation, augmented with a problem-specific prior, slow and long adaptation at level 1, and a lexicographic mul",http://arxiv.org/abs/2606.07562v1,arXiv
Multimodal Alignment and Preference Optimization for Zero-Shot Conditional RNA Generation,"Roman Klypa, Alberto Bietti, Sergei Grudinin",arXiv,2026-08-05,"The design of RNA molecules that interact with specific proteins is a critical challenge in experimental and computational biology. Despite recent progress in natural language modeling and deep learning-based protein design, there remains significant room to improve the frequency of successful interactions and the authenticity of generated sequences for functional applications. In this work, we fr",http://arxiv.org/abs/2605.23961v1,arXiv
"GoForth: Language Models for RNA Design under Structure, Sequence, and Coding Constraints",Michael Lindsey,arXiv,2026-08-05,"RNA inverse sequence design has broad biological and engineering applications, but computational methods for practical design queries remain limited. Such queries may impose several constraints at once, including target folds or motifs, fixed bases, and coding restrictions, while leaving arbitrary sequence and structure in unspecified regions. Because these constraints may permit many acceptable s",http://arxiv.org/abs/2605.07608v1,arXiv
Bayesian Rate Inference for Sequence Motif Dynamics in Systems of Reactive Nucleic Acids,"Johannes Harth-Kitzerow, Ulrich Gerland, Torsten A. Enßlin",arXiv,2026-08-05,"The RNA world hypothesis suggests a pathway of how life emerged on early earth. It assumes that life started with RNA based systems, capable of storing, transmitting and replicating information, envisioning that monomers and short RNA oligomers interact to form longer strands, eventually becoming catalytically active ribozymes. Key reactions in RNA pools are hybridization, dehybridization, templat",http://arxiv.org/abs/2604.25701v2,arXiv
VARIANT: Web Server for Decoding and Analyzing Viral Mutations at Genome and Protein Levels,"Rui Wang, Xuhang Dai, Xin Cao",arXiv,2026-08-05,"A comprehensive analysis of viral mutations is essential for understanding viral evolution, disease epidemiology, diagnosis, drug resistance, etc. However, challenges remain in capturing complex mutation patterns and supporting diverse viral families with varying genome architectures. To address these needs, we present VARIANT, an web server for mutational analysis of RNA viral genomes and associa",http://arxiv.org/abs/2604.20942v1,arXiv
Interfacial Potential Transduction for Diagnostics,"Hyun-June Jang, Peuli Nath, Yuqin Wang",arXiv,2026-08-05,"A major barrier to decentralized, near-patient diagnostics is the lack of a signal transduction modality that is both analytically precise and accessible at the point of care. Optical readouts remain instrument-dependent and difficult to miniaturize, while compact electrochemical readouts are prone to matrix-derived signal distortion, limiting their biomarker coverage in real clinical settings. He",http://arxiv.org/abs/2603.23775v1,arXiv
ZeroFold: Protein-RNA Binding Affinity Predictions from Pre-Structural Embeddings,"Josef Hanke, Sebastian Pujalte Ojeda, Shengyu Zhang",arXiv,2026-08-05,"The accurate prediction of protein-RNA binding affinity remains an unsolved problem in structural biology, limiting opportunities in understanding gene regulation and designing RNA-targeting therapeutics. A central obstacle is the structural flexibility of RNA, as, unlike proteins, RNA molecules exist as dynamic conformational ensembles. Thus, committing to a single predicted structure discards in",http://arxiv.org/abs/2603.23583v1,arXiv
Computational modeling of RNA-protein binding interactions under an external force,"Danielle Wampler, Ralf Bundschuh",arXiv,2026-08-05,"RNA binding proteins play a crucial role in post-transcriptional gene regulation by controlling the transport, processing, and translation of their target RNAs. Post-transcriptional gene regulation leads to the differential expression of genetic material and loss of regulation or over-regulation relates to a large range of cancers and diseases - many of which have directly been associated with RNA",http://arxiv.org/abs/2603.22269v1,arXiv
Fair splits flip the leaderboard: CHANRG reveals limited generalization in RNA secondary-structure prediction,"Zhiyuan Chen, Zhenfeng Deng, Pan Deng",arXiv,2026-08-05,"Accurate prediction of RNA secondary structure underpins transcriptome annotation, mechanistic analysis of non-coding RNAs, and RNA therapeutic design. Recent gains from deep learning and RNA foundation models are difficult to interpret because current benchmarks may overestimate generalization across RNA families. We present the Comprehensive Hierarchical Annotation of Non-coding RNA Groups (CHAN",http://arxiv.org/abs/2603.22330v1,arXiv
Reverse Distillation: Consistently Scaling Protein Language Model Representations,"Darius Catrina, Christian Bepler, Samuel Sledzieski",arXiv,2026-08-05,"Unlike the predictable scaling laws in natural language processing and computer vision, protein language models (PLMs) scale poorly: for many tasks, models within the same family plateau or even decrease in performance, with mid-sized models often outperforming the largest in the family. We introduce Reverse Distillation, a principled framework that decomposes large PLM representations into orthog",http://arxiv.org/abs/2603.07710v1,arXiv
Fast and Versatile RNA Design via Motif-level Divide-and-Conquer and Structure-level Rival Search,"Tianshuo Zhou, David H. Mathews, Liang Huang",arXiv,2026-08-05,"RNA design aims to identify RNA sequences that fold into a target secondary structure. This task is challenging in terms of computational efficiency. Most existing methods focus on either minimum free energy (MFE)-based or ensemble-based metrics, leaving a gap for a unified approach that performs well across both. We introduce a fast and versatile RNA design algorithm inspired by our previous work",http://arxiv.org/abs/2603.02283v1,arXiv
CryoNet.Refine: A One-step Diffusion Model for Rapid Refinement of Structural Models with Cryo-EM Density Map Restraints,"Fuyao Huang, Xiaozhu Yu, Kui Xu",arXiv,2026-08-05,"High-resolution structure determination by cryo-electron microscopy (cryo-EM) requires the accurate fitting of an atomic model into an experimental density map. Traditional refinement pipelines such as Phenix.real_space_refine and Rosetta are computationally expensive, demand extensive manual tuning, and present a significant bottleneck for researchers. We present CryoNet.Refine, an end-to-end dee",http://arxiv.org/abs/2602.22263v2,arXiv
CPTCs Drive Somatic-Visceral Communication via the Wnt Axis in Somatic Mechanotherapy: A Single-Cell Deep Learning Study,"Haixiang Huang, Zhenwei Zhang, BingBing Shen",arXiv,2026-08-05,"Somatic mechanical stimulation (e.g., acupuncture) exerts systemic immunomodulatory effects, yet the cellular bridge translating peripheral physical force into visceral repair remains elusive. Here, employing a custom interpretable deep learning framework (CARSS) on single-cell RNA sequencing data, we identify CD34$^{+}$PDGFR$α$$^{+}$ telocytes (CPTCs) as the primary mechanosensors in both fascia ",http://arxiv.org/abs/2602.05451v2,arXiv
Tensor-DTI: Enhancing Biomolecular Interaction Prediction with Contrastive Embedding Learning,"Manel Gil-Sorribes, Júlia Vilalta-Mor, Isaac Filella-Mercè",arXiv,2026-08-05,"Accurate drug-target interaction (DTI) prediction is essential for computational drug discovery, yet existing models often rely on single-modality predefined molecular descriptors or sequence-based embeddings with limited representativeness. We propose Tensor-DTI, a contrastive learning framework that integrates multimodal embeddings from molecular graphs, protein language models, and binding-site",http://arxiv.org/abs/2601.05792v1,arXiv
Liquid Biopsy in Head and Neck Squamous Cell Carcinoma: A Systematic Review of the Scientific Literature.,"Briaunys Milan Tabata, Garcia Pereira Cailaine, Pereira de Souza Rafael",DNA and cell biology,2026-08-05,"Head and neck squamous cell carcinoma (HNSCC) presents a significant global health challenge, characterized by late-stage diagnosis and high rates of locoregional recurrence. Traditional tissue biopsy, while considered the gold standard, is invasive and often fails to capture the spatial and temporal heterogeneity of the tumor. Liquid biopsy has emerged as a transformative, noninvasive paradigm fo",https://pubmed.ncbi.nlm.nih.gov/42554082/,PubMed
Epigenetics in anesthesiology: an overview and clinical relevance.,Byon Hyo-Jin,Anesthesia and pain medicine,2026-08-05,"Epigenetics, the study of heritable changes in gene expression that occur without altering the underlying DNA sequence, has emerged as an important conceptual framework for anesthesiology. The epigenome is organized into three mechanistic tiers: cytosine methylation in DNA, chemical modification of histone proteins, and gene regulation by non-coding RNA molecules. Unlike a relatively stable genome",https://pubmed.ncbi.nlm.nih.gov/42552889/,PubMed
"LncRNA-XIST Competitively Binds to MicroRNA-532-5p to Regulate PTEN Expression, Exacerbating Cerebral Ischemia-Reperfusion Injury.","Lu Xudong, Chen Luhan, Qian Liqi",Advanced biology,2026-08-05,"Cerebral ischemia-reperfusion injury (CIRI) is a severe neurological condition. LncRNA-XIST is closely associated with CIRI; however, its underlying mechanism remains unclear. A middle cerebral artery occlusion/reperfusion (MCAO/R) rat model and an oxygen-glucose deprivation/reoxygenation (OGD/R) model in neuroblastoma cells (SH-SY5Y) were established. The expression of lncRNA-XIST, microRNA-532-5",https://pubmed.ncbi.nlm.nih.gov/42552598/,PubMed
Long non-coding RNA H19 affects the inflammatory response in radiation-induced intestinal injury through miR-130b-3p.,"Lu Qianying, Liang Yangfan, Tian Sijia",International journal of biological macromolecules,2026-08-05,"Radiation-induced intestinal injury (RIII) is a common complication of abdominal and pelvic radiotherapy, and remains a major clinical challenge due to the lack of effective therapeutic interventions. Although long non-coding RNAs (lncRNAs) are recognized as critical regulators of intestinal pathophysiology, their specific involvement in RIII pathogenesis remains unexplored. In this study, we esta",https://pubmed.ncbi.nlm.nih.gov/42551671/,PubMed
ceRNA network of lncRNAs and mRNAs in OSF-to-OSCC progression: Diagnostic biomarkers and functional pathways.,"M G Saraswathy, Mondal Rosy",Computational biology and chemistry,2026-08-05,"Oral submucous fibrosis (OSF) is a chronic potentially malignant disorder that can progress to oral squamous cell carcinoma (OSCC). Although dysregulated non-coding RNAs have been implicated in oral carcinogenesis, the competing endogenous RNA (ceRNA)-mediated regulatory mechanisms underlying OSF-to-OSCC progression remain poorly understood. This study aimed to identify candidate regulatory molecu",https://pubmed.ncbi.nlm.nih.gov/42551193/,PubMed
AC137932.2 reinforces hypoxia-driven glycolytic remodeling in triple-negative breast cancer through an IGF2BP2/HIF-1α positive feedback loop.,"Lu Wenliang, Wang Wei, Chen Bo",Biochemical and biophysical research communications,2026-08-05,"Triple-negative breast cancer (TNBC) displays aggressive progression and pronounced hypoxia-driven metabolic remodeling. However, whether the long non-coding RNA AC137932.2 mechanistically links hypoxia signaling to glycolysis in TNBC through maintenance of HIF-1α output remains unclear. TCGA-BRCA data were used to analyze AC137932.2 expression, its prognostic value, and its correlation with glyco",https://pubmed.ncbi.nlm.nih.gov/42551181/,PubMed
Inhibited proliferation and immune evasion of lung cancer: The key role of miR-4483 in lncRNA linc00824/miR-4483/PD-L1 pathway.,"Zhang Jia-Xiang, Qiu Jun-Ming, Wang Nana",Biochemical and biophysical research communications,2026-08-05,Growing evidence indicates that lactate and long non-coding RNAs (lincRNAs) exert a crucial influence on tumor development. This study aimed to investigate lactate-induced histone lactylation promotes the roles of lincRNA in lung cancer progression by enhancing proliferation and PD-L1-mediated inhibition of T cell antitumor function. Results showed that both linc00824 and lactate levels were eleva,https://pubmed.ncbi.nlm.nih.gov/42551180/,PubMed
Whole-transcriptome RNA sequencing and ceRNA network analyses provide novel insights into the antibacterial immune response of Hippocampus abdominalis against Vibrio harveyi.,"Chu Qing, Zhou Jiale, Bai Yuxin","Comparative biochemistry and physiology. Part D, Genomics & proteomics",2026-08-05,"Long non-coding RNAs (lncRNAs) stand as newly-arisen molecular types that exert regulatory effects, able to operate as competitive endogenous RNAs (ceRNAs) to engage microRNAs (miRNAs) in interaction, resulting in the recovery of target mRNA expression and activity. Increasing evidences indicate that the ceRNA network affects various biological processes in mammals, including development, cellular",https://pubmed.ncbi.nlm.nih.gov/42551090/,PubMed
Long non-coding RNA SNHG6 promotes the proliferation of PASMCs cells through the miR-429/DUSP1 axis during early/subacute vascular responses to pulmonary embolism.,"Zeng Long, Wang Shu, Wu Qian",Molecular and cellular biochemistry,2026-08-05,The regulatory mechanism of the long noncoding RNA SNHG6 in acute pulmonary embolism (APE) remains unclear. This study aimed to investigate the potential molecular mechanisms of SNHG6 in APE. This study established a clinical cohort comprising 120 APE patients and 120 healthy controls. It combined in vitro experiments using human pulmonary arterial smooth muscle cells (PASMCs) with in vivo experim,https://pubmed.ncbi.nlm.nih.gov/42550429/,PubMed
NAT10 is critical to block RNA sensing-induced IFN-β transactivation in viral infection.,"Park Youngmin, Liu Yan, He Jinshan",mBio,2026-08-05,"Cells detect invading viruses and produce type I interferons (IFNs) to stimulate an innate antiviral effector response. However, IFN levels must be fine-tuned to achieve antiviral efficacy while limiting hyperinflammatory and tissue-damaging effects. Here, we report that NAT10, a histone and cytidine acetyltransferase, regulates the production of type I IFNs and RNA virus infections. Depletion of ",https://pubmed.ncbi.nlm.nih.gov/42549915/,PubMed
Heat-responsive lncRNA and miRNA modules associated with thermotolerance in Moso bamboo.,"Tao Gui-Yun, Zhou Xu, Ramakrishnan Muthusamy",Plant physiology,2026-08-05,"Heat stress limits Moso bamboo (Phyllostachys edulis) growth and development, yet the roles of non-coding RNA (ncRNA) networks in the heat response remain unclear. Here, by integrating mRNA, lncRNA and small RNA transcriptomes from seedlings exposed to 42 °C, we identified 2,889 differentially expressed lncRNAs, 1,216 mRNAs, and 21 miRNAs, respectively. Target prediction suggested that differentia",https://pubmed.ncbi.nlm.nih.gov/42549489/,PubMed
Radiation-induced network rewiring in cancer: systems-level insights into environmental radioactivity and precision oncology.,"Priyadharshini Marckasagayam, Sekaran Saravanan",Frontiers in bioinformatics,2026-08-05,"The impact of ionising radiation (IR) from environmental and therapeutic sources is complex and extends beyond the damage to DNA. These perturbations are conveyed by regulatory networks, such as transcription factors, microRNAs, long non-coding RNA, and signaling cascades, which in the end affect the susceptibility, progression, and treatment response to cancer. The traditional reductionist approa",https://pubmed.ncbi.nlm.nih.gov/42548691/,PubMed
A novel biomarker SNHG11 promotes tumor progression and oxidative phosphorylation in clear cell renal cell carcinoma.,"Lin Zhuoyuan, Chen Chaojiang, Li Jianxin",Acta biochimica et biophysica Sinica,2026-08-05,"Kidney renal clear cell carcinoma (KIRC) is the most common and aggressive subtype of renal cell carcinoma and is characterized by poor prognosis and high molecular heterogeneity. Long noncoding RNAs (lncRNAs) have emerged as crucial regulators in cancer, yet the functional role of SNHG11 in KIRC remains unclear. In this study, we perform integrated multiomics analysis using data from the TCGA and",https://pubmed.ncbi.nlm.nih.gov/42548233/,PubMed
ATHENA promotes the assembly of the ATP synthase-associated macromolecular complex and cancer progression.,"Guo Fang, Zhao Xujie, Yang Xiaohui",Cell death and differentiation,2026-08-05,"The ATP synthase-associated macromolecular complex plays a crucial role in cellular energy homeostasis. However, the regulation and potential function of this complex remain poorly understood in cancer. Here, we identify a 170-amino acid protein encoded by the lncRNA LINC00528, which we term ATP synthase-associated macromolecular complex enhancing microprotein (ATHENA). Mechanistically, ATHENA loc",https://pubmed.ncbi.nlm.nih.gov/42547818/,PubMed
"Retraction notice to ""LncRNA Linc-PINT inhibits miR-523-3p to hamper retinoblastoma progression by upregulating Dickkopf-1 (DKK1)"" [Biochem. Biophys. Res. Commun. 530 (2020) 47-53].","Zhou Xiaoping, Wang Yongping, Li Qiang",Biochemical and biophysical research communications,2026-08-05,,https://pubmed.ncbi.nlm.nih.gov/42547318/,PubMed
Implications and Application Prospects of LncRNA in Acute Myocardial Infarction.,Yang Maosheng,Korean circulation journal,2026-08-05,,https://pubmed.ncbi.nlm.nih.gov/42547292/,PubMed
Optimization of extracellular vesicle extraction from hepatic tissue interstitial fluid and analysis of their ncRNA expression profiles.,"Liu Shubo, Fu Yuxuan, Guo Hua",PloS one,2026-08-05,"To address the limited tissue specificity of extracellular vesicles (EVs) derived from blood and other body fluids, this study isolated small EVs (sEVs) from the tissue interstitial fluid (TIF) of hepatocellular carcinoma (HCC) and adjacent tissues. The expression profiles of non-coding RNAs (ncRNAs) were analyzed to identify more specific diagnostic biomarkers. An optimized protocol for TIF-sEV e",https://pubmed.ncbi.nlm.nih.gov/42546027/,PubMed
Interfacial Self-Assembly Ag-Ag,"Geng Wenchao, Mei Mengjiao, Chen Shang","Small (Weinheim an der Bergstrasse, Germany)",2026-08-05,"The random stacking and intrinsic high symmetry of substrate materials seriously affect the photoelectrochemical (PEC) detection performance. Herein, taking silver nanowires as templates, the silver-silver sulfide (Ag-Ag",https://pubmed.ncbi.nlm.nih.gov/42544891/,PubMed
Retraction: Overexpression of lncRNA ANRIL promoted the proliferation and migration of prostate cancer cells via regulating let-7a/TGF-1/ Smad signaling pathway.,,Cancer biomarkers : section A of Disease markers,2026-08-05,,https://pubmed.ncbi.nlm.nih.gov/42543497/,PubMed
An Evaluation on the Role of Non-Coding RNA in HIV Transcription and Latency: A Review,Xiangshuai Liu,arXiv,2026-08-05,"The existence of latent cellular reservoirs is recognized as the major barrier to an HIV cure. Reactivating and eliminating ""shock and kill"" or permanently silencing ""block and lock"" the latent HIV reservoir, as well as gene editing, remain promising approaches, but so far have proven to be only partially successful. Moreover, using latency reversing agents or ""block and lock"" drugs pose additiona",http://arxiv.org/abs/2502.06107v1,arXiv
"Blood-derived lncRNAs as potential biomarkers for early cancer diagnosis: The Good, the Bad and the Beauty","Cedric Badowski, Bing He, Lana X Garmire",arXiv,2026-08-05,Cancer ranks as one of the deadliest diseases worldwide. The high mortality rate associated with cancer is partially due to the lack of reliable early detection methods and/or inaccurate diagnostic tools such as certain protein biomarkers. Cell-free nucleic acids (cfNA) such as circulating long non-coding RNAs (lncRNAs) have recently been proposed as a new class of potential biomarkers that could ,http://arxiv.org/abs/2109.11746v1,arXiv
BPPart and BPMax: RNA-RNA Interaction Partition Function and Structure Prediction for the Base Pair Counting Model,"Ali Ebrahimpour-Boroojeny, Sanjay Rajopadhye, Hamidreza Chitsaz",arXiv,2026-08-05,"RNA-RNA interaction (RRI) is ubiquitous and has complex roles in the cellular functions. In human health studies, miRNA-target and lncRNAs are among an elite class of RRIs that have been extensively studied. Bacterial ncRNA-target and RNA interference are other classes of RRIs that have received significant attention. In recent studies, mRNA-mRNA interaction instances have been observed, where bot",http://arxiv.org/abs/1904.01235v2,arXiv
HO-1 Up-regulation and PINK1/Parkin-Mediated Mitophagy Contribute to the Anti-tumor Effects of Metochalcone in Colorectal Cancer.,"Chen Pingting, An Junsha, Han Mingyu","Research (Washington, D.C.)",2026-08-05,"Colorectal cancer (CRC) remains a global health challenge with rising incidence in younger populations and limited efficacy of current chemotherapies. In this study, we investigated the anti-tumor mechanisms of metochalcone (MET), a natural chalcone derivative, in CRC. Using a combination of transcriptomic, proteomic, and targeted in vitro and in vivo assays, we found that MET substantially reduce",https://pubmed.ncbi.nlm.nih.gov/42553426/,PubMed
Identifying epigenetic and microbial biomarkers for preterm birth using DNA methylation and gut microbiome data.,"Huang Ping, Cai Zhimin",Frontiers in cellular and infection microbiology,2026-08-05,"Preterm birth (PTB), defined as delivery before 37 weeks, is a major cause of neonatal morbidity and mortality worldwide. Evidence suggests that both epigenetic dysregulation and gut microbial imbalance contribute to the inflammatory and metabolic disturbances associated with PTB; however, few studies have examined these factors in conjunction to identify integrated predictive biomarkers. This stu",https://pubmed.ncbi.nlm.nih.gov/42553057/,PubMed
Early-life microbiota in the LIMIT cohort: unveiling meconium microbiota types beyond maternal lifestyle.,"El Masri Dana, Meriggi Niccolò, Loperfido Federica",Gut microbes,2026-08-05,"Early gut microbiota development plays an important role in lifelong human health, and meconium offers a unique matrix to understand prenatal microbial exposures. This study from the LIMIT cohort aimed at investigating associations between maternal pre-pregnancy body mass index (pre-BMI) and gestational weight gain (GWG), as well as other maternal lifestyle and environmental factors, with the stru",https://pubmed.ncbi.nlm.nih.gov/42552739/,PubMed
The deubiquitinase USP4 stabilizes the SCF,"Yurtsever Ilknur, Farkas Daniela, Cornwell Alex",Nature communications,2026-08-05,The ubiquitin E3 ligase SCF,https://pubmed.ncbi.nlm.nih.gov/42552308/,PubMed
"Covalent small-molecule RNA targeting in Alzheimer's disease: computational strategies, challenges and opportunities.","Kumar Vanktesh, Arulsamy Stalin, Sharma Shivank",Drug discovery today,2026-08-05,"RNA dysfunction is increasingly recognized as an upstream driver of Alzheimer's disease pathology, and covalent small molecules that engage pathogenic RNA structures are emerging as a therapeutic strategy. In addition to its role as a template, RNA governs amyloid-β production, the tau isoform balance and neuroinflammation through aberrant splicing, noncoding RNA activity and epitranscriptomic mod",https://pubmed.ncbi.nlm.nih.gov/42551552/,PubMed
"Caveola and Its Resident Proteins, Caveolin-1 and -2, Play Critical Roles in the Pathogenesis of nAMD and PCV.","Yu Richard Ming Chuan, Oguz Gokce, Fu Nai Yang",Investigative ophthalmology & visual science,2026-08-05,"The purpose of this study was to investigate cellular and molecular mechanisms underlying neovascular age-related macular degeneration (nAMD) and polypoidal choroidal vasculopathy (PCV) via single-cell RNA sequencing (scRNA-seq), then focusing on caveolae-resident proteins based on identified negatively enriched caveolae via Gene Set Enrichment Analysis (GSEA). Peripheral blood mononuclear cells (",https://pubmed.ncbi.nlm.nih.gov/42549844/,PubMed
tRNA-Derived Small RNAs in Digestive Cancers: From Translational Regulation to Immune and Extracellular Communication.,"Xitan Wang, Han Li",Cancer science,2026-08-05,"Transfer RNA-derived small RNAs (tsRNAs), comprising tRNA-derived fragments (tRFs) and stress-induced tRNA halves (tiRNAs), have increasingly been recognized as an important regulatory class in gastric cancer (GC), colorectal cancer (CRC), hepatocellular carcinoma (HCC), and pancreatic cancer/pancreatic ductal adenocarcinoma (PC/PDAC). Research in this field has expanded from expression profiling ",https://pubmed.ncbi.nlm.nih.gov/42549704/,PubMed
Thermally Induced Reassembly of Ginger Extracellular Vesicles for Oral Therapy of Intestinal Inflammation.,"Hou Linhai, Cao Jie, Gao Shengjie","Research (Washington, D.C.)",2026-08-05,"Plant-derived extracellular vesicles are promising candidates for oral drug delivery, yet their clinical translation is hindered by limited targeting precision and inconsistent systemic absorption. While surface engineering can enhance tissue accumulation, strategies that preserve biocompatibility and enable scalable production remain limited. Here, we introduce boiling as a simple thermal process",https://pubmed.ncbi.nlm.nih.gov/42548959/,PubMed
A barrier-crossing and immune checkpoint-blocking antibody fusion protein for enhanced glioma-targeted immunotherapy.,"Bao Yanning, Yang Shengmin, Ding Yuan",Asian journal of pharmaceutical sciences,2026-08-05,"With low five-year survival estimates, poor prognosis, and high recurrence probabilities, glioma is considered one of the most intractable malignant tumors. Despite the discovery of lymphatic vascular system and immune system in the central nervous system (CNS), immune checkpoint blockade therapeutics, such as programmed death ligand 1 (PDL1, also called B7H1 or CD274) antibodies, are prevented fr",https://pubmed.ncbi.nlm.nih.gov/42548860/,PubMed
β-cell-targeted RNA activation of vascular endothelial growth factor-A improves islet transplantation.,"Van Simaeys Dimitri, Berggren Per-Olof",Signal transduction and targeted therapy,2026-08-05,"Pancreatic islet transplantation can restore insulin production in patients with severe diabetes, but donor material is scarce, and early engraftment is constrained by inflammatory and mechanical stress and a prolonged avascular phase, during which oxygen and nutrient delivery are limited by diffusion. Revascularization relies primarily on stress-induced vascular endothelial growth factor A (VEGF-",https://pubmed.ncbi.nlm.nih.gov/42547502/,PubMed
Advances in RNA pesticides and nano-delivery systems.,"Liu Huihui, Sun Changjiao, Shen Yue",International journal of biological macromolecules,2026-08-05,"RNA pesticides have garnered considerable attention in pest management due to their exceptional selectivity, environmental safety, and flexible design. They interfere with essential physiological processes in pests by silencing key genes, thereby achieving effective pest control. Moreover, RNA pesticides can target genes related to detoxification enzymes in pests, increasing pests' susceptibility ",https://pubmed.ncbi.nlm.nih.gov/42546948/,PubMed
The hidden roles of insect symbiotic viruses in pest control and arbovirus transmission: Short title: Roles of insect symbiotic viruses.,"Lu Hong, Fu Yumei, Tong Jiahui",Current opinion in insect science,2026-08-05,"With the advance of metatranscriptomic sequencing, an increasing number of symbiotic viruses have been recognized in insects. These insect symbiotic viruses not only modulate key aspects of insect biology, including physiology, fecundity, development, and behavior, but also influence the vector competence of arthropods for transmitting arboviruses. The majority of such vectors belong to the orders",https://pubmed.ncbi.nlm.nih.gov/42546920/,PubMed
The landscape of genetic medicines for in vivo T cell reprogramming.,"Simonsen Jens B, Lemgart Viktor T, Kulkarni Jayesh A",Advanced drug delivery reviews,2026-08-05,"In vivo reprogramming of T cells represents a transformative approach in immune-based therapies, with the potential to overcome the limitations of traditional ex vivo-engineered T cell products, such as autologous CAR-T therapies. While CAR-T cells have achieved remarkable success in treating hematological cancers with several FDA approved products, challenges like manufacturing complexity, costs,",https://pubmed.ncbi.nlm.nih.gov/42546776/,PubMed
A Digital Microfluidic Electroporation Platform for Low-input CRISPR Genome Editing and mRNA Transfection In Suspension T Cells and 3D Cell Models.,"Patel Miti A, Singh Michael, Sinha Hugo",Journal of visualized experiments : JoVE,2026-08-05,"Digital microfluidic (DMF) electroporation enables precise, low-volume genetic manipulation of mammalian cells while minimizing cellular input by up to 100x and preserving viability. This study presents a high-throughput DMF-based transfection workflow for CRISPR-mediated knockout of the TRAC locus in primary human suspension T cells and for mRNA transfection of three-dimensional HEK293T spheroids",https://pubmed.ncbi.nlm.nih.gov/42545979/,PubMed
ACE2-PNA conjugates exploit viral endocytosis for targeted intracellular delivery and exhibit dual antiviral efficacy against SARS-CoV-2.,"Wang Yifei, Xu Jinghan, Chen Yiquan",Molecular biomedicine,2026-08-05,"The COVID-19 pandemic and its protracted consequences underscore the urgent need for more effective antiviral strategies. Current antiviral strategies face a persistent challenge achieving sufficient viral suppression while minimizing off-target toxicity, particularly against such highly mutable viruses. Here, we describe a Receptor-Drug Conjugate (RDC) strategy, in which a therapeutic payload is ",https://pubmed.ncbi.nlm.nih.gov/42545604/,PubMed
Endothelial ATF4 attenuates hypertensive vascular damage via preserving mitochondrial redox homeostasis.,"Zhu Qiuxia, Lu Xi, Liu Zhefu",Molecular and cellular biochemistry,2026-08-05,"Endothelial dysfunction is a hallmark of hypertension and a key contributor of hypertensive vascular damage. Mitochondrial oxidative stress serves as a central mediator that triggers endothelial dysfunction in hypertension. Activating Transcription Factor 4 (ATF4) is a key regulator of cellular stress responses; however, its role in maintaining endothelial mitochondrial redox homeostasis under hyp",https://pubmed.ncbi.nlm.nih.gov/42545561/,PubMed
A Reproducible Electroporation Strategy for CRISPR-Cas9 RNP and mRNA Delivery in Fish Embryos.,"Hu Yuanri, Fang Fei, Cui Zhongkai","Marine biotechnology (New York, N.Y.)",2026-08-05,This study presents a streamlined electroporation-based method for efficient macromolecular delivery into zebrafish embryos. We first characterized the physical barrier posed by the chorion using TEM (Transmission Electron Microscope) and established that its removal is prerequisite for effective delivery. A systematic optimization of electroporation parameters for dechorionated embryos identified,https://pubmed.ncbi.nlm.nih.gov/42545527/,PubMed
"Exosome-mediated siRNA delivery in cancer: Loading strategies, targeting approaches, and therapeutic outcomes.","Abdelgawwad El-Sehrawy Amr Ali Mohamed, Youssef Hussein Hassan, Nematov Ozodbek","Daru : journal of Faculty of Pharmacy, Tehran University of Medical Sciences",2026-08-05,"Exosome-mediated delivery of small interfering RNA (siRNA) has emerged as a promising therapeutic strategy for cancer treatment, offering precise gene silencing with minimal off-target effects. Exosomes, naturally secreted extracellular vesicles, provide biocompatible carriers that protect siRNA from enzymatic degradation and facilitate efficient uptake by tumor cells. Their natural tropism, drive",https://pubmed.ncbi.nlm.nih.gov/42545436/,PubMed
Circular RNAs orchestrate molecular networks in osteoarthritis: From miRNA sponging to epigenetic and exosome-mediated regulation.,"Yang Jiquan, Kubav Aziz",Molecular biology reports,2026-08-05,"Osteoarthritis (OA) is a progressive degenerative joint disorder characterized by cartilage breakdown, chronic inflammation, and impaired tissue homeostasis, representing a major global health burden with limited disease-modifying therapies. In recent years, circular RNAs (circRNAs), a class of covalently closed non-coding RNAs, have emerged as critical regulators of gene expression in OA pathogen",https://pubmed.ncbi.nlm.nih.gov/42545381/,PubMed
Manganese-Functionalized GelMA Hydrogels for MRI-Guided Immunotheranostics in Precision Oncology,"Motahareh Nazari, Keyvan Alavi",arXiv,2026-08-05,"Precision oncology requires multifunctional platforms capable of integrating accurate tumor diagnosis, localized therapeutic delivery, immune modulation, and real-time monitoring of treatment response. Gelatin methacryloyl (GelMA) hydrogels have emerged as versatile biomaterials for biomedical engineering because of their biocompatibility, extracellular matrix-like structure, tunable mechanical pr",http://arxiv.org/abs/2606.29599v1,arXiv
Reinforcement-guided generative protein language models enable de novo design of highly diverse AAV capsids,"Lucas Ferraz, Ana F. Rodrigues, Pedro Giesteira Cotovio",arXiv,2026-08-05,"Adeno-associated viral (AAV) vectors are widely used delivery platforms in gene therapy, and the design of improved capsids is key to expanding their therapeutic potential. A central challenge in AAV bioengineering, as in protein design more broadly, is the vast sequence design space relative to the scale of feasible experimental screening. Machine-guided generative approaches provide a powerful m",http://arxiv.org/abs/2603.19473v1,arXiv
Comparative immunogenicity of mRNA-1273 and BNT162b2 SARS-CoV-2 bivalent booster vaccines in US nursing home residents.,"Olagunju Olajide J, Oyebanji Oladayo A, Keresztesy Debbie",Human vaccines & immunotherapeutics,2026-08-05,"Nursing home residents (NHRs) remain among the most vulnerable to severe outcomes from SARS-CoV-2 infection. While mRNA-1273 (Spikevax, Moderna) and BNT162b2 (Comirnaty, Pfizer-BioNTech) vaccines are widely used in this population, comparative data on their immunogenicity, particularly after bivalent boosters, remain limited. We conducted a longitudinal immunologic evaluation of U.S. NHRs who rece",https://pubmed.ncbi.nlm.nih.gov/42551467/,PubMed
Signal peptide-mediated endoplasmic reticulum targeting enhances antigen expression and secretion to improve mRNA vaccine efficacy.,"Guo Zijia, Ran Luna, Fu Jiayan",Acta biochimica et biophysica Sinica,2026-08-05,"The expression and secretion levels of antigenic proteins are critical determinants of mRNA vaccine efficacy. Signal peptides, which direct protein translocation into the endoplasmic reticulum (ER), have the potential to significantly enhance protein expression and immunogenicity, highlighting their value as engineering tools for mRNA vaccine design. This study adopts the SARS-CoV-2 RBD as a model",https://pubmed.ncbi.nlm.nih.gov/42550669/,PubMed
Indirect comparison of mRNA-1010 versus enhanced influenza vaccines in adults aged 65 years and older during the 2024-2025 US influenza season.,"Joshi Keya, Situ Aaron, Mehta Darshan",Journal of medical economics,2026-08-05,"Seasonal influenza continues to cause severe disease among older adults in the United States despite enhanced vaccine recommendations, driven by immunosenescence and vaccine mismatch with circulating influenza viruses. mRNA-based influenza vaccines (mRNA-1010), addressing some of these challenges, have been developed for this population. A previous trial found mRNA-1010 demonstrated superior immun",https://pubmed.ncbi.nlm.nih.gov/42550058/,PubMed
Live Respiratory Syncytial Virus Vaccine D46/cp/ΔM2-2 Is Overattenuated in RSV-Seronegative Children.,"Karron Ruth A, Woods Suzanne, Wanionek Kimberli",Open forum infectious diseases,2026-08-05,The intranasal respiratory syncytial virus (RSV) vaccine D46/cp/ΔM2-2 is attenuated by deletion of the RSV RNA synthesis factor M2-2 and 5 cold-passage amino acid mutations. D46/cp/ΔM2-2 was safe but overattenuated in 12- to 59-month-old RSV-seropositive children (dose: 10,https://pubmed.ncbi.nlm.nih.gov/42549136/,PubMed
Capsid inclusion in a CHIKV mRNA vaccine impairs adaptive immune responses.,"Chen Hongyu, Yuan Longhai, Yang Hao",Cell reports. Medicine,2026-08-05,"Two mRNA vaccines (V1 and V2) from our previous study, encoding different CHIKV structural proteins, exhibit distinct immune effects and protective efficacy. However, the immune mechanisms underlying these differences remain unclear. In this study, we use an integrated multi-omics approach (single-cell RNA sequencing, immune repertoire sequencing, and Olink cytokine profiling) to elucidate the dif",https://pubmed.ncbi.nlm.nih.gov/42546698/,PubMed
Augmented innate and humoral immune responses enhance early and durable rabies protection by a CD40L-overexpressing rabies vaccine.,"Xing Xiao, Wang Yufang, Xiong Zhimin",Veterinary microbiology,2026-08-05,"Rabies is the only acute zoonotic infectious disease with a mortality rate approaching 100%. Large-scale immunization of animals represents the most effective strategy for preventing human rabies. Consequently, there is a pressing need for a vaccine that is economical, safe, and efficient for controlling rabies transmitted by animals. A recombinant rabies virus (rLBNSE-CD40L) overexpressing murine",https://pubmed.ncbi.nlm.nih.gov/42546450/,PubMed
Multiomics Dissection Reveals Natural Killer Cell-CD8+ T-cell Cooperation in Shaping an Immunostimulatory Tumor Microenvironment.,"Shimizu Kanako, Sanpei An, Liu Yan",Cancer research,2026-08-05,"Immune evasion remains a major barrier to effective immunotherapy in cancer. Coordinated activation of different immune cell types shapes immune responses within the tumor microenvironment (TME). In this study, we uncovered a spatiotemporal synergy between cytotoxic T lymphocytes (CTL) and natural killer (NK) cells in tumors with low T-cell infiltration. An integrative multiomics approach combinin",https://pubmed.ncbi.nlm.nih.gov/42545372/,PubMed
miR-375 Regulates Extracellular Vesicle Secretion From Giardia duodenalis via Targeting Rab1a.,"Liu Shaoxiong, Yuan Jianqi, Yu Yanhui",Transboundary and emerging diseases,2026-08-05,"Giardia duodenalis (G. duodenalis) represents a prevalent zoonotic protozoan pathogen responsible for diarrheal disorders across human and animal hosts. To date, no licensed effective vaccines have been developed against giardiasis, and the emergence of drug resistance progressively impairs the efficacy of conventional clinical chemotherapy. Extracellular vesicles (EVs) derived from G. duodenalis ",https://pubmed.ncbi.nlm.nih.gov/42544042/,PubMed
Wastewater antibody signatures reflect SARS-CoV-2 infection and immunization patterns in the population.,"Wannigama Dhammika Leshan, Amarasiri Mohan, Phattharapornjaroen Phatthranit",Water research,2026-08-05,"Wastewater-based epidemiology (WBE) has been widely used to track SARS-CoV-2 transmission using viral RNA, but its capacity to capture population immunity remains poorly defined. Although antibodies can be recovered from wastewater, the relationship between wastewater antibody signals, individual-level shedding dynamics, and community-wide infection and immunity patterns has not been systematicall",https://pubmed.ncbi.nlm.nih.gov/42542021/,PubMed
HIV-1 reservoir inducibility and immune phenotypes after prolonged analytical treatment interruption: a long-term follow-up study.,"Lungu Cynthia, Hossain Tanvir, Crespo Raquel",EBioMedicine,2026-08-05,"Despite effective suppression of HIV-1 replication by antiretroviral therapy (ART), persistent viral reservoirs prevent cure and necessitate lifelong treatment. While short-term dynamics of HIV-1 rebound following treatment interruption have been extensively studied, the longer-term consequences of immune perturbation and transient viraemia for reservoir quality and immune architecture remain inco",https://pubmed.ncbi.nlm.nih.gov/42541927/,PubMed
Past achievements and future perspectives of personalized vaccines and the role of dendritic cells.,"Sadat Larijani Mona, Bavand Anahita, Moradi Ladan",Immunologic research,2026-08-05,"Personalized vaccines provide the advantage of patient-specific antigen selection to optimize immune responses, a strategy extensively explored in oncology through neoantigen-targeted peptide, mRNA, and dendritic cell platforms. Peptide vaccines provide simplicity and stability though often elicit limited cytotoxic T-cell responses. What is more, mRNA vaccines lead to rapid, multiplexed neoantigen",https://pubmed.ncbi.nlm.nih.gov/42541646/,PubMed
"Respiratory mucosal immunity: Biological functions, diseases, prevention and therapy.","Zhang Yu, Song Zhiruo, Hong Weiqi",Genes & diseases,2026-08-05,"Respiratory mucosal (RM) immunity is a highly specialized and dynamic network that safeguards the airways from inhaled pathogens while preserving tissue homeostasis. Acting as the body's first line of defense, RM immunity integrates immune tolerance, barrier protection, immune surveillance, tissue repair, and the establishment of long-term immunological memory. Dysregulation of these processes con",https://pubmed.ncbi.nlm.nih.gov/42541079/,PubMed
The 5'-Isobutyryl Ester Prodrug of 4'-Thiouridine Inhibits SARS-CoV‑2 Replication in Culture and in a Syrian Hamster Infection Model.,"Chen Zhe, Amblard Franck, Kasthuri Mahesh",ACS omega,2026-08-05,"Although the SARS-CoV-2 pandemic is now largely controlled through widespread vaccination and available therapeutics, emerging variants could undermine their overall effectiveness. 4'-Thiouridine (",https://pubmed.ncbi.nlm.nih.gov/42540126/,PubMed
Post-loading ribonucleic acid into lipid nanoparticle carriers.,"Bizmark Navid, Amelemah David F, Nayagam Satya",bioRxiv : the preprint server for biology,2026-08-05,"Lipid nanoparticles (LNPs) are effective carriers for messenger ribonucleic acid (mRNA) delivery in vaccines; however, their reliance on extreme cold-chain storage limits global manufacturing and distribution. Conventional LNPs are formed by rapidly mixing four lipids with mRNA through electrostatic interactions between cationic ionizable lipids and negatively charged nucleic acids, facilitating n",https://pubmed.ncbi.nlm.nih.gov/42539106/,PubMed
"The establishment of prostate-specific, SKP2 humanized mice by CRISPR knock-in method reveals neoplastic initiation and microenvironmental reprogramming.","Song Liankun, Song Yurong, Nguyen Vyvyan",Oncogene,2026-08-05,"Genetic inactivation of SKP2 has been shown to effectively prevent cancer initiation and block tumorigenesis. However, direct in vivo evidence for SKP2 on cancer initiation and prostatic microenvironment is still lacking and a SKP2 humanized mouse model is critical for developing prostate cancer immunoprevention approaches through targeting SKP2. We therefore have established a prostate-specific h",https://pubmed.ncbi.nlm.nih.gov/42538409/,PubMed
Side-by-side evaluation of two Crimean-Congo hemorrhagic fever virus isolates in IFNAR,"Rohde Cornelius, Werner Anke-Dorothee, Gellhorn Serra Michelle",Npj viruses,2026-08-05,"Crimean-Congo hemorrhagic fever virus (CCHFV) is the causative agent of a severe hemorrhagic fever in humans, associated with case fatality rates up to 40%. Due to the lack of approved vaccines or specific antiviral treatments, CCHFV is classified as a biosafety level 4 (BSL4) pathogen in most countries and designated a priority pathogen by the World Health Organization. To facilitate the preclini",https://pubmed.ncbi.nlm.nih.gov/42538375/,PubMed
Efficient production of a self-amplifying RNA vaccine sequence with the single subunit RNA polymerase from Klebsiella phage 32 utilising the native AU initiating dinucleotide.,"Price Marcus A, Trubitsyna Maryia, Paget Jane E","RNA (New York, N.Y.)",2026-08-05,"RNA polymerase (RNAP) is the enzyme that produces RNA for an increasingly large variety of uses. The need for efficient industrial production of high quantities of mRNA was exemplified during the SARS-CoV-2 pandemic. While the RNAP from the T7 bacteriophage has been the gold standard for some time, it has certain limitations impeding efficient manufacturing of all RNA types, including production o",https://pubmed.ncbi.nlm.nih.gov/42538131/,PubMed
"The Changing Landscape of Hantavirus Infections: A Narrative Review of Epidemiology, Pathogenesis, and Countermeasures.","De Maria Francesco, Branda Francesco, Ceccarelli Giancarlo",Reviews in medical virology,2026-08-05,"Hantaviruses are emerging zoonotic pathogens of increasing global public health significance. Their epidemiological landscape is rapidly changing due to ecological disruption, climate variability, urbanisation, and evolving human-animal interfaces. This narrative review synthesises current knowledge on hantavirus virology, epidemiology, pathogenesis, clinical management, and emerging countermeasur",https://pubmed.ncbi.nlm.nih.gov/42536803/,PubMed
"Modeling the public health impact of vaccination with Pfizer-BioNTech COVID-19 vaccine, LP.8.1, 2025-2026 formula in the pediatric population aged 5-17 years at high risk of severe outcomes from COVID-19 in the United States.","Yehoshua Alon, Di Fusco Manuela, Rudolph Abby E",Expert review of vaccines,2026-08-05,"This study evaluated the potential public health impact of receiving Pfizer-BioNTech COVID-19 vaccine, LP.8.1, 2025-2026 formula, in the US pediatric population aged 5-17 years at high risk of severe outcomes from COVID-19. A previously published static decision-tree model was adapted to compare health outcomes with and without vaccination. Demographic, epidemiological, vaccine (effectiveness, vac",https://pubmed.ncbi.nlm.nih.gov/42535780/,PubMed
Transformer-Based Active Learning for Data-Efficient Vaccine Epitope Selection in PRRS,"Aspen Erlandsson Brisebois, Zahed Khatooni, Connor Burbridge",arXiv,2026-08-05,"High-fidelity molecular docking simulations can produce biologically relevant estimates of epitope-receptor binding affinity but are computationally expensive and therefore limit the number of candidates that can be screened for vaccine design. In this work, we evaluate machine learning (ML) approaches where variants of active learning are used to classify instances of high binding affinity betwee",http://arxiv.org/abs/2606.28659v1,arXiv
Exploring the Effects of Entanglement on Quantum Machine Learning of Pathogen Epitope-Receptor Binding,"Aspen Erlandsson Brisebois, Luis Pablo Gonzalez Dominguez, Shivansi Prajapati",arXiv,2026-08-05,"Parameterized quantum circuits (PQCs) provide a flexible substrate for hybrid quantum machine learning (QML), but their practical value on Noisy Intermediate-Scale Quantum (NISQ) devices remains an empirical question, especially because training depth and scale can introduce optimization challenges such as barren plateaus. Here we study how the number and topology of two-qubit entangling gates in ",http://arxiv.org/abs/2606.28655v1,arXiv
Rapamycin-nanoliposomes target the mTORC1-mediated autophagy-lysosomal and NLRP3/Caspase-1 pathways to inhibit nucleus pulposus cell senescence in intervertebral discs.,"Xing Hui, Yu Miao, Liu Jiabin",Bioengineering & translational medicine,2026-08-05,"Nucleus pulposus (NP) cell quiescence maintains intervertebral disc homeostasis, while mTORC1 regulates autophagy-lysosomal function and inflammatory secretion to preserve quiescence-rapamycin specifically targets mTORC1. Herein, we fabricated rapamycin-nanoliposomes (rapa-lipos) via ultrasonic dispersion, thin-film dispersion, and filtration to improve rapamycin bioavailability, investigating the",https://pubmed.ncbi.nlm.nih.gov/42553289/,PubMed
Evidence that S-phase kinase associated protein 2 (SKP2) is ubiquitinated and degraded via a Rho-related BTB domain containing 1 (RhoBTB1) and Cullin-3 mechanism in placenta.,"Tvina Alina L, Livergood M Christine, Kumar Gaurav",Physiological reports,2026-08-05,"Rho related BTB domain containing 1 (RhoBTB1) is highly expressed in placenta and functions to deliver protein targets to the Cullin-3 (CUL3) E3 ubiquitin ligase where they are targeted for ubiquitination and degradation. The targets of RhoBTB1 in placenta have not been identified. Using RNAscope, we show that RhoBTB1 is mainly expressed in syncytiotrophoblasts (SCT) in the human and mouse placent",https://pubmed.ncbi.nlm.nih.gov/42552612/,PubMed
Clinical and Functional Impact of CHMP3 in Pancreatic Ductal Adenocarcinoma.,"Igarashi Yosuke, Shirai Yoshihiro, Honma Shiko",Annals of surgical oncology,2026-08-05,"Pancreatic ductal adenocarcinoma (PDAC) is a highly lethal malignancy with limited treatment options. Charged multivesicular body protein 3 (CHMP3), a core component of ESCRT-III, is involved in membrane remodeling. However, its clinical and biological relevance in PDAC remained unclear. This study evaluated the prognostic association and functional relevance of CHMP3 in PDAC. CHMP3 expression and",https://pubmed.ncbi.nlm.nih.gov/42552496/,PubMed
Eukaryotic translation elongation factor 1 delta alleviates DNA damage during bovine alphaherpesvirus 1 infection.,"Ding Xiuyan, Ma Xiaozhen, Hou Bin",Journal of veterinary science,2026-08-05,Bovine alphaherpesvirus 1 (BoAHV-1) is one of the most important viruses that infects cattle and causes significant economic losses. Understanding the critical mechanisms underlying viral pathogenesis is essential for developing novel antiviral strategies. To determine if eukaryotic translation elongation factor-1 Δ (EEF1D) is involved in DNA damage repair in the presence or absence of BoAHV-1 inf,https://pubmed.ncbi.nlm.nih.gov/42551989/,PubMed
"Genome-Wide Impact of Human DBR1 Depletion on RNA Processing Networks Reveal a Connection Between Pre-mRNA Splicing, mRNA Surveillance and Stress Granule Dynamics.","Barwell Tiffany, Embree Caleb M, Reid Robert",Journal of molecular biology,2026-08-05,"The RNA lariat debranching enzyme DBR1 is essential for intron turnover and RNA metabolism, yet its broader impact on transcriptome regulation remains incompletely defined. To elucidate the consequences of DBR1 depletion, we performed transcriptome-wide RNA sequencing of DBR1-knockdown and wild-type HEK293 cells. Differential expression analysis revealed widespread perturbations in pathways linked",https://pubmed.ncbi.nlm.nih.gov/42551782/,PubMed
Prognostic risk modeling based on integrated multi-omics analysis identifies CRY2 as a key regulator in tumor immunity and patient survival in colorectal cancer.,"Guo Yu, Zou Yongbo, Wang Min",Annals of medicine,2026-08-05,Colorectal cancer (CRC) exhibits substantial metabolic heterogeneity. This study developed a robust prognostic signature integrating ferroptosis- and lipid metabolism-related genes to investigate the role of CRY2 in CRC progression. Transcriptomic and clinical data from the TCGA-COAD and GSE39582 cohorts were analyzed. Weighted gene co-expression network analysis (WGCNA) was performed to identify ,https://pubmed.ncbi.nlm.nih.gov/42550740/,PubMed
HAT regimen attenuates NF-κb-driven megakaryocyte apoptosis and neuronal cell death in sepsis: convergent mechanisms protecting thrombocytopenia and cognitive function.,"Hui Zhi, Shen Na, Zhang Hewei",Frontiers in cell and developmental biology,2026-08-05,"Sepsis-induced NF-κB hyperactivation drives two devastating cell death cascades: megakaryocyte apoptosis causing thrombocytopenia (incidence 35%-59%), and neuronal apoptosis with microglial-mediated neuroinflammation causing cognitive dysfunction in up to 70% of survivors. Mechanistically, NF-κB-driven upregulation of pro-apoptotic mediators (cleaved caspase-3, cytochrome c release) impairs megaka",https://pubmed.ncbi.nlm.nih.gov/42548835/,PubMed
Aloe-emodin inhibits nasopharyngeal carcinoma by modulating telomerase activity involving the c-Myc/E2F1 axis.,"Li Mengqin, Li Chunhong, Zeng Xin",Frontiers in pharmacology,2026-08-05,"The telomerase catalytic subunit hTERT is a critical oncogenic driver in nasopharyngeal carcinoma (NPC). The specific role of aloe-emodin (AE) in regulating hTERT in NPC has not been systematically investigated. The regulatory network involving hTERT and its upstream transcription factors, c-Myc and E2F1, offers a promising therapeutic avenue. Bioinformatics was used to analyze hTERT expression an",https://pubmed.ncbi.nlm.nih.gov/42548826/,PubMed
Porcine epidemic diarrhea virus induces Vero cell mitophagy by regulating ROS-mediated PINK1/Parkin signal pathway.,"Jin Yuhe, Sun Ao, Jin Ye",Frontiers in veterinary science,2026-08-05,"Porcine epidemic diarrhea (PED) is a highly contagious enteric disease caused by the porcine epidemic diarrhea virus (PEDV), with mortality rates exceeding 80% in piglets. While the pathogenesis of PEDV is well-documented, its relationship with mitophagy remains unclear. We used transmission electron microscopy (TEM) to observe ultrastructural changes in PEDV-infected Vero cells. Western blotting ",https://pubmed.ncbi.nlm.nih.gov/42548705/,PubMed
Numb Mediates IL-1β/TGF-β1-Driven Inflammation-Fibrosis Coupling in Idiopathic Pulmonary Fibrosis.,"Zhuo Debin, Wang Shanzuan, Lin Juan",Immunological investigations,2026-08-05,"In idiopathic pulmonary fibrosis (IPF), inflammatory signaling and fibrotic remodeling often coexist, yet the mechanism linking these processes remains unclear. Numb, a cell fate determinant protein, has been implicated in tissue remodeling but its role in inflammation - fibrosis coupling is not well defined. Public transcriptomic datasets were analyzed to assess NUMB expression patterns and assoc",https://pubmed.ncbi.nlm.nih.gov/42548239/,PubMed
β3-AR/β-arrestin2 Interaction Triggers Cardiac Fibrosis Through JNK/c-Jun Pathway in Cardiac Fibroblasts.,"Xu Zhongcheng, Zhu Min, Zhou Chun",Journal of cellular and molecular medicine,2026-08-05,"Myocardial fibrosis (MF) is a critical pathological substrate of heart failure (HF), and β3-adrenergic receptor (β3-AR) has been implicated in cardiac remodelling with controversial roles. This study aimed to clarify the pro-fibrotic mechanism of β3-AR in cardiac fibroblasts and its association with β-arrestin2-mediated biased activation. Primary cardiac fibroblasts were isolated from neonatal C57",https://pubmed.ncbi.nlm.nih.gov/42547946/,PubMed
Drp1/HK1/NLRP3-Associated Pathway Contributes to Neuronal Pyroptosis-Related Signaling in Neuropathic Pain.,"Wang Pinying, Jialing Chen, Zhang Bohan",Molecular neurobiology,2026-08-05,"Neuropathic pain (NP) is a prevalent and debilitating chronic pain condition within the nervous system. Recent studies have implicated pyroptosis as a potential mechanism underlying NP. Therefore, this study investigates NLRP3-mediated neuronal pyroptosis and its regulation in NP. A spared nerve injury (SNI) model was established in C57BL/6 mice to induce NP. Mechanical allodynia and thermal hyper",https://pubmed.ncbi.nlm.nih.gov/42547655/,PubMed
[SCAMP2-EGR1 axis induces apoptosis and suppresses growth of colorectal cancer cells].,"Qiao Y H, Zhang X Y, Yang Z Y",Zhonghua bing li xue za zhi = Chinese journal of pathology,2026-08-05,,https://pubmed.ncbi.nlm.nih.gov/42547420/,PubMed
IP3R drives cardiomyocyte injury by enhancing MAM-mediated Ca,"Yang Haihui, Zhu Jinming, Li Guifang",Molecular and cellular endocrinology,2026-08-05,"Heart failure (HF) is the terminal stage of various cardiovascular diseases. Mitochondrial Ca An in vitro model of cardiomyocyte injury was established using angiotensin II (Ang II)-stimulated H9c2 cells. IP3R was knocked down using specific siRNA. Cell viability (CCK-8), apoptosis (Annexin V/TUNEL), and hypertrophy (phalloidin staining) were assessed. IP3R expression and mitochondrial complex sub",https://pubmed.ncbi.nlm.nih.gov/42546960/,PubMed
Induction and Propagation of Ferroptosis Evasion by FTH1P7 Drives Sorafenib Resistance in Hepatocellular Carcinoma.,"Cao Sisi, Xiong Chuanwei, Wu Jiayuan",European journal of pharmacology,2026-08-05,"Sorafenib refractoriness severely compromises therapeutic efficacy in hepatocellular carcinoma (HCC). This study identifies ferritin heavy chain 1 pseudogene 7 (FTH1P7) as a critical driver and propagator of sorafenib resistance. FTH1P7 was significantly upregulated in HCC cells resistant to sorafenib. Mechanistically, the self-sustaining FTH1P7/microRNA-182-5p/FOXC1 positive feedback loop maintai",https://pubmed.ncbi.nlm.nih.gov/42546831/,PubMed
Integrative transcriptomics and single-cell analysis identify SIX4 as a candidate epithelial target in ovarian cancer and PCOS-associated ovarian dysregulation.,"Li Xuan, Chen Gaowen, Wang Yifeng",Translational oncology,2026-08-05,"Ovarian cancer is a heterogeneous solid tumor, whereas polycystic ovary syndrome (PCOS) is a distinct endocrine-metabolic ovarian disorder. Whether PCOS-associated ovarian dysregulation and ovarian cancer share convergent transcriptomic candidates remains unclear. This study aimed to identify shared transcriptomic candidates and define their cellular localization without implying a causal or clini",https://pubmed.ncbi.nlm.nih.gov/42546664/,PubMed
DeepSilencer: A Novel Deep Learning Model for Predicting siRNA Knockdown Efficiency,"Wangdan Liao, Weidong Wang",arXiv,2026-08-05,"Background: Small interfering RNA (siRNA) is a promising therapeutic agent due to its ability to silence disease-related genes via RNA interference. While traditional machine learning and early deep learning methods have made progress in predicting siRNA efficacy, there remains significant room for improvement. Advanced deep learning techniques can enhance prediction accuracy, reducing the relianc",http://arxiv.org/abs/2503.04200v1,arXiv
Maturation of siRNA by strand separation: Steered Molecular dynamics study,"Rakesh K Mishra, Sanchita Mukherjee, Dhananjay Bhattacharyya",arXiv,2026-08-05,"RNA interference, particularly siRNA induced gene silencing is becoming an important avenue of modern therapeutics. The siRNA is delivered to the cells as short double helical RNA which becomes single stranded for forming the RISC complex. Significant experimental evidence is available for most of the steps except the process of the separation of the two strands. We have attempted to understand th",http://arxiv.org/abs/1910.03778v1,arXiv
Using a hydrogen-bond index to predict the gene-silencing efficiency of siRNA based on the local structure of mRNA,"Kathy Q. Luo, Donald C. Chang",arXiv,2026-08-05,The gene silencing effect of short interfering RNA (siRNA) is known to vary strongly with the targeted position of the mRNA. A number of hypotheses have been suggested to explain this phenomenon. We would like to test if this positional effect is mainly due to the secondary structure of the mRNA at the target site. We proposed that this structural factor can be characterized by a single parameter ,http://arxiv.org/abs/1710.07413v1,arXiv
Unraveling siRNA Unzipping Kinetics with Graphene,"Santosh Mogurampelly, Swati Panigrahi, Dhananjay Bhattacharyya",arXiv,2026-08-05,"Using all atom molecular dynamics simulations, we report spontaneous unzipping and strong binding of small interfering RNA (siRNA) on graphene. Our dispersion corrected density functional theory based calculations suggest that nucleosides of RNA have stronger attractive interactions with graphene as compared to DNA residues. These stronger interactions force the double stranded siRNA to spontaneou",http://arxiv.org/abs/1207.4569v1,arXiv
Unzipping and binding of small interfering RNA with single walled Carbon Nanotube: a platform for small interfering RNA delivery,"Mogurampelly Santosh, Swati Panigrahi, Dhananjay Bhattacharyya",arXiv,2026-08-05,"In an effort to design efficient platform for siRNA delivery, we combine all atom classical and quantum simulations to study the binding of small interfering RNA (siRNA) by pristine single wall carbon nanotube (SWCNT). Our results show that siRNA strongly binds to SWCNT surface via unzipping its base-pairs and the propensity of unzipping increases with the increase in the diameter of the SWCNTs. T",http://arxiv.org/abs/1203.2409v1,arXiv
Nanodiamond as a vector for siRNA delivery to Ewing sarcoma cells,"Anna Alhaddad, Marie-Pierre Adam, Jacques Botsoa",arXiv,2026-08-05,"We investigated the ability of diamond nanoparticles (nanodiamonds, NDs) to deliver small interfering RNA (siRNA) in Ewing sarcoma cells, in the perspective of in vivo anti-cancer nucleic acid drug delivery. siRNA was adsorbed onto NDs previously coated with cationic polymer. Cell uptake of NDs has been demonstrated by taking advantage of NDs intrinsic fluorescence coming from embedded color cente",http://arxiv.org/abs/1106.2252v2,arXiv
Target prediction and a statistical sampling algorithm for RNA-RNA interaction,"F. W. D. Huang, J. Qin, C. M. Reidys",arXiv,2026-08-05,"It has been proven that the accessibility of the target sites has a critical influence for miRNA and siRNA. In this paper, we present a program, rip2.0, not only the energetically most favorable targets site based on the hybrid-probability, but also a statistical sampling structure to illustrate the statistical characterization and representation of the Boltzmann ensemble of RNA-RNA interaction st",http://arxiv.org/abs/0908.0597v1,arXiv
In silico evidence of the relationship between miRNAs and siRNAs,"Ludovica Montanucci, Piero Fariselli, Pier Luigi Martelli",arXiv,2026-08-05,"Both short interfering RNAs (siRNAs) and microRNAs (miRNAs) mediate the repression of specific sequences of mRNA through the RNA interference pathway. In the last years several experiments have supported the hypothesis that siRNAs and miRNAs may be functionally interchangeable, at least in cultured cells. In this work we verify that this hypothesis is also supported by a computational evidence. We",http://arxiv.org/abs/0705.2355v1,arXiv
