title,authors,journal,date,abstract,link,source
Thymosin β4 alleviates sepsis-associated acute kidney injury by suppressing MAPK signaling pathway.,"Ouyang Xiaojun, Long Zhiyuan, Xu Xiaodan","Clinical science (London, England : 1979)",2026-07-08,"Sepsis-associated acute kidney injury (SA-AKI) is a common complication in septic patients and is associated with high mortality and progression to chronic kidney disease (CKD). Previous studies have demonstrated that thymosin β4 (Tβ4) attenuates lipopolysaccharide (LPS)-induced liver injury and ischemic AKI by suppressing inflammatory responses. Here, we aimed to investigate the effects of Tβ4 on",https://pubmed.ncbi.nlm.nih.gov/42417058/,PubMed
Jujuboside A extends healthspan and enhances resistance of oxidative stress in ,"Cao Yunliang, Ren Shuangjie, Li Xiaocong",Frontiers in pharmacology,2026-07-08,"Jujuboside A (JA) is a biologically active saponin primarily extracted from sour jujube seeds. Existing studies have demonstrated that JA plays significant roles in anti-inflammatory, antioxidant, neuroprotective, and metabolic regulation. However, its mechanisms in lifespan extension and antioxidation remain to be further elucidated. In this study, we found that JA extended the lifespan of ",https://pubmed.ncbi.nlm.nih.gov/42416822/,PubMed
Largazole targets Musashi protein expression via miR-125b-5p and sensitizes triple-negative breast cancer cells to radiation.,"Gurke Brücksken Kathrin A, Lappe Lea, Chen Qi-Yin",Frontiers in pharmacology,2026-07-08,"Recent findings implicate the histone deacetylase (HDAC) inhibitor largazole as an inhibitor of Musashi RNA-binding protein function. Here, we assess this interplay and evaluate the relevance of largazole for triple-negative breast cancer (TNBC) progression and resistance to radiotherapy. Primary patient-derived TNBC cells and cell lines were treated with largazole and cell vitality, proliferation",https://pubmed.ncbi.nlm.nih.gov/42416820/,PubMed
Nephrotoxic acute kidney injury induced by ,"Chaiyabutr Narongsak, Suntrarachun Sunutcha, Khunsap Suchitra",The journal of venomous animals and toxins including tropical diseases,2026-07-08,"Envenomation by  Kidney tissue samples from intact rabbits ( Following the administration of RVV and its venom fractions, histopathological analysis revealed extensive tubulonephrosis across all renal tubular segments in both intact kidneys and the IPK model. In contrast, renal tubular necrosis involving all tubular segments occurred in the IPK model after exposure to the RVV, PLA₂ and MP fraction",https://pubmed.ncbi.nlm.nih.gov/42416494/,PubMed
Silver Nanoparticles Attenuate Histamine-Induced Pruritus via Modulation of the Nitric Oxide/iNOS Signaling Pathway in Mice.,"Bayan Abdul Mobin, Khan Muhammad Imran","Nanotechnology, science and applications",2026-07-08,"Pruritus is an unpleasant cutaneous sensation that provokes scratching behavior and is associated with numerous inflammatory and dermatological disorders. Histamine is a major mediator of pruritus and contributes to the activation of inflammatory and oxidative stress pathways. Silver nanoparticles (Ag-NPs) possess well-documented anti-inflammatory, antioxidant, antimicrobial, and wound-healing pro",https://pubmed.ncbi.nlm.nih.gov/42416483/,PubMed
Compartment-specific immune responses to BoAHV-1 transplacental infection in late gestation.,"Cheuquepán Felipe, Agulló-Ros Irene, Risalde María A",Frontiers in veterinary science,2026-07-08,,https://pubmed.ncbi.nlm.nih.gov/42416296/,PubMed
Effects of phytosterols on growth performance and meat quality in finishing pigs: role of lipid metabolism and gut microbiota.,"Zhong Songshi, Li Chenglong, Tian Qiyu",Frontiers in veterinary science,2026-07-08,"This study aimed to investigate the effects of dietary phytosterol (PS) supplementation on growth performance, meat quality, and lipid metabolism in finishing pigs and to explore the potential mechanisms. Forty-eight barrows with an initial body weight of 73.96 ± 2.80 kg were randomly allocated to two treatments, with six replicate pens of four pigs per pen: the CON group fed a basal diet, and the",https://pubmed.ncbi.nlm.nih.gov/42416291/,PubMed
Sesamin attenuates atherosclerosis by alleviating vascular endothelial ferroptosis-related injury ,"Chen Xiaoying, Zheng Guanyi, Fu Kailong",Frontiers in cell and developmental biology,2026-07-08,"This study was designed to elucidate the molecular pathways responsible for anti-atherosclerotic effects of the traditional Chinese medicine formula Yishen Huoxue Huatan, with a focus on its key active component sesamin. Network pharmacology was applied to predict potential targets and pathways associated with the anti-atherosclerotic activity of Yishen Huoxue Huatan. An atherosclerosis model was ",https://pubmed.ncbi.nlm.nih.gov/42416116/,PubMed
Gamma-terpinene suppresses the growth of lymphoblastic cancerous cells in vitro,"Safa Pooya Baradaran, Nooshadokht Maryam, Mohit Maryam",Cytotechnology,2026-07-08,"ALL is recognised as a heterogeneous malignancy affecting lymphocyte precursors. Considering shortcomings of the current treatments, herbal compounds have always been in the focus of attention as novel anticancer candidates, owing to their main advantages like promising levels of bioactivity and toxicity. Accordingly, the anticancer potentials of gamma-terpinene were evaluated on cell-death releva",https://pubmed.ncbi.nlm.nih.gov/42416107/,PubMed
Identification and validation of biomarkers related to mismatch repair for prognosis prediction in glioma.,"Feng Jia, Si Yuankai, Han Long",Frontiers in immunology,2026-07-08,"Gliomas are aggressive brain tumors with a dismal prognosis, and their development, progression, and responsiveness to treatment are all impacted by mismatch repair (MMR) deficiency. This work aimed to construct a predictive risk model based on MMR-related genes and confirm its clinical applicability, with a focus on identifying novel therapeutic targets. Clinical and mRNA expression data from The",https://pubmed.ncbi.nlm.nih.gov/42416056/,PubMed
Donidalorsen for the Treatment of Hereditary Angioedema: A Review of Clinical Studies.,"Riedl Marc A, Craig Timothy, Lumry William R","Drug design, development and therapy",2026-07-08,Hereditary angioedema (HAE) is a rare disease characterized by recurrent attacks of severe tissue swelling caused by dysregulation of the kallikrein-kinin system. Donidalorsen is a triantennary N-acetyl galactosamine-conjugated antisense oligonucleotide designed to specifically and reversibly reduce plasma prekallikrein production by binding to plasma prekallikrein messenger RNA in the liver. This,https://pubmed.ncbi.nlm.nih.gov/42415941/,PubMed
"Dynamics of Circulating Follicular Helper and Regulatory T-Cell Memory Induced by mRNA, Inactivated, and Live-Attenuated Vaccines.","China A, Rahman A, Hani L",Journal of immunology research,2026-07-08,OX40 signaling promotes the differentiation of memory CD4,https://pubmed.ncbi.nlm.nih.gov/42415697/,PubMed
Global O-GlcNAcome Identifies O-GlcNAcylated Proteins Regulating Oligodendrocyte Precursor Cells Differentiation.,"Jiang Xinyue, Zhang Chi, Li Pingping",Acta biochimica et biophysica Sinica,2026-07-08,"Oligodendrocyte precursor cells (OPCs) differentiate into myelinating oligodendrocytes to form the myelin sheaths essential for neural function, a process frequently compromised during aging and in diseases like multiple sclerosis. However, the regulatory landscape of myelination remains incompletely understood. Here, we perform a comprehensive proteomic analysis of the O-GlcNAcome in postnatal da",https://pubmed.ncbi.nlm.nih.gov/42415673/,PubMed
Biology and Time Course of Obstruction-Induced Detrusor Underactivity Causing Postvoid Residual Urine.,"Andersson Karl-Erik, Swärd Karl, Uvelius Bengt",International neurourology journal,2026-07-08,"To review the time course of muscle mechanics, etiological factors, and molecular mechanisms contributing to the development of postvoid residual urine (PVR), with an emphasis on transcriptomic changes in detrusor underactivity secondary to bladder outlet obstruction (BOO). PVR, the volume of urine remaining in the bladder after micturition, is a key marker of lower urinary tract dysfunction. Whil",https://pubmed.ncbi.nlm.nih.gov/42415603/,PubMed
Translation-dependent retrograde signaling coordinates high-light acclimation in plants.,"Moore Marten, Smith Aaron B, Wegener Melanie",Molecular plant,2026-07-08,"Canonical chloroplast retrograde signaling is typically defined as chloroplast-initiated signaling circuits that regulate nuclear transcription for acclimation. This study reveals that high light (HL) also initiates translation-dependent retrograde signaling pathways (TraDeRS), which bifurcate to increase translation of chloroplast-targeted proteins and nuclear transcription factors thereby enhanc",https://pubmed.ncbi.nlm.nih.gov/42415418/,PubMed
Integrative Transcriptomics Across Etiologies Reveals Common and Disease-Specific Fibrogenic Signatures in Liver Fibrosis.,"Yang Wenyan, Li Long, Ye Yamei",Canadian journal of gastroenterology & hepatology,2026-07-08,"Chronic liver diseases caused by metabolic, viral, and mixed etiologies frequently converge on fibrosis and cirrhosis; however, the extent to which fibrogenic mechanisms are shared across etiologies versus disease-specific remains incompletely defined. Four GEO datasets were analyzed: GSE135251 (NAFLD-related fibrosis), GSE84044 (HBV-related fibrosis), GSE197112 (mixed-etiology fibrosis), and GSE1",https://pubmed.ncbi.nlm.nih.gov/42415271/,PubMed
FOXQ1 promotes endometriosis development by enhancing mitochondrial function.,"Liu Yu, Chi Mei, Lei Yan",Biological research,2026-07-08,"Endometriosis (EMs) is a pathological condition characterized by the ectopic growth of endometrial tissue outside the uterine cavity. This study aimed to investigate the role of FOXQ1 in the pathogenesis of EMs, particularly through its regulation of mitochondrial function. Eutopic endometrial, ovarian EMs, pelvic sidewall EMs, and bowel EMs samples were obtained from 76 patients undergoing laparo",https://pubmed.ncbi.nlm.nih.gov/42415215/,PubMed
"Isolation of human satellite cells using CD29/CDH15 and a nanoparticle-based live Pax7 mRNA detection system, and their expansion with extracellular matrix and its derivatives.","Zhao Shudong, Sood Shubhankar, Yu Ruixiang",Stem cell research & therapy,2026-07-08,"Human skeletal muscle stem cells, also called satellite cells, have great potential for treating neuromuscular diseases and combating muscle aging. However, progress toward clinical use has been limited by the scarcity of donor tissue and the technical challenges of isolating, preserving, and culturing these rare cells. In this study, we introduce a new combination of cell surface markers and a go",https://pubmed.ncbi.nlm.nih.gov/42415144/,PubMed
Targeting HASPIN-mediated H3T3 phosphorylation disrupts an epigenetic-kinesin axis to suppress colorectal cancer mitotic progression.,"Wu Tong, Zhang Yaguang, Liu Sicheng",Molecular cancer,2026-07-08,"Chemoresistance remains a major barrier in colorectal cancer (CRC) therapy. Through epigenetic compound screening in patient-derived organoids (PDOs), we identified CX6258.HCl as a potent growth inhibitor. Treatment with CX6258.HCl significantly inhibited cell mitosis and induced apoptosis in CRC cell lines. Mechanistically, CX6258.HCl binds the D687 residue within HASPIN's kinase domain, suppress",https://pubmed.ncbi.nlm.nih.gov/42415117/,PubMed
Energy-efficient codon optimization on thermodynamic hardware,"Andraz Jelincic, Ross C. Walker",arXiv,2026-07-08,"The growing energy demand for computation is becoming increasingly unsustainable. Thermodynamic computing, which harnesses physical thermal fluctuations as a computational resource rather than suppressing them, offers orders-of-magnitude energy savings for probabilistic and combinatorial tasks. Pharmaceutical R&D, heavily reliant on computational optimization and sampling, is a natural application",http://arxiv.org/abs/2606.17327v1,arXiv
mRNAutilus: Multi-Objective-Guided Discrete Generation of mRNA with Optimized Therapeutic Properties,"Sawan Patel, Sophia Tang, Yesol Kim",arXiv,2026-07-08,"Therapeutic mRNA design requires coordinating multiple interacting sequence features across the full transcript, where codon usage, untranslated regions (UTRs), and their coupling jointly determine stability, translation efficiency, and protein expression. Here, we present mRNA generation via unrolled trajectories and informed latent updates (mRNAutilus), a framework for simultaneous codon optimiz",http://arxiv.org/abs/2605.31296v1,arXiv
Sampling-based Continuous Optimization for Messenger RNA Design,"Feipeng Yue, Ning Dai, Wei Yu Tang",arXiv,2026-07-08,"Designing messenger RNA (mRNA) sequences for a fixed target protein requires searching an exponentially large synonymous space while optimizing properties that affect stability and downstream performance. This is challenging because practical mRNA design involves multiple coupled objectives beyond classical folding criteria, and different applications prefer different trade-offs. We propose a gene",http://arxiv.org/abs/2603.06559v1,arXiv
Drug-like antibodies with low immunogenicity in human panels designed with Latent-X2," Latent Labs Team, Henry Kenlay, Daniella Pretorius",arXiv,2026-07-08,"Drug discovery has long sought computational systems capable of designing drug-like molecules directly: developable and non-immunogenic from the start. Here we introduce Latent-X2, a frontier generative model that achieves this goal through zero-shot design of antibodies with strong binding affinities, drug-like properties, and, for the first time for any de novo generated antibody, confirmed low ",http://arxiv.org/abs/2512.20263v1,arXiv
"RNAGenScape: Property-Guided, Optimized Generation of mRNA Sequences with Manifold Langevin Dynamics","Danqi Liao, Chen Liu, Xingzhi Sun",arXiv,2026-07-08,"Generating property-optimized mRNA sequences is central to applications such as vaccine design and protein replacement therapy, but remains challenging due to limited data, complex sequence-function relationships, and the narrow space of biologically viable sequences. Generative methods that drift away from the data manifold can yield sequences that fail to fold, translate poorly, or are otherwise",http://arxiv.org/abs/2510.24736v3,arXiv
Yeast growth is controlled by the proportional scaling of mRNA and ribosome concentrations,"Xin Gao, Michael Lanz, Rosslyn Grosely",arXiv,2026-07-08,"Despite growth being fundamental to all aspects of cell biology, we do not yet know its organizing principles in eukaryotic cells. Classic models derived from the bacteria E. coli posit that protein-synthesis rates are set by mass-action collisions between charged tRNAs produced by metabolic enzymes and mRNA-bound ribosomes. These models show that faster growth is achieved by simultaneously raisin",http://arxiv.org/abs/2508.14997v1,arXiv
mRNA Folding Algorithms for Structure and Codon Optimization,"Max Ward, Mary Richardson, Mihir Metkar",arXiv,2026-07-08,"mRNA technology has revolutionized vaccine development, protein replacement therapies, and cancer immunotherapies, offering rapid production and precise control over sequence and efficacy. However, the inherent instability of mRNA poses significant challenges for drug storage and distribution, particularly in resource-limited regions. Co-optimizing RNA structure and codon choice has emerged as a p",http://arxiv.org/abs/2503.19273v1,arXiv
Generative Model for Synthesizing Ionizable Lipids: A Monte Carlo Tree Search Approach,"Jingyi Zhao, Yuxuan Ou, Austin Tripp",arXiv,2026-07-08,"Ionizable lipids are essential in developing lipid nanoparticles (LNPs) for effective messenger RNA (mRNA) delivery. While traditional methods for designing new ionizable lipids are typically time-consuming, deep generative models have emerged as a powerful solution, significantly accelerating the molecular discovery process. However, a practical challenge arises as the molecular structures genera",http://arxiv.org/abs/2412.00807v1,arXiv
Machine learning framework to predict the performance of lipid nanoparticles for nucleic acid delivery,"Gaurav Kumar, Arezoo M. Ardekani",arXiv,2026-07-08,"Lipid nanoparticles (LNPs) are highly effective carriers for gene therapies, including mRNA and siRNA delivery, due to their ability to transport nucleic acids across biological membranes, low cytotoxicity, improved pharmacokinetics, and scalability. A typical approach to formulate LNPs is to establish a quantitative structure-activity relationship (QSAR) between their compositions and in vitro/in",http://arxiv.org/abs/2411.14293v1,arXiv
Joint Design of 5' Untranslated Region and Coding Sequence of mRNA,"Yang Liu, Jie Gao, Xiaonan Zhang",arXiv,2026-07-08,"Messenger RNA (mRNA) vaccines and therapeutics are emerging as powerful tools against a variety of diseases, including infectious diseases and cancer. The design of mRNA molecules, particularly the untranslated region (UTR) and coding sequence (CDS) is crucial for optimizing translation efficiency and stability. Current design approaches generally focus solely on either the 5' UTR or the CDS, whic",http://arxiv.org/abs/2410.20781v1,arXiv
Bacterial stress granule protects mRNA through ribonucleases exclusion,"Linsen Pei, Yujia Xian, Xiaodan Yan",arXiv,2026-07-08,"Membraneless droplets formed through liquid-liquid phase separation (LLPS) play a crucial role in mRNA storage, enabling organisms to swiftly respond to environmental changes. However, the mechanisms underlying mRNA integration and protection within droplets remain unclear. Here, we unravel the role of bacterial aggresomes as stress granules (SGs) in safeguarding mRNA during stress. We discovered ",http://arxiv.org/abs/2404.17873v2,arXiv
"Hypolipidemic effect of brown seaweed (Sargassum crassifolium) extract in vivo (Study of histopathology, mRNA expression, and immunohistochemistry (IHC) with VCAM-1, ICAM-1, and MCP-1 parameters)","Sarah Zaidan, Syamsudin Abdillah, Nur Arfian",arXiv,2026-07-08,The purpose of this study was to obtain natural drugs from brown seaweed (Sargassum crassifolium) as antiatherosclerosis candidates through the study of hypolipidemic mechanisms of action. Modeling of dyslipidemia rats was carried out by feeding high-fat (HFF) and doses of crude fucoidan 100. 200. 400mg / KgBB. in both treatments measured blood lipid profile levels taken from the orbital sinuses. ,http://arxiv.org/abs/2402.07497v1,arXiv
Machine Learning Modeling Of SiRNA Structure-Potency Relationship With Applications Against Sars-Cov-2 Spike Gene,Damilola Oshunyinka,arXiv,2026-07-08,"The pharmaceutical Research and development (R&D) process is lengthy and costly, taking nearly a decade to bring a new drug to the market. However, advancements in biotechnology, computational methods, and machine learning algorithms have the potential to revolutionize drug discovery, speeding up the process and improving patient outcomes. The COVID-19 pandemic has further accelerated and deepened",http://arxiv.org/abs/2401.12232v1,arXiv
Messenger RNA Design via Expected Partition Function and Continuous Optimization,"Ning Dai, Wei Yu Tang, Tianshuo Zhou",arXiv,2026-07-08,"The tasks of designing RNAs are discrete optimization problems, and several versions of these problems are NP-hard. As an alternative to commonly used local search methods, we formulate these problems as continuous optimization and develop a general framework for this optimization based on a generalization of classical partition function which we call ""expected partition function"". The basic idea ",http://arxiv.org/abs/2401.00037v2,arXiv
Machine Learning-guided Lipid Nanoparticle Design for mRNA Delivery,"Daisy Yi Ding, Yuhui Zhang, Yuan Jia",arXiv,2026-07-08,"While RNA technologies hold immense therapeutic potential in a range of applications from vaccination to gene editing, the broad implementation of these technologies is hindered by the challenge of delivering these agents effectively. Lipid nanoparticles have emerged as one of the most widely used delivery agents, but their design optimization relies on laborious and costly experimental methods. W",http://arxiv.org/abs/2308.01402v2,arXiv
Corrected Hill Function in Stochastic Gene Regulatory Networks,"Manuel Eduardo Hernández-García, Jorge Velázquez-Castro",arXiv,2026-07-08,"Describing reaction rates in stochastic bio-circuits is commonly done by directly introducing the deterministically deduced Hill function into the master equation. However, when fluctuations in enzymatic reaction rates are not neglectable, the Hill function must be derived, considering all the involved stochastic reactions. In this work, we derived the stochastic version of the Hill function from ",http://arxiv.org/abs/2307.03057v4,arXiv
Stochastic dynamics and ribosome-RNAP interactions in Transcription-Translation Coupling,"Xiangting Li, Tom Chou",arXiv,2026-07-08,"Under certain cellular conditions, transcription and mRNA translation in prokaryotes appear to be ""coupled,"" in which the formation of mRNA transcript and production of its associated protein are temporally correlated. Such transcription-translation coupling (TTC) has been evoked as a mechanism that speeds up the overall process, provides protection during the transcription, and/or regulates the t",http://arxiv.org/abs/2207.04568v1,arXiv
Coronavirus RNA Sensor Using Single-Stranded DNA Bonded to Sub-Percolated Gold Films on Monolayer Graphene Field-Effect Transistors,"Nicholas E. Fuhr, Mohamed Azize, David J. Bishop",arXiv,2026-07-08,"Electrical detection of messenger ribonucleic acid (mRNA) is a promising approach to enhancing transcriptomics and disease diagnostics because of its sensitivity, rapidity, and modularity. Reported here is a fast SARS-CoV-2 mRNA biosensor (<1 minute) with a limit of detection of 1 aM, and dynamic range of 4 orders of magnitude and a linear sensitivity of 22 mV per molar decade. These figures of me",http://arxiv.org/abs/2205.05143v1,arXiv
Deep learning models for predicting RNA degradation via dual crowdsourcing,"Hannah K. Wayment-Steele, Wipapat Kladwang, Andrew M. Watkins",arXiv,2026-07-08,"Messenger RNA-based medicines hold immense potential, as evidenced by their rapid deployment as COVID-19 vaccines. However, worldwide distribution of mRNA molecules has been limited by their thermostability, which is fundamentally limited by the intrinsic instability of RNA molecules to a chemical degradation reaction called in-line hydrolysis. Predicting the degradation of an RNA molecule is a ke",http://arxiv.org/abs/2110.07531v2,arXiv
Coagulapathies after vaccination against SARS-CoV-2 may be derived from a combination effect of SARS-CoV-2 spike protein and adenovirus vector-triggered signaling pathways,Ralf Kircheis,arXiv,2026-07-08,"The novel coronavirus SARS-CoV-2 has resulted in a global pandemic with worldwide 6-digital infection rates and thousands death tolls daily. Enormeous effords are undertaken to achieve high coverage of immunization in order to reach herd immunity to stop spreading of SARS-CoV-2 infection. Several SARS-CoV-2 vaccines, based either on mRNA, viral vectors, or inactivated SARS-CoV-2 virus have been ap",http://arxiv.org/abs/2109.00089v1,arXiv
Off-Target activity as a Translational Barrier in Programmable Gene-Editing Strategies for Nontuberculous Mycobacteria: Narrative Review.,"Raj D Daniel, Maurya Anand Kumar, Singh Jitendra",Maedica,2026-07-08,"To review the clinical and translational implications of off-target activity associated with clustered regularly interspaced short palindromic repeats (CRISPR)-based approaches in nontuberculous mycobacteria (NTM) and discuss current strategies aimed at specificity and safety. The relevant published literature on the application of CRISPR-Cas systems, including Cas9, Cas12a and CRISPR interference",https://pubmed.ncbi.nlm.nih.gov/42416743/,PubMed
The pigment-dispersing factor receptor (PDFR) gene is involved in circadian rhythm and moulting in Hyphantria cunea.,"Li Xue, Zhao Ge, Zhao Rongxia",Insect molecular biology,2026-07-08,"The pigment-dispersing factor neuropeptide receptor (PDFR) has a key role in establishing and maintaining the circadian rhythm, such as reproductive behaviour and ecdysone biosynthesis in numerous insect species. However, the functions of the PDFR gene are still unknown in Hyphantria cunea. In this study, the expression level of the HcPDFR gene during the 6th instar stage of larvae is higher than ",https://pubmed.ncbi.nlm.nih.gov/42415339/,PubMed
Computational Toxicology Prioritization of CYP3A4 and DPP7 as Candidate Triclosan-Relevant Molecular Targets in Ulcerative Colitis.,"Wang Jiafeng, Jiang Songsong, Zhang Yingying",Toxicology mechanisms and methods,2026-07-08,"Triclosan (TCS), a synthetic broad-spectrum antimicrobial classified as a novel persistent organic pollutant, is detected in over 75% of human urine samples, yet its molecular targets in ulcerative colitis (UC) remain uncharacterized at a systems level. We integrated network toxicology, multi-cohort machine learning, molecular docking, 100-ns all-atom molecular dynamics (MD) simulation, and single",https://pubmed.ncbi.nlm.nih.gov/42414864/,PubMed
Unraveling the dual roles of MICAL2 in skeletal muscle physiology and fusion negative rhabdomyosarcoma tumor progression.,"Wang Ashley, Giarratana Nefele, Cassiman Simen",Cell death & disease,2026-07-08,"Rhabdomyosarcoma (RMS) is a prevalent soft tissue sarcoma in pediatric populations characterized by dysregulated myogenesis and limited treatment options. Notably, fusion negative RMS (FN-RMS) constitutes the predominant subtype in pediatric patients and commonly harbors RAS mutations, resulting in uncontrolled cell proliferation and invasion. To date, the precise molecular determinants underlying",https://pubmed.ncbi.nlm.nih.gov/42414270/,PubMed
ChAHP silences SINE retrotransposons by inhibiting TFIIIB recruitment.,"Schnabl-Baumgartner Jakob, Mohn Fabio, Schwaiger Michaela",Molecular cell,2026-07-08,"Short interspersed nuclear elements (SINEs) are abundant non-autonomous transposable elements derived from RNA polymerase III (POL III)-transcribed short non-coding RNAs. SINEs retain sequence features recognized by the POL III machinery and constitute a substantial portion of vertebrate genomes. Despite their impact on genome stability and evolution, the mechanisms governing SINE transcription re",https://pubmed.ncbi.nlm.nih.gov/42413492/,PubMed
LncRNAs at the Crossroads of Breast Cancer Metastasis: Emerging Mechanisms and Therapeutic Prospects.,"Dey Arnab, Vagdevi Kuppa Sree, Singh Mohini","MicroRNA (Shariqah, United Arab Emirates)",2026-07-08,"Breast cancer metastasis is one of the leading causes of cancer-related mortality in women, which occurs through an intricate molecular network and cellular events. Over time, lncRNAs have emerged as an important regulator of metastatic progression. These RNAs affect important processes including EMT, ECM remodelling, angiogenesis, immune evasion, and can-cer stemness. LncRNAs regulate this proces",https://pubmed.ncbi.nlm.nih.gov/42411072/,PubMed
Developing and validating a SNARE-based prognostic model to forecast outcomes and immune microenvironment in lung squamous cell carcinoma.,"Chen Qingqing, Wang Jian, Wu Xiaoting",Medicine,2026-07-08,"SNARE-related genes (SRGs), which mediate membrane fusion events, play critical roles in the development and advancement of cancer. The aim of this research was to develop a prognostic signature based on SRGs for lung squamous cell carcinoma (LUSC) and assess the biological functions of associated SRGs. Transcriptomic and clinical data for LUSC were obtained from public databases. Least absolute s",https://pubmed.ncbi.nlm.nih.gov/42410787/,PubMed
Doublesex gene influences sex differentiation and embryonic development in predatory mite Phytoseiulus persimilis.,"Cheng Yuanyuan, Wang Zhenhui, Wang Endong",Pest management science,2026-07-08,"Phytoseiulus persimilis is an effective biocontrol agent characterized by paternal genome elimination (PGE), an unusual reproductive system in which males eliminate the paternal genome during embryogenesis. However, the molecular mechanism underlying sex determination and reproductive regulation in this species remain poorly understood. Transcriptome-based analyses identified two doublesex (dsx) h",https://pubmed.ncbi.nlm.nih.gov/42410731/,PubMed
Sec8 and Myo15 regulate epidermal chitin synthase localization and cuticular chitin biosynthesis.,"Zhu Weixing, Beck Marius, Merzendorfer Hans",Insect biochemistry and molecular biology,2026-07-08,"Chitin synthase 1 (Chs1) is an integral membrane β-1,4-glycosyltransferase that catalyzes chitin biosynthesis, which is essential for insect cuticle formation. Proper localization of Chs1 to the apical plasma membrane of epidermal cells is critical for chitin deposition in the cuticle; however, the mechanisms regulating this localization remain unclear. Here, using TurboID-based proximity biotinyl",https://pubmed.ncbi.nlm.nih.gov/42409082/,PubMed
"Nonstandard viral genomes as engines of viral evolution: ecological roles, evolutionary consequences, and insights from mathematical modeling.","Elena Santiago F, Hillung Julia, Tomás Lázaro J",Current opinion in virology,2026-07-08,"Nonstandard viral genomes (nsVGs) are heritable viral genomic forms that differ from the canonical full-length genome through structural rearrangements such as deletions, duplications, copy-back/snap-back structures, or recombination. This definition is genomic rather than functional: some nsVGs are defective, some interfere with helper virus replication, and others may be neutral, conditionally b",https://pubmed.ncbi.nlm.nih.gov/42407226/,PubMed
Genetic Biosensor for Optimizing Double-Stranded RNA Production by Bacteria.,"Navarro-Escalante Lucio, VanDieren Anthony J, Barrick Jeffrey E",ACS synthetic biology,2026-07-08,Bacteria can be engineered to produce double-stranded RNA (dsRNA) molecules that induce a targeted RNA interference (RNAi) response in plants and animals for applications ranging from pest control to functional genomics. We developed a genetically encoded sensor that uses bimolecular fluorescence complementation to report relative dsRNA levels within bacterial cells. We tested sensor designs consi,https://pubmed.ncbi.nlm.nih.gov/42406466/,PubMed
Mechanistic insights into transcriptional regulation of ARHGAP36 expression identify a factor predictive of neuroblastoma survival.,"Havrylov Serhiy, Gamper Armin M, Lehmann Ordan J",eLife,2026-07-08,"Cancer repeatedly exploits attributes fundamental for morphogenesis to advance malignancy and metastasis. This is illustrated by lineage-specific transcription factors that regulate neural crest migration, representing frequent drivers of malignancy. One such example is the ",https://pubmed.ncbi.nlm.nih.gov/42405753/,PubMed
"Transcriptomic resources and functional validation of RNAi in the cabbage seedpod weevil, Ceutorhynchus obstrictus.","Sabnis Apurva Vikas, Kallavus Triin, Avila Dos Santos Éricmar",Pest management science,2026-07-08,"The cabbage seedpod weevil (CSW) (Ceutorhynchus obstrictus) is a major pest of oilseed rape (Brassica napus). Current management depends heavily on broad-spectrum synthetic insecticides due to limited effectiveness of alternative methods. However, this reliance is becoming unsustainable as regulatory withdrawals reduce available active ingredients and resistance diminishes their efficacy, highligh",https://pubmed.ncbi.nlm.nih.gov/42402756/,PubMed
Inverse co-variation of circulating PIWIL2 and PIWIL4 in gastric adenocarcinoma: an exploratory ELISA-based study.,"Abuladze Mariam, Kekelia Elene, Cree Ian Alexander",Clinical proteomics,2026-07-08,"Gastric cancer is characterized by substantial molecular heterogeneity, and RNA-mediated regulatory mechanisms may contribute to its biological complexity. PIWI-family proteins are central components of the PIWI-interacting RNA pathway, but their circulating patterns in gastric adenocarcinoma remain insufficiently characterized. This study aimed to describe circulating PIWIL1, PIWIL2, and PIWIL4 p",https://pubmed.ncbi.nlm.nih.gov/42402549/,PubMed
A receptor-Fc based SFV replicon Trim-Away platform for targeted viral protein degradation.,"Han Yiming, Dong Qisheng, Tian Zhen",Virology journal,2026-07-08,"Developing effective antiviral strategies is urgently needed during global viral pandemics. Traditional approaches, including small-molecule inhibitors, neutralizing antibodies, and RNA interference (RNAi), often face challenges such as drug resistance, limited specificity, and inefficient delivery. These limitations highlight the pressing need for innovative strategies focused on the targeted deg",https://pubmed.ncbi.nlm.nih.gov/42401976/,PubMed
Integrated comparative genomic and transcriptomic analysis reveals a wsv249 mutation drives enhanced pathogenicity in white spot syndrome virus.,"Puttirungroj Pattama, Kawato Satoshi, Mwamburi Samuel Mwakisha",Scientific reports,2026-07-08,"Despite causing catastrophic losses across shrimp-farming regions worldwide, the molecular determinants that drive virulence differences among WSSV isolates remain poorly understood. Despite the remarkable conservation of WSSV genomes, outbreaks frequently exhibit differences in virulence among virus isolates. However, the molecular determinants underlying these differences remain unclear. This st",https://pubmed.ncbi.nlm.nih.gov/42401682/,PubMed
Zmlaccase2 is essential for cuticle pigmentation and development in the edible beetle Zophobas morio.,"Cheng Yumeng, Liang Xiaofang, Dai Huiling",International journal of biological macromolecules,2026-07-08,"Laccase2 is a multicopper oxidase that plays a central role in insect cuticle tanning and sclerotization, yet its molecular characteristics and biological functions remain poorly understood in the edible beetle superworm Zophobas morio. In this study, the laccase2 homolog, Zmlaccase2, was identified and functionally characterized in Z. morio. Sequence analysis revealed conserved multicopper oxidas",https://pubmed.ncbi.nlm.nih.gov/42401413/,PubMed
Knockdown of Chimeric RNA by RNAi.,"Cheng Liang, Lu XiaoLe, Yang Chenwei","Methods in molecular biology (Clifton, N.J.)",2026-07-08,Knockdown experiments are commonly employed to examine the functions of a gene of interest. A group of well-known techniques known as RNA interference (RNAi) is used to lower the expression of a target gene by using short hairpin RNAs (shRNAs) or short interfering RNAs (siRNAs) to degrade the target gene's mRNA. The issues associated with chimeric RNA knockdown differ from those associated with tr,https://pubmed.ncbi.nlm.nih.gov/42400796/,PubMed
Antisense Oligonucleotide-Mediated Chimeric RNA Knockdown.,"Tajammal Anam, Do Katie, Li Hui","Methods in molecular biology (Clifton, N.J.)",2026-07-08,"Knockdown assays aim to silence the expression of a target gene. By reducing expression of a gene, researchers can investigate the gene's function in biological processes. Common knockdown assays use RNA interference (RNAi) to reduce gene expression by degrading its mRNA. However, RNAi requires the use of double-stranded RNA to target mature mRNA transcripts. Antisense oligonucleotides (ASO) offer",https://pubmed.ncbi.nlm.nih.gov/42400795/,PubMed
Bayesian Sampling of Structural Ensembles: The Role of Ensemble-Counting Measures,"Ivan Gilardoni, Giovanni Bussi",arXiv,2026-07-08,"Structural ensemble refinement is widely used to integrate molecular simulations with experimental measurements. While most applications focus on the maximum-a-posteriori (MAP) ensemble, Bayesian sampling of the posterior distribution can provide uncertainty estimates and posterior averages for arbitrary observables. A notable step in this direction was introduced by the Bayesian Energy Landscape ",http://arxiv.org/abs/2606.18495v1,arXiv
MultiMolecule: a modular ecosystem for biomolecular sequence-model workflows,Zhiyuan Chen,arXiv,2026-07-08,"Biomolecular sequence models are increasingly reused outside the studies in which they were introduced, but public checkpoints rarely preserve the execution context needed to inspect source-defined behavior, adapt models to new assays, compare models under shared task definitions or deploy biological predictions. MultiMolecule is an open-source Python ecosystem that turns heterogeneous RNA, DNA an",http://arxiv.org/abs/2606.16540v1,arXiv
The Montparnasse Algorithm for RNA Design,Tristan Cazenave,arXiv,2026-07-08,"RNA design consists of discovering a nucleotide sequence that optimizes predefined criteria, such as secondary structure. It is useful for synthetic biology, medicine, and nanotechnology. We propose Montparnasse, a Monte Carlo search framework based on Generalized Nested Rollout Policy Adaptation, augmented with a problem-specific prior, slow and long adaptation at level 1, and a lexicographic mul",http://arxiv.org/abs/2606.07562v1,arXiv
Multimodal Alignment and Preference Optimization for Zero-Shot Conditional RNA Generation,"Roman Klypa, Alberto Bietti, Sergei Grudinin",arXiv,2026-07-08,"The design of RNA molecules that interact with specific proteins is a critical challenge in experimental and computational biology. Despite recent progress in natural language modeling and deep learning-based protein design, there remains significant room to improve the frequency of successful interactions and the authenticity of generated sequences for functional applications. In this work, we fr",http://arxiv.org/abs/2605.23961v1,arXiv
"GoForth: Language Models for RNA Design under Structure, Sequence, and Coding Constraints",Michael Lindsey,arXiv,2026-07-08,"RNA inverse sequence design has broad biological and engineering applications, but computational methods for practical design queries remain limited. Such queries may impose several constraints at once, including target folds or motifs, fixed bases, and coding restrictions, while leaving arbitrary sequence and structure in unspecified regions. Because these constraints may permit many acceptable s",http://arxiv.org/abs/2605.07608v1,arXiv
Bayesian Rate Inference for Sequence Motif Dynamics in Systems of Reactive Nucleic Acids,"Johannes Harth-Kitzerow, Ulrich Gerland, Torsten A. Enßlin",arXiv,2026-07-08,"The RNA world hypothesis suggests a pathway of how life emerged on early earth. It assumes that life started with RNA based systems, capable of storing, transmitting and replicating information, envisioning that monomers and short RNA oligomers interact to form longer strands, eventually becoming catalytically active ribozymes. Key reactions in RNA pools are hybridization, dehybridization, templat",http://arxiv.org/abs/2604.25701v2,arXiv
VARIANT: Web Server for Decoding and Analyzing Viral Mutations at Genome and Protein Levels,"Rui Wang, Xuhang Dai, Xin Cao",arXiv,2026-07-08,"A comprehensive analysis of viral mutations is essential for understanding viral evolution, disease epidemiology, diagnosis, drug resistance, etc. However, challenges remain in capturing complex mutation patterns and supporting diverse viral families with varying genome architectures. To address these needs, we present VARIANT, an web server for mutational analysis of RNA viral genomes and associa",http://arxiv.org/abs/2604.20942v1,arXiv
Interfacial Potential Transduction for Diagnostics,"Hyun-June Jang, Peuli Nath, Yuqin Wang",arXiv,2026-07-08,"A major barrier to decentralized, near-patient diagnostics is the lack of a signal transduction modality that is both analytically precise and accessible at the point of care. Optical readouts remain instrument-dependent and difficult to miniaturize, while compact electrochemical readouts are prone to matrix-derived signal distortion, limiting their biomarker coverage in real clinical settings. He",http://arxiv.org/abs/2603.23775v1,arXiv
ZeroFold: Protein-RNA Binding Affinity Predictions from Pre-Structural Embeddings,"Josef Hanke, Sebastian Pujalte Ojeda, Shengyu Zhang",arXiv,2026-07-08,"The accurate prediction of protein-RNA binding affinity remains an unsolved problem in structural biology, limiting opportunities in understanding gene regulation and designing RNA-targeting therapeutics. A central obstacle is the structural flexibility of RNA, as, unlike proteins, RNA molecules exist as dynamic conformational ensembles. Thus, committing to a single predicted structure discards in",http://arxiv.org/abs/2603.23583v1,arXiv
Computational modeling of RNA-protein binding interactions under an external force,"Danielle Wampler, Ralf Bundschuh",arXiv,2026-07-08,"RNA binding proteins play a crucial role in post-transcriptional gene regulation by controlling the transport, processing, and translation of their target RNAs. Post-transcriptional gene regulation leads to the differential expression of genetic material and loss of regulation or over-regulation relates to a large range of cancers and diseases - many of which have directly been associated with RNA",http://arxiv.org/abs/2603.22269v1,arXiv
Fair splits flip the leaderboard: CHANRG reveals limited generalization in RNA secondary-structure prediction,"Zhiyuan Chen, Zhenfeng Deng, Pan Deng",arXiv,2026-07-08,"Accurate prediction of RNA secondary structure underpins transcriptome annotation, mechanistic analysis of non-coding RNAs, and RNA therapeutic design. Recent gains from deep learning and RNA foundation models are difficult to interpret because current benchmarks may overestimate generalization across RNA families. We present the Comprehensive Hierarchical Annotation of Non-coding RNA Groups (CHAN",http://arxiv.org/abs/2603.22330v1,arXiv
Reverse Distillation: Consistently Scaling Protein Language Model Representations,"Darius Catrina, Christian Bepler, Samuel Sledzieski",arXiv,2026-07-08,"Unlike the predictable scaling laws in natural language processing and computer vision, protein language models (PLMs) scale poorly: for many tasks, models within the same family plateau or even decrease in performance, with mid-sized models often outperforming the largest in the family. We introduce Reverse Distillation, a principled framework that decomposes large PLM representations into orthog",http://arxiv.org/abs/2603.07710v1,arXiv
Fast and Versatile RNA Design via Motif-level Divide-and-Conquer and Structure-level Rival Search,"Tianshuo Zhou, David H. Mathews, Liang Huang",arXiv,2026-07-08,"RNA design aims to identify RNA sequences that fold into a target secondary structure. This task is challenging in terms of computational efficiency. Most existing methods focus on either minimum free energy (MFE)-based or ensemble-based metrics, leaving a gap for a unified approach that performs well across both. We introduce a fast and versatile RNA design algorithm inspired by our previous work",http://arxiv.org/abs/2603.02283v1,arXiv
CryoNet.Refine: A One-step Diffusion Model for Rapid Refinement of Structural Models with Cryo-EM Density Map Restraints,"Fuyao Huang, Xiaozhu Yu, Kui Xu",arXiv,2026-07-08,"High-resolution structure determination by cryo-electron microscopy (cryo-EM) requires the accurate fitting of an atomic model into an experimental density map. Traditional refinement pipelines such as Phenix.real_space_refine and Rosetta are computationally expensive, demand extensive manual tuning, and present a significant bottleneck for researchers. We present CryoNet.Refine, an end-to-end dee",http://arxiv.org/abs/2602.22263v2,arXiv
CPTCs Drive Somatic-Visceral Communication via the Wnt Axis in Somatic Mechanotherapy: A Single-Cell Deep Learning Study,"Haixiang Huang, Zhenwei Zhang, BingBing Shen",arXiv,2026-07-08,"Somatic mechanical stimulation (e.g., acupuncture) exerts systemic immunomodulatory effects, yet the cellular bridge translating peripheral physical force into visceral repair remains elusive. Here, employing a custom interpretable deep learning framework (CARSS) on single-cell RNA sequencing data, we identify CD34$^{+}$PDGFR$α$$^{+}$ telocytes (CPTCs) as the primary mechanosensors in both fascia ",http://arxiv.org/abs/2602.05451v2,arXiv
Tensor-DTI: Enhancing Biomolecular Interaction Prediction with Contrastive Embedding Learning,"Manel Gil-Sorribes, Júlia Vilalta-Mor, Isaac Filella-Mercè",arXiv,2026-07-08,"Accurate drug-target interaction (DTI) prediction is essential for computational drug discovery, yet existing models often rely on single-modality predefined molecular descriptors or sequence-based embeddings with limited representativeness. We propose Tensor-DTI, a contrastive learning framework that integrates multimodal embeddings from molecular graphs, protein language models, and binding-site",http://arxiv.org/abs/2601.05792v1,arXiv
MERGE-RNA: a physics-based model to predict RNA secondary structure ensembles with chemical probing,"Giuseppe Sacco, Jianhui Li, Redmond P. Smyth",arXiv,2026-07-08,"RNA function is tied to secondary structure, operating through dynamic and heterogeneous structural ensembles. While current analysis tools typically output single static structures or averaged contact maps, chemical probing methods like DMS capture nucleotide-resolution signals representing the full structural ensemble, which remain difficult to interpret structurally. To address this, we present",http://arxiv.org/abs/2512.20581v3,arXiv
Methods for Analyzing RNA Pseudoknots via Chord Diagrams and Intersection Graphs,"Rayan Ibrahim, Allison H. Moore",arXiv,2026-07-08,"RNA molecules are known to form complex secondary structures including pseudoknots. A systematic framework for the enumeration, classification and prediction of secondary structures is critical to determine the biological significance of the molecular configurations of RNA. Chord diagrams are mathematical objects widely used to represent RNA secondary structures and to analyze structural motifs, h",http://arxiv.org/abs/2512.19939v1,arXiv
Machine learning for RNA-targeting drug design,"Wissam Karroucha, Carlos Oliver, Veronique Stoven",arXiv,2026-07-08,"Targeting RNA with small molecules offers significant therapeutic potential.
  Machine learning could substantially accelerate preclinical drug discovery, from hit identification to lead optimization.
  Yet a fundamental limitation emerges: drug design machine learning models, tailored for proteins, are not readily applicable to RNAs because of fundamental differences between RNAs and proteins in ",http://arxiv.org/abs/2512.15645v1,arXiv
Combined Serum Expression of lncRNA CBR3-AS1 and miR-3163: Prognostic Significance and Underlying Mechanism in Severe Pneumonia.,"Liu Chao, Li Meie, Yang Junfa",The clinical respiratory journal,2026-07-08,"Severe pneumonia (SP) is a life-threatening pulmonary infection characterized by high morbidity, frequent complications, and elevated mortality, with rising global incidence in recent years. This study investigated the prognostic value and molecular mechanisms of lncRNA CBR3-AS1 (CBR3-AS1) in patients with SP. CBR3-AS1 and miR-3163 levels were evaluated by real-time quantitative polymerase chain r",https://pubmed.ncbi.nlm.nih.gov/42415233/,PubMed
LncRNA AP000654.1 attenuates cerebral ischemia-reperfusion injury by regulating mitophagy-mediated NLRP3 inflammasome activation.,"Zhang Chi, Cui Yixiang, Zhang Zhaojing",Journal of translational medicine,2026-07-08,"Ischemic stroke (IS) remains a leading cause of disability worldwide, and its therapeutic window is very narrow. Ischemia-reperfusion injury exacerbates secondary brain damage. Microglial NLRP3 inflammasome activation drives neuroinflammation, yet its upstream regulation requires further elucidation. We previously identified lncRNA AP000654.1 as significantly downregulated in the peripheral blood ",https://pubmed.ncbi.nlm.nih.gov/42415068/,PubMed
miR169f regulation by lncRNA LASSO fine-tunes JA-dependent root immunity in rice.,"Xu Xing, Matthys Jasper, De Meyer Tim",The New phytologist,2026-07-08,"Root immunity is vital for defending plants against soilborne pathogens, yet the regulatory mechanisms underlying this process remain incompletely understood. Here, we characterize a novel regulatory module comprising the long non-coding RNA LASSO, microRNA miR169f, and the transcription factor NF-YA1 that regulates rice root immunity. miR169f overexpression lines were generated and investigated u",https://pubmed.ncbi.nlm.nih.gov/42414869/,PubMed
Hypoxia-induced exosomal LNCOC1 orchestrates bladder cancer progression via the YBX1/PIK3CA axis and serves as a potential liquid biopsy biomarker.,"Xu Haoxiang, Yang Chenglin, Fu Qiangfeng","Cellular oncology (Dordrecht, Netherlands)",2026-07-08,"Bladder cancer (BCa) is a prevalent genitourinary malignancy characterized by limited specific diagnostic and therapeutic options. Although hypoxia is known to drive tumor progression via exosome-mediated communication, the specific oncogenic roles of hypoxia-induced exosomal long non-coding RNAs (lncRNAs) remain poorly elucidated. Here, we profiled exosomes from normoxic and hypoxic BCa cells usi",https://pubmed.ncbi.nlm.nih.gov/42414832/,PubMed
Retina-specific long non-coding RNAs associated with inherited retinal disease genes.,"Delanote Emma, Ruiz-Ceja Karla Alejandra, Dueñas Rey Alfredo",Cellular and molecular life sciences : CMLS,2026-07-08,"Long non‑coding RNAs (lncRNAs) are increasingly recognized as important regulatory molecules, yet their roles remain largely unexplored in many tissues. This study aimed to identify and characterize lncRNAs involved in human retinal biology and inherited retinal disease (IRD), a leading cause of blindness worldwide. By integrating retinal tissue-specificity, location in IRD gene topologically asso",https://pubmed.ncbi.nlm.nih.gov/42414676/,PubMed
Exosomal lncRNA-miRNA-mRNA regulatory axis may drive inflammation in polycystic ovary syndrome.,"Adhami Kamand, Karimian Mohammad, Karimian Zahra",Scientific reports,2026-07-08,"Polycystic ovary syndrome (PCOS) is one of the most prevalent endocrine disorders in reproductive-aged women and is associated with reproductive dysfunction, metabolic abnormalities, and chronic low-grade inflammation. Emerging evidence highlights the role of circulating exosomal inflammatory cytokines and non-coding RNAs (ncRNAs) in PCOS pathogenesis. This case-control study aimed to investigate ",https://pubmed.ncbi.nlm.nih.gov/42414504/,PubMed
LncPTEC mediated homocysteine accumulation elevates oxidative stress via UBQLN1-dependent MTHFD1 ubiquitination in DKD.,"Wang Qijia, Wu Tianhui, Li Peiling",Cell death & disease,2026-07-08,"Diabetic kidney disease (DKD) is a leading cause of end-stage kidney disease and chronic kidney disease. Oxidative stress, a key driver of renal fibrosis and a hallmark of DKD pathological changes, has been extensively studied for its role in DKD progression. However, its specific mechanisms remain unclear. Here, we show that homocysteine (Hcy) accumulation in proximal tubular epithelial cells (PT",https://pubmed.ncbi.nlm.nih.gov/42414264/,PubMed
Elektra-Qki and Alien-Wt1 lncRNA-protein interaction controls myocardial ion channel expression and epicardial EMT during heart development in mice.,"Caño-Carrillo Sheila, Lozano-Velasco Estefanía, Franco Diego",Cellular and molecular life sciences : CMLS,2026-07-08,"The heart is the first organ to develop during embryogenesis and its development relies on coordinated interactions between the myocardium and the embryonic epicardium (EE), the third layer of the heart derived from the proepicardium (PE). A subset of epicardial cells undergoes an epithelial-to-mesenchymal transition (EMT), invades the subepicardial space and leads to epicardial-derived cells (EPD",https://pubmed.ncbi.nlm.nih.gov/42412164/,PubMed
"Biological significance and regulatory networks of mRNAs, lncRNAs, and circRNAs in human periodontal ligament tissues induced by orthodontic tooth movement.","Tu Shaoqin, Wang Yuxuan, Feng Yi",European journal of orthodontics,2026-07-08,"Orthodontic tooth movement (OTM) is a dynamic biological process driven by mechanically induced tissue remodeling. The transcriptional regulators, particularly the noncoding RNAs in human tissues remains limited. This study employs RNA sequencing and bioinformatics to analyze the transcriptomic profile at day 7 of OTM, and to identify potential regulatory factors associated with mechanical stimulu",https://pubmed.ncbi.nlm.nih.gov/42412002/,PubMed
"The Dual Role of Non-Coding RNAs in Regulating HSC and MSC Fate: Modulating Survival, Death, and Intercellular Communication.",Alfaifi Mohammed,Clinical laboratory,2026-07-08,Non-coding RNAs (ncRNAs) play crucial roles in regulating hematopoietic and mesenchymal stem cells skewing towards regenerative or modulating commitment. There is gap in understanding how ncRNAs regulate diverse pathways that offer new opportunities for therapeutic targeting in regenerative medicine and disease management. The current review examines the dual regulatory mechanisms of ncRNAs in ste,https://pubmed.ncbi.nlm.nih.gov/42411668/,PubMed
LncRNA Mirt2 Attenuates Osteoarthritis Progression by Promoting miR-429/TBK1-Mediated Autophagy.,"Zhang Jian-Xin, Li Zheng, Yang Ping","Immunity, inflammation and disease",2026-07-08,"Osteoarthritis (OA) is a chronic and degenerative joint disorder that is prevalent in middle-aged and older populations. While several long non-coding RNAs (lncRNAs) have been implicated in OA progression, the role of lncRNA Mirt2 and its regulatory mechanisms remain unclear. The expression of lncRNA Mirt2, miR-429, and TANK-binding kinase 1 (TBK1) was detected using qRT-PCR in normal and OA carti",https://pubmed.ncbi.nlm.nih.gov/42411048/,PubMed
Placental defects revealed by modelling PWS in mice.,"Webberley Anna E, Boque-Sastre Raquel, Bailey Lauren",Disease models & mechanisms,2026-07-08,"The neurodevelopmental disorder Prader-Willi syndrome (PWS) is caused by loss of paternally-derived gene expression from the imprinted interval on chromosome 15q11-q13. Recently, it has been suggested that the abnormal feeding-related behaviours characteristic of PWS may, in part, be developmentally programmed in utero via abnormal placental function. Here we report that several PWS-genes are expr",https://pubmed.ncbi.nlm.nih.gov/42411013/,PubMed
Identification of differentially expressed lncRNAs in different daily weight gains of Jiangquan black pigs and functional analysis of LOC100518120.,"Huang Jingsen, Cao Hongzhen, Jin Xinlin",BMC genomics,2026-07-08,"Jiangquan black pig is a novel breed under development, characterized by rapid growth, high-quality meat, strong stress resistance, and high reproductive performance. However, the molecular mechanisms underpinning their muscle development remain poorly characterized. To address this gap, we conducted whole-transcriptome RNA-seq on longissimus dorsi muscle samples from Jiangquan black pigs with div",https://pubmed.ncbi.nlm.nih.gov/42410520/,PubMed
LMNTD2-AS1 promotes esophageal squamous cell carcinoma progression by sponging miR-449b-5p to upregulate MYCN.,"Wusiman Rukeyeguli, Chang Zhenhong, Yang Feng",World journal of surgical oncology,2026-07-08,"Esophageal squamous cell carcinoma (ESCC) remains a significant part of the global health burden, increasing the need to make its molecular basis clear in regard to therapeutic development. This study focuses on the long non-coding RNA LMNTD2-AS1 and its regulatory network in ESCC. The expression level of LMNTD2-AS1 in clinical specimens and selected cell lines was quantified using quantitative RT",https://pubmed.ncbi.nlm.nih.gov/42410452/,PubMed
Construction and validation of a lncRNA/circRNA-miRNA-mRNA ceRNA network in allergic rhinitis pathogenesis.,"Zhang Shaojie, Ban Molu, Wang Rong",BMC medical genomics,2026-07-08,"The lncRNA/circRNA-miRNA-mRNA interaction constructs a competing endogenous RNAs (ceRNAs) network, which is closely related to inflammation. However, their roles in allergic rhinitis (AR) remain unclear. In this study, we investigated the regulatory role of ceRNA networks in AR pathogenesis by analyzing long non-coding RNAs (lncRNAs) and circular RNAs (circRNAs), then constructing a lncRNA/circRNA",https://pubmed.ncbi.nlm.nih.gov/42410433/,PubMed
Functional CRISPR screens reveal TPL1 lncRNA as a regulator of triple-negative breast cancer hallmarks.,"Elango Ramesh, Ramnarayanan Sunandini, Vishnubalaji Radhakrishnan",Journal of advanced research,2026-07-08,"Despite the rapidly expanding catalog of long noncoding RNAs (lncRNAs), the functional roles of most remain poorly characterized in cancer. In triple-negative breast cancer (TNBC), an aggressive subtype with limited targeted treatment options, defining lncRNA-associated molecular mechanisms could uncover novel therapeutic vulnerabilities. This study aimed to systematically identify TNBC-enriched l",https://pubmed.ncbi.nlm.nih.gov/42409165/,PubMed
Association of Serum lncRNA CASC11 with Injury Severity and Inflammation in Spinal Cord Injury.,"Hu Xueyan, Wang Lili, Ji Yuhui",Journal of visualized experiments : JoVE,2026-07-08,"Spinal cord injury (SCI) is a severe central nervous system trauma. This single-center, observational and in vitro study investigated the diagnostic potential of CASC11 and its possible regulatory mechanism in SCI using clinical serum samples and lipopolysaccharide-stimulated cell models. CASC11, miR-130b-5p, and SPP1 levels were measured by real-time quantitative polymerase chain reaction (RT-qPC",https://pubmed.ncbi.nlm.nih.gov/42406829/,PubMed
Unraveling the Exosome-Derived ceRNA Network of Cartilage Injury in Kashin-Beck Disease Chondrocytes.,"Wang Chaowei, Bai Lulu, Cui Liangyu",Biological trace element research,2026-07-08,This study sought to develop and validate an exosome-derived competitive endogenous RNA (ceRNA) regulatory network in chondrocytes impacted by Kashin-Beck disease (KBD) and to elucidate its functional implications in selenium deficiency-induced cartilage damage. Exosomes were isolated from the chondrocytes of KBD patients (n = 3) and matched healthy controls (n = 3). Exosomal RNA microarrays and h,https://pubmed.ncbi.nlm.nih.gov/42406332/,PubMed
Integrated proteomic profiling and in silico miRNA and lncRNA analysis of glucose-capped fisetin silver nanoparticle-mediated cell proliferation arrest in breast cancer.,"Subhalakshmi K, Veeraraghavan Vishnu Priya, Sivagnanam Ananthi",3 Biotech,2026-07-08,"Breast cancer remains the most common cancer among women and a major cause of mortality. Fisetin, a natural compound, has demonstrated anti-cancer activity, but its limited bioavailability reduces its therapeutic effect. To overcome this, glucose-capped fisetin silver nanoparticles (GF-Ag NPs) were synthesised, and their significant impact on the MDA-MB-231 breast cancer cell line is reported. Thi",https://pubmed.ncbi.nlm.nih.gov/42404972/,PubMed
An Evaluation on the Role of Non-Coding RNA in HIV Transcription and Latency: A Review,Xiangshuai Liu,arXiv,2026-07-08,"The existence of latent cellular reservoirs is recognized as the major barrier to an HIV cure. Reactivating and eliminating ""shock and kill"" or permanently silencing ""block and lock"" the latent HIV reservoir, as well as gene editing, remain promising approaches, but so far have proven to be only partially successful. Moreover, using latency reversing agents or ""block and lock"" drugs pose additiona",http://arxiv.org/abs/2502.06107v1,arXiv
"Blood-derived lncRNAs as potential biomarkers for early cancer diagnosis: The Good, the Bad and the Beauty","Cedric Badowski, Bing He, Lana X Garmire",arXiv,2026-07-08,Cancer ranks as one of the deadliest diseases worldwide. The high mortality rate associated with cancer is partially due to the lack of reliable early detection methods and/or inaccurate diagnostic tools such as certain protein biomarkers. Cell-free nucleic acids (cfNA) such as circulating long non-coding RNAs (lncRNAs) have recently been proposed as a new class of potential biomarkers that could ,http://arxiv.org/abs/2109.11746v1,arXiv
BPPart and BPMax: RNA-RNA Interaction Partition Function and Structure Prediction for the Base Pair Counting Model,"Ali Ebrahimpour-Boroojeny, Sanjay Rajopadhye, Hamidreza Chitsaz",arXiv,2026-07-08,"RNA-RNA interaction (RRI) is ubiquitous and has complex roles in the cellular functions. In human health studies, miRNA-target and lncRNAs are among an elite class of RRIs that have been extensively studied. Bacterial ncRNA-target and RNA interference are other classes of RRIs that have received significant attention. In recent studies, mRNA-mRNA interaction instances have been observed, where bot",http://arxiv.org/abs/1904.01235v2,arXiv
Breaking the vicious cycle of impaired angiogenesis and chronic inflammation in diabetic wounds: a bioengineered microneedle system delivering RGD-modified M2 exosomes.,"Wang HongYu, Wei BaoHua, Wang BaiShi",Burns & trauma,2026-07-08,Persistent local tissue hypoperfusion and chronic inflammation are central challenges in diabetic wound management. The development of effective therapeutic strategies to mitigate prolonged inflammation and enhance tissue vascularization is crucial for accelerating diabetic wound healing. This study aimed to develop soluble microneedle materials that simultaneously target both aspects to improve t,https://pubmed.ncbi.nlm.nih.gov/42416355/,PubMed
Liposomal Nanoparticulate Drug Delivery Systems: Strategies to Destabilize Biological Membranes at the Target Tissue.,"Wang Jingjing, Ahmed Kamel S, Pan Patrick",International journal of nanomedicine,2026-07-08,"Liposomal nanoparticulate drug delivery systems (LNDDSs) are clinically validated nanomedicine platforms seeing regular use in oncology and infectious disease. Their applications have rapidly expanded with several tissue targeting formulations in early-phase clinical trials. Beyond small molecular drugs, LNDDSs are increasingly employed for delivery of nucleic acid therapeutics, such as ribonuclei",https://pubmed.ncbi.nlm.nih.gov/42415876/,PubMed
Towards the Enzymatic Labeling of Oligonucleotides With Triantennary N-Acetyl Galactosamine.,"Bizat Pierre Nicolas, Meron Elisa, Hovorka Hannah Simmons",Chembiochem : a European journal of chemical biology,2026-07-08,"The introduction of chemical modifications into oligonucleotides enhances backbone stability against nuclease degradation and improves biological activity. Although achieving cell-, tissue-, and organ-specific delivery remains challenging, conjugation to triantennary N-acetylgalactosamine (triGalNAc) ligands enables receptor-mediated delivery of nucleic acids to hepatocytes. TriGalNAc ligands are ",https://pubmed.ncbi.nlm.nih.gov/42415660/,PubMed
Cellular receptors and host factors mediating orthoflavivirus entry.,"Yang Shuangshuang, Zhang Meng, Yang Xingyong",Virology journal,2026-07-08,"Orthoflaviviruses are positive-sense, enveloped RNA viruses that include dengue virus (DENV), Zika virus (ZIKV), yellow fever virus (YFV), West Nile virus (WNV), and Japanese encephalitis virus (JEV). Viral entry is a multistep process governed by the envelope (E) glycoprotein, virion lipid composition, and host-cell molecules that act at distinct mechanistic stages. A major limitation of the curr",https://pubmed.ncbi.nlm.nih.gov/42415087/,PubMed
Harnessing multispecific antibodies for next-generation cancer treatments.,"Liu Wen-Qian, Zheng Xiao-Li, Fan Xing-Xing",Pharmacology & therapeutics,2026-07-08,"Multispecific antibodies (MsAbs), capable of targeting multiple antigens simultaneously, are regarded as the 2.0 version of monoclonal antibodies (mAbs), providing therapeutic benefits that significantly exceed those of mAbs. This enhanced functionality makes MsAbs a particularly promising strategy for treating solid tumors. In this comprehensive review, we summarize diverse targeting strategies, ",https://pubmed.ncbi.nlm.nih.gov/42413882/,PubMed
miR-187-3p as a Biomarker for Ischemic Stroke and the Therapeutic Target for Atherosclerosis via LOX-1 Inhibition.,"Li Lu, Huang Haoyin, Liu Dongchen",FASEB journal : official publication of the Federation of American Societies for Experimental Biology,2026-07-08,"As the primary receptor of oxidized low-density lipoprotein (ox-LDL), LOX-1 is a putative therapeutic target for atherosclerotic disorders including ischemic stroke (IS), whereas the regulatory mechanism of LOX-1 remains largely unknown in IS. We employed computational algorithms to screen candidate miRNAs, followed by integrative analysis of differentially expressed miRNA profiles derived from bl",https://pubmed.ncbi.nlm.nih.gov/42412996/,PubMed
"A piezoelectric electroporator (Piezopen) for enhanced ""naked"" RNA vaccine delivery.","Michalaki Eleftheria, Van Zanten Ananya, Najjar Jade",PloS one,2026-07-08,"Despite the success of COVID-19 mRNA vaccines, they still face challenges with high costs, complex manufacturing, off-target biodistribution, and systemic reactogenicity stemming from their inflammatory carriers: lipid nanoparticles (LNPs). While ""naked"" RNA delivery could in principle solve these issues, studies have suggested that it is infeasible due to rapid degradation by RNases and poor cell",https://pubmed.ncbi.nlm.nih.gov/42412769/,PubMed
CD4-directed nanoblades enable selective genome editing in CD4,"Van Cleemput Jolien, De Cock Maaike, Verbeek Rianne",EMBO molecular medicine,2026-07-08,"Current antiretroviral therapies suppress HIV replication but fail to eliminate integrated proviral DNA in long-lived CD4⁺ cells, precluding a cure. CRISPR-Cas9 offers potential for HIV eradication but efficient and cell-specific delivery into HIV target cells remains a major hurdle. We developed CD4-directed Nanoblades (CD4-NBs), murine leukemia virus-like particles pseudotyped with anti-CD4 nano",https://pubmed.ncbi.nlm.nih.gov/42410265/,PubMed
Efficient CRISPR-Cas9 delivery and transgene-free multiplex genome editing in plants using cymbidium mosaic virus-derived vectors.,"Huang Ying-Wen, Hu Chung-Chi, Cho Yu-Hsiu",The Plant journal : for cell and molecular biology,2026-07-08,"Virus-induced genome editing (VIGE) has become a useful method by enabling transient delivery of gene-editing reagents; however, many viral systems face limitations in cargo size, host range, or reliance on transgenic Cas9-expressing plants. In this study, we developed a cymbidium mosaic virus (CymMV)-based VIGE platform that enables simultaneous expression of Streptococcus pyogenes Cas9 (SpCas9) ",https://pubmed.ncbi.nlm.nih.gov/42409605/,PubMed
"In vivo transduction of CAR T cells: Pharmacological principles, delivery platforms, and the road to clinical translation.",Gill Saar I,"Advances in pharmacology (San Diego, Calif.)",2026-07-08,"Chimeric antigen receptor (CAR) T cell therapy has fundamentally altered the treatment landscape for hematological malignancies, yet the autologous ex vivo manufacturing process that underpins commercially available products imposes severe constraints on access, scalability, and cost. In vivo CAR T cell generation can be achieved by direct systemic administration of gene delivery vehicles engineer",https://pubmed.ncbi.nlm.nih.gov/42409473/,PubMed
Transient T cell therapies.,"Xiao Yudian, Bai Mingliang, Ang Melgious Jin Yan","Advances in pharmacology (San Diego, Calif.)",2026-07-08,"Chimeric antigen receptor (CAR) T cell therapy has achieved clinical success in hematological malignancies, but its reliance on viral vectors and complex ex vivo manufacturing poses challenges related to safety, cost, and scalability. Next-generation strategies, including universal (""off-the-shelf"") and in vivo CAR-T cell therapies, have emerged to address these limitations. The latter strategy em",https://pubmed.ncbi.nlm.nih.gov/42409472/,PubMed
METTL3-Mediated m,"Zhai Yanbin, Wang Xiaofei, Guo Wanli",Experimental cell research,2026-07-08,"Keloids are pathological scars characterized by excessive collagen deposition and fibroblast hyperactivity, yet effective therapies remain limited due to incomplete understanding of their molecular drivers. Emerging evidence implicates N",https://pubmed.ncbi.nlm.nih.gov/42409157/,PubMed
Safeguarding nanovesicles and their payload: A framework for stable storage.,"Kachanov Artyom, Brezgin Sergey, Kostyusheva Anastasiya","Colloids and surfaces. B, Biointerfaces",2026-07-08,"Recent advances in biomedical science have shifted therapeutic strategies toward biologics, nucleic acid-based medicines, and precision gene regulation, demanding equally sophisticated delivery and preservation vehicles. This shift is epitomized by the breakthrough of RNA therapeutics during the COVID-19 pandemic, which are now advancing into oncology, autoimmune disorders, and inflammatory diseas",https://pubmed.ncbi.nlm.nih.gov/42407372/,PubMed
4D force patterning enables spatial control of angiogenesis.,"Kheiri Sina, Shah Jessica, Chai Peiyuan",Proceedings of the National Academy of Sciences of the United States of America,2026-07-08,"Engineering organized microvascular networks remains a critical challenge in tissue engineering and regenerative medicine. While biochemical approaches for patterning angiogenesis via growth factor delivery have shown promise, their inability to pattern sustained growth factors with spatiotemporal control limits effectiveness. Here, we demonstrate that dynamically patterned mechanical forces enabl",https://pubmed.ncbi.nlm.nih.gov/42406945/,PubMed
MicroRNA In Metabolism-Related Fatty Liver Inflammation: Mechanisms and Clinical Translation Prospects.,"Shihao Du, Shaokang Wu, Ji Zhou",Journal of visualized experiments : JoVE,2026-07-08,"Metabolic-associated steatohepatitis (MASH) represents a growing global public health challenge. Its complex pathogenesis involves multiple pathological pathways, including lipid metabolism, inflammation, and fibrosis, yet effective specific diagnostic and therapeutic approaches remain elusive. MicroRNAs (miRNAs), as key post-transcriptional regulators, play an important role in the development an",https://pubmed.ncbi.nlm.nih.gov/42406801/,PubMed
Innate Immunity of Framework Nucleic Acids.,"Guo Linjie, Zhou Fei, Zhu Ying",Accounts of chemical research,2026-07-08,"ConspectusNucleic acid nanotechnology has fundamentally transcended the classic paradigm of DNA and RNA as passive carriers of genetic blueprints, which enables the rational design and construction of precise nanostructures with defined shapes, dynamics, and functions. This programmability has revolutionized approaches in biomedicine, facilitating breakthroughs in high-resolution molecular diagnos",https://pubmed.ncbi.nlm.nih.gov/42405833/,PubMed
PANoptosis in diabetic retinopathy: immunological insights into mechanisms and translational therapies.,"Ma Lingli, Hou Ning, Zhao Xiaoyu",Frontiers in immunology,2026-07-08,"Diabetic retinopathy (DR), a leading cause of blindness, is driven by hyperglycemia-induced neurovascular damage. Emerging evidence indicates that PANoptosis, an integrated inflammatory programmed cell death modality encompassing apoptosis, pyroptosis, and necroptosis, participates in the progression of diabetic retinal damage; however, the supporting evidence varies substantially across clinical ",https://pubmed.ncbi.nlm.nih.gov/42404883/,PubMed
"Extracellular Vesicle-Associated Non-Coding RNAs in Preeclampsia: Mechanistic Insights, Biomarker Discovery, and Emerging Nanomedicine Concepts.","Zhang Zhongsong, Du Jiahui, Chen Tianze",International journal of nanomedicine,2026-07-08,"Preeclampsia (PE) is a complex multisystem disorder that affects 2-8% of pregnancies worldwide and poses substantial risks to maternal and fetal health. Current diagnostic approaches rely largely on clinical signs and angiogenic biomarkers, and available treatments remain primarily supportive; they do not directly reverse the placental or systemic mechanisms that drive the disease. Extracellular v",https://pubmed.ncbi.nlm.nih.gov/42403533/,PubMed
Manganese-Functionalized GelMA Hydrogels for MRI-Guided Immunotheranostics in Precision Oncology,"Motahareh Nazari, Keyvan Alavi",arXiv,2026-07-08,"Precision oncology requires multifunctional platforms capable of integrating accurate tumor diagnosis, localized therapeutic delivery, immune modulation, and real-time monitoring of treatment response. Gelatin methacryloyl (GelMA) hydrogels have emerged as versatile biomaterials for biomedical engineering because of their biocompatibility, extracellular matrix-like structure, tunable mechanical pr",http://arxiv.org/abs/2606.29599v1,arXiv
Reinforcement-guided generative protein language models enable de novo design of highly diverse AAV capsids,"Lucas Ferraz, Ana F. Rodrigues, Pedro Giesteira Cotovio",arXiv,2026-07-08,"Adeno-associated viral (AAV) vectors are widely used delivery platforms in gene therapy, and the design of improved capsids is key to expanding their therapeutic potential. A central challenge in AAV bioengineering, as in protein design more broadly, is the vast sequence design space relative to the scale of feasible experimental screening. Machine-guided generative approaches provide a powerful m",http://arxiv.org/abs/2603.19473v1,arXiv
Predicting Early and Complete Drug Release from Long-Acting Injectables Using Explainable Machine Learning,"Karla N. Robles, Manar D. Samad",arXiv,2026-07-08,"Polymer-based long-acting injectables (LAIs) have transformed the treatment of chronic diseases by enabling controlled drug delivery, thus reducing dosing frequency and extending therapeutic duration. Achieving controlled drug release from LAIs requires extensive optimization of the complex underlying physicochemical properties. Machine learning (ML) can accelerate LAI development by modeling the ",http://arxiv.org/abs/2601.02265v1,arXiv
The thermodynamics of pressure activated assembly of supramolecules in isochoric and isobaric systems,Boris Rubinsky,arXiv,2026-07-08,"The efficacy of cryopreservation is constrained by the difficulty of achieving sufficiently high intracellular concentrations of cryoprotective solutes without inducing osmotic injury or chemical toxicity during loading. This thermodynamic study introduces a new conceptual mechanism for cryoprotectant delivery into cells directly or through vascular perfusion. In this framework, effective cryoprot",http://arxiv.org/abs/2601.00599v1,arXiv
Smart Nanoarchitectures for Precision RNA Delivery: Harnessing Endogenous and Exogenous Stimuli in Cancer Treatment,"Jintao Hao, Yue Li, Lu Huang",Theranostics,2025-07-02,"RNA therapy holds great potential for cancer treatment owing to its ability to regulate gene expression precisely, thereby inhibiting tumor growth and metastasis. However, RNA delivery faces several physiological challenges, including rapid degradation by nucleases, limited cellular uptake, and inefficient intracellular release. To address these limitations, stimuli-responsive nanocarriers have be",https://www.semanticscholar.org/paper/3963227ce70b9d2fae66a194e45e1e6543e666ed,Semantic Scholar
Integrin beta 1 and fibronectin mediate extracellular vesicle uptake and functional RNA delivery,"Omnia Elsharkasy, Willemijn S. de Voogt, Maria-Laura Tognoli",Journal of Biological Chemistry,2025-02-01,"Extracellular vesicles (EVs) are cell-derived vesicles secreted by all cell types into the extracellular spaces. EVs comprise a heterogenous population of vesicles that carry bioactive molecules, such as proteins, lipids, and RNAs, which they can deliver to recipient cells. Over the past few years, EVs have been recognized for their vital role in intercellular communication, and thereby in various",https://www.semanticscholar.org/paper/03ab38d01bdb511a15cac0440de984b6d2e760e4,Semantic Scholar
Systemic RNA delivery to dendritic cells exploits antiviral defence for cancer immunotherapy,"L. Kranz, M. Diken, H. Haas",Nature,2016-06-01,,https://www.semanticscholar.org/paper/90807faae7e0f1ee33eb41d0b9bbd3bded077f70,Semantic Scholar
RNA delivery by extracellular vesicles in mammalian cells and its applications,"Killian O’Brien, K. Breyne, S. Ughetto",Nature reviews. Molecular cell biology,2020-05-26,"The term ‘extracellular vesicles’ refers to a heterogeneous population of vesicular bodies of cellular origin that derive either from the endosomal compartment (exosomes) or as a result of shedding from the plasma membrane (microvesicles, oncosomes and apoptotic bodies). Extracellular vesicles carry a variety of cargo, including RNAs, proteins, lipids and DNA, which can be taken up by other cells,",https://www.semanticscholar.org/paper/a6f6f1aded4cf0a055d7468814b913d508fa190d,Semantic Scholar
Chemistry of Lipid Nanoparticles for RNA Delivery.,"Yulia Eygeris, Mohit Gupta, Jeonghwan Kim",Accounts of Chemical Research,2021-12-01,"ConspectusLipid nanoparticles (LNPs) are a type of lipid vesicles that possess a homogeneous lipid core. These vesicles are widely used in small-molecule drug and nucleic acid delivery and recently gained much attention because of their remarkable success as a delivery platform for COVID-19 mRNA vaccines. Nonetheless, the utility of transient protein expression induced by mRNA extends far beyond v",https://www.semanticscholar.org/paper/a39710a85d73cca0d990f4778ceb565b6f96b97f,Semantic Scholar
Recent advances in nanoparticulate RNA delivery systems,"Jacob Witten, Yizong Hu, R. Langer",Proceedings of the National Academy of Sciences of the United States of America,2024-03-04,"Nanoparticle-based RNA delivery has shown great progress in recent years with the approval of two mRNA vaccines for Severe Acute Respiratory Syndrome Coronavirus 2 (SARS-CoV-2) and a liver-targeted siRNA therapy. Here, we discuss the preclinical and clinical advancement of new generations of RNA delivery therapies along multiple axes. Improvements in cargo design such as RNA circularization and da",https://www.semanticscholar.org/paper/a797546712119a7bb5ca52f9bc770fdb24c5e576,Semantic Scholar
Tumor‐Tailored Ionizable Lipid Nanoparticles Facilitate IL‐12 Circular RNA Delivery for Enhanced Lung Cancer Immunotherapy,"Shufen Xu, Yue Xu, Nicholas C Solek",Advances in Materials,2024-04-24,"The advancement of message RNA (mRNA) ‐based immunotherapies for cancer is highly dependent on the effective delivery of RNA (Ribonucleic) payloads using ionizable lipid nanoparticles (LNPs). However, the clinical application of these therapies is hindered by variable mRNA expression among different cancer types and the risk of systemic toxicity. The transient expression profile of mRNA further co",https://www.semanticscholar.org/paper/594b08d8523899d9153741be67ad91ea02c5d150,Semantic Scholar
Therapeutic potential of RNA-enriched Extracellular Vesicles 1: The next generation in RNA delivery via biogenic nanoparticles.,"Muskan Muskan, Pevindu Abeysinghe, Riccardo Cecchin",Molecular Therapy,2024-02-01,"Exosomes are extracellular vesicles (EVs) (∼50-150 nm) have emerged as promising vehicles for therapeutic applications and drug delivery. These membrane-bound particles, released by all actively dividing cells have the ability to transfer effector molecules, including proteins, RNA, and even DNA, from donor cells to recipient cells, thereby modulating cellular responses. RNA-based therapeutics, in",https://www.semanticscholar.org/paper/1f4490a511f95b55849c3127fbd926f7a2ff8153,Semantic Scholar
Advances and prospects of RNA delivery nanoplatforms for cancer therapy,"Mohamed S. Attia, Gregor Kijanka, Nam‐Trung Nguyen",Acta Pharmaceutica Sinica B,2024-09-01,"Modern oncology is rapidly evolving, driven by recent advances in RNA-based therapeutics. As new emerging cutting-edge technology, mRNA vaccines hold excellent promise for encoding immunostimulatory molecules, tumor-associated antigens, neoantigens, and chimeric antigen receptors for T-cell reprogramming. RNA interference tools enable highly effective post-transcriptional gene silencing that has r",https://www.semanticscholar.org/paper/c0421f35da663530677e75e0cd29aad57a351cd8,Semantic Scholar
A perspective of lipid nanoparticles for RNA delivery,"Yutian Ma, Shiyao Li, Xin Lin",Exploration,2024-04-15,"Over the last two decades, lipid nanoparticles (LNPs) have evolved as an effective biocompatible and biodegradable RNA delivery platform in the fields of nanomedicine, biotechnology, and drug delivery. They are novel bionanomaterials that can be used to encapsulate a wide range of biomolecules, such as mRNA, as demonstrated by the current successes of COVID‐19 mRNA vaccines. Therefore, it is impor",https://www.semanticscholar.org/paper/c0ff32cf26cc8e221711435795495d3237a67472,Semantic Scholar
Dynamic carriers for therapeutic RNA delivery,"Simone Berger, Ulrich Lächelt, Ernst Wagner",Proceedings of the National Academy of Sciences of the United States of America,2024-03-04,"Carriers for RNA delivery must be dynamic, first stabilizing and protecting therapeutic RNA during delivery to the target tissue and across cellular membrane barriers and then releasing the cargo in bioactive form. The chemical space of carriers ranges from small cationic lipids applied in lipoplexes and lipid nanoparticles, over medium-sized sequence-defined xenopeptides, to macromolecular polyca",https://www.semanticscholar.org/paper/0d35d81b69e4a911877d03bfcae365ed8be73646,Semantic Scholar
Comprehensive analysis of lipid nanoparticle formulation and preparation for RNA delivery,"Md. Anamul Haque, Archana Shrestha, Constantinos M. Mikelis",International Journal of Pharmaceutics: X,2024-09-01,"Nucleic acid-based therapeutics are a common approach that is increasingly popular for a wide spectrum of diseases. Lipid nanoparticles (LNPs) are promising delivery carriers that provide RNA stability, with strong transfection efficiency, favorable and tailorable pharmacokinetics, limited toxicity, and established translatability. In this review article, we describe the lipid-based delivery syste",https://www.semanticscholar.org/paper/c108b791de087a4773c395c3975141814ed7221f,Semantic Scholar
Tuning lipid nanoparticles for RNA delivery to extrahepatic organs,"Donghui Song, Yu Zhao, Zeyu Wang",Advances in Materials,2024-09-05,"RNA therapeutics have been successfully transitioned into clinical applications. Lipid nanoparticles (LNPs) are widely employed as nonviral delivery vehicles for RNA therapeutics in commercial vaccine and gene therapy products. However, the bottleneck in expanding the clinical applications of LNP‐based RNA therapeutics lies in the tendency of these nanoparticles to preferentially accumulate in the",https://www.semanticscholar.org/paper/bff1aeeb5ef3a5f896b052ff0bb0cb5c1afa3b34,Semantic Scholar
Lipid nanoparticles for RNA delivery: Self-assembling vs driven-assembling strategies.,"V. Nele, Virginia Campani, Seyedeh Alia Moosavian",Advanced Drug Delivery Reviews,2024-03-01,"Among non-viral vectors, lipid nanovectors are considered the gold standard for the delivery of RNA therapeutics. The success of lipid nanoparticles for RNA delivery, with three products approved for human use, has stimulated further investigation into RNA therapeutics for different pathologies. This requires decoding the pathological intracellular processes and tailoring the delivery system to th",https://www.semanticscholar.org/paper/f63a27443117b94e3b628f838f12b275ed1f686c,Semantic Scholar
Navigating the landscape of RNA delivery systems in cardiovascular disease therapeutics.,"Paula Gil-Cabrerizo, T. Simon-Yarza, E. Garbayo",Advanced Drug Delivery Reviews,2024-04-01,"Cardiovascular diseases (CVDs) stand as the leading cause of death worldwide, posing a significant global health challenge. Consequently, the development of innovative therapeutic strategies to enhance CVDs treatment is imperative. RNA-based therapies, encompassing non-coding RNAs, mRNA, aptamers, and CRISPR/Cas9 technology, have emerged as promising tools for addressing CVDs. However, inherent ch",https://www.semanticscholar.org/paper/a3b9647cb0d77cf7f9ceea8fe14e81d9fc73ad0f,Semantic Scholar
Lysozyme Amyloid for Synthetic RNA Delivery,"Benjamin Beluzo, Maytham Ismail, Sergei Chuikov",Pharmaceutics,2025-08-22,"Background/Objectives: Lysozyme-based amyloid aggregates offer a promising platform for RNA delivery due to their stability, cationic nature, biocompatibility, and ability to form well-defined structures. In this study, we evaluated their potential as drug carriers, focusing on the delivery of polyinosinic–polycytidylic acid (Poly(I:C)), an immunostimulatory synthetic RNA. To validate RNA delivery",https://www.semanticscholar.org/paper/d40df949439f6990ff94bc43ac22da60a424629d,Semantic Scholar
Hydrogels for RNA delivery,"Ruibo Zhong, S. Talebian, Bárbara B. Mendes",Nature Materials,2023-03-20,"RNA-based therapeutics hold promise for the treatment of several diseases. This Review provides an overview of hydrogels for RNA delivery, discussing how the chemical nature and physical properties of hydrogels can be explored for tailored RNA loading and release, and highlighting the use of these materials in biomedical applications. RNA-based therapeutics have shown tremendous promise in disease",https://www.semanticscholar.org/paper/be9f3fe488e2b51b0892c66063defdf906cc81c1,Semantic Scholar
Lipids and Lipid Derivatives for RNA Delivery.,"Yuebao Zhang, Changzhen Sun, Chang Wang",Chemical Reviews,2021-07-19,"RNA-based therapeutics have shown great promise in treating a broad spectrum of diseases through various mechanisms including knockdown of pathological genes, expression of therapeutic proteins, and programmed gene editing. Due to the inherent instability and negative-charges of RNA molecules, RNA-based therapeutics can make the most use of delivery systems to overcome biological barriers and to r",https://www.semanticscholar.org/paper/da989341518aa8714e341e7f7bb3427b5548ea13,Semantic Scholar
Non-viral vectors for RNA delivery,"Yi Yan, Xiao-Yu Liu, An Lu",Journal of Controlled Release,2022-01-08,"RNA-based therapy is a promising and potential strategy for disease treatment by introducing exogenous nucleic acids such as messenger RNA (mRNA), small interfering RNA (siRNA), microRNA (miRNA) or antisense oligonucleotides (ASO) to modulate gene expression in specific cells. It is exciting that mRNA encoding the spike protein of COVID-19 (coronavirus disease 2019) delivered by lipid nanoparticle",https://www.semanticscholar.org/paper/83fda9c083fc1e7441683c3fe5e44c7be71f1a7f,Semantic Scholar
Tumor Microenvironment‐Responsive Polymer‐Based RNA Delivery Systems for Cancer Treatment,"Yahan Zhang, Ming Zhang, Haiqin Song",Small Methods,2024-05-28,"Ribonucleic acid (RNA) therapeutics offer a broad prospect in cancer treatment. However, their successful application requires overcoming various physiological barriers to effectively deliver RNAs to the target sites. Currently, a number of RNA delivery systems based on polymeric nanoparticles are developed to overcome these barriers in RNA delivery. This work provides an overview of the existing ",https://www.semanticscholar.org/paper/78694410323b89e38b295753148b918df7b14b7e,Semantic Scholar
Pertussistoxin as well as Staphylococcal superantigen induce glycolysis as energy source during  T cell activation in an adenoid organoid model.,"Tenbrock Klaus, Neullens Christopher T, Kühne Christian","Clinical science (London, England : 1979)",2026-07-08,"Bystander activation represents an innate-like mechanism by which T cells, particularly effector and memory subsets, can become activated in the absence of cognate antigen recognition. Using human tonsil organoid cultures as a physiologically relevant model, we investigated bystander activation of CD4+ memory T cells in situ in comparison to superantigen stimulation. Tonsillar T cells were stimula",https://pubmed.ncbi.nlm.nih.gov/42417073/,PubMed
Vaccination-driven evolution of infectious bronchitis virus in Korea: implication for the control of other coronavirus infections.,"Kim Seung-Ji, Choi Kang-Seuk",Frontiers in veterinary science,2026-07-08,"Infectious bronchitis virus (IBV) remains a major pathogen in global poultry production due to its extensive genetic diversity and rapid evolutionary capacity. Antigenic diversification driven by mutation, homologous recombination, and sustained immune selection pressure complicates long-term control and reduces vaccine effectiveness. Increasing evidence suggests that IBV evolution is largely driv",https://pubmed.ncbi.nlm.nih.gov/42416292/,PubMed
Osmolyte-Based Formulations for Enhanced Thermal Stability of mRNA Drug Substance: A Systematic Screening and Optimization Study.,"Chowdhury Anandi, Silva-Santos A Rita, Azevedo Ana M",Pharmaceutical research,2026-07-08,"Stability of messenger RNA (mRNA) is a critical factor in the development and storage of mRNA-based vaccines. In this study, we systematically examine the effects of addition of various osmolytes (and their combinations) on mRNA integrity during long-term storage and under thermal stress. Eleven osmolytes, belonging to subclasses of amino acids and derivatives (ectoine, methionine, L-cysteine, val",https://pubmed.ncbi.nlm.nih.gov/42414834/,PubMed
"Chemically synthesized, non-capped and non-polyadenylated peptide-coding RNA efficiently induces antigen-specific CD8","Frei Julia, Eisel David, Jarzebska Natalia Teresa",Nature biomedical engineering,2026-07-08,"Recombinant in vitro-transcribed mRNA is broadly used for vaccination and is evaluated in numerous clinical studies for multiple indications. Typical features of mRNA are the 5' cap, 5' untranslated region, start and stop codons, 3' untranslated region and 3' poly(A) tail. Here, contrary to current dogma, we show that short, chemically synthesized RNA oligonucleotides lacking some or all of these ",https://pubmed.ncbi.nlm.nih.gov/42414668/,PubMed
Australians' attitudes to mRNA vaccination in humans and animals: A cross-sectional survey.,"Williams Jane, Degeling Chris, Donovan Laura",Vaccine,2026-07-08,"COVID-19 vaccines using messenger RNA (mRNA) technologies have been commercially available since 2021. The platform is being used to develop new vaccines for people and animals, but not without controversy. Pockets of public resistance to COVID-19 vaccines has contributed to the slowing of mRNA research in some countries (e.g. the United States), while others (e.g. Australia) are poised to approve",https://pubmed.ncbi.nlm.nih.gov/42413319/,PubMed
Inflammatory genital strain of Chlamydia trachomatis elicits a Th17 immune response.,"Lebron Figueroa Andrea, Magill Ian, Zemmour David","Journal of immunology (Baltimore, Md. : 1950)",2026-07-08,"In humans, infection with Chlamydia trachomatis can result in chronic infection with severe reproductive consequences. The immune response elicited by natural infection fails to protect against reinfection and can contribute to tissue inflammation and damage. CD4+ T cells are key mediators of protection against C. trachomatis. However, these same cells, together with neutrophils, also contribute t",https://pubmed.ncbi.nlm.nih.gov/42413199/,PubMed
CSF Testing for Neuroinvasive West Nile Virus and Measures to Improve Guideline Adherence.,"Quinn Carson M, Singh Karan, Singh Arjun",Neurology. Clinical practice,2026-07-08,"Diagnosis of West Nile virus (WNV) neuroinvasive disease, an important cause of neurologic disability in endemic areas, requires appropriate testing given its often nonspecific presentation. Guidelines recommend CSF testing of WNV-specific immunoglobulin M (IgM) in all patients, with additional reverse transcription-polymerase chain reaction (RT-PCR) testing only in those who are unable to mount a",https://pubmed.ncbi.nlm.nih.gov/42413108/,PubMed
A rotavirus vaccine candidate attenuated by codon deoptimization protects neonatal mice against wild-type virus infection.,"Chen Zelin, Kotaki Tomohiro, Motooka Daisuke",PLoS pathogens,2026-07-08,"Rotavirus infection is a leading cause of acute viral gastroenteritis and diarrhea in infants and young children. Owing to the limited development of effective antiviral therapies, vaccination has become the primary and most efficient strategy to reduce rotavirus-associated morbidity and mortality. Compared with classical virus attenuation strategies, reverse genetics approaches such as codon deop",https://pubmed.ncbi.nlm.nih.gov/42412727/,PubMed
Patterns of spike-specific IgG subclasses after different types of COVID-19 vaccines in patients with hereditary angioedema due to C1 inhibitor deficiency.,"Horváth Hanga Réka, Kiszel Petra, Miklós János",Biomolecular concepts,2026-07-08,,https://pubmed.ncbi.nlm.nih.gov/42412690/,PubMed
The Orthohantavirus G,"Arata-Salas Gianina, Díaz-Ramírez Dianne, Vásquez Benjamín E",Annual review of virology,2026-07-08,"Orthohantaviruses are globally distributed, rodent-borne RNA viruses associated with severe and often lethal disease in humans. The documented person-to-person transmission of Andes virus, endemic in South America, underscores their pandemic potential, and yet no effective treatments are available, while vaccines exist only for Hantaan and Seoul viruses. Key targets for antiviral intervention are ",https://pubmed.ncbi.nlm.nih.gov/42412999/,PubMed
seq2ribo: structure-aware integration of machine learning and simulation to predict ribosome location profiles from RNA sequences.,"Kaynar Gün, Kingsford Carl","Bioinformatics (Oxford, England)",2026-07-08,"Ribosome dynamics are vital in the process of protein expression. Current methods rely on ribosome profiling (Ribo-seq), RNA-seq profiles, and full genomic context. This restricts their use in de novo sequence design, like messenger RNA (mRNA) vaccines. Simulation-only approaches like the Totally Asymmetric Simple Exclusion Process (TASEP) oversimplify translation by focusing solely on codon elong",https://pubmed.ncbi.nlm.nih.gov/42412804/,PubMed
Impact of influenza and pneumococcal vaccines on inflammatory response during suppressive antiretroviral therapy.,"Bobadilla Renato, Tenenbaum Tara L, Vanpouille Christophe","AIDS (London, England)",2026-07-08,"We performed a secondary analysis of a randomized clinical trial that evaluated stimulation of HIV reservoir through routine vaccines (NCT02707692) to characterize vaccine-induced inflammatory responses and their association with HIV virologic measures following influenza and pneumococcal vaccination in people with HIV (PWH) on suppressive antiretroviral therapy (ART). Prospective, randomized, dou",https://pubmed.ncbi.nlm.nih.gov/42412406/,PubMed
SARS-CoV-2-specific immunity after XBB.1.5 vaccination is not significantly altered by subsequent influenza vaccination in dialysis patients.,"Bronder Saskia, Urschel Rebecca, Reinhardt Felix",Scientific reports,2026-07-08,"Annual immunisation against COVID-19 and seasonal influenza before the winter waves is increasingly recommended in routine practice. These vaccines may be administered on the same day or sequentially, yet data on the immunogenicity of consecutive vaccinations in patients on dialysis remain limited. In this real-world observational study, we assessed SARS-CoV-2-specific immune responses in dialysis",https://pubmed.ncbi.nlm.nih.gov/42410167/,PubMed
Preclinical immunogenicity of the LP.8.1-adapted BNT162b2 COVID-19 vaccine.,"Kurhade Chaitanya, Chen Wei, Li Weiqiang",NPJ vaccines,2026-07-08,"SARS-CoV-2 evolution toward antigenically distinct lineages drives escape from host immunity. JN.1 lineage derivatives have recently dominated the global epidemiologic landscape. In preclinical models, an LP.8.1-adapted BNT162b2 vaccine elicited higher serum neutralizing antibody responses against contemporary, circulating JN.1 sublineages, including the epidemiologically dominant XFG lineage, as ",https://pubmed.ncbi.nlm.nih.gov/42409841/,PubMed
Autoantigen mRNA-LNP Vaccination Drives Therapeutic Efficacy in Preclinical Models for Autoimmunity.,"Baeten Paulien, Beets Karen, Schalley Tessa","Advanced science (Weinheim, Baden-Wurttemberg, Germany)",2026-07-08,"Autoimmune diseases like multiple sclerosis (MS) and type 1 diabetes (T1D) lack therapies that induce durable, antigen-specific immune tolerance. We investigated whether mRNA lipid nanoparticles (LNPs) encoding disease-relevant autoantigens could re-establish immune homeostasis in preclinical models. While mRNA-LNP microbial vaccines evoke strong effector immune responses, we show that both system",https://pubmed.ncbi.nlm.nih.gov/42405898/,PubMed
Live human metapneumovirus vaccine candidates attenuated by temperature sensitivity mutations from human respiratory syncytial virus.,"Lamichhane Pramila, Yang Lijuan, Santos Celia",Journal of virology,2026-07-08,"Human metapneumovirus (HMPV, genus  Human metapneumovirus (HMPV) is a leading cause of lower respiratory illness in young children, and there are no licensed vaccines. Similarly to immunization strategies against the related human respiratory syncytial virus (HRSV), live-attenuated HMPV vaccines for intranasal immunization would be most suitable for young children. Live-intranasal vaccines infect ",https://pubmed.ncbi.nlm.nih.gov/42405774/,PubMed
Dirty mice better recapitulate key features of mRNA vaccine immunogenicity observed in humans.,"Praena Beatriz, Shepherd Frances K, McDonald Cera A",mBio,2026-07-08,"Although specific-pathogen-free (SPF) mice have traditionally been used to test candidate vaccines, recent work has demonstrated that ""dirty"" mice with broad microbial exposure more appropriately recapitulate human immune responses. Using a dirty mouse model in which lab mice are co-housed with pet store mice, we modeled SARS-CoV-2 mRNA vaccine responses in dirty and SPF mice. In this study, dirty",https://pubmed.ncbi.nlm.nih.gov/42405763/,PubMed
Transformer-Based Active Learning for Data-Efficient Vaccine Epitope Selection in PRRS,"Aspen Erlandsson Brisebois, Zahed Khatooni, Connor Burbridge",arXiv,2026-07-08,"High-fidelity molecular docking simulations can produce biologically relevant estimates of epitope-receptor binding affinity but are computationally expensive and therefore limit the number of candidates that can be screened for vaccine design. In this work, we evaluate machine learning (ML) approaches where variants of active learning are used to classify instances of high binding affinity betwee",http://arxiv.org/abs/2606.28659v1,arXiv
Exploring the Effects of Entanglement on Quantum Machine Learning of Pathogen Epitope-Receptor Binding,"Aspen Erlandsson Brisebois, Luis Pablo Gonzalez Dominguez, Shivansi Prajapati",arXiv,2026-07-08,"Parameterized quantum circuits (PQCs) provide a flexible substrate for hybrid quantum machine learning (QML), but their practical value on Noisy Intermediate-Scale Quantum (NISQ) devices remains an empirical question, especially because training depth and scale can introduce optimization challenges such as barren plateaus. Here we study how the number and topology of two-qubit entangling gates in ",http://arxiv.org/abs/2606.28655v1,arXiv
Clade 2.3.4.4b but not historical clade 1 HA replicating RNA vaccine protects against bovine H5N1 challenge in mice,"David W. Hawman, Thomas Tipih, Edgar A Hodge",Nature Communications,2025-01-14,"The ongoing circulation of influenza A H5N1 in the United States has raised concerns of a pandemic caused by highly pathogenic avian influenza. Although the United States has stockpiled and is prepared to produce millions of vaccine doses to address an H5N1 pandemic, currently circulating H5N1 viruses contain multiple mutations within the immunodominant head domain of hemagglutinin (HA) compared t",https://www.semanticscholar.org/paper/821d2fab28b8dbce51c6f8632266e3661b873042,Semantic Scholar
Phase I/II study of COVID-19 RNA vaccine BNT162b1 in adults,"M. Mulligan, Kirsten E. Lyke, N. Kitchin",Nature,2020-08-12,,https://www.semanticscholar.org/paper/afe4cc71f4814fce21031c3f15998576c7175b1a,Semantic Scholar
An RNA vaccine drives immunity in checkpoint-inhibitor-treated melanoma,"U. Şahin, P. Oehm, E. Derhovanessian",Nature,2020-07-29,,https://www.semanticscholar.org/paper/4114cc7dc2faed7f0cba4bece628827023d6d9a7,Semantic Scholar
A single-dose circular RNA vaccine prevents Zika virus infection without enhancing dengue severity in mice,"Xinglong Liu, Zhengfeng Li, Xiaoxia Li",Nature Communications,2024-10-16,"Antibody-dependent enhancement (ADE) is a potential concern for the development of Zika virus (ZIKV) vaccines. Cross-reactive but poorly neutralizing antibodies, usually targeting viral pre-membrane or envelope (E) proteins, can potentially enhance dengue virus (DENV) infection. Although E domain III (EDIII) contains ZIKV-specific epitopes, its immunogenicity is poor. Here, we show that dimeric ED",https://www.semanticscholar.org/paper/0994107d2c3126bc8175fcb814759f22aa879e71,Semantic Scholar
CLDN6-specific CAR-T cells plus amplifying RNA vaccine in relapsed or refractory solid tumors: the phase 1 BNT211-01 trial,"A. Mackensen, J. Haanen, C. Koenecke",Nature Medicine,2023-10-23,"The oncofetal antigen Claudin 6 (CLDN6) is highly and specifically expressed in many solid tumors, and could be a promising treatment target. We report dose escalation results from the ongoing phase 1/2 BNT211-01 trial evaluating the safety and feasibility of chimeric antigen receptor (CAR) T cells targeting the CLDN6 with or without a CAR-T cell-amplifying RNA vaccine (CARVac) at two dose levels ",https://www.semanticscholar.org/paper/c89c242b594c5436e9ccf6bb055d4a82a9f3d7ac,Semantic Scholar
Immunogenicity of a Single Dose of SARS-CoV-2 Messenger RNA Vaccine in Solid Organ Transplant Recipients.,"B. Boyarsky, William Werbel, R. Avery",Journal of the American Medical Association (JAMA),2021-03-15,"Immunogenicity of a Single Dose of SARS-CoV-2 Messenger RNA Vaccine in Solid Organ Transplant Recipients Immunocompromised individuals have been excluded from studies of SARS-CoV-2 messenger RNA (mRNA) vaccines. In such patients, the immune response to vaccination may be blunted. To better understand the immunogenicity of mRNA vaccines in immunocompromised individuals, we quantified the humoral re",https://www.semanticscholar.org/paper/e5ff6b04229043e1f4926af585923c6f606cad17,Semantic Scholar
Circular RNA vaccine in disease prevention and treatment,"Dun Niu, Yaran Wu, J. Lian",Signal Transduction and Targeted Therapy,2023-09-11,"CircRNAs are a class of single-stranded RNAs with covalently linked head-to-tail topology. In the decades since its initial discovery, their biogenesis, regulation, and function have rapidly disclosed, permitting a better understanding and adoption of them as new tools for medical applications. With the development of biotechnology and molecular medicine, artificial circRNAs have been engineered a",https://www.semanticscholar.org/paper/f2d7ccee08508c5211e77e035c0fcf5b58b341bf,Semantic Scholar
A self-amplifying RNA vaccine prevents enterovirus D68 infection and disease in preclinical models,"N. Warner, Jacob Archer, Stephanie Park",Science Translational Medicine,2024-08-07,"The recent emergence and rapid response to severe acute respiratory syndrome coronavirus 2 was enabled by prototype pathogen and vaccine platform approaches, driven by the preemptive application of RNA vaccine technology to the related Middle East respiratory syndrome coronavirus. Recently, the National Institutes of Allergy and Infectious Diseases identified nine virus families of concern, eight ",https://www.semanticscholar.org/paper/062bad8d56c9e1c0a11093c67a88c07449f30d3a,Semantic Scholar
A replicating RNA vaccine confers protection in a rhesus macaque model of Crimean-Congo hemorrhagic fever,"David W. Hawman, Shanna S. Leventhal, Kimberly Meade-White",npj Vaccines,2024-05-20,"Crimean-Congo hemorrhagic fever (CCHF) is a tick-borne febrile illness with a wide geographic distribution. In recent years the geographic range of Crimean-Congo hemorrhagic fever virus (CCHFV) and its tick vector have increased, placing an increasing number of people at risk of CCHFV infection. Currently, there are no widely available vaccines, and although the World Health Organization recommend",https://www.semanticscholar.org/paper/75b0ab72c2fd67513a03ee1af9e0eba13768c568,Semantic Scholar
Circular RNA vaccine induces potent T cell responses,"Laura Amaya, Lilit Grigoryan, Zhijian Li",Proceedings of the National Academy of Sciences of the United States of America,2023-05-08,"Significance Circular RNAs (circRNAs) are a unique class of RNAs that are highly stable compared to linear mRNAs and can be engineered to provide durable protein expression. This study demonstrates that circRNA encoding antigenic protein sequences delivered by a charge-altering releasable transporter can effectively serve as both an adjuvant and an immunogen, inducing potent cellular immunity and ",https://www.semanticscholar.org/paper/4da3053c70133b6d1982a7101c8ddabd8d9caa8c,Semantic Scholar
Controlling reactogenicity while preserving immunogenicity from a self-amplifying RNA vaccine by modulating nucleocytoplasmic transport,"Jason A Wojcechowskyj, Robyn M. Jong, Imre Mäger",bioRxiv,2024-12-29,"Self-amplifying RNA (saRNA)-based vaccines have emerged as a potent and durable RNA vaccine platform. However, RNA vaccine platforms trigger undesirable side effects at protective doses, underscoring the need for improved tolerability. To address this, we leveraged the Cardiovirus leader protein, which is well-characterized to dampen host innate signaling by modulating nucleocytoplasmic transport ",https://www.semanticscholar.org/paper/95add8df14c1a8592a3ebaa29f1c2137a0b5c7e0,Semantic Scholar
Self-Amplifying RNA: Advantages and Challenges of a Versatile Platform for Vaccine Development,"T. Vallet, Marco Vignuzzi",Viruses,2025-04-01,"Self-amplifying RNA is synthetic nucleic acid engineered to replicate within cells without generating viral particles. Derived from alphavirus genomes, saRNA retains the non-structural elements essential for replication while replacing the structural elements with an antigen of interest. By enabling efficient intracellular amplification, saRNA offers a promising alternative to conventional mRNA va",https://www.semanticscholar.org/paper/9d4c82b05e2938b9c2650b7f3e821c0c0b171ec4,Semantic Scholar
An RNA vaccine drives expansion and efficacy of claudin-CAR-T cells against solid tumors,"Katharina Reinhard, B. Rengstl, P. Oehm",Science,2020-01-02,"A one-two, CAR-T cell punch Chimeric antigen receptor (CAR)–T cells have been clinically effective in killing certain hematological malignancies, but achieving long-term patient responses for solid tumors remains a challenge. Reinhard et al. describe a two-part “CARVac” strategy to overcome poor CAR-T cell stimulation and responses in vivo. They introduce the tight junction protein claudin 6 (CLDN",https://www.semanticscholar.org/paper/33f5cffb55ec96290c0bac540e4f3b1747ba4bb9,Semantic Scholar
Self-Amplifying RNA Vaccine Candidates: Alternative Platforms for mRNA Vaccine Development,"C. Schmidt, B. Schnierle",Pathogens,2023-01-01,"The present use of mRNA vaccines against COVID-19 has shown for the first time the potential of mRNA vaccines for infectious diseases. Here we will summarize the current knowledge about improved mRNA vaccines, i.e., the self-amplifying mRNA (saRNA) vaccines. This approach may enhance antigen expression by amplification of the antigen-encoding RNA. RNA design, RNA delivery, and the innate immune re",https://www.semanticscholar.org/paper/42263e5bcbeb1261df345d01b5196557ceb15e30,Semantic Scholar
Vaccines’ New Era-RNA Vaccine,"Wenshuo Zhou, Linglei Jiang, Shimiao Liao",Viruses,2023-08-01,"RNA vaccines, including conventional messenger RNA (mRNA) vaccines, circular RNA (circRNA) vaccines, and self-amplifying RNA (saRNA) vaccines, have ushered in a promising future and revolutionized vaccine development. The success of mRNA vaccines in combating the COVID-19 pandemic caused by the SARS-CoV-2 virus that emerged in 2019 has highlighted the potential of RNA vaccines. These vaccines poss",https://www.semanticscholar.org/paper/edfd3ac0b8e7021f08fc73a0d3324058bcb13c00,Semantic Scholar
"Safety and immunogenicity of SARS-CoV-2 self-amplifying RNA vaccine expressing an anchored RBD: A randomized, observer-blind phase 1 study","W. Akahata, T. Sekida, T. Nogimori",Cell Reports Medicine,2023-08-01,Summary VLPCOV-01 is a lipid nanoparticle-encapsulated self-amplifying RNA (saRNA) vaccine that expresses a membrane-anchored receptor-binding domain (RBD) derived from the severe acute respiratory syndrome coronavirus 2 (SARS-CoV-2) spike protein. A phase 1 study of VLPCOV-01 is conducted (jRCT2051210164). Participants who completed two doses of the BNT162b2 mRNA vaccine previously are randomized,https://www.semanticscholar.org/paper/2167ba7126a190c7f7b4055adb084e4ed37f67c7,Semantic Scholar
Safety and Immunogenicity of Two RNA-Based Covid-19 Vaccine Candidates,"E. Walsh, R. Frenck, A. Falsey",New England Journal of Medicine,2020-10-14,"Abstract Background Severe acute respiratory syndrome coronavirus 2 (SARS-CoV-2) infections and the resulting disease, coronavirus disease 2019 (Covid-19), have spread to millions of persons worldwide. Multiple vaccine candidates are under development, but no vaccine is currently available. Interim safety and immunogenicity data about the vaccine candidate BNT162b1 in younger adults have been repo",https://www.semanticscholar.org/paper/6dbd3d5dddc9708185a64e539ed0aa37b52690a6,Semantic Scholar
Carditis After COVID-19 Vaccination With a Messenger RNA Vaccine and an Inactivated Virus Vaccine,"F. Lai, Xue Li, Kuan-hao Peng",Annals of Internal Medicine,2022-01-25,"Cases of carditis after the use of a messenger RNA (mRNA) COVID-19 vaccine have been reported in various populations worldwide. However, few studies have directly evaluated this association. Furthermore, it is unclear whether this potential risk involves vaccine platforms other than mRNA vaccines. This case–control study from Hong Kong aimed to examine the association between COVID-19 vaccination ",https://www.semanticscholar.org/paper/94da2455d0ed10791e0dec9954e0f9b02b7dd6fb,Semantic Scholar
A replicon RNA vaccine can induce durable protective immunity from SARS-CoV-2 in nonhuman primates after neutralizing antibodies have waned,"Megan A. O’Connor, David W. Hawman, Kimberly Meade-White",PLoS Pathogens,2023-04-01,"The global SARS-CoV-2 pandemic prompted rapid development of COVID-19 vaccines. Although several vaccines have received emergency approval through various public health agencies, the SARS-CoV-2 pandemic continues. Emergent variants of concern, waning immunity in the vaccinated, evidence that vaccines may not prevent transmission and inequity in vaccine distribution have driven continued developmen",https://www.semanticscholar.org/paper/57863723066e77b51e468792ae55513c6034b265,Semantic Scholar
"Safety and immunogenicity of a self-amplifying RNA vaccine against COVID-19: COVAC1, a phase I, dose-ranging trial","K. Pollock, H. Cheeseman, A. Szubert",EClinicalMedicine,2022-01-14,"Summary Background Lipid nanoparticle (LNP) encapsulated self-amplifying RNA (saRNA) is a novel technology formulated as a low dose vaccine against COVID-19. Methods A phase I first-in-human dose-ranging trial of a saRNA COVID-19 vaccine candidate LNP-nCoVsaRNA, was conducted at Imperial Clinical Research Facility, and participating centres in London, UK, between 19th June to 28th October 2020. Pa",https://www.semanticscholar.org/paper/1a26b3a23a29a8f98b09c53fa36bb06bec38c2a9,Semantic Scholar
Rhein ameliorates MASH via EGFR/AKT/PPARα-mediated coordinated regulation of metabolism and inflammation.,"Song Liyan, Hua Shuang, Zeng Qin",Frontiers in pharmacology,2026-07-08,"Metabolic dysfunction-associated steatohepatitis (MASH) presents a growing global health challenge with limited therapeutic options. Rhein, an active anthraquinone derived from the traditional medicine rhubarb ( An integrated strategy combining network pharmacology, molecular docking, and experimental validation was employed. A ""Rhein-MASH"" target network was constructed to identify core targets. ",https://pubmed.ncbi.nlm.nih.gov/42416832/,PubMed
Salvianolic Acid B Alleviates Atrial Fibrillation-Associated Fibrosis With Modulation of COL1A2 and the PI3K-AKT Pathway.,"Wang Pengran, Ma Jianhua, Li Jianlong",Cardiovascular therapeutics,2026-07-08,"Atrial fibrillation (AF), the most prevalent cardiac arrhythmia, is strongly associated with atrial fibrosis. Salvianolic acid B (Sal-B), a bioactive compound extracted from Salvia miltiorrhiza, demonstrates cardioprotective properties, though its specific role in AF remains to be elucidated. Transcriptome analysis of the GSE115574 dataset was performed to identify COL1A2 as a differentially expre",https://pubmed.ncbi.nlm.nih.gov/42415687/,PubMed
Advances in treatments for hemophilia A/B with inhibitors: current treatment gaps and promising therapies.,Mahlangu Johnny,Expert review of hematology,2026-07-08,"Hemophilia A and B are inherited bleeding disorders caused by deficiencies of coagulation factors VIII and IX. The development of neutralizing alloantibodies (inhibitors) remains the most serious treatment complication, rendering factor replacement ineffective and substantially increasing morbidity, treatment complexity, and healthcare costs. A literature search was conducted using PubMed/MEDLINE,",https://pubmed.ncbi.nlm.nih.gov/42415686/,PubMed
Syntaxin 12 Sustains Endosomal-Lysosomal Homeostasis and Survival in Glioblastoma Stem-Like Cells.,"Maghe Clément, Barbach Agnieszka, André-Grégoire Gwennan","Traffic (Copenhagen, Denmark)",2026-07-08,"Glioblastoma cells display a striking vulnerability to disruptions in late endosome-lysosome trafficking, a dependency that we exploited through a targeted siRNA screen in patient-derived cells with stem-like properties (GSCs). This screen identified Syntaxin 12 (STX12) as a critical determinant of GSC survival. Originally characterized as a recycling endosome t-SNARE, STX12 regulates tubular recy",https://pubmed.ncbi.nlm.nih.gov/42415278/,PubMed
"Identification of shared hub genes CTNNB1, TJP1, PTK2, and TP53 associated with endothelial proliferation in infantile hemangioma and glioblastoma.","Niu Yanli, Li Jing, Wang Liang",Mammalian genome : official journal of the International Mammalian Genome Society,2026-07-08,Infantile hemangioma (IH) and glioblastoma multiforme (GBM) are clinically distinct but share vascular and proliferative characteristics. This study aimed to identify common transcriptional and regulatory mechanisms between IH and GBM to uncover potential hub genes driving disease progression. Transcriptomic datasets GSE127487 (IH) and GSE108476 (GBM) were analyzed using the limma package in R. Di,https://pubmed.ncbi.nlm.nih.gov/42414742/,PubMed
Serum Response Factor Regulates CCN1 to Exacerbate Acute Kidney Injury Through Facilitation of Ferroptosis-Related Injury.,"Wang Yanfei, Guan Chen, Li Chenyu","Nephrology (Carlton, Vic.)",2026-07-08,"To explore the regulation and function of serum response factor (SRF)/Cellular communication network factor 1 (CCN1) pathway in ferroptosis in ischemia/reperfusion (I/R) acute kidney injury (AKI). The level of SRF, CCN1, ferroptosis markers (TFR1, ACSL4, xCT, GPX4), ROS and SOD were examined in HK-2 cells under hypoxia/reoxygenation (H/R) treatment or rat renal tissue samples after I/R treatment. ",https://pubmed.ncbi.nlm.nih.gov/42413954/,PubMed
N-(4-Hydroxyphenethyl)-(4E)-decenamide derived from natural phytochemical of Anacyclus root ameliorates diabetic retinopathy by inhibiting angiogenesis via PARK7.,"Ma Yan, Sun Huihui, Ji Qingxuan",Journal of ethnopharmacology,2026-07-08,"Anacyclus pyrethrum (L.) DC. is a herbaceous species of the Asteraceae family. This medicinal plant has been widely used in traditional medicine to treat diabetes and its associated complications. N-(4-Hydroxyphenethyl)-(4E)-decenamide (HPD) is a synthetic derivative of natural N-alkylamides extracted from its roots. To date, the therapeutic efficacy and molecular mechanisms of HPD against diabeti",https://pubmed.ncbi.nlm.nih.gov/42413794/,PubMed
"Dehydrocostus Lactone Activates Nrf2 Signaling Pathway to Attenuate Oxidative Stress, Inflammation, and Excessive Autophagy in a Mouse Model of Chronic Obstructive Pulmonary Disease.","Liu Dandan, Ma Yuehong, Huang Huihua",Inflammation,2026-07-08,"Chronic obstructive pulmonary disease (COPD) is a progressive and debilitating respiratory disorder associated with high global mortality. Dehydrocostus lactone (DHLC), a natural sesquiterpene lactone derived from Saussurea lappa Clarke (a medicinal plant), possesses documented antioxidant and anti-inflammatory properties. This study aimed to investigate the potential therapeutic role and mechanis",https://pubmed.ncbi.nlm.nih.gov/42412300/,PubMed
FREM1 promotes anlotinib resistance in non-small cell lung cancer through regulation of extracellular matrix organization.,"Dong Yi, Zhang Jingjing, Zhao Yuyang",Discover oncology,2026-07-08,"Acquired resistance to anlotinib, a multi-targeted tyrosine kinase inhibitor, severely limits its long-term efficacy in non-small cell lung cancer (NSCLC). The extracellular matrix (ECM) is a critical component of the tumor microenvironment known to mediate drug resistance, but the key regulators within the ECM driving anlotinib resistance remain elusive. We performed a preliminary, exploratory tr",https://pubmed.ncbi.nlm.nih.gov/42412295/,PubMed
Transient receptor potential channel 5 knockdown alleviates sevoflurane-induced neural injury by repressing oxidative stress.,"Gu Lei, Zhang Jiajie, Chen Jiawei",Irish journal of medical science,2026-07-08,"Sevoflurane is a commonly applied inhalational general anesthetic, but its related neural injury is unavoidable. This study aimed to investigate the effects of transient receptor potential channel 5 (TRPC5) knockdown on sevoflurane-induced neural injury and its interaction with oxidative stress. HT-22 cells were transfected with siRNA to knockdown TRPC5 and then treated with sevoflurane. Afterward",https://pubmed.ncbi.nlm.nih.gov/42412136/,PubMed
FGFR2 Regulates Liver Injury and Repair in a Model of Obstructive Jaundice.,"Chu Weiwei, Liu Jinshan, Hu Jinlong",Frontiers in bioscience (Landmark edition),2026-07-08,The molecular mechanisms underlying obstructive jaundice (OJ)-induced liver injury and subsequent repair after biliary recanalization (R-OJ) remain incompletely elucidated. This study aimed to identify and validate core gene involved in regulating OJ-related liver injury and repair via integrated  Animal models (OJ and R-OJ groups) and cell models (OJ serum (OJS) and OJ serum depletion (OJSD) grou,https://pubmed.ncbi.nlm.nih.gov/42411483/,PubMed
"Multi-Omics Framework Integrating Genetics, Microbiome, Metabolism, and Immunity for Deciphering Ulcerative Colitis Pathogenesis and Diagnostic Biomarker Discovery.","Wang Yiyun, Tian Yulin, Cui Hongsi",FASEB journal : official publication of the Federation of American Societies for Experimental Biology,2026-07-08,"Ulcerative colitis (UC) is an inflammatory bowel disease involving complex interactions between genetics, gut microbiota, metabolism, and immunity. This study aimed to systematically evaluate multi-omics factors potentially associated with UC susceptibility and identify reliable diagnostic biomarkers. A two-sample Mendelian randomization (MR) framework assessed potential causal associations betwee",https://pubmed.ncbi.nlm.nih.gov/42411190/,PubMed
Advancing siRNA Therapeutics with Pharmacometrics: A Review of Modeling Approaches and Clinical Applications.,"Kang Jueun, Yim Hyeonwoo, Jeong Hyunsuk",Current gene therapy,2026-07-08,"Small interfering RNA (siRNA) therapeutics represent a paradigm shift in targeting previously undruggable diseases through specific gene silencing. Since the FDA's first approval of patisiran in 2018, the field has expanded rapidly, with eight approved drugs and numerous clinical candidates. However, the atypical pharmacokinetic-pharmacodynamic (PK-PD) profile of siRNAs, characterized by rapid pla",https://pubmed.ncbi.nlm.nih.gov/42411083/,PubMed
Mixed viral infections uncover multifaceted RNA silencing strategies in plant antiviral defense.,"Materatski Patrick, Ribeiro Joana Amaro, Marques Cristiana",BMC genomics,2026-07-08,"Alphanecrovirus tessellati and Alphanecrovirus oleae are closely related alphanecroviruses, sharing over 74% genomic identity and frequently co-infecting plants under natural conditions. Despite their frequent coexistence, the molecular consequences of single versus mixed infections, particularly concerning host RNA silencing responses, remain poorly understood. Here, we investigated the antiviral",https://pubmed.ncbi.nlm.nih.gov/42410347/,PubMed
Exploring the mechanism of NDRG2 in regulating endometrial receptivity and embryo implantation.,"Huang Bixia, Liu Di, Sun Yuanyuan",Scientific reports,2026-07-08,"Endometrial receptivity and embryo implantation are pivotal events for successful pregnancy, yet the underlying molecular regulatory networks remain incompletely defined. In this study, we investigated the expression pattern and regulatory role of NDRG2 during embryonic implantation. We first examined endogenous NDRG2 expression in human and mouse endometrial tissues across different phases. A ute",https://pubmed.ncbi.nlm.nih.gov/42409918/,PubMed
Regulation of acute myocardial infarction by CircTMCC1 through mitochondrial dysfunction and AMPK/mTOR-driven M1 macrophage polarization: role in QFR assessment.,"Ren Mengmeng, He Shu, Duan Mengyang",Cell death discovery,2026-07-08,"Circular RNAs (circRNAs) have been implicated in various cardiovascular diseases and hold promise as diagnostic biomarkers and therapeutic targets. However, the roles and mechanisms of circRNAs in coronary artery disease (CAD) and its severe complication, acute myocardial infarction (AMI), remain unclear. CircRNA sequencing, fluorescence in situ hybridization, and quantitative PCR were used to ass",https://pubmed.ncbi.nlm.nih.gov/42409783/,PubMed
Inhibition of AXL receptor tyrosine kinase increases osteoblast function and bone mass.,"Ahmad Mubashir, Kölbl Christoph, Jan Irfana",Bone research,2026-07-08,"Osteoporosis, a prevalent age-related disease, is characterized by impaired bone formation and an increased risk of fractures. Current anabolic treatments primarily rely on biologics, which are costly and require inconvenient administration. Identifying regulators of osteoblastogenesis that are amenable to small-molecule targeting is essential for developing more accessible therapies. Through an u",https://pubmed.ncbi.nlm.nih.gov/42409771/,PubMed
[Gilteritinib enhances the inhibitory effect of dabrafenib on anaplastic thyroid carcinoma cells by suppressing the AXL signaling pathway].,"许 舒 亭, 高 雨 晨, 段 艳 婷",Zhejiang da xue xue bao. Yi xue ban = Journal of Zhejiang University. Medical sciences,2026-07-08,"To investigate the inhibitory effect of combined gilteritinib and dabrafenib treatment on anaplastic thyroid cancer (ATC) cells and its underlying mechanisms. The BRAF V600E-mutant ATC cell line 8505C and the BRAF wild-type ATC cell line KHM-5M were treated with various concentrations of dabrafenib (0, 40, 80, 120, 160, 320 nmol/mL) and gilteritinib (0, 0.1, 0.2, 0.4, 0.6, 1.0, 2.0 μmol/mL), alone",https://pubmed.ncbi.nlm.nih.gov/42409582/,PubMed
CD55 glycosylation promotes ferroptotic stress tolerance in CD55-high triple-negative breast cancer.,"Huang Weiqiang, Lin Qizhuan, Wang Yongpan",Biochemical pharmacology,2026-07-08,"Triple-negative breast cancer (TNBC) lacks effective targeted therapies and is characterized by pronounced metabolic reprogramming and redox adaptation. Identifying key regulators of its antioxidant defense system therefore holds important therapeutic potential. Ferroptosis-an iron-dependent, lipid peroxidation-driven form of regulated cell death-represents a promising anticancer strategy; however",https://pubmed.ncbi.nlm.nih.gov/42409323/,PubMed
SMSC-EVs restore chondrocyte function through S1PR1-mTORC2-mediated mitochondrial fusion and GPS2-HDAC1-driven epigenetic regulation.,"Guo Zijian, Mao Xingjia, Wang Zehua",Osteoarthritis and cartilage,2026-07-08,"In osteoarthritis (OA) treatment, synovial mesenchymal stem cell-derived extracellular vesicles (SMSC-EVs) hold therapeutic potential; however, the mechanisms coordinating mitochondrial and epigenetic repair remain unclear. Chondrocyte proliferation, apoptosis and migration were assessed in vitro. Mitochondrial function was evaluated via membrane potential, oxygen consumption, ATP and reactive oxy",https://pubmed.ncbi.nlm.nih.gov/42409275/,PubMed
DeepSilencer: A Novel Deep Learning Model for Predicting siRNA Knockdown Efficiency,"Wangdan Liao, Weidong Wang",arXiv,2026-07-08,"Background: Small interfering RNA (siRNA) is a promising therapeutic agent due to its ability to silence disease-related genes via RNA interference. While traditional machine learning and early deep learning methods have made progress in predicting siRNA efficacy, there remains significant room for improvement. Advanced deep learning techniques can enhance prediction accuracy, reducing the relianc",http://arxiv.org/abs/2503.04200v1,arXiv
Maturation of siRNA by strand separation: Steered Molecular dynamics study,"Rakesh K Mishra, Sanchita Mukherjee, Dhananjay Bhattacharyya",arXiv,2026-07-08,"RNA interference, particularly siRNA induced gene silencing is becoming an important avenue of modern therapeutics. The siRNA is delivered to the cells as short double helical RNA which becomes single stranded for forming the RISC complex. Significant experimental evidence is available for most of the steps except the process of the separation of the two strands. We have attempted to understand th",http://arxiv.org/abs/1910.03778v1,arXiv
Using a hydrogen-bond index to predict the gene-silencing efficiency of siRNA based on the local structure of mRNA,"Kathy Q. Luo, Donald C. Chang",arXiv,2026-07-08,The gene silencing effect of short interfering RNA (siRNA) is known to vary strongly with the targeted position of the mRNA. A number of hypotheses have been suggested to explain this phenomenon. We would like to test if this positional effect is mainly due to the secondary structure of the mRNA at the target site. We proposed that this structural factor can be characterized by a single parameter ,http://arxiv.org/abs/1710.07413v1,arXiv
Unraveling siRNA Unzipping Kinetics with Graphene,"Santosh Mogurampelly, Swati Panigrahi, Dhananjay Bhattacharyya",arXiv,2026-07-08,"Using all atom molecular dynamics simulations, we report spontaneous unzipping and strong binding of small interfering RNA (siRNA) on graphene. Our dispersion corrected density functional theory based calculations suggest that nucleosides of RNA have stronger attractive interactions with graphene as compared to DNA residues. These stronger interactions force the double stranded siRNA to spontaneou",http://arxiv.org/abs/1207.4569v1,arXiv
Unzipping and binding of small interfering RNA with single walled Carbon Nanotube: a platform for small interfering RNA delivery,"Mogurampelly Santosh, Swati Panigrahi, Dhananjay Bhattacharyya",arXiv,2026-07-08,"In an effort to design efficient platform for siRNA delivery, we combine all atom classical and quantum simulations to study the binding of small interfering RNA (siRNA) by pristine single wall carbon nanotube (SWCNT). Our results show that siRNA strongly binds to SWCNT surface via unzipping its base-pairs and the propensity of unzipping increases with the increase in the diameter of the SWCNTs. T",http://arxiv.org/abs/1203.2409v1,arXiv
Nanodiamond as a vector for siRNA delivery to Ewing sarcoma cells,"Anna Alhaddad, Marie-Pierre Adam, Jacques Botsoa",arXiv,2026-07-08,"We investigated the ability of diamond nanoparticles (nanodiamonds, NDs) to deliver small interfering RNA (siRNA) in Ewing sarcoma cells, in the perspective of in vivo anti-cancer nucleic acid drug delivery. siRNA was adsorbed onto NDs previously coated with cationic polymer. Cell uptake of NDs has been demonstrated by taking advantage of NDs intrinsic fluorescence coming from embedded color cente",http://arxiv.org/abs/1106.2252v2,arXiv
Target prediction and a statistical sampling algorithm for RNA-RNA interaction,"F. W. D. Huang, J. Qin, C. M. Reidys",arXiv,2026-07-08,"It has been proven that the accessibility of the target sites has a critical influence for miRNA and siRNA. In this paper, we present a program, rip2.0, not only the energetically most favorable targets site based on the hybrid-probability, but also a statistical sampling structure to illustrate the statistical characterization and representation of the Boltzmann ensemble of RNA-RNA interaction st",http://arxiv.org/abs/0908.0597v1,arXiv
In silico evidence of the relationship between miRNAs and siRNAs,"Ludovica Montanucci, Piero Fariselli, Pier Luigi Martelli",arXiv,2026-07-08,"Both short interfering RNAs (siRNAs) and microRNAs (miRNAs) mediate the repression of specific sequences of mRNA through the RNA interference pathway. In the last years several experiments have supported the hypothesis that siRNAs and miRNAs may be functionally interchangeable, at least in cultured cells. In this work we verify that this hypothesis is also supported by a computational evidence. We",http://arxiv.org/abs/0705.2355v1,arXiv
