title,authors,journal,date,abstract,link,source
Bone Marrow-Derived Mesenchymal Stem Cells (BM-MSCs) and Small Intestinal Submucosa (SIS) Hydrogel Composite Can Meliorate TNBS-Induced Experimental Colitis Through Regulating Inhibiting Macrophage Polarization Toward the M1 Phenotype.,"Sun Zikai, Zhou Yan, Geng Xiang",Mediators of inflammation,2026-05-31,"An imbalance of macrophage polarization exerts influence over inflammatory bowel disease (IBD) pathogenesis. To investigate how macrophage polarization influences IBD, we engineered a composite system consisting of small intestinal submucosa (SIS) hydrogel combined with bone marrow-derived mesenchymal stem cells (BM-MSCs). The therapeutic potential of this construct was assessed by examining its r",https://pubmed.ncbi.nlm.nih.gov/42218603/,PubMed
Brain-wide spatiotemporal mapping of glutamate/GABA dual-transmitter neurons during postnatal development in mice.,"Zhou Cong, Cheng Shihan, Zheng Haofu",Cell & bioscience,2026-05-31,"Emerging evidence suggests that individual neurons can utilize multiple neurotransmitters, challenging traditional views of neuronal identity. However, as most studies to date have focused on the adult stage, a fundamental question remains: does this dual-transmitter phenotype emerge only in adulthood, or does it have specific developmental origins? To address this, we performed a comprehensive wh",https://pubmed.ncbi.nlm.nih.gov/42218477/,PubMed
Acetyltransferase NAT10 promotes aggressiveness of colorectal cancer cells via ac,"Fan Weicong, Ma Xinlei",BMC cancer,2026-05-31,N-acetyltransferase 10 (NAT10) mediated N Aberrant expressed NAT10 in colorectal cancer was identified from GSE37182 dataset. The ac Global ac Our findings demonstrate that NAT10 promotes the aggressiveness of colorectal cancer cells by regulating the ac,https://pubmed.ncbi.nlm.nih.gov/42218427/,PubMed
Hsa-miR-25-3p Inhibition Sensitizes Patient-Derived Glioblastoma Cells to Temozolomide via β-catenin Downregulation.,"Richter Katharina, Markmann Hannah, Kaps Philipp",Cellular and molecular neurobiology,2026-05-31,"MicroRNAs (miRNAs) play pivotal roles in glioblastoma (GBM) progression and therapy resistance. Among them, miR-25-3p has emerged as a key oncogenic miRNA that promotes tumor growth, invasiveness, and resistance to temozolomide (TMZ). In this study, we profiled miRNA expression in primary GBM specimens (n = 50) stratified by MGMT methylation and TP53 mutation status and assessed the functional imp",https://pubmed.ncbi.nlm.nih.gov/42218313/,PubMed
ALKBH5 aggravates scarring after glaucoma surgery via m,"Yu Ting, Yang Fan, Yang Jijingru",Cell death and differentiation,2026-05-31,"Glaucoma is a leading cause of irreversible blindness, and for patients unresponsive to medical therapy, glaucoma filtration surgery (GFS) is the primary intervention to lower intraocular pressure (IOP). However, postoperative scarring often leads to surgical failure. Here, we identify RNA demethylase ALKBH5 as a key regulator of fibrotic remodeling after GFS via an epitranscriptomic mechanism inv",https://pubmed.ncbi.nlm.nih.gov/42218253/,PubMed
Conserved mRNA expression patterns of the Klotho family in canine mammary tumors and human breast cancer.,"Kluppel Luciana, Gee Rebecca R Florke, Plavec Tanja",Scientific reports,2026-05-31,"Canine mammary tumors (CMTs) are a naturally occurring comparative model for human breast cancer (HBC) due to their genetic, molecular, and epidemiological similarities. Our previous study in HBC suggested that αKlotho and βKlotho function as tumor suppressors, but γKlotho has an oncogenic effect. Strikingly, we found γKlotho to be overexpressed in more than 65% of triple-negative breast cancer (T",https://pubmed.ncbi.nlm.nih.gov/42218196/,PubMed
YTHDC1 drives senescence evasion in ovarian cancer through m6A-mediated TERT stabilization.,"Wang Fen, Zhao Zhengyang, Li Zhuanghua",Cell death & disease,2026-05-31,"N6-methyladenosine (m6A) represents the most abundant internal RNA modification, and a key regulator of gene expression, yet its role in determining cell fate decisions such as senescence remains largely unexplored. Here, we identify the nuclear m6A reader YTHDC1 as a critical regulator of telomere homeostasis and senescence evasion in ovarian cancer. YTHDC1 expression was markedly elevated in adv",https://pubmed.ncbi.nlm.nih.gov/42218129/,PubMed
Relationship between asporin expression and the pathological progression of murine temporomandibular joint osteoarthritis after partial discectomy.,"Owada Aoi, Yotsuya Mamoru, Kamikawatoko Toshihiko",Journal of oral biosciences,2026-05-31,"Temporomandibular joint osteoarthritis (TMJ-OA) involves cartilage degeneration and bone changes; however, the mechanisms of onset and progression are unclear. Recently, it has been shown that asporin, an extracellular matrix protein, increases as knee osteoarthritis progresses and suppresses the TGF-β pathway. However, the asporin levels in later stages of TMJ-OA, when cartilage destruction occur",https://pubmed.ncbi.nlm.nih.gov/42218018/,PubMed
Sublingual glands show the highest frequency of IgA positive cells among murine major salivary glands.,"Sunada Sakiko, Kuroishi Toshinobu",Journal of oral biosciences,2026-05-31,Immunoglobulin A (IgA)-producing cells in the three major murine salivary glands (SGs) were analyzed using flow cytometry. Sublingual glands (SLGs) had significantly higher frequencies of IgA,https://pubmed.ncbi.nlm.nih.gov/42218009/,PubMed
"MIP-8, a Morchella importuna-derived peptide, protects against 6-OHDA-induced neurotoxicity via AKT signaling modulation.","Xiong Chuan, Phan Chia-Wei, Yang Xia",Biomedicine & pharmacotherapy = Biomedecine & pharmacotherapie,2026-05-31,"Natural bioactive peptides from edible and medicinal fungi are emerging as promising candidates for neuroprotection, but the activities and mechanisms of Morchella importuna-derived peptides remain poorly defined. Here, we identified a morel-derived octapeptide, MIP-8, and investigated its protective effects against 6-hydroxydopamine (6-OHDA)-induced neuronal injury. In NGF-differentiated PC12 cel",https://pubmed.ncbi.nlm.nih.gov/42217841/,PubMed
Imbalanced neurogenesis and gliogenesis in the developing neocortex of mice lacking the proteoglycan Tsukushi.,"Quaresima Sabrina, Licursi Valerio, Ohkubo Tenta",Developmental biology,2026-05-31,"Development of the mammalian neocortex relies on a tightly controlled schedule, wherein cortical progenitors initially expand by symmetric divisions, then sequentially generate neurons of the deep and superficial cortical layers by asymmetric divisions, and finally give rise to glial cell populations. This sequence of events is orchestrated by a complex network of transcriptional regulators and ex",https://pubmed.ncbi.nlm.nih.gov/42217743/,PubMed
"Aerobic Exercise Attenuates Sarcopenia-Related Changes via TXNIP-Associated Modulation of Apoptosis, Inflammation and Autophagy.","Zhao Xiaoqin, Chen Qianyu, You Jiaqi",Biochimie,2026-05-31,"Sarcopenia is an age-related syndrome characterized by progressive loss of skeletal muscle mass, strength, and function, and represents a major challenge to healthy aging. Thioredoxin-interacting protein (TXNIP) has been associated with skeletal muscle alterations in sarcopenia, but its potential role in exercise-related adaptation remains unclear. In this study, naturally aged male Sprague-Dawley",https://pubmed.ncbi.nlm.nih.gov/42217728/,PubMed
"Deoxyelephantopin, a natural sesquiterpene lactone, suppresses IL-2 production of ConA-activated T lymphocytes through inhibiting NF-κB and calcineurin/NFAT signaling.","Cai Min, Qi Ruijuan, Wang Muqing",European journal of pharmacology,2026-05-31,"Deoxyelephantopin (DET) is a sesquiterpene lactone isolated from Elephantopus scaber, a traditional medicinal plant valued for its heat-clearing and detoxifying properties. As one of the major bioactive components, DET exhibits a variety of pharmacological activities, such as antitumor, antimicrobial, and anti-inflammatory effects. Nevertheless, its effect on T cell activation remains underexplore",https://pubmed.ncbi.nlm.nih.gov/42217719/,PubMed
"CBLC-mediated ubiquitination stabilizes METTL1, enhances N7-methylguanosine modification of ESRRA, and promotes the progression of endometrial cancer.","Peng Jingwei, Zhang Linlin, Wang Ru",International journal of biological macromolecules,2026-05-31,"E3 ubiquitin ligases are critical regulators of cell signaling and proteostasis that play a critical role in many diseases, including cancer. We aimed to investigate how E3 ubiquitin-protein ligase Casitas B-lineage lymphoma proto-oncogene C (CBLC) affects the development of endometrial cancer. Single-cell sequencing and bulk transcriptome analysis revealed a significant upregulation of CBLC expre",https://pubmed.ncbi.nlm.nih.gov/42217705/,PubMed
ASFV pA137R protein triggers inflammatory response by inducing NF-κB signaling pathway and facilitating NLRP3 inflammasome assembly.,"Zeng Yi, Liu Xiaohong, Dong Siqi",Virologica Sinica,2026-05-31,"African swine fever (ASF), caused by the African swine fever virus (ASFV), is characterized by high mortality in infected pigs. ASFV infection triggers severe inflammatory response in the host, which is a crucial contributor to the high lethality of this disease. However, the underlying mechanism by which ASFV infection induces inflammatory response is still poorly understood. In this study, we fo",https://pubmed.ncbi.nlm.nih.gov/42217584/,PubMed
NPM1 mutation promotes creatine anabolism by FTO-dependent m,"Wang Jun-Dan, Liao Chen-Jia, Lei Xin-Xing",Cancer letters,2026-05-31,Nucleophosmin 1-mutant (NPM1,https://pubmed.ncbi.nlm.nih.gov/42217563/,PubMed
CYP2A13 upregulation contributes to lung tumorigenesis upon NNK exposure.,"Zhao Yunping, Wang Zheng, Zhou Zhihan",Ecotoxicology and environmental safety,2026-05-31,"Lung cancer remains one of the most prevalent and deadly malignant neoplasms worldwide, with smoking being a primary risk factor. Among the numerous carcinogens in tobacco smoke, 4-(methylnitrosamino)-1-(3-pyridyl)-1-butanone (NNK) is one of the most potent. The carcinogenic effects of NNK are believed to be mediated through its metabolic activation by CYP2A13 in the lungs, leading to DNA adduct f",https://pubmed.ncbi.nlm.nih.gov/42217486/,PubMed
Myeloid-specific Ythdf2 deletion alleviates acute lung injury by attenuating macrophage inflammation.,"Xu JingYu, Meng Qi, Ye Huangshu",Molecular immunology,2026-05-31,"Acute lung injury (ALI) is characterized by dysregulated pulmonary inflammation, in which alveolar macrophages (AMs) play a crucial role. The m⁶A reader protein YTHDF2, known to facilitate mRNA degradation, is implicated in inflammation; however, its specific function in ALI pathogenesis remains unclear. Using myeloid-specific Ythdf2 knockout mice subjected to cecal ligation and puncture (CLP)-ind",https://pubmed.ncbi.nlm.nih.gov/42217284/,PubMed
Dietary mannan oligosaccharide effectively alleviates the lung and intestinal damages in the SIV-infected piglets caused by AFB1.,"Li Shuxin, Yao Zhaoran, Yang Qirui",Veterinary microbiology,2026-05-31,"Aflatoxin B1 (AFB1) at low concentrations can enhance the replication and pathogenicity of swine influenza virus (SIV). Mannan oligosaccharide (MOS), a functional feed additive known to modulate intestinal microbiota and support immune homeostasis, may offer protective effects against such combined insults. This study investigated whether dietary MOS mitigates lung and intestinal damage in SIV-inf",https://pubmed.ncbi.nlm.nih.gov/42217260/,PubMed
(6S)-5-Methyltetrahydrofolate Dicholine Salt Modulates Methyl-Donor Metabolites and Repetitive-Element DNA Methylation in HepaRG Cells.,"Clement Kirsten, McGill Mitchell R, Bimali Milan",Journal of dietary supplements,2026-05-31,"One-carbon metabolism supports methyl-donor availability for cellular methylation reactions. (6S)-5-methyltetrahydrofolate dicholine salt (5-MTHF-DCh) is a source of bioactive folate and choline, and a potential modifier of one-carbon metabolism and DNA methylation. However, despite the potential relevance of this dual folate-choline formulation to dietary supplement science, its effects on methyl",https://pubmed.ncbi.nlm.nih.gov/42217246/,PubMed
Sampling-based Continuous Optimization for Messenger RNA Design,"Feipeng Yue, Ning Dai, Wei Yu Tang",arXiv,2026-05-31,"Designing messenger RNA (mRNA) sequences for a fixed target protein requires searching an exponentially large synonymous space while optimizing properties that affect stability and downstream performance. This is challenging because practical mRNA design involves multiple coupled objectives beyond classical folding criteria, and different applications prefer different trade-offs. We propose a gene",http://arxiv.org/abs/2603.06559v1,arXiv
Drug-like antibodies with low immunogenicity in human panels designed with Latent-X2," Latent Labs Team, Henry Kenlay, Daniella Pretorius",arXiv,2026-05-31,"Drug discovery has long sought computational systems capable of designing drug-like molecules directly: developable and non-immunogenic from the start. Here we introduce Latent-X2, a frontier generative model that achieves this goal through zero-shot design of antibodies with strong binding affinities, drug-like properties, and, for the first time for any de novo generated antibody, confirmed low ",http://arxiv.org/abs/2512.20263v1,arXiv
"RNAGenScape: Property-Guided, Optimized Generation of mRNA Sequences with Manifold Langevin Dynamics","Danqi Liao, Chen Liu, Xingzhi Sun",arXiv,2026-05-31,"Generating property-optimized mRNA sequences is central to applications such as vaccine design and protein replacement therapy, but remains challenging due to limited data, complex sequence-function relationships, and the narrow space of biologically viable sequences. Generative methods that drift away from the data manifold can yield sequences that fail to fold, translate poorly, or are otherwise",http://arxiv.org/abs/2510.24736v3,arXiv
Yeast growth is controlled by the proportional scaling of mRNA and ribosome concentrations,"Xin Gao, Michael Lanz, Rosslyn Grosely",arXiv,2026-05-31,"Despite growth being fundamental to all aspects of cell biology, we do not yet know its organizing principles in eukaryotic cells. Classic models derived from the bacteria E. coli posit that protein-synthesis rates are set by mass-action collisions between charged tRNAs produced by metabolic enzymes and mRNA-bound ribosomes. These models show that faster growth is achieved by simultaneously raisin",http://arxiv.org/abs/2508.14997v1,arXiv
mRNA Folding Algorithms for Structure and Codon Optimization,"Max Ward, Mary Richardson, Mihir Metkar",arXiv,2026-05-31,"mRNA technology has revolutionized vaccine development, protein replacement therapies, and cancer immunotherapies, offering rapid production and precise control over sequence and efficacy. However, the inherent instability of mRNA poses significant challenges for drug storage and distribution, particularly in resource-limited regions. Co-optimizing RNA structure and codon choice has emerged as a p",http://arxiv.org/abs/2503.19273v1,arXiv
Generative Model for Synthesizing Ionizable Lipids: A Monte Carlo Tree Search Approach,"Jingyi Zhao, Yuxuan Ou, Austin Tripp",arXiv,2026-05-31,"Ionizable lipids are essential in developing lipid nanoparticles (LNPs) for effective messenger RNA (mRNA) delivery. While traditional methods for designing new ionizable lipids are typically time-consuming, deep generative models have emerged as a powerful solution, significantly accelerating the molecular discovery process. However, a practical challenge arises as the molecular structures genera",http://arxiv.org/abs/2412.00807v1,arXiv
Machine learning framework to predict the performance of lipid nanoparticles for nucleic acid delivery,"Gaurav Kumar, Arezoo M. Ardekani",arXiv,2026-05-31,"Lipid nanoparticles (LNPs) are highly effective carriers for gene therapies, including mRNA and siRNA delivery, due to their ability to transport nucleic acids across biological membranes, low cytotoxicity, improved pharmacokinetics, and scalability. A typical approach to formulate LNPs is to establish a quantitative structure-activity relationship (QSAR) between their compositions and in vitro/in",http://arxiv.org/abs/2411.14293v1,arXiv
Joint Design of 5' Untranslated Region and Coding Sequence of mRNA,"Yang Liu, Jie Gao, Xiaonan Zhang",arXiv,2026-05-31,"Messenger RNA (mRNA) vaccines and therapeutics are emerging as powerful tools against a variety of diseases, including infectious diseases and cancer. The design of mRNA molecules, particularly the untranslated region (UTR) and coding sequence (CDS) is crucial for optimizing translation efficiency and stability. Current design approaches generally focus solely on either the 5' UTR or the CDS, whic",http://arxiv.org/abs/2410.20781v1,arXiv
Bacterial stress granule protects mRNA through ribonucleases exclusion,"Linsen Pei, Yujia Xian, Xiaodan Yan",arXiv,2026-05-31,"Membraneless droplets formed through liquid-liquid phase separation (LLPS) play a crucial role in mRNA storage, enabling organisms to swiftly respond to environmental changes. However, the mechanisms underlying mRNA integration and protection within droplets remain unclear. Here, we unravel the role of bacterial aggresomes as stress granules (SGs) in safeguarding mRNA during stress. We discovered ",http://arxiv.org/abs/2404.17873v2,arXiv
"Hypolipidemic effect of brown seaweed (Sargassum crassifolium) extract in vivo (Study of histopathology, mRNA expression, and immunohistochemistry (IHC) with VCAM-1, ICAM-1, and MCP-1 parameters)","Sarah Zaidan, Syamsudin Abdillah, Nur Arfian",arXiv,2026-05-31,The purpose of this study was to obtain natural drugs from brown seaweed (Sargassum crassifolium) as antiatherosclerosis candidates through the study of hypolipidemic mechanisms of action. Modeling of dyslipidemia rats was carried out by feeding high-fat (HFF) and doses of crude fucoidan 100. 200. 400mg / KgBB. in both treatments measured blood lipid profile levels taken from the orbital sinuses. ,http://arxiv.org/abs/2402.07497v1,arXiv
Machine Learning Modeling Of SiRNA Structure-Potency Relationship With Applications Against Sars-Cov-2 Spike Gene,Damilola Oshunyinka,arXiv,2026-05-31,"The pharmaceutical Research and development (R&D) process is lengthy and costly, taking nearly a decade to bring a new drug to the market. However, advancements in biotechnology, computational methods, and machine learning algorithms have the potential to revolutionize drug discovery, speeding up the process and improving patient outcomes. The COVID-19 pandemic has further accelerated and deepened",http://arxiv.org/abs/2401.12232v1,arXiv
Messenger RNA Design via Expected Partition Function and Continuous Optimization,"Ning Dai, Wei Yu Tang, Tianshuo Zhou",arXiv,2026-05-31,"The tasks of designing RNAs are discrete optimization problems, and several versions of these problems are NP-hard. As an alternative to commonly used local search methods, we formulate these problems as continuous optimization and develop a general framework for this optimization based on a generalization of classical partition function which we call ""expected partition function"". The basic idea ",http://arxiv.org/abs/2401.00037v2,arXiv
Machine Learning-guided Lipid Nanoparticle Design for mRNA Delivery,"Daisy Yi Ding, Yuhui Zhang, Yuan Jia",arXiv,2026-05-31,"While RNA technologies hold immense therapeutic potential in a range of applications from vaccination to gene editing, the broad implementation of these technologies is hindered by the challenge of delivering these agents effectively. Lipid nanoparticles have emerged as one of the most widely used delivery agents, but their design optimization relies on laborious and costly experimental methods. W",http://arxiv.org/abs/2308.01402v2,arXiv
Corrected Hill Function in Stochastic Gene Regulatory Networks,"Manuel Eduardo Hernández-García, Jorge Velázquez-Castro",arXiv,2026-05-31,"Describing reaction rates in stochastic bio-circuits is commonly done by directly introducing the deterministically deduced Hill function into the master equation. However, when fluctuations in enzymatic reaction rates are not neglectable, the Hill function must be derived, considering all the involved stochastic reactions. In this work, we derived the stochastic version of the Hill function from ",http://arxiv.org/abs/2307.03057v4,arXiv
Stochastic dynamics and ribosome-RNAP interactions in Transcription-Translation Coupling,"Xiangting Li, Tom Chou",arXiv,2026-05-31,"Under certain cellular conditions, transcription and mRNA translation in prokaryotes appear to be ""coupled,"" in which the formation of mRNA transcript and production of its associated protein are temporally correlated. Such transcription-translation coupling (TTC) has been evoked as a mechanism that speeds up the overall process, provides protection during the transcription, and/or regulates the t",http://arxiv.org/abs/2207.04568v1,arXiv
Coronavirus RNA Sensor Using Single-Stranded DNA Bonded to Sub-Percolated Gold Films on Monolayer Graphene Field-Effect Transistors,"Nicholas E. Fuhr, Mohamed Azize, David J. Bishop",arXiv,2026-05-31,"Electrical detection of messenger ribonucleic acid (mRNA) is a promising approach to enhancing transcriptomics and disease diagnostics because of its sensitivity, rapidity, and modularity. Reported here is a fast SARS-CoV-2 mRNA biosensor (<1 minute) with a limit of detection of 1 aM, and dynamic range of 4 orders of magnitude and a linear sensitivity of 22 mV per molar decade. These figures of me",http://arxiv.org/abs/2205.05143v1,arXiv
Deep learning models for predicting RNA degradation via dual crowdsourcing,"Hannah K. Wayment-Steele, Wipapat Kladwang, Andrew M. Watkins",arXiv,2026-05-31,"Messenger RNA-based medicines hold immense potential, as evidenced by their rapid deployment as COVID-19 vaccines. However, worldwide distribution of mRNA molecules has been limited by their thermostability, which is fundamentally limited by the intrinsic instability of RNA molecules to a chemical degradation reaction called in-line hydrolysis. Predicting the degradation of an RNA molecule is a ke",http://arxiv.org/abs/2110.07531v2,arXiv
Coagulapathies after vaccination against SARS-CoV-2 may be derived from a combination effect of SARS-CoV-2 spike protein and adenovirus vector-triggered signaling pathways,Ralf Kircheis,arXiv,2026-05-31,"The novel coronavirus SARS-CoV-2 has resulted in a global pandemic with worldwide 6-digital infection rates and thousands death tolls daily. Enormeous effords are undertaken to achieve high coverage of immunization in order to reach herd immunity to stop spreading of SARS-CoV-2 infection. Several SARS-CoV-2 vaccines, based either on mRNA, viral vectors, or inactivated SARS-CoV-2 virus have been ap",http://arxiv.org/abs/2109.00089v1,arXiv
Analyzing ribosome remodeling in health and disease,"Aleksandra A. Petelski, Nikolai Slavov",arXiv,2026-05-31,"regulation largely unexplored, in part due to methodological limitations. Indeed, we review evidence demonstrating that commonly used methods, such as transcriptomics, are inadequate because the variability in mRNAs coding for ribosomal proteins (RP) does not necessarily correspond to RP variability. Thus protein remodeling of ribosomes should be investigated by methods that allow direct quantific",http://arxiv.org/abs/2007.05839v2,arXiv
Algorithm for Optimized mRNA Design Improves Stability and Immunogenicity,"He Zhang, Liang Zhang, Ang Lin",arXiv,2026-05-31,"Messenger RNA (mRNA) vaccines are being used for COVID-19, but still suffer from the critical issue of mRNA instability and degradation, which is a major obstacle in the storage, distribution, and efficacy of the vaccine. Previous work showed that optimizing secondary structure stability lengthens mRNA half-life, which, together with optimal codons, increases protein expression. Therefore, a princ",http://arxiv.org/abs/2004.10177v7,arXiv
Efficient production of l-tryptophan by dynamic regulation of the intracellular l-Gln:l-Ser ratio in Escherichia coli.,"Zhou Qiang, Jiang Yuchen, Liu Jia",Bioresource technology,2026-05-31,"l-Tryptophan (l-Trp), an essential amino acid for humans and animals, is extensively used in the pharmaceutical, food, and feed industries. In order to further increase the production efficiency of l-Trp in E. coli, the metabolic bottlenecks (phosphoenolpyruvate, shikimate, l-Glutamine, and l-Serine) were identified by integrating intracellular metabolite profiling and transcriptional analysis. Am",https://pubmed.ncbi.nlm.nih.gov/42217805/,PubMed
Ligand-Induced Trigger RNA Cleavage Enables Programmable Gene Expression Regulation via Strand Displacement in Prokaryotic and Eukaryotic Cells.,"Zhang Chenxi, Feng Huiye, Li Liting",Frontiers in bioscience (Landmark edition),2026-05-31,"Synthetic RNA circuits offer powerful tools for reprogramming cellular behavior, but constructing ligand-responsive RNA switches that function reliably inside living cells remains challenging. Existing cis-acting designs often lack modularity and programmability due to tight coupling between sensing and output domains. We developed a generalizable strategy termed Ligand-Induced Trigger RNA Cleavag",https://pubmed.ncbi.nlm.nih.gov/42216525/,PubMed
Interactional Endocytosis and Transmembrane Transport Promote Cellular Internalization of Nano-Delivered RNA Drugs for Efficient Control of Crop Diseases.,"Guan Mei, Xie Chao, Xue Yang",Plant biotechnology journal,2026-05-31,"Botrytis cinerea is a widespread plant pathogenic ascomycete that causes grey mould in over 1400 species and impacts global crop yields. Double-stranded RNA (dsRNA)-induced gene silencing is a promising technology for pest control, but efficient delivery remains a major challenge. This work presents a star polycation (SPc)-based nano-delivery platform that enhances dsRNA internalization and enable",https://pubmed.ncbi.nlm.nih.gov/42216478/,PubMed
Sex-Specific Regulation of the Turandot Gene Family Modulates Temperature-Dependent Lifespan in Drosophila melanogaster.,"Hoffman Jessica M, Lasher A Tate, Fitch Michael P",Aging cell,2026-05-31,"Ambient temperature is a primordial determinant of longevity across the animal kingdom, yet the molecular transducers that couple thermal cues to aging rates remain elusive. Here, we interrogate the transcriptomic and metabolomic landscapes of Drosophila melanogaster to decode the mechanisms of temperature-dependent lifespan extension. We find that thermal stress drives a profound remodeling of th",https://pubmed.ncbi.nlm.nih.gov/42216237/,PubMed
RREB1-driven FMR1 upregulation promotes colorectal cancer angiogenesis via VEGFA-mediated MAPK/PI3K signaling activation.,"Hu Yuhan, Yu Pei, Yan Zhaoxiang",Biochimica et biophysica acta. Molecular cell research,2026-05-31,"Colorectal cancer (CRC) remains a leading cause of cancer-related mortality worldwide, and angiogenesis is a critical driver of tumor growth and metastasis. In this study, we found that FMR1, an RNA-binding protein, was markedly upregulated in CRC tissues and was positively associated with microvessel density (MVD), CD34 expression, and VEGFA levels. Functional experiments, including HUVEC tube fo",https://pubmed.ncbi.nlm.nih.gov/42214628/,PubMed
Germline MET-2-LIN-3-LET-23 signaling axis governs nanoplastic-induced transgenerational reproductive toxicity in Caenorhabditis elegans.,"Huang Jiarui, Zhang Wenwen, Cao Jing","Aquatic toxicology (Amsterdam, Netherlands)",2026-05-31,"Chronic exposure to low concentrations of polystyrene nanoparticles (PS-NPs) can induce reproductive toxicity across multiple generations, yet the underlying molecular mechanisms remain poorly defined. Our previous studies showed that the parental germline EGF ligand LIN-3 could transgenerationally regulate PS-NPs-induced reproductive toxicity by targeting intestinal LET-23-DAF-16 or neuronal LET-",https://pubmed.ncbi.nlm.nih.gov/42214197/,PubMed
Modeling stimulus-induced stress responses in microglia-like cells using a commercial iPSC-dCas9-KRAB line.,"Saunders Devin M, Kearns Nicola A, Ng Bernard",Stem cell research,2026-05-31,"Commercially available human iPSC lines with inducible CRISPR interference (CRISPRi) systems offer scalable platforms for gene function studies. One widely available line, the AICS-0090 dCas9-KRAB iPSC line developed by the Allen Institute, has been extensively validated for genomic integrity and stem cell potency. However, its utility in modeling specialized immune cell types such as microglia - ",https://pubmed.ncbi.nlm.nih.gov/42214129/,PubMed
The BZR1-GRP5 module regulates leaf growth by altering cell wall metabolism in Flowering Chinese cabbage (Brassica rapa ssp. chinensis var. parachinensis).,"Su Wei, Ou Xi, Chen Kemin",Plant cell reports,2026-05-31,"Propiconazole reveals a BraBZR1-BraGRP5 transcriptional module that promotes leaf growth via cell expansion in Flowering Chinese cabbage. Flowering Chinese cabbage, also known as Caixin (Brassica rapa ssp. chinensis var. parachinensis), plays a significant and industrial role, particularly in South China. Propiconazole (PCZ), a triazole fungicide, is widely used in leafy vegetable production as a ",https://pubmed.ncbi.nlm.nih.gov/42213177/,PubMed
RNAi-Mediated Attenuation of CsCalS7-Related Transcripts Mitigates Callose Accumulation and Huanglongbing Symptoms.,"Granato Laís Moreira, D'Alessandre Nathália da Roz, Boscariol-Camargo Raquel Luciana",Molecular plant pathology,2026-05-31,"Huanglongbing (HLB) is the most destructive citrus disease worldwide and is characterised by excessive callose deposition at sieve plates, which has been associated with impaired carbohydrate transport, starch accumulation and severe symptoms. CsCalS7, a phloem-associated callose synthase, is induced during infection and involved in sieve pore occlusion. Citrus sinensis contains at least three Cal",https://pubmed.ncbi.nlm.nih.gov/42210679/,PubMed
Silencing LsAtg8 reduces female fecundity and elevates Wolbachia density in embryos of the rice planthopper Laodelphax striatellus.,"Wang Meng-Ke, Wang Meng-Ru, Niu Yue-Di",Pest management science,2026-05-31,"Autophagy is essential for insect reproduction and endosymbiont homeostasis, with Atg8 serving as a key autophagy-related gene. However, the specific role of LsAtg8 in reproduction and endosymbiont regulation in Laodelphax striatellus has not been fully examined. In this study, we discovered that LsAtg8 is expressed at higher levels in the fat body and ovaries of L. striatellus compared to other a",https://pubmed.ncbi.nlm.nih.gov/42210512/,PubMed
Essential roles of LmKnk and LmRtv in chitin formation during locust pro-nymphal cuticle development.,"Huo Yanjun, Zhou Jiannan, Liu Xiaojian",Journal of economic entomology,2026-05-31,"The pro-nymphal stage is critical for cuticle formation in the embryonic development of the migratory locust, Locusta migratoria, providing essential protection for embryonic stability and hatching. However, the molecular mechanisms regulating cuticular lamellar assembly during this stage remain largely unknown, especially in hemimetabolous insects. This study focuses on the roles of Knickkopf (Lm",https://pubmed.ncbi.nlm.nih.gov/42209117/,PubMed
PTBP1 promotes coronary artery calcification by regulating CARD8 alternative splicing and NLRP3 inflammasome activation.,"Hu Hao, Zhang Fan, Wu Jun",Archives of biochemistry and biophysics,2026-05-31,"Coronary artery calcification (CAC) serves as a significant predictor of cardiovascular events; however, its underlying molecular mechanisms remain incompletely elucidated. PTBP1, an RNA-binding protein with profound regulatory functions, plays a critical role in post-transcriptional regulation. Nevertheless, its function and mechanism in vascular calcification have yet to be fully explored. RNA s",https://pubmed.ncbi.nlm.nih.gov/42208669/,PubMed
Licochalcone B alleviates atherosclerosis by inhibiting endothelial inflammation via targeting the KEAP1/NRF2/NF-κB signalling pathway.,"Liao Zhao-Fu, Zhou Wan-Qing, Du Shuang-Qiu",Phytomedicine : international journal of phytotherapy and phytopharmacology,2026-05-31,"Atherosclerosis is a chronic inflammatory disorder of the arterial subendothelium that remains a major clinical challenge. Licochalcone B (LCB), a licorice-derived flavonoid, has been documented to display anti-inflammatory effects; however, its therapeutic potential for atherosclerosis remains unknown. To evaluate the efficacy of LCB against atherosclerosis and to uncover the mechanisms involved.",https://pubmed.ncbi.nlm.nih.gov/42208107/,PubMed
From Molecular Recognition to Behavioral Control: Dual-Target Aphid Repellent Discovery of Novel Ionone Derivatives.,"Zhu Ziwei, Zhu Wenya, Tang Haoyu",Journal of agricultural and food chemistry,2026-05-31,"Odorant-binding proteins (OBPs) are promising targets for insect behavior regulators. We established an original target-to-behavior strategy for developing dual-target aphid repellents. Structure-based virtual screening initially identified β-ionone as a lead compound, from which 24 novel ionone derivatives were designed and synthesized targeting ",https://pubmed.ncbi.nlm.nih.gov/42207031/,PubMed
"Nuclear receptor genes HR3 and βFTZ-F1 are involved in moulting development, pupation and eclosion in Hyphantria cunea (Drury).","Chu Jingqing, Zhang Jiawen, Sun Lili",Insect molecular biology,2026-05-31,"Nuclear receptor genes play crucial roles in insect moulting. These genes, found in all insects, produce important proteins that control the expression of other genes, which in turn regulate the moulting process in larvae. This study investigated the roles of the nuclear receptor genes HcHR3 and HcβFTZ-F1 in the moulting development, pupation and eclosion of Hyphantria cunea. The mRNA expression o",https://pubmed.ncbi.nlm.nih.gov/42206634/,PubMed
Gene cloning and expression analysis based on primary culture of fin cells from Centropyge vrolikii.,"Luo Dingyuan, Xi Ning, Shi Shengkai",Journal of fish biology,2026-05-31,"Skin coloration is a distinctive phenotype and an economically important trait in ornamental fish. Understanding its regulatory mechanisms is crucial for both aquaculture and selective breeding. In this study, we cloned and analysed the full-length complementary DNA (cDNA) sequences of four key pigmentation-related genes-mitf, mc1r, tyr and sox10-in the black-tailed angelfish (Centropyge vrolikii)",https://pubmed.ncbi.nlm.nih.gov/42206485/,PubMed
Unlocking the potential: current landscape and future directions of immunotherapy in gastric cancer.,"Zhou Yingfei, Wei Luling, Wang Luoyang",Frontiers in immunology,2026-05-31,"Gastric cancer (GC) ranks as the third leading cause of cancer-related mortality worldwide, and its management remains formidable. Immunotherapy has been highly praised for its remarkable efficacy and acceptable toxicity, and its development has outpaced that of traditional therapies. However, molecular heterogeneity and the immunosuppressive tumor immune microenvironment (TIME) have hindered the ",https://pubmed.ncbi.nlm.nih.gov/42206056/,PubMed
Metabolomics reveals McF6'H1-mediated regulation of phenylpropanoid/flavonoid metabolism and enhanced antifungal activity in transgenic Morinda citrifolia.,"Wang Mingjing, Dao Mei, Xu Li",BMC plant biology,2026-05-31,"Phenylpropanoids and flavonoids are major classes of bioactive metabolites that contribute to plant defense and functional value in noni (Morinda citrifolia). Although feruloyl-CoA 6'-hydroxylase 1 (F6'H1) is recognized as a key enzyme in coumarin biosynthesis, its broader role in secondary metabolic regulation and antifungal responses in perennial medicinal plants remains unclear. In this study, ",https://pubmed.ncbi.nlm.nih.gov/42204672/,PubMed
Reconstitution of antiviral Dicer activity in vitro reveals distinct contributions of RDE-4 dsRNA-binding motifs.,"Boyle Elaina P, Aruscavage P Joe, Consalvo Claudia D","RNA (New York, N.Y.)",2026-05-31,In ,https://pubmed.ncbi.nlm.nih.gov/42203527/,PubMed
Y-box Binding Protein 1 as a Target Molecule of a Novel Coumarin-based Anti-metastatic Agent.,"Ashihara Eishi, Sugiyama Yuki, Kawashima Keigo",Anticancer research,2026-05-31,"We previously demonstrated that a novel coumarin-based compound, 7,8-dihydroxy-3-(4'-hydroxyphenyl)coumarin (DHC), suppresses metastasis of LM8 osteosarcoma cells both  Novel coumarin-based compounds were designed and evaluated for their effects on LM8 osteosarcoma cell invasion and migration. To identify a candidate target molecule of the newly synthesized compound SSKP-0076, liquid chromatograph",https://pubmed.ncbi.nlm.nih.gov/42203309/,PubMed
Multimodal Alignment and Preference Optimization for Zero-Shot Conditional RNA Generation,"Roman Klypa, Alberto Bietti, Sergei Grudinin",arXiv,2026-05-31,"The design of RNA molecules that interact with specific proteins is a critical challenge in experimental and computational biology. Despite recent progress in natural language modeling and deep learning-based protein design, there remains significant room to improve the frequency of successful interactions and the authenticity of generated sequences for functional applications. In this work, we fr",http://arxiv.org/abs/2605.23961v1,arXiv
"GoForth: Language Models for RNA Design under Structure, Sequence, and Coding Constraints",Michael Lindsey,arXiv,2026-05-31,"RNA inverse sequence design has broad biological and engineering applications, but computational methods for practical design queries remain limited. Such queries may impose several constraints at once, including target folds or motifs, fixed bases, and coding restrictions, while leaving arbitrary sequence and structure in unspecified regions. Because these constraints may permit many acceptable s",http://arxiv.org/abs/2605.07608v1,arXiv
Bayesian Rate Inference for Sequence Motif Dynamics in Systems of Reactive Nucleic Acids,"Johannes Harth-Kitzerow, Ulrich Gerland, Torsten A. Enßlin",arXiv,2026-05-31,"The RNA world hypothesis suggests a pathway of how life emerged on early earth. It assumes that life started with RNA based systems, capable of storing, transmitting and replicating information, envisioning that monomers and short RNA oligomers interact to form longer strands, eventually becoming catalytically active ribozymes. Key reactions in RNA pools are hybridization, dehybridization, templat",http://arxiv.org/abs/2604.25701v1,arXiv
VARIANT: Web Server for Decoding and Analyzing Viral Mutations at Genome and Protein Levels,"Rui Wang, Xuhang Dai, Xin Cao",arXiv,2026-05-31,"A comprehensive analysis of viral mutations is essential for understanding viral evolution, disease epidemiology, diagnosis, drug resistance, etc. However, challenges remain in capturing complex mutation patterns and supporting diverse viral families with varying genome architectures. To address these needs, we present VARIANT, an web server for mutational analysis of RNA viral genomes and associa",http://arxiv.org/abs/2604.20942v1,arXiv
Interfacial Potential Transduction for Diagnostics,"Hyun-June Jang, Peuli Nath, Yuqin Wang",arXiv,2026-05-31,"A major barrier to decentralized, near-patient diagnostics is the lack of a signal transduction modality that is both analytically precise and accessible at the point of care. Optical readouts remain instrument-dependent and difficult to miniaturize, while compact electrochemical readouts are prone to matrix-derived signal distortion, limiting their biomarker coverage in real clinical settings. He",http://arxiv.org/abs/2603.23775v1,arXiv
ZeroFold: Protein-RNA Binding Affinity Predictions from Pre-Structural Embeddings,"Josef Hanke, Sebastian Pujalte Ojeda, Shengyu Zhang",arXiv,2026-05-31,"The accurate prediction of protein-RNA binding affinity remains an unsolved problem in structural biology, limiting opportunities in understanding gene regulation and designing RNA-targeting therapeutics. A central obstacle is the structural flexibility of RNA, as, unlike proteins, RNA molecules exist as dynamic conformational ensembles. Thus, committing to a single predicted structure discards in",http://arxiv.org/abs/2603.23583v1,arXiv
Computational modeling of RNA-protein binding interactions under an external force,"Danielle Wampler, Ralf Bundschuh",arXiv,2026-05-31,"RNA binding proteins play a crucial role in post-transcriptional gene regulation by controlling the transport, processing, and translation of their target RNAs. Post-transcriptional gene regulation leads to the differential expression of genetic material and loss of regulation or over-regulation relates to a large range of cancers and diseases - many of which have directly been associated with RNA",http://arxiv.org/abs/2603.22269v1,arXiv
Fair splits flip the leaderboard: CHANRG reveals limited generalization in RNA secondary-structure prediction,"Zhiyuan Chen, Zhenfeng Deng, Pan Deng",arXiv,2026-05-31,"Accurate prediction of RNA secondary structure underpins transcriptome annotation, mechanistic analysis of non-coding RNAs, and RNA therapeutic design. Recent gains from deep learning and RNA foundation models are difficult to interpret because current benchmarks may overestimate generalization across RNA families. We present the Comprehensive Hierarchical Annotation of Non-coding RNA Groups (CHAN",http://arxiv.org/abs/2603.22330v1,arXiv
Reverse Distillation: Consistently Scaling Protein Language Model Representations,"Darius Catrina, Christian Bepler, Samuel Sledzieski",arXiv,2026-05-31,"Unlike the predictable scaling laws in natural language processing and computer vision, protein language models (PLMs) scale poorly: for many tasks, models within the same family plateau or even decrease in performance, with mid-sized models often outperforming the largest in the family. We introduce Reverse Distillation, a principled framework that decomposes large PLM representations into orthog",http://arxiv.org/abs/2603.07710v1,arXiv
Fast and Versatile RNA Design via Motif-level Divide-and-Conquer and Structure-level Rival Search,"Tianshuo Zhou, David H. Mathews, Liang Huang",arXiv,2026-05-31,"RNA design aims to identify RNA sequences that fold into a target secondary structure. This task is challenging in terms of computational efficiency. Most existing methods focus on either minimum free energy (MFE)-based or ensemble-based metrics, leaving a gap for a unified approach that performs well across both. We introduce a fast and versatile RNA design algorithm inspired by our previous work",http://arxiv.org/abs/2603.02283v1,arXiv
CryoNet.Refine: A One-step Diffusion Model for Rapid Refinement of Structural Models with Cryo-EM Density Map Restraints,"Fuyao Huang, Xiaozhu Yu, Kui Xu",arXiv,2026-05-31,"High-resolution structure determination by cryo-electron microscopy (cryo-EM) requires the accurate fitting of an atomic model into an experimental density map. Traditional refinement pipelines such as Phenix.real_space_refine and Rosetta are computationally expensive, demand extensive manual tuning, and present a significant bottleneck for researchers. We present CryoNet.Refine, an end-to-end dee",http://arxiv.org/abs/2602.22263v2,arXiv
CPTCs Drive Somatic-Visceral Communication via the Wnt Axis in Somatic Mechanotherapy: A Single-Cell Deep Learning Study,"Haixiang Huang, Zhenwei Zhang, BingBing Shen",arXiv,2026-05-31,"Somatic mechanical stimulation (e.g., acupuncture) exerts systemic immunomodulatory effects, yet the cellular bridge translating peripheral physical force into visceral repair remains elusive. Here, employing a custom interpretable deep learning framework (CARSS) on single-cell RNA sequencing data, we identify CD34$^{+}$PDGFR$α$$^{+}$ telocytes (CPTCs) as the primary mechanosensors in both fascia ",http://arxiv.org/abs/2602.05451v2,arXiv
Tensor-DTI: Enhancing Biomolecular Interaction Prediction with Contrastive Embedding Learning,"Manel Gil-Sorribes, Júlia Vilalta-Mor, Isaac Filella-Mercè",arXiv,2026-05-31,"Accurate drug-target interaction (DTI) prediction is essential for computational drug discovery, yet existing models often rely on single-modality predefined molecular descriptors or sequence-based embeddings with limited representativeness. We propose Tensor-DTI, a contrastive learning framework that integrates multimodal embeddings from molecular graphs, protein language models, and binding-site",http://arxiv.org/abs/2601.05792v1,arXiv
MERGE-RNA: a physics-based model to predict RNA secondary structure ensembles with chemical probing,"Giuseppe Sacco, Jianhui Li, Redmond P. Smyth",arXiv,2026-05-31,"RNA function is tied to secondary structure, operating through dynamic and heterogeneous structural ensembles. While current analysis tools typically output single static structures or averaged contact maps, chemical probing methods like DMS capture nucleotide-resolution signals representing the full structural ensemble, which remain difficult to interpret structurally. To address this, we present",http://arxiv.org/abs/2512.20581v3,arXiv
Methods for Analyzing RNA Pseudoknots via Chord Diagrams and Intersection Graphs,"Rayan Ibrahim, Allison H. Moore",arXiv,2026-05-31,"RNA molecules are known to form complex secondary structures including pseudoknots. A systematic framework for the enumeration, classification and prediction of secondary structures is critical to determine the biological significance of the molecular configurations of RNA. Chord diagrams are mathematical objects widely used to represent RNA secondary structures and to analyze structural motifs, h",http://arxiv.org/abs/2512.19939v1,arXiv
Machine learning for RNA-targeting drug design,"Wissam Karroucha, Carlos Oliver, Veronique Stoven",arXiv,2026-05-31,"Targeting RNA with small molecules offers significant therapeutic potential.
  Machine learning could substantially accelerate preclinical drug discovery, from hit identification to lead optimization.
  Yet a fundamental limitation emerges: drug design machine learning models, tailored for proteins, are not readily applicable to RNAs because of fundamental differences between RNAs and proteins in ",http://arxiv.org/abs/2512.15645v1,arXiv
Integrating Coarse-Grained Simulations and Deep Learning to Unveil Entropy-Driven dsRNA Unwinding by DDX3X,"Kang Wang, Chun-Lai Ren, Yu-Qiang Ma",arXiv,2026-05-31,"DEAD-box RNA helicases (DDXs) are essential RNA metabolism regulators that typically unwind dsRNA in an ATP-dependent manner. However, recent studies show some DDXs can also unwind dsRNA without ATP, a phenomenon that remains poorly understood. Here, we developed HelixTriad coarse-grained RNA model, incorporating Watson-Crick base pairing, base stacking, and electrostatics within a three-bead-per-",http://arxiv.org/abs/2512.08367v1,arXiv
"MoRSAIK: Sequence Motif Reactor Simulation, Analysis and Inference Kit in Python","Johannes Harth-Kitzerow, Ulrich Gerland, Torsten A. Enßlin",arXiv,2026-05-31,"Origins of life research investigates how life could emerge from prebiotic chemistry only. One possible explanation provides the RNA world hypothesis. It states that life could emerge from RNA strands only, storing and transferring biological information, as well as catalyzing reactions as ribozymes. Before this state could have emerged, however, the prebiotic world was probably a purely chemical ",http://arxiv.org/abs/2512.02204v1,arXiv
DeepPNI: Language- and graph-based model for mutation-driven protein-nucleic acid energetics,"Somnath Mondal, Tinkal Mondal, Soumajit Pramanik",arXiv,2026-05-31,"The interaction between proteins and nucleic acids is crucial for processes that sustain cellular function, including DNA maintenance and the regulation of gene expression and translation. Amino acid mutations in protein-nucleic acid complexes often lead to vital diseases. Experimental techniques have their own specific limitations in predicting mutational effects in protein-nucleic acid complexes",http://arxiv.org/abs/2511.22239v1,arXiv
The LncRNA MIAT acts as a sponge for miR-942-5p to exacerbate the inflammation and oxidative stress in macrophages during sepsis-associated liver injury.,"Shi Juanjuan, Liu Zhiyuan, Liu Juan",BMC immunology,2026-05-31,"Sepsis-associated liver injury (SALI) is a risk factor for high mortality in patients with sepsis. However, the pathological mechanism and treatment strategies of SALI remain unclear. This study aims to explore the influence of lncRNA MIAT expression on SALI. The MIAT and TXNIP levels in the serum of SALI patients, RAW264.7 stimulated by LPS, and AML-12 co-cultured with RAW264.7 were increased, wh",https://pubmed.ncbi.nlm.nih.gov/42218371/,PubMed
LncRNA CASC15-EZH2 Interaction Promotes Ischemia-Reperfusion Induced Acute Kidney Injury via Regulating SALL1 and Wnt/β-Catenin Pathway.,"Zhang Mingjie, Yan Xinzhou, Mei Shuqin",FASEB journal : official publication of the Federation of American Societies for Experimental Biology,2026-05-31,"Enhancer of zeste homolog 2 (EZH2), a well-known methyltransferase, mediates histone H3 lysine 27 trimethylation (H3K27me3) and plays a critical role in various kidney diseases. Previous studies have demonstrated that EZH2 contributes to ischemia-reperfusion (I/R)-induced acute kidney injury (AKI). However, the specific role and regulation of EZH2 in renal I/R injury remain incompletely understood",https://pubmed.ncbi.nlm.nih.gov/42217179/,PubMed
Exosomes in Glioma: Integrating Molecular Mechanisms with Diagnostic and Therapeutic Potential.,"Liu Yantong, Nie Yingdi, Zhang Hao","Small (Weinheim an der Bergstrasse, Germany)",2026-05-31,"Glioma, a lethal intracranial malignancy with limited therapeutic options, represents one of oncology's most persistent challenges. Entering a new era of molecular oncology, exosomes-nanoscale extracellular vesicles-have emerged as master regulators of intercellular communication, dynamically sculpting the glioma tumor microenvironment (TME) and orchestrating hallmarks of malignancy, including imm",https://pubmed.ncbi.nlm.nih.gov/42216786/,PubMed
Exploration of the Role of M2 Macrophages in Hepatocellular Carcinoma: Insights into Disulfidptosis and Cellular Interactions.,"Chen Zhuming, Li Weiwei, Yu Anhai",Frontiers in bioscience (Landmark edition),2026-05-31,"The interplay between regulated cell death processes, especially disulfidptosis, and the immune microenvironment in hepatocellular carcinoma (HCC) remains poorly understood. Therefore, this study aimed to elucidate these relationships systematically at single-cell resolution. Multi-omics data from TCGA (n = 315) were integrated with single-cell RNA sequencing (scRNA-seq) data from 21 HCC samples. ",https://pubmed.ncbi.nlm.nih.gov/42216550/,PubMed
A Palmitoylation-Associated lncRNA Signature as a Prognostic Biomarker and Its Correlation With the Immune Microenvironment in Lung Adenocarcinoma.,"Ding Wenxin, Wu Sixuan, Zeng Lijun",Frontiers in bioscience (Landmark edition),2026-05-31,"Lung adenocarcinoma (LUAD) is recognized as the predominant subtype of non-small cell lung cancer (NSCLC), characterized by its aggressive behavior and notable capacity for metastasis. Recent studies have uncovered the significance of palmitoylation, a vital post-translational modification, in regulating biological functions such as cellular signaling and protein localization, suggesting its poten",https://pubmed.ncbi.nlm.nih.gov/42216531/,PubMed
"Decoding the role of H19 in cholestatic liver injury using snRNA-seq, spatial transcriptomics, and machine learning-based disease prediction.","Way Grayson W, Jiang Xixian, Lu Hongkun",Cell & bioscience,2026-05-31,"Despite recent advances, Primary Sclerosing Cholangitis (PSC)-a chronic obstructive biliary disease-still lacks effective therapies to prevent disease progression or the need for liver transplantation. Moreover, up to 30% of transplant recipients experience recurrence. Long non-coding RNA H19 (H19) has been implicated in promoting PSC progression, yet the cellular and molecular mechanisms underlyi",https://pubmed.ncbi.nlm.nih.gov/42216109/,PubMed
LncRNA GAS6-AS1 enhances the progression of pediatric neuroblastoma by modulating miR-3200-3p.,"Chen Jinwen, Huang He, Lin Junshan",World journal of surgical oncology,2026-05-31,"Neuroblastoma, a highly malignant and heterogeneous tumor, is the most frequent extracranial solid malignancy in children. This study explores the prognostic significance and biological role of GAS6-AS1 in neuroblastoma, aiming to identify novel biomarkers that could enhance the understanding of disease progression. RT-qPCR was used to measure GAS6-AS1 expression levels in neuroblastoma tissues. T",https://pubmed.ncbi.nlm.nih.gov/42215989/,PubMed
Long non-coding RNA SNHG17 contributes to proliferation and migration of retinal vascular endothelial cell in diabetic retinopathy through miR-34a-5p/CDK6 axis.,"Wei Lichun, Song Jing, Han Shasha",BMC ophthalmology,2026-05-31,"Long non-coding RNAs (lncRNAs) emerge as crucial regulators in diabetic retinopathy (DR). This study examined the expression profile of lncRNA SNHG17 in DR patients, and the underlying mechanism was probed in human retinal microvascular endothelial cells (hRMECs). 120 healthy controls (HC), 100 patients with T2DM, and 253 patients with DR were enrolled. hRMECs were treated with high glucose (HG) t",https://pubmed.ncbi.nlm.nih.gov/42215943/,PubMed
"Corrigendum to ""Characteristics of the long non-coding RNA-mRNA regulatory network in American eel (Anguilla rostrata) during Vibrio harveyi infection"" [Comparative Biochemistry and Physiology - Part D: Genomics and Proteomics 59 (2026) 101871].","Sun Guanghua, Wu Liqun, Tang Yijun","Comparative biochemistry and physiology. Part D, Genomics & proteomics",2026-05-31,,https://pubmed.ncbi.nlm.nih.gov/42215347/,PubMed
Potential use of HOTAIR and MALAT1 as prognostic biomarkers for cervical cancer: An application to the NHS.,"Wilkins Kayleigh, David Olivia, Oguntoyinbo Jonathan Openifoluwa",Cancer treatment and research communications,2026-05-31,"Large loop excision of the transformation zone (LLETZ) is a common treatment for women who display grade 3 cervical intraepithelial neoplasia (CIN3). However, 78% of women report physical side effects and 71% of women report psychological effects after treatment. Furthermore, 76% of women report feeling rushed into the decision to undergo treatment, with no other monitoring option provided, highli",https://pubmed.ncbi.nlm.nih.gov/42214277/,PubMed
Pnky lncRNA secondary structure maps identify functional regions that control neurogenesis in neural stem cells.,"Saha Parna, Patel Shivali, Tsao Lucille H",Cell reports,2026-05-31,"Long noncoding RNA (lncRNA) Pnky is a trans-acting regulator of neural stem cell (NSC) differentiation, but the molecular mechanisms by which Pnky regulates neurogenesis are unknown. A fundamental step toward mechanistic understanding is to determine whether lncRNA structure underlies biological function. Using chemical probing and high-throughput analysis, we determined the secondary structure of",https://pubmed.ncbi.nlm.nih.gov/42213787/,PubMed
Epigenetic orchestration of scar formation: Therapeutic potential of targeting DNA methylation and non‑coding RNAs in cutaneous fibrosis (Review).,"Li Jinshun, Liu Weiyun, Yang Jin",Molecular medicine reports,2026-05-31,"Cutaneous fibrosis is sustained by epigenetic 'memory' rather than chronic inflammation. DNA hypermethylation, repressive histone marks and non‑coding RNA networks lock dermal fibroblasts into a collagen‑secretory state that can persist years after wounding. Single‑cell methylomes have identified DNA methyltransferase (DNMT)3B as the key epigenetic writer driving anti‑fibrotic gene silencing, wher",https://pubmed.ncbi.nlm.nih.gov/42212370/,PubMed
"Comparison of long non-coding RNA NEAT1 expression, P53, and anti-oxidant factors between Alzheimer's patients and healthy individuals.","Yarahmadi Sara, Alidoust Leila, Saberi Alia",Iranian journal of basic medical sciences,2026-05-31,"Several studies have reported that the lncRNA Nuclear-enriched abundant transcript 1 (NEAT1) is associated with the progression of Alzheimer's disease (AD). Oxidative stress and apoptosis also play crucial roles in the development of AD. The present study compared the serum levels of NEAT1, superoxide dismutase (SOD), glutathione (GSH), and P53 between individuals with AD and healthy controls. Per",https://pubmed.ncbi.nlm.nih.gov/42212212/,PubMed
Discovery of a G-rich ultra stable human ncRNA G-quadruplex that binds ATP.,"Bohmer Margaret, Jin Kai, Guo Peixuan",Non-coding RNA research,2026-05-31,"Thermostable RNA motifs have been shown to be a unique material for building nanoparticles for many applications (Guo lab, Nature Nanotechnology, 2020 PMID: 21102465; 2021 PMID: 21909084). Here, we report the discovery of a G-rich ultra-stable human ncRNA G-quadruplex that binds ATP with a strong potential to become a drug-carrying nanoparticle. Motion is a key feature of living systems, which can",https://pubmed.ncbi.nlm.nih.gov/42211877/,PubMed
Impact of microRNAs and long noncoding RNAs in skeletal and cardiac muscles.,"Diniz Gabriela P, Chan Joanne, Mably John D",Current opinion in physiology,2026-05-31,"Recent advances in technology have accelerated our ability to define the functions of noncoding RNA (ncRNA). Beyond their known roles in regulating molecular and cellular processes, new mechanisms and interacting partners for ncRNAs have been revealed. In this review, we focus on recent discoveries of long noncoding RNAs (lncRNAs) and microRNAs (miRNAs) in skeletal and cardiac muscles. In addition",https://pubmed.ncbi.nlm.nih.gov/42211684/,PubMed
A novel TAp63γ-Airn regulatory axis governs early myogenic gene networks.,"Ciuffoli Veronica, Piro Maria Cristina, Angelin Alessia",Biology direct,2026-05-31,"Skeletal muscle development relies on tightly coordinated transcriptional programs, yet the contribution of long non-coding RNAs (lncRNAs) to myogenesis remains largely unexplored. We previously demonstrated that the transcription factor TAp63γ is upregulated during myoblast differentiation and regulates the expression of genes involved in early stages of myogenic maturation. Here, combining trans",https://pubmed.ncbi.nlm.nih.gov/42210377/,PubMed
Integrative analysis of RNA-seq and Ribo-seq reveals that lncRNA regulates chicken myogenesis through encoding peptide.,"Niu Yufang, He Liyang, An Zhiyuan",Journal of animal science and biotechnology,2026-05-31,"Long noncoding RNAs (lncRNAs) participate in various critical regulatory steps during myogenesis. LncRNAs can encode small peptides, which can regulate gene expression through multiple mechanisms, thereby participating in key biological processes. The lncRNAs were screened between proliferating and differentiating myoblast in chicken through RNA-seq and Ribo-seq. As a result, 178 DE-lncRNAs were i",https://pubmed.ncbi.nlm.nih.gov/42210370/,PubMed
"Regulation of SNHG1, SNHG3, SNHG4 and SNHG5 in peripheral blood mononuclear cells in rheumatoid arthritis.","Podgórska Dominika, Cieśla Marek, Paśko Joanna",Scientific reports,2026-05-31,"Rheumatoid arthritis (RA) is a chronic autoimmune disease in which long non-coding RNAs (lncRNAs) may contribute to immune dysregulation, but their regulation in circulating immune cells remains incompletely characterized. We measured the expression of four small nucleolar RNA host genes (SNHG1, SNHG3, SNHG4 and SNHG5) in peripheral blood mononuclear cells from 44 patients with RA and 20 healthy c",https://pubmed.ncbi.nlm.nih.gov/42209629/,PubMed
Exosomal CircGANAB promotes cancer progression and immunotherapy resistance by degrading interacting RNAs and limiting T cell infiltration in pancreatic ductal adenocarcinoma.,"Wong Chi Hin, Peña-Paladines Jessica Jazmin, Luo Zhiyuan",Drug resistance updates : reviews and commentaries in antimicrobial and anticancer chemotherapy,2026-05-31,"Circular RNAs (circRNAs) play important roles in cancer. However, their roles in pancreatic ductal adenocarcinoma (PDAC) progression and therapeutic resistance are underexplored. Here, we investigated the roles and diagnostic potential of circGANAB in PDAC. The level of circGANAB was examined in PDAC cell lines, tumor tissues and serum exosomes. A receiver operating characteristic curve was constr",https://pubmed.ncbi.nlm.nih.gov/42208081/,PubMed
An Evaluation on the Role of Non-Coding RNA in HIV Transcription and Latency: A Review,Xiangshuai Liu,arXiv,2026-05-31,"The existence of latent cellular reservoirs is recognized as the major barrier to an HIV cure. Reactivating and eliminating ""shock and kill"" or permanently silencing ""block and lock"" the latent HIV reservoir, as well as gene editing, remain promising approaches, but so far have proven to be only partially successful. Moreover, using latency reversing agents or ""block and lock"" drugs pose additiona",http://arxiv.org/abs/2502.06107v1,arXiv
"Blood-derived lncRNAs as potential biomarkers for early cancer diagnosis: The Good, the Bad and the Beauty","Cedric Badowski, Bing He, Lana X Garmire",arXiv,2026-05-31,Cancer ranks as one of the deadliest diseases worldwide. The high mortality rate associated with cancer is partially due to the lack of reliable early detection methods and/or inaccurate diagnostic tools such as certain protein biomarkers. Cell-free nucleic acids (cfNA) such as circulating long non-coding RNAs (lncRNAs) have recently been proposed as a new class of potential biomarkers that could ,http://arxiv.org/abs/2109.11746v1,arXiv
BPPart and BPMax: RNA-RNA Interaction Partition Function and Structure Prediction for the Base Pair Counting Model,"Ali Ebrahimpour-Boroojeny, Sanjay Rajopadhye, Hamidreza Chitsaz",arXiv,2026-05-31,"RNA-RNA interaction (RRI) is ubiquitous and has complex roles in the cellular functions. In human health studies, miRNA-target and lncRNAs are among an elite class of RRIs that have been extensively studied. Bacterial ncRNA-target and RNA interference are other classes of RRIs that have received significant attention. In recent studies, mRNA-mRNA interaction instances have been observed, where bot",http://arxiv.org/abs/1904.01235v2,arXiv
Targeted silencing of CLYBL with platelet-mimetic siRNA nanoparticles drives itaconate-mediated macrophage reprogramming and protects against sepsis-triggered lung cell death.,"Huang ZuoJun, Zhong Jialin, Zhang Li",Cell death discovery,2026-05-31,"Excessive inflammation and metabolic dysregulation fuel alveolar cell death in sepsis-induced lung injury, yet effective molecular interventions are lacking. We identify citrate lyase beta-like (CLYBL) as a previously unrecognized metabolic driver of macrophage-mediated tissue damage. In a murine cecal ligation and puncture model, CLYBL was strongly upregulated in lung tissue and peritoneal macrop",https://pubmed.ncbi.nlm.nih.gov/42218144/,PubMed
Tunable gene control via RNA splicing with a clinically approved small molecule.,"Mendel Mateusz, Schwarz Dominic, Sun Tao",Nature communications,2026-05-31,"Precise transgene regulation is crucial for safe and effective gene and cell therapies. Current inducible systems often rely on immunogenic exogenous proteins or non-clinically approved inducers, hindering clinical translation. Here we present RisdiON, a compact inducible system controlled by risdiplam, a clinically approved oral drug that acts via splicing modulation. RisdiON utilizes risdiplam-r",https://pubmed.ncbi.nlm.nih.gov/42218123/,PubMed
Gene therapy development for retinal diseases.,"Reichel Felix F L, Bellingrath Julia-Sophia, Kiraly Peter",Handbook of clinical neurology,2026-05-31,"Gene therapy is being investigated as a potential treatment for a range of inherited and acquired retinal diseases. This chapter provides an overview of current gene therapy strategies, including gene augmentation and gene editing approaches. Techniques targeting both DNA and RNA are discussed, along with considerations for the use of viral and nonviral delivery systems. Challenges such as accurat",https://pubmed.ncbi.nlm.nih.gov/42217984/,PubMed
Immunoregulatory Roles of microRNAs in Bacterial Infections: A Focus on Tuberculosis and Sepsis.,"Aydemir Sevim, Arziman Suleyman, Bozok Vildan",Microbial pathogenesis,2026-05-31,"Tuberculosis and sepsis represent opposing extremes of host immune regulation: one characterised by sustained immune adaptation that permits Mycobacterium tuberculosis persistence, the other by rapid immune collapse that precipitates life-threatening inflammation. Examining these divergent outcomes through a shared regulatory lens highlights microRNAs (miRNAs) as pivotal, yet context-dependent, mo",https://pubmed.ncbi.nlm.nih.gov/42217810/,PubMed
"Enhancing the extraction efficiency, functional activity, and freeze-stability of milk-derived extracellular vesicles via rennet coagulation combined with polyethylene glycol precipitation.","Li Aili, Yuan Zekun, Zhai Jianing",Journal of dairy science,2026-05-31,"Milk-derived extracellular vesicles (MEVs) hold considerable promise for immune regulation and nutrient delivery; however, their scalable production and long-term storage stability present major challenges. This study compared 2 whey pretreatments-rennet (EC 3.4.23.4) coagulation and acetic acid precipitation-combined with polyethylene glycol (PEG) precipitation or ultracentrifugation (UC) for MEV",https://pubmed.ncbi.nlm.nih.gov/42217779/,PubMed
Structure-Guided Engineering of Histidine-Rich pH-Switchable Endosomolytic Peptides for Spleen-Selective siRNA Delivery to Inflammatory Macrophages.,Singh Dilpreet,Journal of peptide science : an official publication of the European Peptide Society,2026-05-31,"Extrahepatic delivery of small interfering RNA (siRNA) remains a major translational challenge because most nanocarriers preferentially accumulate in the liver, while endosomal sequestration limits productive cytosolic release. Inflammatory macrophages in the spleen are attractive therapeutic targets in systemic inflammation, yet spleen-selective delivery systems with efficient endosomal escape re",https://pubmed.ncbi.nlm.nih.gov/42216305/,PubMed
Modular antibody-functionalized poly(β-amino ester) polyplexes: Colloidal and interfacial design for targeted mRNA delivery to human T cells.,"Loukanov Alexandre, Baena Juan Camilo, Filipov Chavdar","Colloids and surfaces. B, Biointerfaces",2026-05-31,"The rational design of polymer-nucleic acid nanoparticles requires precise control over colloidal stability, interfacial structure, and assembly under biologically relevant conditions. Here, we report a hierarchically assembled, antibody-functionalized polyplex nanoplatform for targeted messenger RNA (mRNA) delivery. A biodegradable cationic poly(β-amino ester) (PβAE-447) enables efficient condens",https://pubmed.ncbi.nlm.nih.gov/42214948/,PubMed
Achieving the goldilocks zone of lung-targeted mRNA delivery with a charge-steric optimized quantum dot-lipid system for pulmonary fibrosis therapy.,"Wang Lin, Wang Jianyu, Xu Zhongxing",Journal of controlled release : official journal of the Controlled Release Society,2026-05-31,"The treatment of pulmonary diseases via nucleic acid drugs faces major challenges in targeting specificity and transfection efficiency. While messenger RNA (mRNA) therapeutics hold great potential, their clinical translation requires advanced delivery systems. In this study, inspired by first-principles thinking-deconstructing the mRNA delivery process to its fundamental physicochemical requiremen",https://pubmed.ncbi.nlm.nih.gov/42214626/,PubMed
"Hepatitis C virus infection dynamics, treatment, and lipid nanoparticle-mediated infection in humanized liver chimeric mouse models.","Park Seung Bum, Sánchez-Meza Jaime, Umarova Regina",Science advances,2026-05-31,"A major challenge in hepatitis C virus (HCV) research is the lack of an in vivo model that supports robust infection, antiviral testing, and vaccine development. The humanized liver chimeric mouse models support high-level viremia from various HCV sources, although they lack an immune system. Here, we used ",https://pubmed.ncbi.nlm.nih.gov/42213828/,PubMed
CD5L promotes phagocytic removal of amyloid β oligomers and improves cognitive function in a mouse model of Alzheimer's disease.,"Maehara Natsumi, Hattori Satoko, Nakamura Akira",Cell reports,2026-05-31,"Alzheimer's disease (AD), a neurodegenerative disorder, is the leading cause of dementia. Amyloid-beta (Aβ) and tau are major contributors to AD onset and progression. Here, we investigate the therapeutic potential of CD5L, a macrophage-specific secretory protein, in reducing Aβ accumulation and improving AD pathology. CD5L directly binds to Aβ, particularly the neurotoxic Aβ42, and blocks their a",https://pubmed.ncbi.nlm.nih.gov/42213773/,PubMed
"Transcriptomics of S3 segment in mice: response to type 1 diabetes, SGLT1/2 inhibition, or GLP1 receptor agonism.","Kim Young Chul, Meng Chen, Kanoo Sadhana",American journal of physiology. Renal physiology,2026-05-31,"Inhibitors of SGLT2 (SGLT2i) and diabetes enhance glucose delivery and reabsorption in late proximal tubule S3 segments. Molecular consequences remain poorly understood. Here we determined transcriptomic changes in S3 segments of male adult DBA wildtype (WT) and littermate diabetic Akita mice ± Sglt1 knockout (Sglt1-KO) given vehicle or SGLT2i dapagliflozin for 2 weeks, and in Akita mice receiving",https://pubmed.ncbi.nlm.nih.gov/42213650/,PubMed
Harnessing CRISPR-Cas technology for insect pest control: current advances and future perspectives.,"Arjunan Naresh Kumar, Thiruvengadam Venkatesan",Molecular biology reports,2026-05-31,"Insect pests pose a significant threat to agriculture, public health, and global biodiversity, prompting the development of innovative control strategies. CRISPR-Cas technology, a revolutionary genome-editing tool, has emerged as a promising approach to tackle these challenges. This review comprehensively explores the current advances in using CRISPR-Cas systems for insect pest control, highlighti",https://pubmed.ncbi.nlm.nih.gov/42213189/,PubMed
Identification of a Small-Molecule Modulator of Astrocyte Reactivity for Optic Nerve Protection.,"Li Ting, Peng Haotian, Wu Nanxin",Investigative ophthalmology & visual science,2026-05-31,"Injury of the optic nerve leads to retinal ganglion cells (RGCs) apoptosis and irreversible vision loss, in which reactive astrocytes play a central role. The aim of this study is to modulate pathological reactive astrocytes to reduce the progression of optic nerve degeneration. Given the therapeutic potential of small molecules to modulate astrocyte reactivity, we used a drug-screening platform t",https://pubmed.ncbi.nlm.nih.gov/42212882/,PubMed
Regulatory mechanisms and therapeutic potential of N6-methyladenosine modification in retinal diseases (Review).,"Zhang Wenyao, Chen Jinying, Zhong Jingxiang",Molecular medicine reports,2026-05-31,"N6‑Methyladenosine (m6A) modification, the most abundant internal chemical modification in eukaryotic messenger RNA, plays a central role in gene expression by dynamically regulating RNA metabolism. The present review systematically summarizes the regulatory mechanisms and pathological significance of m6A modification in major retinal diseases, including diabetic retinopathy, age‑related macular d",https://pubmed.ncbi.nlm.nih.gov/42212360/,PubMed
Evaluation and forecasting of siRNA delivery technologies: An analysis of hierarchical decision model based on patent data.,"Chen Shiyun, Peng Yixuan, Yan Dilei",Molecular therapy. Nucleic acids,2026-05-31,"Small interfering RNA (siRNA) represents a transformative modality in next-generation therapeutics, yet challenges in delivery efficiency still limit its clinical translation. Systematic evaluation tools are needed to reveal technological progress in this area. Given the innovation momentum inherent in patents, this study develops a patent-based evaluation model for siRNA delivery technologies fro",https://pubmed.ncbi.nlm.nih.gov/42211693/,PubMed
DNA-based delivery of incretin receptor agonists using MYO Technology leads to durable weight loss in a diet-induced obesity model.,"Sasset Linda, Cameron Andrew D, Sussman Carleigh",Molecular therapy. Nucleic acids,2026-05-31,"Incretin receptor agonists (IRAs) have recently come to prominence as powerful weight and glucose control drugs and are approved for the treatment of type 2 diabetes (T2D) and obesity. Semaglutide and tirzepatide, currently the most widely prescribed within this class, are both potent molecules but have a short half-life, requiring weekly dosing. This requirement can negatively affect quality of l",https://pubmed.ncbi.nlm.nih.gov/42211692/,PubMed
Cardiac-homing peptide-targeted colchicine-based drugstores with inhibiting inflammatory response for myocardial infarction improvement.,"Zhang Xing, Xu Wenhua, Song Jie",Materials today. Bio,2026-05-31,One of the primary challenges in addressing cardiac injury is the limited cardiac specificity of therapeutic drugs. Lipid nanoparticles (LNPs) are a relatively novel class of delivery vehicles used for administering RNA and various drugs. A major challenge in the treatment of cardiac injury remains the poor cardiac specificity of most therapeutic agents. Despite their promise as a relatively novel,https://pubmed.ncbi.nlm.nih.gov/42211057/,PubMed
Reinforcement-guided generative protein language models enable de novo design of highly diverse AAV capsids,"Lucas Ferraz, Ana F. Rodrigues, Pedro Giesteira Cotovio",arXiv,2026-05-31,"Adeno-associated viral (AAV) vectors are widely used delivery platforms in gene therapy, and the design of improved capsids is key to expanding their therapeutic potential. A central challenge in AAV bioengineering, as in protein design more broadly, is the vast sequence design space relative to the scale of feasible experimental screening. Machine-guided generative approaches provide a powerful m",http://arxiv.org/abs/2603.19473v1,arXiv
Predicting Early and Complete Drug Release from Long-Acting Injectables Using Explainable Machine Learning,"Karla N. Robles, Manar D. Samad",arXiv,2026-05-31,"Polymer-based long-acting injectables (LAIs) have transformed the treatment of chronic diseases by enabling controlled drug delivery, thus reducing dosing frequency and extending therapeutic duration. Achieving controlled drug release from LAIs requires extensive optimization of the complex underlying physicochemical properties. Machine learning (ML) can accelerate LAI development by modeling the ",http://arxiv.org/abs/2601.02265v1,arXiv
The thermodynamics of pressure activated assembly of supramolecules in isochoric and isobaric systems,Boris Rubinsky,arXiv,2026-05-31,"The efficacy of cryopreservation is constrained by the difficulty of achieving sufficiently high intracellular concentrations of cryoprotective solutes without inducing osmotic injury or chemical toxicity during loading. This thermodynamic study introduces a new conceptual mechanism for cryoprotectant delivery into cells directly or through vascular perfusion. In this framework, effective cryoprot",http://arxiv.org/abs/2601.00599v1,arXiv
Two Plasmodium vivax hypnozoite-expressed RNA-binding proteins inhibit liver stage replication.,"Vo Kim Chi, van Biljon Riëtte, Zanghi Gigliola",Nature communications,2026-05-31,"Plasmodium vivax (Pv) forms non-replicating liver stages called hypnozoites, which activate after primary infection, and cause relapses of symptomatic blood-stage malaria. We hypothesize that hypnozoites must actively suppress schizogony to maintain a quiescent state. Differential transcriptome prospecting identifies two hypnozoite-expressed transcripts encoding putative RNA-binding proteins. We a",https://pubmed.ncbi.nlm.nih.gov/42218151/,PubMed
"Scientists' Warning to Humanity: Unnecessary Bureaucracy Is a Global Impediment to Productivity, Advancement of Human and Planetary Wellbeing, Science and Sustainability.","Timmis Kenneth, Karahan Zeynep Ceren, Byrne Jennifer A",Microbial biotechnology,2026-05-31,"Bureaucracies are essential to the proper functioning of almost all human activities. However, they are diverse in their quality and success-promoting potential. While many bureaucratic measures make sense and are necessary for the wellbeing and success of their organisations, some are unnecessary or ill-conceived/implemented, and yet others may harm system functioning and achievement. Unnecessary",https://pubmed.ncbi.nlm.nih.gov/42216257/,PubMed
"Trypsin-, proteinase K-, and ribonuclease T1-functionalized magnetic nanoparticle-immobilized enzyme reactors based on polyelectrolyte multilayer platform for biopharmaceutical analysis.","Hao Yachao, Carstensen Niklas, Loeffler Ronny",Analytical and bioanalytical chemistry,2026-05-31,"Immobilized enzyme reactors (IMERs) have gained increasing attention owing to their numerous advantages, including reusability, easy handling, cost saving, and prolonged lifetime. In this work, Fe",https://pubmed.ncbi.nlm.nih.gov/42215815/,PubMed
A dual-pronged host-directed therapeutic targeting cyclophilin A and pathogenic interferon response abrogates virus-triggered pregnancy pathologies.,"Yu Wenzhe, Cao Hongmin, Deng Zhifang",Nature communications,2026-05-31,"Pathogenic viruses threaten fetal development by achieving vertical transmission and instigating placental immunopathology, while the pathobiological mechanisms and effective therapeutics remain critical gaps. Here, we reveal cyclophilin A (CypA) as a crucial host factor necessary for Zika virus (ZIKV) replication in human placental trophoblasts, acting independently of its canonical functions. ZI",https://pubmed.ncbi.nlm.nih.gov/42215434/,PubMed
"Safety and durability of influenza and SARS-CoV-2 antibody responses through 6 months after a single dose of mRNA-1083, a multicomponent influenza and COVID-19 vaccine, in adults ≥50 years.","Kostanyan Lusine, Wu Iris, Sinkiewicz Melissa",Human vaccines & immunotherapeutics,2026-05-31,"Seasonal influenza and SARS-CoV-2 continue to contribute substantially to global morbidity and mortality. mRNA-1083 is an investigational multicomponent mRNA vaccine targeting seasonal influenza and SARS-CoV-2. In this phase 3, observer-blind, active-controlled trial (NCT06097273), adults (aged ≥50 y) were randomly assigned (1:1) to receive mRNA-1083 (40 µg; plus placebo) or age-appropriate licens",https://pubmed.ncbi.nlm.nih.gov/42213900/,PubMed
Cancer vaccines: comprehensive review.,"Clifford Rachael E, Manu Nichola, Yang Qian",BJS open,2026-05-31,"There has been an increasing focus on the potential of cancer vaccines as a therapeutic oncological option, aiming to harness the immune system to recognize and eliminate malignant cells. Unlike traditional therapies, vaccines exploit tumour-associated antigens and neoantigens to generate durable, tumour-specific immune responses. This review provides a comprehensive overview of current vaccine st",https://pubmed.ncbi.nlm.nih.gov/42213481/,PubMed
Working towards a single-dose vaccine for rabies post-exposure prophylaxis.,"Graf Tyler P, McHugh Kevin J",Future virology,2026-05-31,"Rabies is almost universally fatal if not treated before symptoms appear. Fortunately, post-exposure prophylaxis (PEP) is a nearly 100% effective treatment when started soon after rabies exposure. Nevertheless, rabies causes approximately 59,000 deaths annually, predominantly in rural parts of low- and middle-income countries. Current World Health Organization rabies PEP protocols require 1) a sin",https://pubmed.ncbi.nlm.nih.gov/42211732/,PubMed
Navigating the Biomolecular Corona: Biological Interactions and Therapeutic Implications of RNA-Lipid Nanoparticles.,"Saini Anamika, Li Shiyao, Wang Zhaoran",ACS nano,2026-05-31,"Lipid nanoparticles (LNPs) have reshaped RNA therapeutics, underpinning the success of mRNA vaccines and emerging gene therapies. Once introduced into the body, LNPs acquire a dynamic biological identity through the rapid adsorption of biomolecules present in biological fluids, resulting in the formation of a biomolecular corona. Rather than being a passive byproduct, the biomolecular corona subst",https://pubmed.ncbi.nlm.nih.gov/42210616/,PubMed
Therapeutic vaccines targeting solid tumors: A series of clinical trial analysis over the past decade.,"Qiu Fengqi, Sun Yilan, Lim Darren Wan-Teck",Translational oncology,2026-05-31,"Therapeutic cancer vaccines hold great promise, yet their clinical efficacy in solid tumors remains modest. We systematically analyzed 86 clinical trials published between 2015 and 2025 evaluating therapeutic vaccines across mRNA, DNA, peptide, dendritic cell, virus vector, and whole tumor cell platforms to understand their clinical utility and key challenges in development. Peptide-based vaccines",https://pubmed.ncbi.nlm.nih.gov/42208245/,PubMed
System immunoinformatics-based design of a multi-epitope vaccine candidate against La Crosse virus.,"Masum Md Habib Ullah, Heema Homaira Pervin, Mahdeen Ahmad Abdullah",PloS one,2026-05-31,"The emergence of La Crosse virus (LACV) infection has been attributed to the global expansion of mosquito habitats and climate change. This pressing issue underscores the urgency of preemptive actions to combat the infection. Currently, no vaccines or targeted antivirals are available for LACV infection. The present study utilizes advanced immunoinformatics approaches for the design of a multiepit",https://pubmed.ncbi.nlm.nih.gov/42207756/,PubMed
CircRNA based bi-antigen vaccines against mpox virus induce potent and durable cross-protection in mice.,"Zhou Jinge, Wang Chen, Wu Yan",Molecular biomedicine,2026-05-31,"The ongoing epidemic of mpox highlights the urgency of developing novel and effective vaccines against mpox virus (MPXV). Circular RNA (circRNA) has emerged as a promising novel vaccine platform due to its high stability, resistance to exonuclease-mediated degradation, and potential to support prolonged antigen expression. Based on our lipid nanoparticle (LNP)-encapsulated circRNA vaccine platform",https://pubmed.ncbi.nlm.nih.gov/42207442/,PubMed
"Nucleic Acid Therapeutics for ""Undruggable"" Cancer Targets: Mechanisms, Challenges, and Prospects.","Xu Feng, Wang Ke, Lu Kaizhong","Advanced science (Weinheim, Baden-Wurttemberg, Germany)",2026-05-31,"Despite significant advances in precision oncology, key oncoproteins such as Ras, MYC, and p53 remain historically difficult to drug. Conventional pharmacologic strategies are fundamentally constrained by their dependency on direct interactions with well-defined structural domains, which these targets lack. Nucleic acid therapeutics offer a transformative paradigm to overcome this central limitati",https://pubmed.ncbi.nlm.nih.gov/42206577/,PubMed
An IRES-like cis-acting element located within the EV-A71 coding region drives translation independent of the 5'-IRES and modulates viral fitness through regulated binding of viral RNA to 3D polymerase.,"Xing Yifan, Liu Qi, Fu Meixian",Journal of virology,2026-05-31,"Enterovirus A71 (EV-A71) is a leading cause of hand, foot, and mouth disease and is occasionally associated with severe neurological complications in young children. Previous studies of EV-A71 and related enteroviruses suggested that the virus possibly contains additional cis-acting elements (CAEs) within the major open reading frame (ORF) regulating viral protein translation. To systematically ex",https://pubmed.ncbi.nlm.nih.gov/42200672/,PubMed
Bispecific antibodies targeting herpes simplex virus glycoproteins B and D.,"Atanasiu Doina, Saw Wan Ting, Cairns Tina M",Frontiers in immunology,2026-05-31,"Herpes simplex viruses (HSV-1 and HSV-2) can be transmitted both orally and sexually and cause lifelong morbidity and, in some cases, meningitis and encephalitis. Although several clinical trials using subunit antigens have been conducted, no vaccine exists. One problem in viral treatment is the emergence of drug resistance through mutations, thereby conferring resistance. Treatment with antibodie",https://pubmed.ncbi.nlm.nih.gov/42199433/,PubMed
Fc effector functions in RNA viral infections: mechanisms of antiviral immunity and implications for vaccine design.,"Zhang Jiale, Li Chuang, Wu Yuanyuan",Frontiers in immunology,2026-05-31,"Neutralizing antibodies (NAbs) have long been the principal correlate of antiviral protection. Evidence now indicates that antibody Fc-mediated effector functions play indispensable and context-dependent roles in antiviral immunity. Through interactions between the fragment crystallizable (Fc) domain and Fc receptors (FcRs) or complement components, antibodies mediate a broad spectrum of effector ",https://pubmed.ncbi.nlm.nih.gov/42199422/,PubMed
Modulation of Host Innate Immune Response by Highly Pathogenic Human Coronaviruses during Viral Infection.,"Kim Yu-Jin, Lee Su Jin, Lee Wooseong",Journal of microbiology and biotechnology,2026-05-31,"Highly pathogenic human coronaviruses, including SARS-CoV, SARS-CoV-2, and MERS-CoV have emerged as significant public health threats due to their ability to cause widespread outbreaks and pandemics. These viruses induce dysregulated inflammatory responses, typified by cytokine storms that drive extensive tissue damage in pulmonary and extrapulmonary systems, leading to acute respiratory distress ",https://pubmed.ncbi.nlm.nih.gov/42199010/,PubMed
Long-Term Durability and Dynamics of Anti-S-RBD IgG Response in Healthcare Workers: A Comparative Analysis of Homologous and Heterologous SARS-CoV-2 Vaccination Schedules in a 1-Year Serial Cross-Sectional Study.,"Demirel Çiğdem, Kibar Filiz, Dağlıoğlu Gülçin",Medical science monitor : international medical journal of experimental and clinical research,2026-05-31,"BACKGROUND The waning of post-vaccination immunity necessitates effective booster strategies, especially for high-risk healthcare workers (HCWs). This study aimed to compare the 1-year antibody response dynamics of homologous and heterologous SARS-CoV-2 vaccination schedules in Turkish HCWs. MATERIAL AND METHODS This prospective, serial cross-sectional study included 307 HCWs grouped by vaccinatio",https://pubmed.ncbi.nlm.nih.gov/42198805/,PubMed
Comparative Evaluation of Polymeric Nanocarriers for DNA Vaccine Delivery Against ,"Khattab Ahmed H, Bayoumi Mahmoud, Eldin Zienab E",Viruses,2026-05-31,"Vaccination represents the cornerstone of Newcastle disease control. Nanotechnology offers a promising approach to improve the effectiveness of DNA vaccines, supporting their use as an alternative to conventional platforms. Herein, the ",https://pubmed.ncbi.nlm.nih.gov/42198782/,PubMed
USP17L13 Enhances Influenza a Virus Replication by Mediating the Degradation of RIG-I and MDA5.,"Zhang Yaping, Qin Chen, Zhuang Yichao",Viruses,2026-05-31,"The innate immune system, particularly the retinoic acid-inducible gene I (RIG-I)-like receptor (RLR) signaling pathway, is a major early defense barrier against influenza A virus infection. However, excessive immune responses can trigger lethal cytokine storms and severe immune-mediated pathology. In this study, we performed a genome-wide CRISPR/dCas9 gene activation screen in human lung epitheli",https://pubmed.ncbi.nlm.nih.gov/42198776/,PubMed
BeeRNA: tertiary structure-based RNA inverse folding using Artificial Bee Colony,"Mehyar Mlaweh, Tristan Cazenave, Ines Alaya",arXiv,2026-05-31,"The Ribonucleic Acid (RNA) inverse folding problem, designing nucleotide sequences that fold into specific tertiary structures, is a fundamental computational biology problem with important applications in synthetic biology and bioengineering. The design of complex three-dimensional RNA architectures remains computationally demanding and mostly unresolved, as most existing approaches focus on seco",http://arxiv.org/abs/2511.21781v1,arXiv
Compact Artificial Neural Network Models for Predicting Protein Residue -- RNA Base Binding,Stanislav Selitskiy,arXiv,2026-05-31,"Large Artificial Neural Network (ANN) models have demonstrated success in various domains, including general text and image generation, drug discovery, and protein-RNA (ribonucleic acid) binding tasks. However, these models typically demand substantial computational resources, time, and data for effective training. Given that such extensive resources are often inaccessible to many researchers and ",http://arxiv.org/abs/2511.08648v1,arXiv
Hypoxia-driven HIF-1α-dependent glycolysis/lactate-associated signaling promotes autophagy-associated scleral remodeling in experimental myopia.,"Wen Jing, Zhou Suowang, Peng Yanfang",Experimental eye research,2026-05-31,"Myopic axial elongation is driven by scleral remodeling, yet the metabolic events linking scleral hypoxia to autophagy-associated remodeling remain incompletely defined. We examined whether HIF-1α-dependent glycolytic reprogramming and lactate-associated metabolic stress connect hypoxia to remodeling changes in human scleral fibroblasts (HSFs) and in a guinea pig model of form-deprivation myopia (",https://pubmed.ncbi.nlm.nih.gov/42217725/,PubMed
Srsf7 Stabilization by PIWI-interacting RNA AB352916 Orchestrates Cardiac Fibrosis via Enhancing Pkm Alternative Splicing.,"Wang Xiuxiu, Zhang Qianyun, Zhang Zizhen",European journal of pharmacology,2026-05-31,"Cardiac fibrosis is a key pathological process following in myocardial infarction (MI), involves excessive extracellular matrix deposition and scar formation, leading to increased ventricular stiffness and reduced compliance. Our team recently identified a highly conserved PIWI-interacting RNA, AB352916 (termed CRAPIR), critical for cardiac regeneration. However, its role in post-MI cardiac fibros",https://pubmed.ncbi.nlm.nih.gov/42217722/,PubMed
STC2 mediates hypoxia-induced immunosuppression and tumorigenesis in hepatocellular carcinoma.,"Li Xingyue, Pan Zichen, Ma Yongsu",Cellular signalling,2026-05-31,"Hepatocellular carcinoma (HCC) is a highly aggressive malignancy with a poor prognosis and limited therapeutic options. There is a pressing need to identify novel prognostic biomarkers and therapeutic targets, particularly among secreted proteins which play critical roles in tumor progression and the tumor microenvironment. We conducted an integrated bioinformatic analysis of transcriptomic data f",https://pubmed.ncbi.nlm.nih.gov/42217552/,PubMed
Characterizing glial cells missing transcription factor 1 (GCM1)'s role in regulating placental gene expression.,"Rajput Anika, Firsick Evan J, Ahuna Kylia",Placenta,2026-05-31,"During gestation, the human fetus is dependent on the placenta for oxygen and nutrient exchange, waste removal, and immunological protection. Glial Cells Missing Transcription Factor 1 (GCM1) is critical to placental development, particularly during syncytialization. This study aims to characterize GCM1 regulation of gene expression using a GCM1 knockdown in placental syncytiotrophoblasts. GCM1 ex",https://pubmed.ncbi.nlm.nih.gov/42217332/,PubMed
Pan-cancer multi-omics analysis identifies SYNGR4 as a novel clinical prognostic biomarker and therapeutic target in lung adenocarcinoma.,"Hou Yanjiao, Fu Bing, Zhan Lifang",Discover oncology,2026-05-31,"While the synaptic vesicle protein SYNGR4 has established roles in the pathobiology of motor neuron disease, its comprehensive oncogenic significance across diverse cancers, and its specific value as a clinical biomarker and therapeutic target in lung adenocarcinoma (LUAD), are entirely unexplored. Our pan-cancer multi-omics analysis systematically assessed the expression, prognostic value, progno",https://pubmed.ncbi.nlm.nih.gov/42217082/,PubMed
Epithelial SERPINB2 Overexpression Contributes to Impaired Fibrinolysis in Chronic Rhinosinusitis With Nasal Polyps via tPA Downregulation.,"Zhu Ying, Zhou Jiayao, Zhang Shiyao",Frontiers in bioscience (Landmark edition),2026-05-31,"Chronic rhinosinusitis with nasal polyps (CRSwNP) is characterized by persistent tissue remodeling, but the mechanisms underlying impaired fibrinolysis were not fully understood. SERPIN family B member 2 (SERPINB2/plasminogen activator inhibitor type 2 [PAI-2]) is a known inhibitor of tissue plasminogen activator (tPA). However, its role in CRSwNP pathogenesis remains unclear. This study investiga",https://pubmed.ncbi.nlm.nih.gov/42216541/,PubMed
Tectorigenin Protects Irradiation-Induced Injury of HUVECs by Inhibiting Mitophagy Through PINK1/Parkin Pathway.,"Liu Chenxi, Li Fengsheng, Wen Wen",Frontiers in bioscience (Landmark edition),2026-05-31,"This study aimed to investigate the protective effect of Tectorigenin against irradiation-induced endothelial cell damage and to elucidate the underlying mechanism, thereby identifying potential therapeutic targets for irradiation-induced heart disease. An  Tectorigenin significantly attenuated radiation-induced oxidative stress and apoptosis, suppressed mitochondrial reactive oxygen species (ROS)",https://pubmed.ncbi.nlm.nih.gov/42216527/,PubMed
PIEZO1 mediates orthodontic tension force-induced alveolar bone remodeling via the Ca²⁺/YAP-TAZ pathway in periodontal ligament stem cells.,"Li Tianyi, Shen Zhiyuan, Liu Jiani",Journal of translational medicine,2026-05-31,"Periodontal ligament stem cells (PDLSCs) orchestrate alveolar bone remodeling during orthodontic tooth movement (OTM), yet the molecular mechanism translating tension force into coupled osteogenic and anti-osteoclastic responses remains elusive. This study aimed to define the dual mechanosensitive role of PIEZO1 in PDLSCs for simultaneously promoting osteogenesis and suppressing osteoclastogenesis",https://pubmed.ncbi.nlm.nih.gov/42216208/,PubMed
Tunable PEGylation platform for efficient siRNA delivery using mesoporous silica nanoparticles.,"Kim Taeho, Seo Dongseong, Park Jonghyun",Journal of biological engineering,2026-05-31,"Poly(ethylene glycol) (PEG) coatings are widely used to improve nanoparticle stability and biocompatibility, yet conventional PEGylation methods rely on multi-step conjugation that limits reproducibility and restricts control over charge-shielding balance critical for siRNA delivery. Here, we present a composition-tunable PEGylation strategy based on poly(2-(dimethylamino)ethyl methacrylate-co-pol",https://pubmed.ncbi.nlm.nih.gov/42216038/,PubMed
DCLK1 mediates airway epithelial barrier disruption through NF-κB activation in severe asthma.,"Cheng Wun-Hao, Neoh Mei-May, Chen Kuan-Yuan","Molecular medicine (Cambridge, Mass.)",2026-05-31,"Severe asthma is characterized by epithelial barrier dysfunction, airway remodeling, and chronic inflammation. Doublecortin-like kinase 1 (DCLK1), a kinase initially identified as a cancer stem cell marker, has been linked to NF-κB-mediated inflammatory responses. However, its role in TGF-β-induced epithelial barrier disruption in severe asthma remains unclear. The expression of DCLK1 and junction",https://pubmed.ncbi.nlm.nih.gov/42215885/,PubMed
Sorting endosomes play key roles in presentation of Mycobacterium tuberculosis-derived ligands to MAIT cells.,"Tammen Allison E, Peterson Jessie C, Worley Aneta",Scientific reports,2026-05-31,The immune system has developed specialized mechanisms to recognize intracellular pathogens such as Mycobacterium tuberculosis (Mtb). Major Histocompatibility Complex Class I-Related protein 1 (MR1) is a conserved nonclassical antigen presenting molecule that presents ligands derived from microbial riboflavin synthesis to Mucosal Associated Invariant T (MAIT) cells. While endosomal trafficking fac,https://pubmed.ncbi.nlm.nih.gov/42215548/,PubMed
Therapeutic vaccination for chronic hepatitis B: why most vaccines failed and what may work.,"Bertoletti Antonio, Ambike Shubhankar S, Le Bert Nina",Antiviral research,2026-05-31,"Over 30 years of therapeutic vaccine development have yet to deliver a functional cure for chronic HBV infection. Despite promising preclinical data, most therapeutic vaccine preparations have largely failed to restore HBV-specific B and T cell immunity in a clinically meaningful way. Only a recent trial combining siRNA Elebsiran and PEG-IFN-α reported a remarkable ∼50% HBsAg loss rate in chronic ",https://pubmed.ncbi.nlm.nih.gov/42214471/,PubMed
Examining the effect of Angiopoietin-like protein 8 (ANGPTL8) on mitochondrial quality and atherosclerosis in vitro.,"Bilgin Aslihan Gizem, Coban Neslihan",Tissue & cell,2026-05-31,"Coronary artery disease (CAD), characterized by chronic inflammation and oxidative stress, involves impaired mitochondrial biogenesis and increased reactive oxygen species (ROS) production in macrophages, both of which contribute to disease progression. Angiopoietin-like protein 8 (ANGPTL8), a regulator of lipid metabolism, has not yet been explored in the context of CAD-related mitochondrial dyna",https://pubmed.ncbi.nlm.nih.gov/42214260/,PubMed
Comparative evaluation of ultrafiltration and EMSA formats for siRNA plasma protein binding: Methodological determinants and artifacts.,"Wang Jie, Li Mengying, Fang Laiwen",Drug metabolism and disposition: the biological fate of chemicals,2026-05-31,"Plasma protein binding (PPB) is a critical pharmacokinetic parameter that modulates renal clearance and systemic safety of therapeutic small interfering RNAs (siRNAs), yet measurements vary significantly across methods. We compared ultrafiltration, agarose gel electrophoretic mobility shift assay (EMSA), and native polyacrylamide gel ESMA using the N-acetylgalactosamine (GalNAc)-conjugated siRNA, ",https://pubmed.ncbi.nlm.nih.gov/42214258/,PubMed
Wedelolactone alleviates rheumatoid arthritis by gut microbiota-dependent immunomodulation and p53-mediated inhibition of fibroblast-like synoviocytes.,"Qiao Yanling, Zhang Xinyu, Wu Fan",Phytomedicine : international journal of phytotherapy and phytopharmacology,2026-05-31,"Rheumatoid arthritis (RA) is characterized by synovial hyperplasia and a parallel dysbiosis of the gut microbiota. Wedelolactone (WL), a natural bioactive compound, exhibits potent anti-inflammatory and immunomodulatory activities; however, its therapeutic potential in RA is unknown. This study aimed to evaluate the potential effect of WL on RA and explore its underlying mechanism. The anti-arthri",https://pubmed.ncbi.nlm.nih.gov/42214222/,PubMed
Polymeric Gene Delivery Systems: Design Principles for Targeting Oncogenic Pathways.,"Jahanbekam Sheida, Aldhafeeri Bashayr, Alipour Shohreh",ACS biomaterials science & engineering,2026-05-31,"The convergence of polymer engineering and molecular oncology has enabled the development of precision gene delivery systems capable of selectively modulating cancer-associated signaling networks. Polymeric nanocarriers provide adaptable platforms for the intracellular delivery of nucleic acids, including siRNA, miRNA, mRNA, and plasmid DNA, to silence, restore, or regulate aberrant oncogenic path",https://pubmed.ncbi.nlm.nih.gov/42213794/,PubMed
Uridine cytidine kinases govern molnupiravir bioactivation and anti-SARS-CoV-2 activity.,"Shu Huazhang, Ludäscher Julian M, Sharma Sushma",PLoS pathogens,2026-05-31,"Molnupiravir is a nucleoside analogue antiviral drug against RNA viruses, including its clinical indication SARS-CoV-2. Whilst its mechanism-of-action is well defined, host factors that regulate its therapeutic responses have not been thoroughly deciphered and characterized. Here we show that uridine cytidine kinases (UCKs), key enzymes in pyrimidine salvage, effectively phosphorylate and thereby ",https://pubmed.ncbi.nlm.nih.gov/42213735/,PubMed
Inhibition of EIF2S1 expression regulates the PI3K/AKT pathway to mediate apoptosis in glioma cells: an in vitro study.,"Li Gang, Wang Min, Wei Na",Neurogenetics,2026-05-31,Glioma is a malignant central nervous system tumor that poses a threat to patient survival. Eukaryotic translation initiation factor 2 subunit alpha (EIF2S1) is closely associated with the progression of multiple human cancers. This study aimed to investigate the effects of EIF2S1 on glioma cells and the underlying molecular mechanisms. We analyzed EIF2S1 expression in glioma tissues and cell line,https://pubmed.ncbi.nlm.nih.gov/42213196/,PubMed
DeepSilencer: A Novel Deep Learning Model for Predicting siRNA Knockdown Efficiency,"Wangdan Liao, Weidong Wang",arXiv,2026-05-31,"Background: Small interfering RNA (siRNA) is a promising therapeutic agent due to its ability to silence disease-related genes via RNA interference. While traditional machine learning and early deep learning methods have made progress in predicting siRNA efficacy, there remains significant room for improvement. Advanced deep learning techniques can enhance prediction accuracy, reducing the relianc",http://arxiv.org/abs/2503.04200v1,arXiv
Maturation of siRNA by strand separation: Steered Molecular dynamics study,"Rakesh K Mishra, Sanchita Mukherjee, Dhananjay Bhattacharyya",arXiv,2026-05-31,"RNA interference, particularly siRNA induced gene silencing is becoming an important avenue of modern therapeutics. The siRNA is delivered to the cells as short double helical RNA which becomes single stranded for forming the RISC complex. Significant experimental evidence is available for most of the steps except the process of the separation of the two strands. We have attempted to understand th",http://arxiv.org/abs/1910.03778v1,arXiv
Using a hydrogen-bond index to predict the gene-silencing efficiency of siRNA based on the local structure of mRNA,"Kathy Q. Luo, Donald C. Chang",arXiv,2026-05-31,The gene silencing effect of short interfering RNA (siRNA) is known to vary strongly with the targeted position of the mRNA. A number of hypotheses have been suggested to explain this phenomenon. We would like to test if this positional effect is mainly due to the secondary structure of the mRNA at the target site. We proposed that this structural factor can be characterized by a single parameter ,http://arxiv.org/abs/1710.07413v1,arXiv
Unraveling siRNA Unzipping Kinetics with Graphene,"Santosh Mogurampelly, Swati Panigrahi, Dhananjay Bhattacharyya",arXiv,2026-05-31,"Using all atom molecular dynamics simulations, we report spontaneous unzipping and strong binding of small interfering RNA (siRNA) on graphene. Our dispersion corrected density functional theory based calculations suggest that nucleosides of RNA have stronger attractive interactions with graphene as compared to DNA residues. These stronger interactions force the double stranded siRNA to spontaneou",http://arxiv.org/abs/1207.4569v1,arXiv
Unzipping and binding of small interfering RNA with single walled Carbon Nanotube: a platform for small interfering RNA delivery,"Mogurampelly Santosh, Swati Panigrahi, Dhananjay Bhattacharyya",arXiv,2026-05-31,"In an effort to design efficient platform for siRNA delivery, we combine all atom classical and quantum simulations to study the binding of small interfering RNA (siRNA) by pristine single wall carbon nanotube (SWCNT). Our results show that siRNA strongly binds to SWCNT surface via unzipping its base-pairs and the propensity of unzipping increases with the increase in the diameter of the SWCNTs. T",http://arxiv.org/abs/1203.2409v1,arXiv
Nanodiamond as a vector for siRNA delivery to Ewing sarcoma cells,"Anna Alhaddad, Marie-Pierre Adam, Jacques Botsoa",arXiv,2026-05-31,"We investigated the ability of diamond nanoparticles (nanodiamonds, NDs) to deliver small interfering RNA (siRNA) in Ewing sarcoma cells, in the perspective of in vivo anti-cancer nucleic acid drug delivery. siRNA was adsorbed onto NDs previously coated with cationic polymer. Cell uptake of NDs has been demonstrated by taking advantage of NDs intrinsic fluorescence coming from embedded color cente",http://arxiv.org/abs/1106.2252v2,arXiv
Target prediction and a statistical sampling algorithm for RNA-RNA interaction,"F. W. D. Huang, J. Qin, C. M. Reidys",arXiv,2026-05-31,"It has been proven that the accessibility of the target sites has a critical influence for miRNA and siRNA. In this paper, we present a program, rip2.0, not only the energetically most favorable targets site based on the hybrid-probability, but also a statistical sampling structure to illustrate the statistical characterization and representation of the Boltzmann ensemble of RNA-RNA interaction st",http://arxiv.org/abs/0908.0597v1,arXiv
In silico evidence of the relationship between miRNAs and siRNAs,"Ludovica Montanucci, Piero Fariselli, Pier Luigi Martelli",arXiv,2026-05-31,"Both short interfering RNAs (siRNAs) and microRNAs (miRNAs) mediate the repression of specific sequences of mRNA through the RNA interference pathway. In the last years several experiments have supported the hypothesis that siRNAs and miRNAs may be functionally interchangeable, at least in cultured cells. In this work we verify that this hypothesis is also supported by a computational evidence. We",http://arxiv.org/abs/0705.2355v1,arXiv
